VSTest 版本 17.11.1 (x64)

正在启动测试执行，请稍候...
总共 1 个测试文件与指定模式相匹配。
  失败 BetterGenshinImpact.UnitTest.GameTaskTests.AutoHoeingTests.PostTeleportRevivalProtectionBugConditionTest.BugCondition_A2_RevivalAtExactly10s_ShouldNotSkipToNextSegment [< 1 ms]
  错误消息:
   BUG CONFIRMED（EXPECTED TO FAIL in unfixed code）：B 严格传送同步完成后恰好 10s 复苏，属于保护边界，但未修复执行器仍跳段、跳过 B→C。
  堆栈跟踪:
     at BetterGenshinImpact.UnitTest.GameTaskTests.AutoHoeingTests.PostTeleportRevivalProtectionBugConditionTest.BugCondition_A2_RevivalAtExactly10s_ShouldNotSkipToNextSegment() in E:\Program Files\better-genshin-impact-LCB\Test\BetterGenshinImpact.UnitTest\GameTaskTests\AutoHoeingTests\PostTeleportRevivalProtectionBugConditionTest.cs:line 207
   at System.RuntimeMethodHandle.InvokeMethod(Object target, Void** arguments, Signature sig, Boolean isConstructor)
   at System.Reflection.MethodBaseInvoker.InvokeWithNoArgs(Object obj, BindingFlags invokeAttr)
  失败 BetterGenshinImpact.UnitTest.GameTaskTests.AutoHoeingTests.PostTeleportRevivalProtectionBugConditionTest.BugCondition_A1_RevivalWithin2s_ShouldNotSkipToNextSegment [< 1 ms]
  错误消息:
   BUG CONFIRMED（EXPECTED TO FAIL in unfixed code）：B 严格传送同步完成后 2s 内复苏，未修复执行器误判为同步点后异常并 SkipToNextSegment=true，跳过 B→C 线段，跳到下一传送点 C。
  堆栈跟踪:
     at BetterGenshinImpact.UnitTest.GameTaskTests.AutoHoeingTests.PostTeleportRevivalProtectionBugConditionTest.BugCondition_A1_RevivalWithin2s_ShouldNotSkipToNextSegment() in E:\Program Files\better-genshin-impact-LCB\Test\BetterGenshinImpact.UnitTest\GameTaskTests\AutoHoeingTests\PostTeleportRevivalProtectionBugConditionTest.cs:line 169
   at System.RuntimeMethodHandle.InvokeMethod(Object target, Void** arguments, Signature sig, Boolean isConstructor)
   at System.Reflection.MethodBaseInvoker.InvokeWithNoArgs(Object obj, BindingFlags invokeAttr)
  失败 BetterGenshinImpact.UnitTest.GameTaskTests.AutoHoeingTests.PostTeleportStuckProtectionDecisionsUnitTest.IsEligible_Stuck_BeyondWindow_ReturnsFalse [< 1 ms]
  错误消息:
   Assert.False() Failure
Expected: False
Actual:   True
  堆栈跟踪:
     at BetterGenshinImpact.UnitTest.GameTaskTests.AutoHoeingTests.PostTeleportStuckProtectionDecisionsUnitTest.IsEligible_Stuck_BeyondWindow_ReturnsFalse() in E:\Program Files\better-genshin-impact-LCB\Test\BetterGenshinImpact.UnitTest\GameTaskTests\AutoHoeingTests\PostTeleportStuckProtectionDecisionsUnitTest.cs:line 106
   at System.RuntimeMethodHandle.InvokeMethod(Object target, Void** arguments, Signature sig, Boolean isConstructor)
   at System.Reflection.MethodBaseInvoker.InvokeWithNoArgs(Object obj, BindingFlags invokeAttr)
  失败 BetterGenshinImpact.UnitTest.CoreTests.RecognitionTests.OCRTests.OcrResultTests.Text_PreservesOfficialDetectionOrder [16 ms]
  错误消息:
   Assert.Equal() Failure: Strings differ
           ↓ (pos 0)
Expected: "first\nsecond"
Actual:   "second\nfirst"
           ↑ (pos 0)
  堆栈跟踪:
     at BetterGenshinImpact.UnitTest.CoreTests.RecognitionTests.OCRTests.OcrResultTests.Text_PreservesOfficialDetectionOrder() in E:\Program Files\better-genshin-impact-LCB\Test\BetterGenshinImpact.UnitTest\CoreTests\RecognitionTests\OCRTests\OcrResultTests.cs:line 17
   at System.RuntimeMethodHandle.InvokeMethod(Object target, Void** arguments, Signature sig, Boolean isConstructor)
   at System.Reflection.MethodBaseInvoker.InvokeWithNoArgs(Object obj, BindingFlags invokeAttr)
  失败 BetterGenshinImpact.UnitTest.GameTaskTests.AutoHoeingTests.AutoHoeingLogicTests.RouteSelector_GreedyPrune_RemovesRedundant [166 ms]
  错误消息:
   System.TypeInitializationException : The type initializer for 'BetterGenshinImpact.GameTask.AutoHoeing.Services.RouteSelector' threw an exception.
---- System.TypeInitializationException : The type initializer for 'BetterGenshinImpact.App' threw an exception.
-------- System.InvalidOperationException : 调用线程必须为 STA，因为许多 UI 组件都需要。
  堆栈跟踪:
     at BetterGenshinImpact.GameTask.AutoHoeing.Services.RouteSelector.SelectOptimalRoutes(List`1 routes, Double efficiencyIndex, Int32 targetEliteNum, Int32 targetMonsterNum, String sortMode) in E:\Program Files\better-genshin-impact-LCB\BetterGenshinImpact\GameTask\AutoHoeing\Services\RouteSelector.cs:line 23
   at BetterGenshinImpact.UnitTest.GameTaskTests.AutoHoeingTests.AutoHoeingLogicTests.RouteSelector_GreedyPrune_RemovesRedundant() in E:\Program Files\better-genshin-impact-LCB\Test\BetterGenshinImpact.UnitTest\GameTaskTests\AutoHoeingTests\AutoHoeingLogicTests.cs:line 291
   at System.RuntimeMethodHandle.InvokeMethod(Object target, Void** arguments, Signature sig, Boolean isConstructor)
   at System.Reflection.MethodBaseInvoker.InvokeWithNoArgs(Object obj, BindingFlags invokeAttr)
----- Inner Stack Trace -----
   at BetterGenshinImpact.App.GetLogger[T]() in E:\Program Files\better-genshin-impact-LCB\BetterGenshinImpact\App.xaml.cs:line 234
   at BetterGenshinImpact.GameTask.AutoHoeing.Multiplayer.CoordinatorClient..ctor() in E:\Program Files\better-genshin-impact-LCB\BetterGenshinImpact\GameTask\AutoHoeing\Multiplayer\CoordinatorClient.cs:line 31
   at BetterGenshinImpact.UnitTest.GameTaskTests.AutoHoeingTests.CooperativeRerunCommunicationTests.Client(Func`3 f, Boolean cap, List`1 seen) in E:\Program Files\better-genshin-impact-LCB\Test\BetterGenshinImpact.UnitTest\GameTaskTests\AutoHoeingTests\CooperativeRerunCommunicationTests.cs:line 21
   at BetterGenshinImpact.UnitTest.GameTaskTests.AutoHoeingTests.CooperativeRerunCommunicationTests.CompleteNormalSendsNoEmptyMarkAndPrepares() in E:\Program Files\better-genshin-impact-LCB\Test\BetterGenshinImpact.UnitTest\GameTaskTests\AutoHoeingTests\CooperativeRerunCommunicationTests.cs:line 24
--- End of stack trace from previous location ---
----- Inner Stack Trace -----
   at System.Windows.Input.InputManager..ctor()
   at System.Windows.Input.InputManager.GetCurrentInputManagerImpl()
   at System.Windows.Input.KeyboardNavigation..ctor()
   at System.Windows.FrameworkElement.FrameworkServices..ctor()
   at System.Windows.FrameworkElement.EnsureFrameworkServices()
   at System.Windows.FrameworkElement..ctor()
   at System.Windows.Controls.Control..ctor()
   at System.Windows.Window..ctor()
   at Wpf.Ui.Controls.FluentWindow..ctor()
   at BetterGenshinImpact.View.Windows.ThemedMessageBox..ctor() in E:\Program Files\better-genshin-impact-LCB\BetterGenshinImpact\View\Windows\ThemedMessageBox.xaml.cs:line 35
   at BetterGenshinImpact.View.Windows.ThemedMessageBox.Show(String content, String title, MessageBoxButton button, MessageBoxIcon icon, MessageBoxResult defaultResult, Window owner) in E:\Program Files\better-genshin-impact-LCB\BetterGenshinImpact\View\Windows\ThemedMessageBox.xaml.cs:line 132
   at BetterGenshinImpact.View.Windows.ThemedMessageBox.Warning(String message, String title) in E:\Program Files\better-genshin-impact-LCB\BetterGenshinImpact\View\Windows\ThemedMessageBox.xaml.cs:line 293
   at BetterGenshinImpact.Helpers.RuntimeHelper.CheckIntegration() in E:\Program Files\better-genshin-impact-LCB\BetterGenshinImpact\Helpers\RuntimeHelper.cs:line 159
   at BetterGenshinImpact.Helpers.RuntimeExtension.CheckIntegration(IHostBuilder app) in E:\Program Files\better-genshin-impact-LCB\BetterGenshinImpact\Helpers\RuntimeHelper.cs:line 181
   at BetterGenshinImpact.App..cctor() in E:\Program Files\better-genshin-impact-LCB\BetterGenshinImpact\App.xaml.cs:line 58
  失败 BetterGenshinImpact.UnitTest.GameTaskTests.AutoHoeingTests.MultiplayerCoordinatorWaitForAllPlayersTest.WaitForAllPlayers_NonMatchingSyncId_DoesNotReleaseWait [1 ms]
  错误消息:
   System.TypeInitializationException : The type initializer for 'BetterGenshinImpact.App' threw an exception.
---- System.InvalidOperationException : 调用线程必须为 STA，因为许多 UI 组件都需要。
  堆栈跟踪:
     at BetterGenshinImpact.App.GetLogger[T]() in E:\Program Files\better-genshin-impact-LCB\BetterGenshinImpact\App.xaml.cs:line 234
   at BetterGenshinImpact.GameTask.AutoHoeing.Multiplayer.CoordinatorClient..ctor() in E:\Program Files\better-genshin-impact-LCB\BetterGenshinImpact\GameTask\AutoHoeing\Multiplayer\CoordinatorClient.cs:line 31
   at BetterGenshinImpact.UnitTest.GameTaskTests.AutoHoeingTests.CooperativeRerunCommunicationTests.Client(Func`3 f, Boolean cap, List`1 seen) in E:\Program Files\better-genshin-impact-LCB\Test\BetterGenshinImpact.UnitTest\GameTaskTests\AutoHoeingTests\CooperativeRerunCommunicationTests.cs:line 21
   at BetterGenshinImpact.UnitTest.GameTaskTests.AutoHoeingTests.CooperativeRerunCommunicationTests.CompleteNormalSendsNoEmptyMarkAndPrepares() in E:\Program Files\better-genshin-impact-LCB\Test\BetterGenshinImpact.UnitTest\GameTaskTests\AutoHoeingTests\CooperativeRerunCommunicationTests.cs:line 24
--- End of stack trace from previous location ---
----- Inner Stack Trace -----
   at System.Windows.Input.InputManager..ctor()
   at System.Windows.Input.InputManager.GetCurrentInputManagerImpl()
   at System.Windows.Input.KeyboardNavigation..ctor()
   at System.Windows.FrameworkElement.FrameworkServices..ctor()
   at System.Windows.FrameworkElement.EnsureFrameworkServices()
   at System.Windows.FrameworkElement..ctor()
   at System.Windows.Controls.Control..ctor()
   at System.Windows.Window..ctor()
   at Wpf.Ui.Controls.FluentWindow..ctor()
   at BetterGenshinImpact.View.Windows.ThemedMessageBox..ctor() in E:\Program Files\better-genshin-impact-LCB\BetterGenshinImpact\View\Windows\ThemedMessageBox.xaml.cs:line 35
   at BetterGenshinImpact.View.Windows.ThemedMessageBox.Show(String content, String title, MessageBoxButton button, MessageBoxIcon icon, MessageBoxResult defaultResult, Window owner) in E:\Program Files\better-genshin-impact-LCB\BetterGenshinImpact\View\Windows\ThemedMessageBox.xaml.cs:line 132
   at BetterGenshinImpact.View.Windows.ThemedMessageBox.Warning(String message, String title) in E:\Program Files\better-genshin-impact-LCB\BetterGenshinImpact\View\Windows\ThemedMessageBox.xaml.cs:line 293
   at BetterGenshinImpact.Helpers.RuntimeHelper.CheckIntegration() in E:\Program Files\better-genshin-impact-LCB\BetterGenshinImpact\Helpers\RuntimeHelper.cs:line 159
   at BetterGenshinImpact.Helpers.RuntimeExtension.CheckIntegration(IHostBuilder app) in E:\Program Files\better-genshin-impact-LCB\BetterGenshinImpact\Helpers\RuntimeHelper.cs:line 181
   at BetterGenshinImpact.App..cctor() in E:\Program Files\better-genshin-impact-LCB\BetterGenshinImpact\App.xaml.cs:line 58
  失败 BetterGenshinImpact.UnitTest.GameTaskTests.AutoHoeingTests.GatewayEnvelopeDispatchTests.DispatchEvt_NumericPayloadEvents [156 ms]
  错误消息:
   System.TypeInitializationException : The type initializer for 'BetterGenshinImpact.App' threw an exception.
---- System.InvalidOperationException : 调用线程必须为 STA，因为许多 UI 组件都需要。
  堆栈跟踪:
     at BetterGenshinImpact.App.GetLogger[T]() in E:\Program Files\better-genshin-impact-LCB\BetterGenshinImpact\App.xaml.cs:line 234
   at BetterGenshinImpact.GameTask.AutoHoeing.Multiplayer.CoordinatorClient..ctor() in E:\Program Files\better-genshin-impact-LCB\BetterGenshinImpact\GameTask\AutoHoeing\Multiplayer\CoordinatorClient.cs:line 31
   at BetterGenshinImpact.UnitTest.GameTaskTests.AutoHoeingTests.RouteAnchorRerunYieldTests..ctor() in E:\Program Files\better-genshin-impact-LCB\Test\BetterGenshinImpact.UnitTest\GameTaskTests\AutoHoeingTests\RouteAnchorRerunYieldTests.cs:line 31
   at System.RuntimeType.CreateInstanceDefaultCtor(Boolean publicOnly, Boolean wrapExceptions)
----- Inner Stack Trace -----
   at System.Windows.Input.InputManager..ctor()
   at System.Windows.Input.InputManager.GetCurrentInputManagerImpl()
   at System.Windows.Input.KeyboardNavigation..ctor()
   at System.Windows.FrameworkElement.FrameworkServices..ctor()
   at System.Windows.FrameworkElement.EnsureFrameworkServices()
   at System.Windows.FrameworkElement..ctor()
   at System.Windows.Controls.Control..ctor()
   at System.Windows.Window..ctor()
   at Wpf.Ui.Controls.FluentWindow..ctor()
   at BetterGenshinImpact.View.Windows.ThemedMessageBox..ctor() in E:\Program Files\better-genshin-impact-LCB\BetterGenshinImpact\View\Windows\ThemedMessageBox.xaml.cs:line 35
   at BetterGenshinImpact.View.Windows.ThemedMessageBox.Show(String content, String title, MessageBoxButton button, MessageBoxIcon icon, MessageBoxResult defaultResult, Window owner) in E:\Program Files\better-genshin-impact-LCB\BetterGenshinImpact\View\Windows\ThemedMessageBox.xaml.cs:line 132
   at BetterGenshinImpact.View.Windows.ThemedMessageBox.Warning(String message, String title) in E:\Program Files\better-genshin-impact-LCB\BetterGenshinImpact\View\Windows\ThemedMessageBox.xaml.cs:line 293
   at BetterGenshinImpact.Helpers.RuntimeHelper.CheckIntegration() in E:\Program Files\better-genshin-impact-LCB\BetterGenshinImpact\Helpers\RuntimeHelper.cs:line 159
   at BetterGenshinImpact.Helpers.RuntimeExtension.CheckIntegration(IHostBuilder app) in E:\Program Files\better-genshin-impact-LCB\BetterGenshinImpact\Helpers\RuntimeHelper.cs:line 181
   at BetterGenshinImpact.App..cctor() in E:\Program Files\better-genshin-impact-LCB\BetterGenshinImpact\App.xaml.cs:line 58
  失败 BetterGenshinImpact.UnitTest.GameTaskTests.AutoHoeingTests.RouteAnchorPullExecutorTests.CancelledToken_Propagates_WithoutClaimingApplied [1 ms]
  错误消息:
   System.TypeInitializationException : The type initializer for 'BetterGenshinImpact.App' threw an exception.
---- System.InvalidOperationException : 调用线程必须为 STA，因为许多 UI 组件都需要。
  堆栈跟踪:
     at BetterGenshinImpact.App.GetLogger[T]() in E:\Program Files\better-genshin-impact-LCB\BetterGenshinImpact\App.xaml.cs:line 234
   at BetterGenshinImpact.GameTask.AutoHoeing.Multiplayer.CoordinatorClient..ctor() in E:\Program Files\better-genshin-impact-LCB\BetterGenshinImpact\GameTask\AutoHoeing\Multiplayer\CoordinatorClient.cs:line 31
   at BetterGenshinImpact.UnitTest.GameTaskTests.AutoHoeingTests.CooperativeRerunCommunicationTests.Client(Func`3 f, Boolean cap, List`1 seen) in E:\Program Files\better-genshin-impact-LCB\Test\BetterGenshinImpact.UnitTest\GameTaskTests\AutoHoeingTests\CooperativeRerunCommunicationTests.cs:line 21
   at BetterGenshinImpact.UnitTest.GameTaskTests.AutoHoeingTests.CooperativeRerunCommunicationTests.CompleteNormalSendsNoEmptyMarkAndPrepares() in E:\Program Files\better-genshin-impact-LCB\Test\BetterGenshinImpact.UnitTest\GameTaskTests\AutoHoeingTests\CooperativeRerunCommunicationTests.cs:line 24
--- End of stack trace from previous location ---
----- Inner Stack Trace -----
   at System.Windows.Input.InputManager..ctor()
   at System.Windows.Input.InputManager.GetCurrentInputManagerImpl()
   at System.Windows.Input.KeyboardNavigation..ctor()
   at System.Windows.FrameworkElement.FrameworkServices..ctor()
   at System.Windows.FrameworkElement.EnsureFrameworkServices()
   at System.Windows.FrameworkElement..ctor()
   at System.Windows.Controls.Control..ctor()
   at System.Windows.Window..ctor()
   at Wpf.Ui.Controls.FluentWindow..ctor()
   at BetterGenshinImpact.View.Windows.ThemedMessageBox..ctor() in E:\Program Files\better-genshin-impact-LCB\BetterGenshinImpact\View\Windows\ThemedMessageBox.xaml.cs:line 35
   at BetterGenshinImpact.View.Windows.ThemedMessageBox.Show(String content, String title, MessageBoxButton button, MessageBoxIcon icon, MessageBoxResult defaultResult, Window owner) in E:\Program Files\better-genshin-impact-LCB\BetterGenshinImpact\View\Windows\ThemedMessageBox.xaml.cs:line 132
   at BetterGenshinImpact.View.Windows.ThemedMessageBox.Warning(String message, String title) in E:\Program Files\better-genshin-impact-LCB\BetterGenshinImpact\View\Windows\ThemedMessageBox.xaml.cs:line 293
   at BetterGenshinImpact.Helpers.RuntimeHelper.CheckIntegration() in E:\Program Files\better-genshin-impact-LCB\BetterGenshinImpact\Helpers\RuntimeHelper.cs:line 159
   at BetterGenshinImpact.Helpers.RuntimeExtension.CheckIntegration(IHostBuilder app) in E:\Program Files\better-genshin-impact-LCB\BetterGenshinImpact\Helpers\RuntimeHelper.cs:line 181
   at BetterGenshinImpact.App..cctor() in E:\Program Files\better-genshin-impact-LCB\BetterGenshinImpact\App.xaml.cs:line 58
  失败 BetterGenshinImpact.UnitTest.GameTaskTests.AutoHoeingTests.RouteAnchorClientTests.Cancel_DisabledOrNoAnchor_SendsNothing [1 ms]
  错误消息:
   System.TypeInitializationException : The type initializer for 'BetterGenshinImpact.App' threw an exception.
---- System.InvalidOperationException : 调用线程必须为 STA，因为许多 UI 组件都需要。
  堆栈跟踪:
     at BetterGenshinImpact.App.GetLogger[T]() in E:\Program Files\better-genshin-impact-LCB\BetterGenshinImpact\App.xaml.cs:line 234
   at BetterGenshinImpact.GameTask.AutoHoeing.Multiplayer.CoordinatorClient..ctor() in E:\Program Files\better-genshin-impact-LCB\BetterGenshinImpact\GameTask\AutoHoeing\Multiplayer\CoordinatorClient.cs:line 31
   at BetterGenshinImpact.UnitTest.GameTaskTests.AutoHoeingTests.CooperativeRerunCommunicationTests.Client(Func`3 f, Boolean cap, List`1 seen) in E:\Program Files\better-genshin-impact-LCB\Test\BetterGenshinImpact.UnitTest\GameTaskTests\AutoHoeingTests\CooperativeRerunCommunicationTests.cs:line 21
   at BetterGenshinImpact.UnitTest.GameTaskTests.AutoHoeingTests.CooperativeRerunCommunicationTests.CompleteNormalSendsNoEmptyMarkAndPrepares() in E:\Program Files\better-genshin-impact-LCB\Test\BetterGenshinImpact.UnitTest\GameTaskTests\AutoHoeingTests\CooperativeRerunCommunicationTests.cs:line 24
--- End of stack trace from previous location ---
----- Inner Stack Trace -----
   at System.Windows.Input.InputManager..ctor()
   at System.Windows.Input.InputManager.GetCurrentInputManagerImpl()
   at System.Windows.Input.KeyboardNavigation..ctor()
   at System.Windows.FrameworkElement.FrameworkServices..ctor()
   at System.Windows.FrameworkElement.EnsureFrameworkServices()
   at System.Windows.FrameworkElement..ctor()
   at System.Windows.Controls.Control..ctor()
   at System.Windows.Window..ctor()
   at Wpf.Ui.Controls.FluentWindow..ctor()
   at BetterGenshinImpact.View.Windows.ThemedMessageBox..ctor() in E:\Program Files\better-genshin-impact-LCB\BetterGenshinImpact\View\Windows\ThemedMessageBox.xaml.cs:line 35
   at BetterGenshinImpact.View.Windows.ThemedMessageBox.Show(String content, String title, MessageBoxButton button, MessageBoxIcon icon, MessageBoxResult defaultResult, Window owner) in E:\Program Files\better-genshin-impact-LCB\BetterGenshinImpact\View\Windows\ThemedMessageBox.xaml.cs:line 132
   at BetterGenshinImpact.View.Windows.ThemedMessageBox.Warning(String message, String title) in E:\Program Files\better-genshin-impact-LCB\BetterGenshinImpact\View\Windows\ThemedMessageBox.xaml.cs:line 293
   at BetterGenshinImpact.Helpers.RuntimeHelper.CheckIntegration() in E:\Program Files\better-genshin-impact-LCB\BetterGenshinImpact\Helpers\RuntimeHelper.cs:line 159
   at BetterGenshinImpact.Helpers.RuntimeExtension.CheckIntegration(IHostBuilder app) in E:\Program Files\better-genshin-impact-LCB\BetterGenshinImpact\Helpers\RuntimeHelper.cs:line 181
   at BetterGenshinImpact.App..cctor() in E:\Program Files\better-genshin-impact-LCB\BetterGenshinImpact\App.xaml.cs:line 58
  失败 BetterGenshinImpact.UnitTest.GameTaskTests.AutoHoeingTests.PostTeleportRevivalProtectionControlFlowTest.Callback_ProtectionNotHit_FallsThroughToOriginalFlow [1 ms]
  错误消息:
   System.TypeInitializationException : The type initializer for 'BetterGenshinImpact.App' threw an exception.
---- System.InvalidOperationException : 调用线程必须为 STA，因为许多 UI 组件都需要。
  堆栈跟踪:
     at BetterGenshinImpact.App.GetLogger[T]() in E:\Program Files\better-genshin-impact-LCB\BetterGenshinImpact\App.xaml.cs:line 234
   at BetterGenshinImpact.GameTask.AutoHoeing.Multiplayer.CoordinatorClient..ctor() in E:\Program Files\better-genshin-impact-LCB\BetterGenshinImpact\GameTask\AutoHoeing\Multiplayer\CoordinatorClient.cs:line 31
   at BetterGenshinImpact.UnitTest.GameTaskTests.AutoHoeingTests.CooperativeRerunCommunicationTests.Client(Func`3 f, Boolean cap, List`1 seen) in E:\Program Files\better-genshin-impact-LCB\Test\BetterGenshinImpact.UnitTest\GameTaskTests\AutoHoeingTests\CooperativeRerunCommunicationTests.cs:line 21
   at BetterGenshinImpact.UnitTest.GameTaskTests.AutoHoeingTests.CooperativeRerunCommunicationTests.CompleteNormalSendsNoEmptyMarkAndPrepares() in E:\Program Files\better-genshin-impact-LCB\Test\BetterGenshinImpact.UnitTest\GameTaskTests\AutoHoeingTests\CooperativeRerunCommunicationTests.cs:line 24
--- End of stack trace from previous location ---
----- Inner Stack Trace -----
   at System.Windows.Input.InputManager..ctor()
   at System.Windows.Input.InputManager.GetCurrentInputManagerImpl()
   at System.Windows.Input.KeyboardNavigation..ctor()
   at System.Windows.FrameworkElement.FrameworkServices..ctor()
   at System.Windows.FrameworkElement.EnsureFrameworkServices()
   at System.Windows.FrameworkElement..ctor()
   at System.Windows.Controls.Control..ctor()
   at System.Windows.Window..ctor()
   at Wpf.Ui.Controls.FluentWindow..ctor()
   at BetterGenshinImpact.View.Windows.ThemedMessageBox..ctor() in E:\Program Files\better-genshin-impact-LCB\BetterGenshinImpact\View\Windows\ThemedMessageBox.xaml.cs:line 35
   at BetterGenshinImpact.View.Windows.ThemedMessageBox.Show(String content, String title, MessageBoxButton button, MessageBoxIcon icon, MessageBoxResult defaultResult, Window owner) in E:\Program Files\better-genshin-impact-LCB\BetterGenshinImpact\View\Windows\ThemedMessageBox.xaml.cs:line 132
   at BetterGenshinImpact.View.Windows.ThemedMessageBox.Warning(String message, String title) in E:\Program Files\better-genshin-impact-LCB\BetterGenshinImpact\View\Windows\ThemedMessageBox.xaml.cs:line 293
   at BetterGenshinImpact.Helpers.RuntimeHelper.CheckIntegration() in E:\Program Files\better-genshin-impact-LCB\BetterGenshinImpact\Helpers\RuntimeHelper.cs:line 159
   at BetterGenshinImpact.Helpers.RuntimeExtension.CheckIntegration(IHostBuilder app) in E:\Program Files\better-genshin-impact-LCB\BetterGenshinImpact\Helpers\RuntimeHelper.cs:line 181
   at BetterGenshinImpact.App..cctor() in E:\Program Files\better-genshin-impact-LCB\BetterGenshinImpact\App.xaml.cs:line 58
  失败 BetterGenshinImpact.UnitTest.GameTaskTests.AutoHoeingTests.CooperativeRerunCommunicationTests.CompleteNormalSendsNoEmptyMarkAndPrepares [23 ms]
  错误消息:
   System.TypeInitializationException : The type initializer for 'BetterGenshinImpact.App' threw an exception.
---- System.InvalidOperationException : 调用线程必须为 STA，因为许多 UI 组件都需要。
  堆栈跟踪:
     at BetterGenshinImpact.App.GetLogger[T]() in E:\Program Files\better-genshin-impact-LCB\BetterGenshinImpact\App.xaml.cs:line 234
   at BetterGenshinImpact.GameTask.AutoHoeing.Multiplayer.CoordinatorClient..ctor() in E:\Program Files\better-genshin-impact-LCB\BetterGenshinImpact\GameTask\AutoHoeing\Multiplayer\CoordinatorClient.cs:line 31
   at BetterGenshinImpact.UnitTest.GameTaskTests.AutoHoeingTests.CooperativeRerunCommunicationTests.Client(Func`3 f, Boolean cap, List`1 seen) in E:\Program Files\better-genshin-impact-LCB\Test\BetterGenshinImpact.UnitTest\GameTaskTests\AutoHoeingTests\CooperativeRerunCommunicationTests.cs:line 21
   at BetterGenshinImpact.UnitTest.GameTaskTests.AutoHoeingTests.CooperativeRerunCommunicationTests.CompleteNormalSendsNoEmptyMarkAndPrepares() in E:\Program Files\better-genshin-impact-LCB\Test\BetterGenshinImpact.UnitTest\GameTaskTests\AutoHoeingTests\CooperativeRerunCommunicationTests.cs:line 24
--- End of stack trace from previous location ---
----- Inner Stack Trace -----
   at System.Windows.Input.InputManager..ctor()
   at System.Windows.Input.InputManager.GetCurrentInputManagerImpl()
   at System.Windows.Input.KeyboardNavigation..ctor()
   at System.Windows.FrameworkElement.FrameworkServices..ctor()
   at System.Windows.FrameworkElement.EnsureFrameworkServices()
   at System.Windows.FrameworkElement..ctor()
   at System.Windows.Controls.Control..ctor()
   at System.Windows.Window..ctor()
   at Wpf.Ui.Controls.FluentWindow..ctor()
   at BetterGenshinImpact.View.Windows.ThemedMessageBox..ctor() in E:\Program Files\better-genshin-impact-LCB\BetterGenshinImpact\View\Windows\ThemedMessageBox.xaml.cs:line 35
   at BetterGenshinImpact.View.Windows.ThemedMessageBox.Show(String content, String title, MessageBoxButton button, MessageBoxIcon icon, MessageBoxResult defaultResult, Window owner) in E:\Program Files\better-genshin-impact-LCB\BetterGenshinImpact\View\Windows\ThemedMessageBox.xaml.cs:line 132
   at BetterGenshinImpact.View.Windows.ThemedMessageBox.Warning(String message, String title) in E:\Program Files\better-genshin-impact-LCB\BetterGenshinImpact\View\Windows\ThemedMessageBox.xaml.cs:line 293
   at BetterGenshinImpact.Helpers.RuntimeHelper.CheckIntegration() in E:\Program Files\better-genshin-impact-LCB\BetterGenshinImpact\Helpers\RuntimeHelper.cs:line 159
   at BetterGenshinImpact.Helpers.RuntimeExtension.CheckIntegration(IHostBuilder app) in E:\Program Files\better-genshin-impact-LCB\BetterGenshinImpact\Helpers\RuntimeHelper.cs:line 181
   at BetterGenshinImpact.App..cctor() in E:\Program Files\better-genshin-impact-LCB\BetterGenshinImpact\App.xaml.cs:line 58
  失败 BetterGenshinImpact.UnitTest.GameTaskTests.AutoHoeingTests.RouteAnchorClientTests.WaitForReleased_AlreadyReleased_ReturnsImmediately [1 ms]
  错误消息:
   System.TypeInitializationException : The type initializer for 'BetterGenshinImpact.App' threw an exception.
---- System.InvalidOperationException : 调用线程必须为 STA，因为许多 UI 组件都需要。
  堆栈跟踪:
     at BetterGenshinImpact.GameTask.AutoHoeing.Multiplayer.CoordinatorClient..ctor() in E:\Program Files\better-genshin-impact-LCB\BetterGenshinImpact\GameTask\AutoHoeing\Multiplayer\CoordinatorClient.cs:line 31
   at BetterGenshinImpact.App.GetLogger[T]() in E:\Program Files\better-genshin-impact-LCB\BetterGenshinImpact\App.xaml.cs:line 234
   at BetterGenshinImpact.GameTask.AutoHoeing.Multiplayer.CoordinatorClient..ctor() in E:\Program Files\better-genshin-impact-LCB\BetterGenshinImpact\GameTask\AutoHoeing\Multiplayer\CoordinatorClient.cs:line 31
   at BetterGenshinImpact.UnitTest.GameTaskTests.AutoHoeingTests.PostTeleportRevivalProtectionControlFlowTest..ctor() in E:\Program Files\better-genshin-impact-LCB\Test\BetterGenshinImpact.UnitTest\GameTaskTests\AutoHoeingTests\PostTeleportRevivalProtectionControlFlowTest.cs:line 52
   at System.RuntimeType.CreateInstanceDefaultCtor(Boolean publicOnly, Boolean wrapExceptions)
----- Inner Stack Trace -----
   at System.Windows.Input.InputManager..ctor()
   at System.Windows.Input.InputManager.GetCurrentInputManagerImpl()
   at System.Windows.Input.KeyboardNavigation..ctor()
   at System.Windows.FrameworkElement.FrameworkServices..ctor()
   at System.Windows.FrameworkElement.EnsureFrameworkServices()
   at System.Windows.FrameworkElement..ctor()
   at System.Windows.Controls.Control..ctor()
   at System.Windows.Window..ctor()
   at Wpf.Ui.Controls.FluentWindow..ctor()
   at BetterGenshinImpact.View.Windows.ThemedMessageBox..ctor() in E:\Program Files\better-genshin-impact-LCB\BetterGenshinImpact\View\Windows\ThemedMessageBox.xaml.cs:line 35
   at BetterGenshinImpact.View.Windows.ThemedMessageBox.Show(String content, String title, MessageBoxButton button, MessageBoxIcon icon, MessageBoxResult defaultResult, Window owner) in E:\Program Files\better-genshin-impact-LCB\BetterGenshinImpact\View\Windows\ThemedMessageBox.xaml.cs:line 132
   at BetterGenshinImpact.View.Windows.ThemedMessageBox.Warning(String message, String title) in E:\Program Files\better-genshin-impact-LCB\BetterGenshinImpact\View\Windows\ThemedMessageBox.xaml.cs:line 293
   at BetterGenshinImpact.Helpers.RuntimeHelper.CheckIntegration() in E:\Program Files\better-genshin-impact-LCB\BetterGenshinImpact\Helpers\RuntimeHelper.cs:line 159
   at BetterGenshinImpact.Helpers.RuntimeExtension.CheckIntegration(IHostBuilder app) in E:\Program Files\better-genshin-impact-LCB\BetterGenshinImpact\Helpers\RuntimeHelper.cs:line 181
   at BetterGenshinImpact.App..cctor() in E:\Program Files\better-genshin-impact-LCB\BetterGenshinImpact\App.xaml.cs:line 58
  失败 BetterGenshinImpact.UnitTest.GameTaskTests.AutoHoeingTests.MultiplayerCoordinatorWaitForAllPlayersTest.WaitForAllPlayers_GenericExceptionRethrown_ReturnsFalse [1 ms]
  错误消息:
   System.TypeInitializationException : The type initializer for 'BetterGenshinImpact.App' threw an exception.
---- System.InvalidOperationException : 调用线程必须为 STA，因为许多 UI 组件都需要。
  堆栈跟踪:
     at BetterGenshinImpact.GameTask.AutoHoeing.Multiplayer.CoordinatorClient..ctor() in E:\Program Files\better-genshin-impact-LCB\BetterGenshinImpact\GameTask\AutoHoeing\Multiplayer\CoordinatorClient.cs:line 31
   at BetterGenshinImpact.App.GetLogger[T]() in E:\Program Files\better-genshin-impact-LCB\BetterGenshinImpact\App.xaml.cs:line 234
   at BetterGenshinImpact.GameTask.AutoHoeing.Multiplayer.CoordinatorClient..ctor() in E:\Program Files\better-genshin-impact-LCB\BetterGenshinImpact\GameTask\AutoHoeing\Multiplayer\CoordinatorClient.cs:line 31
   at BetterGenshinImpact.UnitTest.GameTaskTests.AutoHoeingTests.PostTeleportRevivalProtectionControlFlowTest..ctor() in E:\Program Files\better-genshin-impact-LCB\Test\BetterGenshinImpact.UnitTest\GameTaskTests\AutoHoeingTests\PostTeleportRevivalProtectionControlFlowTest.cs:line 52
   at System.RuntimeType.CreateInstanceDefaultCtor(Boolean publicOnly, Boolean wrapExceptions)
----- Inner Stack Trace -----
   at System.Windows.Input.InputManager..ctor()
   at System.Windows.Input.InputManager.GetCurrentInputManagerImpl()
   at System.Windows.Input.KeyboardNavigation..ctor()
   at System.Windows.FrameworkElement.FrameworkServices..ctor()
   at System.Windows.FrameworkElement.EnsureFrameworkServices()
   at System.Windows.FrameworkElement..ctor()
   at System.Windows.Controls.Control..ctor()
   at System.Windows.Window..ctor()
   at Wpf.Ui.Controls.FluentWindow..ctor()
   at BetterGenshinImpact.View.Windows.ThemedMessageBox..ctor() in E:\Program Files\better-genshin-impact-LCB\BetterGenshinImpact\View\Windows\ThemedMessageBox.xaml.cs:line 35
   at BetterGenshinImpact.View.Windows.ThemedMessageBox.Show(String content, String title, MessageBoxButton button, MessageBoxIcon icon, MessageBoxResult defaultResult, Window owner) in E:\Program Files\better-genshin-impact-LCB\BetterGenshinImpact\View\Windows\ThemedMessageBox.xaml.cs:line 132
   at BetterGenshinImpact.View.Windows.ThemedMessageBox.Warning(String message, String title) in E:\Program Files\better-genshin-impact-LCB\BetterGenshinImpact\View\Windows\ThemedMessageBox.xaml.cs:line 293
   at BetterGenshinImpact.Helpers.RuntimeHelper.CheckIntegration() in E:\Program Files\better-genshin-impact-LCB\BetterGenshinImpact\Helpers\RuntimeHelper.cs:line 159
   at BetterGenshinImpact.Helpers.RuntimeExtension.CheckIntegration(IHostBuilder app) in E:\Program Files\better-genshin-impact-LCB\BetterGenshinImpact\Helpers\RuntimeHelper.cs:line 181
   at BetterGenshinImpact.App..cctor() in E:\Program Files\better-genshin-impact-LCB\BetterGenshinImpact\App.xaml.cs:line 58
  失败 BetterGenshinImpact.UnitTest.GameTaskTests.AutoHoeingTests.RouteAnchorPullExecutorTests.AppliedResult_LoopIndex_LandsExactlyOnTarget [1 ms]
  错误消息:
   System.TypeInitializationException : The type initializer for 'BetterGenshinImpact.App' threw an exception.
---- System.InvalidOperationException : 调用线程必须为 STA，因为许多 UI 组件都需要。
  堆栈跟踪:
     at BetterGenshinImpact.GameTask.AutoHoeing.Multiplayer.CoordinatorClient..ctor() in E:\Program Files\better-genshin-impact-LCB\BetterGenshinImpact\GameTask\AutoHoeing\Multiplayer\CoordinatorClient.cs:line 31
   at BetterGenshinImpact.App.GetLogger[T]() in E:\Program Files\better-genshin-impact-LCB\BetterGenshinImpact\App.xaml.cs:line 234
   at BetterGenshinImpact.GameTask.AutoHoeing.Multiplayer.CoordinatorClient..ctor() in E:\Program Files\better-genshin-impact-LCB\BetterGenshinImpact\GameTask\AutoHoeing\Multiplayer\CoordinatorClient.cs:line 31
   at BetterGenshinImpact.UnitTest.GameTaskTests.AutoHoeingTests.PostTeleportRevivalProtectionControlFlowTest..ctor() in E:\Program Files\better-genshin-impact-LCB\Test\BetterGenshinImpact.UnitTest\GameTaskTests\AutoHoeingTests\PostTeleportRevivalProtectionControlFlowTest.cs:line 52
   at System.RuntimeType.CreateInstanceDefaultCtor(Boolean publicOnly, Boolean wrapExceptions)
----- Inner Stack Trace -----
   at System.Windows.Input.InputManager..ctor()
   at System.Windows.Input.InputManager.GetCurrentInputManagerImpl()
   at System.Windows.Input.KeyboardNavigation..ctor()
   at System.Windows.FrameworkElement.FrameworkServices..ctor()
   at System.Windows.FrameworkElement.EnsureFrameworkServices()
   at System.Windows.FrameworkElement..ctor()
   at System.Windows.Controls.Control..ctor()
   at System.Windows.Window..ctor()
   at Wpf.Ui.Controls.FluentWindow..ctor()
   at BetterGenshinImpact.View.Windows.ThemedMessageBox..ctor() in E:\Program Files\better-genshin-impact-LCB\BetterGenshinImpact\View\Windows\ThemedMessageBox.xaml.cs:line 35
   at BetterGenshinImpact.View.Windows.ThemedMessageBox.Show(String content, String title, MessageBoxButton button, MessageBoxIcon icon, MessageBoxResult defaultResult, Window owner) in E:\Program Files\better-genshin-impact-LCB\BetterGenshinImpact\View\Windows\ThemedMessageBox.xaml.cs:line 132
   at BetterGenshinImpact.View.Windows.ThemedMessageBox.Warning(String message, String title) in E:\Program Files\better-genshin-impact-LCB\BetterGenshinImpact\View\Windows\ThemedMessageBox.xaml.cs:line 293
   at BetterGenshinImpact.Helpers.RuntimeHelper.CheckIntegration() in E:\Program Files\better-genshin-impact-LCB\BetterGenshinImpact\Helpers\RuntimeHelper.cs:line 159
   at BetterGenshinImpact.Helpers.RuntimeExtension.CheckIntegration(IHostBuilder app) in E:\Program Files\better-genshin-impact-LCB\BetterGenshinImpact\Helpers\RuntimeHelper.cs:line 181
   at BetterGenshinImpact.App..cctor() in E:\Program Files\better-genshin-impact-LCB\BetterGenshinImpact\App.xaml.cs:line 58
  失败 BetterGenshinImpact.UnitTest.GameTaskTests.AutoHoeingTests.PostTeleportRevivalProtectionControlFlowTest.IsHit_SegmentMismatch_ProtectionForBOldSegment_ReturnsFalse [1 ms]
  错误消息:
   System.TypeInitializationException : The type initializer for 'BetterGenshinImpact.App' threw an exception.
---- System.InvalidOperationException : 调用线程必须为 STA，因为许多 UI 组件都需要。
  堆栈跟踪:
     at BetterGenshinImpact.GameTask.AutoHoeing.Multiplayer.CoordinatorClient..ctor() in E:\Program Files\better-genshin-impact-LCB\BetterGenshinImpact\GameTask\AutoHoeing\Multiplayer\CoordinatorClient.cs:line 31
   at BetterGenshinImpact.App.GetLogger[T]() in E:\Program Files\better-genshin-impact-LCB\BetterGenshinImpact\App.xaml.cs:line 234
   at BetterGenshinImpact.GameTask.AutoHoeing.Multiplayer.CoordinatorClient..ctor() in E:\Program Files\better-genshin-impact-LCB\BetterGenshinImpact\GameTask\AutoHoeing\Multiplayer\CoordinatorClient.cs:line 31
   at BetterGenshinImpact.UnitTest.GameTaskTests.AutoHoeingTests.PostTeleportRevivalProtectionControlFlowTest..ctor() in E:\Program Files\better-genshin-impact-LCB\Test\BetterGenshinImpact.UnitTest\GameTaskTests\AutoHoeingTests\PostTeleportRevivalProtectionControlFlowTest.cs:line 52
   at System.RuntimeType.CreateInstanceDefaultCtor(Boolean publicOnly, Boolean wrapExceptions)
----- Inner Stack Trace -----
   at System.Windows.Input.InputManager..ctor()
   at System.Windows.Input.InputManager.GetCurrentInputManagerImpl()
   at System.Windows.Input.KeyboardNavigation..ctor()
   at System.Windows.FrameworkElement.FrameworkServices..ctor()
   at System.Windows.FrameworkElement.EnsureFrameworkServices()
   at System.Windows.FrameworkElement..ctor()
   at System.Windows.Controls.Control..ctor()
   at System.Windows.Window..ctor()
   at Wpf.Ui.Controls.FluentWindow..ctor()
   at BetterGenshinImpact.View.Windows.ThemedMessageBox..ctor() in E:\Program Files\better-genshin-impact-LCB\BetterGenshinImpact\View\Windows\ThemedMessageBox.xaml.cs:line 35
   at BetterGenshinImpact.View.Windows.ThemedMessageBox.Show(String content, String title, MessageBoxButton button, MessageBoxIcon icon, MessageBoxResult defaultResult, Window owner) in E:\Program Files\better-genshin-impact-LCB\BetterGenshinImpact\View\Windows\ThemedMessageBox.xaml.cs:line 132
   at BetterGenshinImpact.View.Windows.ThemedMessageBox.Warning(String message, String title) in E:\Program Files\better-genshin-impact-LCB\BetterGenshinImpact\View\Windows\ThemedMessageBox.xaml.cs:line 293
   at BetterGenshinImpact.Helpers.RuntimeHelper.CheckIntegration() in E:\Program Files\better-genshin-impact-LCB\BetterGenshinImpact\Helpers\RuntimeHelper.cs:line 159
   at BetterGenshinImpact.Helpers.RuntimeExtension.CheckIntegration(IHostBuilder app) in E:\Program Files\better-genshin-impact-LCB\BetterGenshinImpact\Helpers\RuntimeHelper.cs:line 181
   at BetterGenshinImpact.App..cctor() in E:\Program Files\better-genshin-impact-LCB\BetterGenshinImpact\App.xaml.cs:line 58
  失败 BetterGenshinImpact.UnitTest.GameTaskTests.AutoHoeingTests.RouteAnchorClientTests.ReconcileAfterReconnect_NoAnchorOnServer_ReportsThat [1 ms]
  错误消息:
   System.TypeInitializationException : The type initializer for 'BetterGenshinImpact.App' threw an exception.
---- System.InvalidOperationException : 调用线程必须为 STA，因为许多 UI 组件都需要。
  堆栈跟踪:
  
----- Inner Stack Trace -----
   at System.Windows.Input.InputManager..ctor()
   at System.Windows.Input.InputManager.GetCurrentInputManagerImpl()
   at System.Windows.Input.KeyboardNavigation..ctor()
   at System.Windows.FrameworkElement.FrameworkServices..ctor()
   at System.Windows.FrameworkElement.EnsureFrameworkServices()
   at System.Windows.FrameworkElement..ctor()
   at System.Windows.Controls.Control..ctor()
   at System.Windows.Window..ctor()
   at Wpf.Ui.Controls.FluentWindow..ctor()
   at BetterGenshinImpact.View.Windows.ThemedMessageBox..ctor() in E:\Program Files\better-genshin-impact-LCB\BetterGenshinImpact\View\Windows\ThemedMessageBox.xaml.cs:line 35
   at BetterGenshinImpact.View.Windows.ThemedMessageBox.Show(String content, String title, MessageBoxButton button, MessageBoxIcon icon, MessageBoxResult defaultResult, Window owner) in E:\Program Files\better-genshin-impact-LCB\BetterGenshinImpact\View\Windows\ThemedMessageBox.xaml.cs:line 132
   at BetterGenshinImpact.View.Windows.ThemedMessageBox.Warning(String message, String title) in E:\Program Files\better-genshin-impact-LCB\BetterGenshinImpact\View\Windows\ThemedMessageBox.xaml.cs:line 293
   at BetterGenshinImpact.Helpers.RuntimeHelper.CheckIntegration() in E:\Program Files\better-genshin-impact-LCB\BetterGenshinImpact\Helpers\RuntimeHelper.cs:line 159
   at BetterGenshinImpact.Helpers.RuntimeExtension.CheckIntegration(IHostBuilder app) in E:\Program Files\better-genshin-impact-LCB\BetterGenshinImpact\Helpers\RuntimeHelper.cs:line 181
   at BetterGenshinImpact.App..cctor() in E:\Program Files\better-genshin-impact-LCB\BetterGenshinImpact\App.xaml.cs:line 58
  失败 BetterGenshinImpact.UnitTest.GameTaskTests.AutoHoeingTests.MultiplayerCoordinatorWaitForAllPlayersTest.WaitForAllPlayers_CancellationRethrown_ReturnsFalse [1 ms]
  错误消息:
   System.TypeInitializationException : The type initializer for 'BetterGenshinImpact.App' threw an exception.
---- System.InvalidOperationException : 调用线程必须为 STA，因为许多 UI 组件都需要。
  堆栈跟踪:
  
----- Inner Stack Trace -----
   at System.Windows.Input.InputManager..ctor()
   at System.Windows.Input.InputManager.GetCurrentInputManagerImpl()
   at System.Windows.Input.KeyboardNavigation..ctor()
   at System.Windows.FrameworkElement.FrameworkServices..ctor()
   at System.Windows.FrameworkElement.EnsureFrameworkServices()
   at System.Windows.FrameworkElement..ctor()
   at System.Windows.Controls.Control..ctor()
   at System.Windows.Window..ctor()
   at Wpf.Ui.Controls.FluentWindow..ctor()
   at BetterGenshinImpact.View.Windows.ThemedMessageBox..ctor() in E:\Program Files\better-genshin-impact-LCB\BetterGenshinImpact\View\Windows\ThemedMessageBox.xaml.cs:line 35
   at BetterGenshinImpact.View.Windows.ThemedMessageBox.Show(String content, String title, MessageBoxButton button, MessageBoxIcon icon, MessageBoxResult defaultResult, Window owner) in E:\Program Files\better-genshin-impact-LCB\BetterGenshinImpact\View\Windows\ThemedMessageBox.xaml.cs:line 132
   at BetterGenshinImpact.View.Windows.ThemedMessageBox.Warning(String message, String title) in E:\Program Files\better-genshin-impact-LCB\BetterGenshinImpact\View\Windows\ThemedMessageBox.xaml.cs:line 293
   at BetterGenshinImpact.Helpers.RuntimeHelper.CheckIntegration() in E:\Program Files\better-genshin-impact-LCB\BetterGenshinImpact\Helpers\RuntimeHelper.cs:line 159
   at BetterGenshinImpact.Helpers.RuntimeExtension.CheckIntegration(IHostBuilder app) in E:\Program Files\better-genshin-impact-LCB\BetterGenshinImpact\Helpers\RuntimeHelper.cs:line 181
   at BetterGenshinImpact.App..cctor() in E:\Program Files\better-genshin-impact-LCB\BetterGenshinImpact\App.xaml.cs:line 58
  失败 BetterGenshinImpact.UnitTest.GameTaskTests.AutoHoeingTests.AutoHoeingLogicTests.RouteSelector_SelectsRoutesToMeetTargets [< 1 ms]
  错误消息:
   System.TypeInitializationException : The type initializer for 'BetterGenshinImpact.GameTask.AutoHoeing.Services.RouteSelector' threw an exception.
---- System.TypeInitializationException : The type initializer for 'BetterGenshinImpact.App' threw an exception.
-------- System.InvalidOperationException : 调用线程必须为 STA，因为许多 UI 组件都需要。
  堆栈跟踪:
     at BetterGenshinImpact.GameTask.AutoHoeing.Services.RouteSelector.SelectOptimalRoutes(List`1 routes, Double efficiencyIndex, Int32 targetEliteNum, Int32 targetMonsterNum, String sortMode) in E:\Program Files\better-genshin-impact-LCB\BetterGenshinImpact\GameTask\AutoHoeing\Services\RouteSelector.cs:line 23
   at BetterGenshinImpact.UnitTest.GameTaskTests.AutoHoeingTests.AutoHoeingLogicTests.RouteSelector_SelectsRoutesToMeetTargets() in E:\Program Files\better-genshin-impact-LCB\Test\BetterGenshinImpact.UnitTest\GameTaskTests\AutoHoeingTests\AutoHoeingLogicTests.cs:line 278
   at System.RuntimeMethodHandle.InvokeMethod(Object target, Void** arguments, Signature sig, Boolean isConstructor)
   at System.Reflection.MethodBaseInvoker.InvokeWithNoArgs(Object obj, BindingFlags invokeAttr)
----- Inner Stack Trace -----

----- Inner Stack Trace -----
   at System.Windows.Input.InputManager..ctor()
   at System.Windows.Input.InputManager.GetCurrentInputManagerImpl()
   at System.Windows.Input.KeyboardNavigation..ctor()
   at System.Windows.FrameworkElement.FrameworkServices..ctor()
   at System.Windows.FrameworkElement.EnsureFrameworkServices()
   at System.Windows.FrameworkElement..ctor()
   at System.Windows.Controls.Control..ctor()
   at System.Windows.Window..ctor()
   at Wpf.Ui.Controls.FluentWindow..ctor()
   at BetterGenshinImpact.View.Windows.ThemedMessageBox..ctor() in E:\Program Files\better-genshin-impact-LCB\BetterGenshinImpact\View\Windows\ThemedMessageBox.xaml.cs:line 35
   at BetterGenshinImpact.View.Windows.ThemedMessageBox.Show(String content, String title, MessageBoxButton button, MessageBoxIcon icon, MessageBoxResult defaultResult, Window owner) in E:\Program Files\better-genshin-impact-LCB\BetterGenshinImpact\View\Windows\ThemedMessageBox.xaml.cs:line 132
   at BetterGenshinImpact.View.Windows.ThemedMessageBox.Warning(String message, String title) in E:\Program Files\better-genshin-impact-LCB\BetterGenshinImpact\View\Windows\ThemedMessageBox.xaml.cs:line 293
   at BetterGenshinImpact.Helpers.RuntimeHelper.CheckIntegration() in E:\Program Files\better-genshin-impact-LCB\BetterGenshinImpact\Helpers\RuntimeHelper.cs:line 159
   at BetterGenshinImpact.Helpers.RuntimeExtension.CheckIntegration(IHostBuilder app) in E:\Program Files\better-genshin-impact-LCB\BetterGenshinImpact\Helpers\RuntimeHelper.cs:line 181
   at BetterGenshinImpact.App..cctor() in E:\Program Files\better-genshin-impact-LCB\BetterGenshinImpact\App.xaml.cs:line 58
  失败 BetterGenshinImpact.UnitTest.GameTaskTests.AutoHoeingTests.RouteAnchorPullExecutorTests.InvalidTarget_ReportsFailure_AndNeverAborts(target: 20) [1 ms]
  错误消息:
   System.TypeInitializationException : The type initializer for 'BetterGenshinImpact.App' threw an exception.
---- System.InvalidOperationException : 调用线程必须为 STA，因为许多 UI 组件都需要。
  堆栈跟踪:
  
----- Inner Stack Trace -----
   at System.Windows.Input.InputManager..ctor()
   at System.Windows.Input.InputManager.GetCurrentInputManagerImpl()
   at System.Windows.Input.KeyboardNavigation..ctor()
   at System.Windows.FrameworkElement.FrameworkServices..ctor()
   at System.Windows.FrameworkElement.EnsureFrameworkServices()
   at System.Windows.FrameworkElement..ctor()
   at System.Windows.Controls.Control..ctor()
   at System.Windows.Window..ctor()
   at Wpf.Ui.Controls.FluentWindow..ctor()
   at BetterGenshinImpact.View.Windows.ThemedMessageBox..ctor() in E:\Program Files\better-genshin-impact-LCB\BetterGenshinImpact\View\Windows\ThemedMessageBox.xaml.cs:line 35
   at BetterGenshinImpact.View.Windows.ThemedMessageBox.Show(String content, String title, MessageBoxButton button, MessageBoxIcon icon, MessageBoxResult defaultResult, Window owner) in E:\Program Files\better-genshin-impact-LCB\BetterGenshinImpact\View\Windows\ThemedMessageBox.xaml.cs:line 132
   at BetterGenshinImpact.View.Windows.ThemedMessageBox.Warning(String message, String title) in E:\Program Files\better-genshin-impact-LCB\BetterGenshinImpact\View\Windows\ThemedMessageBox.xaml.cs:line 293
   at BetterGenshinImpact.Helpers.RuntimeHelper.CheckIntegration() in E:\Program Files\better-genshin-impact-LCB\BetterGenshinImpact\Helpers\RuntimeHelper.cs:line 159
   at BetterGenshinImpact.Helpers.RuntimeExtension.CheckIntegration(IHostBuilder app) in E:\Program Files\better-genshin-impact-LCB\BetterGenshinImpact\Helpers\RuntimeHelper.cs:line 181
   at BetterGenshinImpact.App..cctor() in E:\Program Files\better-genshin-impact-LCB\BetterGenshinImpact\App.xaml.cs:line 58
  失败 BetterGenshinImpact.UnitTest.GameTaskTests.AutoHoeingTests.RouteAnchorClientTests.CompleteRoundEnd_SendsRoundEndSentinel_AndReturnsReleased [1 ms]
  错误消息:
   System.TypeInitializationException : The type initializer for 'BetterGenshinImpact.App' threw an exception.
---- System.InvalidOperationException : 调用线程必须为 STA，因为许多 UI 组件都需要。
  堆栈跟踪:
     at BetterGenshinImpact.App.GetLogger[T]() in E:\Program Files\better-genshin-impact-LCB\BetterGenshinImpact\App.xaml.cs:line 234
   at BetterGenshinImpact.GameTask.AutoHoeing.Multiplayer.CoordinatorClient..ctor() in E:\Program Files\better-genshin-impact-LCB\BetterGenshinImpact\GameTask\AutoHoeing\Multiplayer\CoordinatorClient.cs:line 31
   at BetterGenshinImpact.UnitTest.GameTaskTests.AutoHoeingTests.MultiplayerCoordinatorWaitForAllPlayersTest..ctor() in E:\Program Files\better-genshin-impact-LCB\Test\BetterGenshinImpact.UnitTest\GameTaskTests\AutoHoeingTests\MultiplayerCoordinatorWaitForAllPlayersTest.cs:line 45
   at System.RuntimeType.CreateInstanceDefaultCtor(Boolean publicOnly, Boolean wrapExceptions)
----- Inner Stack Trace -----
   at System.Windows.Input.InputManager..ctor()
   at System.Windows.Input.InputManager.GetCurrentInputManagerImpl()
   at System.Windows.Input.KeyboardNavigation..ctor()
   at System.Windows.FrameworkElement.FrameworkServices..ctor()
   at System.Windows.FrameworkElement.EnsureFrameworkServices()
   at System.Windows.FrameworkElement..ctor()
   at System.Windows.Controls.Control..ctor()
   at System.Windows.Window..ctor()
   at Wpf.Ui.Controls.FluentWindow..ctor()
   at BetterGenshinImpact.View.Windows.ThemedMessageBox..ctor() in E:\Program Files\better-genshin-impact-LCB\BetterGenshinImpact\View\Windows\ThemedMessageBox.xaml.cs:line 35
   at BetterGenshinImpact.View.Windows.ThemedMessageBox.Show(String content, String title, MessageBoxButton button, MessageBoxIcon icon, MessageBoxResult defaultResult, Window owner) in E:\Program Files\better-genshin-impact-LCB\BetterGenshinImpact\View\Windows\ThemedMessageBox.xaml.cs:line 132
   at BetterGenshinImpact.View.Windows.ThemedMessageBox.Warning(String message, String title) in E:\Program Files\better-genshin-impact-LCB\BetterGenshinImpact\View\Windows\ThemedMessageBox.xaml.cs:line 293
   at BetterGenshinImpact.Helpers.RuntimeHelper.CheckIntegration() in E:\Program Files\better-genshin-impact-LCB\BetterGenshinImpact\Helpers\RuntimeHelper.cs:line 159
   at BetterGenshinImpact.Helpers.RuntimeExtension.CheckIntegration(IHostBuilder app) in E:\Program Files\better-genshin-impact-LCB\BetterGenshinImpact\Helpers\RuntimeHelper.cs:line 181
   at BetterGenshinImpact.App..cctor() in E:\Program Files\better-genshin-impact-LCB\BetterGenshinImpact\App.xaml.cs:line 58
  失败 BetterGenshinImpact.UnitTest.GameTaskTests.AutoHoeingTests.MultiplayerCoordinatorWaitForAllPlayersTest.WaitForAllPlayers_StrictWaitConsumed_ReturnsTrue [1 ms]
  错误消息:
   System.TypeInitializationException : The type initializer for 'BetterGenshinImpact.App' threw an exception.
---- System.InvalidOperationException : 调用线程必须为 STA，因为许多 UI 组件都需要。
  堆栈跟踪:
     at BetterGenshinImpact.App.GetLogger[T]() in E:\Program Files\better-genshin-impact-LCB\BetterGenshinImpact\App.xaml.cs:line 234
   at BetterGenshinImpact.GameTask.AutoHoeing.Multiplayer.CoordinatorClient..ctor() in E:\Program Files\better-genshin-impact-LCB\BetterGenshinImpact\GameTask\AutoHoeing\Multiplayer\CoordinatorClient.cs:line 31
   at BetterGenshinImpact.UnitTest.GameTaskTests.AutoHoeingTests.MultiplayerCoordinatorWaitForAllPlayersTest..ctor() in E:\Program Files\better-genshin-impact-LCB\Test\BetterGenshinImpact.UnitTest\GameTaskTests\AutoHoeingTests\MultiplayerCoordinatorWaitForAllPlayersTest.cs:line 45
   at System.RuntimeType.CreateInstanceDefaultCtor(Boolean publicOnly, Boolean wrapExceptions)
----- Inner Stack Trace -----
   at System.Windows.Input.InputManager..ctor()
   at System.Windows.Input.InputManager.GetCurrentInputManagerImpl()
   at System.Windows.Input.KeyboardNavigation..ctor()
   at System.Windows.FrameworkElement.FrameworkServices..ctor()
   at System.Windows.FrameworkElement.EnsureFrameworkServices()
   at System.Windows.FrameworkElement..ctor()
   at System.Windows.Controls.Control..ctor()
   at System.Windows.Window..ctor()
   at Wpf.Ui.Controls.FluentWindow..ctor()
   at BetterGenshinImpact.View.Windows.ThemedMessageBox..ctor() in E:\Program Files\better-genshin-impact-LCB\BetterGenshinImpact\View\Windows\ThemedMessageBox.xaml.cs:line 35
   at BetterGenshinImpact.View.Windows.ThemedMessageBox.Show(String content, String title, MessageBoxButton button, MessageBoxIcon icon, MessageBoxResult defaultResult, Window owner) in E:\Program Files\better-genshin-impact-LCB\BetterGenshinImpact\View\Windows\ThemedMessageBox.xaml.cs:line 132
   at BetterGenshinImpact.View.Windows.ThemedMessageBox.Warning(String message, String title) in E:\Program Files\better-genshin-impact-LCB\BetterGenshinImpact\View\Windows\ThemedMessageBox.xaml.cs:line 293
   at BetterGenshinImpact.Helpers.RuntimeHelper.CheckIntegration() in E:\Program Files\better-genshin-impact-LCB\BetterGenshinImpact\Helpers\RuntimeHelper.cs:line 159
   at BetterGenshinImpact.Helpers.RuntimeExtension.CheckIntegration(IHostBuilder app) in E:\Program Files\better-genshin-impact-LCB\BetterGenshinImpact\Helpers\RuntimeHelper.cs:line 181
   at BetterGenshinImpact.App..cctor() in E:\Program Files\better-genshin-impact-LCB\BetterGenshinImpact\App.xaml.cs:line 58
  失败 BetterGenshinImpact.UnitTest.GameTaskTests.AutoHoeingTests.PostTeleportRevivalProtectionControlFlowTest.Callback_ProtectionHit_ShortCircuitsTeamSideEffects [1 ms]
  错误消息:
   System.TypeInitializationException : The type initializer for 'BetterGenshinImpact.App' threw an exception.
---- System.InvalidOperationException : 调用线程必须为 STA，因为许多 UI 组件都需要。
  堆栈跟踪:
     at BetterGenshinImpact.App.GetLogger[T]() in E:\Program Files\better-genshin-impact-LCB\BetterGenshinImpact\App.xaml.cs:line 234
   at BetterGenshinImpact.GameTask.AutoHoeing.Multiplayer.CoordinatorClient..ctor() in E:\Program Files\better-genshin-impact-LCB\BetterGenshinImpact\GameTask\AutoHoeing\Multiplayer\CoordinatorClient.cs:line 31
   at BetterGenshinImpact.UnitTest.GameTaskTests.AutoHoeingTests.MultiplayerCoordinatorWaitForAllPlayersTest..ctor() in E:\Program Files\better-genshin-impact-LCB\Test\BetterGenshinImpact.UnitTest\GameTaskTests\AutoHoeingTests\MultiplayerCoordinatorWaitForAllPlayersTest.cs:line 45
   at System.RuntimeType.CreateInstanceDefaultCtor(Boolean publicOnly, Boolean wrapExceptions)
----- Inner Stack Trace -----
   at System.Windows.Input.InputManager..ctor()
   at System.Windows.Input.InputManager.GetCurrentInputManagerImpl()
   at System.Windows.Input.KeyboardNavigation..ctor()
   at System.Windows.FrameworkElement.FrameworkServices..ctor()
   at System.Windows.FrameworkElement.EnsureFrameworkServices()
   at System.Windows.FrameworkElement..ctor()
   at System.Windows.Controls.Control..ctor()
   at System.Windows.Window..ctor()
   at Wpf.Ui.Controls.FluentWindow..ctor()
   at BetterGenshinImpact.View.Windows.ThemedMessageBox..ctor() in E:\Program Files\better-genshin-impact-LCB\BetterGenshinImpact\View\Windows\ThemedMessageBox.xaml.cs:line 35
   at BetterGenshinImpact.View.Windows.ThemedMessageBox.Show(String content, String title, MessageBoxButton button, MessageBoxIcon icon, MessageBoxResult defaultResult, Window owner) in E:\Program Files\better-genshin-impact-LCB\BetterGenshinImpact\View\Windows\ThemedMessageBox.xaml.cs:line 132
   at BetterGenshinImpact.View.Windows.ThemedMessageBox.Warning(String message, String title) in E:\Program Files\better-genshin-impact-LCB\BetterGenshinImpact\View\Windows\ThemedMessageBox.xaml.cs:line 293
   at BetterGenshinImpact.Helpers.RuntimeHelper.CheckIntegration() in E:\Program Files\better-genshin-impact-LCB\BetterGenshinImpact\Helpers\RuntimeHelper.cs:line 159
   at BetterGenshinImpact.Helpers.RuntimeExtension.CheckIntegration(IHostBuilder app) in E:\Program Files\better-genshin-impact-LCB\BetterGenshinImpact\Helpers\RuntimeHelper.cs:line 181
   at BetterGenshinImpact.App..cctor() in E:\Program Files\better-genshin-impact-LCB\BetterGenshinImpact\App.xaml.cs:line 58
  失败 BetterGenshinImpact.UnitTest.GameTaskTests.AutoHoeingTests.RouteAnchorClientTests.CompleteRoundEnd_Disabled_SendsNothing [1 ms]
  错误消息:
   System.TypeInitializationException : The type initializer for 'BetterGenshinImpact.App' threw an exception.
---- System.InvalidOperationException : 调用线程必须为 STA，因为许多 UI 组件都需要。
  堆栈跟踪:
  
----- Inner Stack Trace -----
   at System.Windows.Input.InputManager..ctor()
   at System.Windows.Input.InputManager.GetCurrentInputManagerImpl()
   at System.Windows.Input.KeyboardNavigation..ctor()
   at System.Windows.FrameworkElement.FrameworkServices..ctor()
   at System.Windows.FrameworkElement.EnsureFrameworkServices()
   at System.Windows.FrameworkElement..ctor()
   at System.Windows.Controls.Control..ctor()
   at System.Windows.Window..ctor()
   at Wpf.Ui.Controls.FluentWindow..ctor()
   at BetterGenshinImpact.View.Windows.ThemedMessageBox..ctor() in E:\Program Files\better-genshin-impact-LCB\BetterGenshinImpact\View\Windows\ThemedMessageBox.xaml.cs:line 35
   at BetterGenshinImpact.View.Windows.ThemedMessageBox.Show(String content, String title, MessageBoxButton button, MessageBoxIcon icon, MessageBoxResult defaultResult, Window owner) in E:\Program Files\better-genshin-impact-LCB\BetterGenshinImpact\View\Windows\ThemedMessageBox.xaml.cs:line 132
   at BetterGenshinImpact.View.Windows.ThemedMessageBox.Warning(String message, String title) in E:\Program Files\better-genshin-impact-LCB\BetterGenshinImpact\View\Windows\ThemedMessageBox.xaml.cs:line 293
   at BetterGenshinImpact.Helpers.RuntimeHelper.CheckIntegration() in E:\Program Files\better-genshin-impact-LCB\BetterGenshinImpact\Helpers\RuntimeHelper.cs:line 159
   at BetterGenshinImpact.Helpers.RuntimeExtension.CheckIntegration(IHostBuilder app) in E:\Program Files\better-genshin-impact-LCB\BetterGenshinImpact\Helpers\RuntimeHelper.cs:line 181
   at BetterGenshinImpact.App..cctor() in E:\Program Files\better-genshin-impact-LCB\BetterGenshinImpact\App.xaml.cs:line 58
  失败 BetterGenshinImpact.UnitTest.GameTaskTests.AutoHoeingTests.GatewayEnvelopeDispatchTests.DispatchEvt_StringPayloadEvents [< 1 ms]
  错误消息:
   System.TypeInitializationException : The type initializer for 'BetterGenshinImpact.App' threw an exception.
---- System.InvalidOperationException : 调用线程必须为 STA，因为许多 UI 组件都需要。
  堆栈跟踪:
     at BetterGenshinImpact.App.GetLogger[T]() in E:\Program Files\better-genshin-impact-LCB\BetterGenshinImpact\App.xaml.cs:line 234
   at BetterGenshinImpact.GameTask.AutoHoeing.Multiplayer.CoordinatorClient..ctor() in E:\Program Files\better-genshin-impact-LCB\BetterGenshinImpact\GameTask\AutoHoeing\Multiplayer\CoordinatorClient.cs:line 31
   at BetterGenshinImpact.UnitTest.GameTaskTests.AutoHoeingTests.MultiplayerCoordinatorWaitForAllPlayersTest..ctor() in E:\Program Files\better-genshin-impact-LCB\Test\BetterGenshinImpact.UnitTest\GameTaskTests\AutoHoeingTests\MultiplayerCoordinatorWaitForAllPlayersTest.cs:line 45
   at System.RuntimeType.CreateInstanceDefaultCtor(Boolean publicOnly, Boolean wrapExceptions)
----- Inner Stack Trace -----
   at System.Windows.Input.InputManager..ctor()
   at System.Windows.Input.InputManager.GetCurrentInputManagerImpl()
   at System.Windows.Input.KeyboardNavigation..ctor()
   at System.Windows.FrameworkElement.FrameworkServices..ctor()
   at System.Windows.FrameworkElement.EnsureFrameworkServices()
   at System.Windows.FrameworkElement..ctor()
   at System.Windows.Controls.Control..ctor()
   at System.Windows.Window..ctor()
   at Wpf.Ui.Controls.FluentWindow..ctor()
   at BetterGenshinImpact.View.Windows.ThemedMessageBox..ctor() in E:\Program Files\better-genshin-impact-LCB\BetterGenshinImpact\View\Windows\ThemedMessageBox.xaml.cs:line 35
   at BetterGenshinImpact.View.Windows.ThemedMessageBox.Show(String content, String title, MessageBoxButton button, MessageBoxIcon icon, MessageBoxResult defaultResult, Window owner) in E:\Program Files\better-genshin-impact-LCB\BetterGenshinImpact\View\Windows\ThemedMessageBox.xaml.cs:line 132
   at BetterGenshinImpact.View.Windows.ThemedMessageBox.Warning(String message, String title) in E:\Program Files\better-genshin-impact-LCB\BetterGenshinImpact\View\Windows\ThemedMessageBox.xaml.cs:line 293
   at BetterGenshinImpact.Helpers.RuntimeHelper.CheckIntegration() in E:\Program Files\better-genshin-impact-LCB\BetterGenshinImpact\Helpers\RuntimeHelper.cs:line 159
   at BetterGenshinImpact.Helpers.RuntimeExtension.CheckIntegration(IHostBuilder app) in E:\Program Files\better-genshin-impact-LCB\BetterGenshinImpact\Helpers\RuntimeHelper.cs:line 181
   at BetterGenshinImpact.App..cctor() in E:\Program Files\better-genshin-impact-LCB\BetterGenshinImpact\App.xaml.cs:line 58
  失败 BetterGenshinImpact.UnitTest.GameTaskTests.AutoHoeingTests.MultiplayerCoordinatorWaitForAllPlayersTest.WaitForAllPlayers_ClientNotConnected_ReturnsFalse [1 ms]
  错误消息:
   System.TypeInitializationException : The type initializer for 'BetterGenshinImpact.App' threw an exception.
---- System.InvalidOperationException : 调用线程必须为 STA，因为许多 UI 组件都需要。
  堆栈跟踪:
  
----- Inner Stack Trace -----
   at System.Windows.Input.InputManager..ctor()
   at System.Windows.Input.InputManager.GetCurrentInputManagerImpl()
   at System.Windows.Input.KeyboardNavigation..ctor()
   at System.Windows.FrameworkElement.FrameworkServices..ctor()
   at System.Windows.FrameworkElement.EnsureFrameworkServices()
   at System.Windows.FrameworkElement..ctor()
   at System.Windows.Controls.Control..ctor()
   at System.Windows.Window..ctor()
   at Wpf.Ui.Controls.FluentWindow..ctor()
   at BetterGenshinImpact.View.Windows.ThemedMessageBox..ctor() in E:\Program Files\better-genshin-impact-LCB\BetterGenshinImpact\View\Windows\ThemedMessageBox.xaml.cs:line 35
   at BetterGenshinImpact.View.Windows.ThemedMessageBox.Show(String content, String title, MessageBoxButton button, MessageBoxIcon icon, MessageBoxResult defaultResult, Window owner) in E:\Program Files\better-genshin-impact-LCB\BetterGenshinImpact\View\Windows\ThemedMessageBox.xaml.cs:line 132
   at BetterGenshinImpact.View.Windows.ThemedMessageBox.Warning(String message, String title) in E:\Program Files\better-genshin-impact-LCB\BetterGenshinImpact\View\Windows\ThemedMessageBox.xaml.cs:line 293
   at BetterGenshinImpact.Helpers.RuntimeHelper.CheckIntegration() in E:\Program Files\better-genshin-impact-LCB\BetterGenshinImpact\Helpers\RuntimeHelper.cs:line 159
   at BetterGenshinImpact.Helpers.RuntimeExtension.CheckIntegration(IHostBuilder app) in E:\Program Files\better-genshin-impact-LCB\BetterGenshinImpact\Helpers\RuntimeHelper.cs:line 181
   at BetterGenshinImpact.App..cctor() in E:\Program Files\better-genshin-impact-LCB\BetterGenshinImpact\App.xaml.cs:line 58
  失败 BetterGenshinImpact.UnitTest.GameTaskTests.AutoHoeingTests.RouteAnchorPullExecutorTests.InvalidTarget_ReportsFailure_AndNeverAborts(target: 5) [1 ms]
  错误消息:
   System.TypeInitializationException : The type initializer for 'BetterGenshinImpact.App' threw an exception.
---- System.InvalidOperationException : 调用线程必须为 STA，因为许多 UI 组件都需要。
  堆栈跟踪:
     at BetterGenshinImpact.App.GetLogger[T]() in E:\Program Files\better-genshin-impact-LCB\BetterGenshinImpact\App.xaml.cs:line 234
   at BetterGenshinImpact.GameTask.AutoHoeing.Multiplayer.CoordinatorClient..ctor() in E:\Program Files\better-genshin-impact-LCB\BetterGenshinImpact\GameTask\AutoHoeing\Multiplayer\CoordinatorClient.cs:line 31
   at BetterGenshinImpact.UnitTest.GameTaskTests.AutoHoeingTests.MultiplayerCoordinatorWaitForAllPlayersTest..ctor() in E:\Program Files\better-genshin-impact-LCB\Test\BetterGenshinImpact.UnitTest\GameTaskTests\AutoHoeingTests\MultiplayerCoordinatorWaitForAllPlayersTest.cs:line 45
   at System.RuntimeType.CreateInstanceDefaultCtor(Boolean publicOnly, Boolean wrapExceptions)
----- Inner Stack Trace -----
   at System.Windows.Input.InputManager..ctor()
   at System.Windows.Input.InputManager.GetCurrentInputManagerImpl()
   at System.Windows.Input.KeyboardNavigation..ctor()
   at System.Windows.FrameworkElement.FrameworkServices..ctor()
   at System.Windows.FrameworkElement.EnsureFrameworkServices()
   at System.Windows.FrameworkElement..ctor()
   at System.Windows.Controls.Control..ctor()
   at System.Windows.Window..ctor()
   at Wpf.Ui.Controls.FluentWindow..ctor()
   at BetterGenshinImpact.View.Windows.ThemedMessageBox..ctor() in E:\Program Files\better-genshin-impact-LCB\BetterGenshinImpact\View\Windows\ThemedMessageBox.xaml.cs:line 35
   at BetterGenshinImpact.View.Windows.ThemedMessageBox.Show(String content, String title, MessageBoxButton button, MessageBoxIcon icon, MessageBoxResult defaultResult, Window owner) in E:\Program Files\better-genshin-impact-LCB\BetterGenshinImpact\View\Windows\ThemedMessageBox.xaml.cs:line 132
   at BetterGenshinImpact.View.Windows.ThemedMessageBox.Warning(String message, String title) in E:\Program Files\better-genshin-impact-LCB\BetterGenshinImpact\View\Windows\ThemedMessageBox.xaml.cs:line 293
   at BetterGenshinImpact.Helpers.RuntimeHelper.CheckIntegration() in E:\Program Files\better-genshin-impact-LCB\BetterGenshinImpact\Helpers\RuntimeHelper.cs:line 159
   at BetterGenshinImpact.Helpers.RuntimeExtension.CheckIntegration(IHostBuilder app) in E:\Program Files\better-genshin-impact-LCB\BetterGenshinImpact\Helpers\RuntimeHelper.cs:line 181
   at BetterGenshinImpact.App..cctor() in E:\Program Files\better-genshin-impact-LCB\BetterGenshinImpact\App.xaml.cs:line 58
  失败 BetterGenshinImpact.UnitTest.GameTaskTests.AutoHoeingTests.RouteAnchorClientTests.Pull_Disabled_IsIgnored [1 ms]
  错误消息:
   System.TypeInitializationException : The type initializer for 'BetterGenshinImpact.App' threw an exception.
---- System.InvalidOperationException : 调用线程必须为 STA，因为许多 UI 组件都需要。
  堆栈跟踪:
     at BetterGenshinImpact.App.GetLogger[T]() in E:\Program Files\better-genshin-impact-LCB\BetterGenshinImpact\App.xaml.cs:line 234
   at BetterGenshinImpact.GameTask.AutoHoeing.Multiplayer.CoordinatorClient..ctor() in E:\Program Files\better-genshin-impact-LCB\BetterGenshinImpact\GameTask\AutoHoeing\Multiplayer\CoordinatorClient.cs:line 31
   at BetterGenshinImpact.UnitTest.GameTaskTests.AutoHoeingTests.RouteAnchorClientTests..ctor() in E:\Program Files\better-genshin-impact-LCB\Test\BetterGenshinImpact.UnitTest\GameTaskTests\AutoHoeingTests\RouteAnchorClientTests.cs:line 35
   at System.RuntimeType.CreateInstanceDefaultCtor(Boolean publicOnly, Boolean wrapExceptions)
----- Inner Stack Trace -----
   at System.Windows.Input.InputManager..ctor()
   at System.Windows.Input.InputManager.GetCurrentInputManagerImpl()
   at System.Windows.Input.KeyboardNavigation..ctor()
   at System.Windows.FrameworkElement.FrameworkServices..ctor()
   at System.Windows.FrameworkElement.EnsureFrameworkServices()
   at System.Windows.FrameworkElement..ctor()
   at System.Windows.Controls.Control..ctor()
   at System.Windows.Window..ctor()
   at Wpf.Ui.Controls.FluentWindow..ctor()
   at BetterGenshinImpact.View.Windows.ThemedMessageBox..ctor() in E:\Program Files\better-genshin-impact-LCB\BetterGenshinImpact\View\Windows\ThemedMessageBox.xaml.cs:line 35
   at BetterGenshinImpact.View.Windows.ThemedMessageBox.Show(String content, String title, MessageBoxButton button, MessageBoxIcon icon, MessageBoxResult defaultResult, Window owner) in E:\Program Files\better-genshin-impact-LCB\BetterGenshinImpact\View\Windows\ThemedMessageBox.xaml.cs:line 132
   at BetterGenshinImpact.View.Windows.ThemedMessageBox.Warning(String message, String title) in E:\Program Files\better-genshin-impact-LCB\BetterGenshinImpact\View\Windows\ThemedMessageBox.xaml.cs:line 293
   at BetterGenshinImpact.Helpers.RuntimeHelper.CheckIntegration() in E:\Program Files\better-genshin-impact-LCB\BetterGenshinImpact\Helpers\RuntimeHelper.cs:line 159
   at BetterGenshinImpact.Helpers.RuntimeExtension.CheckIntegration(IHostBuilder app) in E:\Program Files\better-genshin-impact-LCB\BetterGenshinImpact\Helpers\RuntimeHelper.cs:line 181
   at BetterGenshinImpact.App..cctor() in E:\Program Files\better-genshin-impact-LCB\BetterGenshinImpact\App.xaml.cs:line 58
  失败 BetterGenshinImpact.UnitTest.GameTaskTests.AutoHoeingTests.PostTeleportRevivalProtectionControlFlowTest.IsHit_Inactive_NoProtectionSegment_ReturnsFalse [1 ms]
  错误消息:
   System.TypeInitializationException : The type initializer for 'BetterGenshinImpact.App' threw an exception.
---- System.InvalidOperationException : 调用线程必须为 STA，因为许多 UI 组件都需要。
  堆栈跟踪:
     at BetterGenshinImpact.App.GetLogger[T]() in E:\Program Files\better-genshin-impact-LCB\BetterGenshinImpact\App.xaml.cs:line 234
   at BetterGenshinImpact.GameTask.AutoHoeing.Multiplayer.CoordinatorClient..ctor() in E:\Program Files\better-genshin-impact-LCB\BetterGenshinImpact\GameTask\AutoHoeing\Multiplayer\CoordinatorClient.cs:line 31
   at BetterGenshinImpact.UnitTest.GameTaskTests.AutoHoeingTests.RouteAnchorClientTests..ctor() in E:\Program Files\better-genshin-impact-LCB\Test\BetterGenshinImpact.UnitTest\GameTaskTests\AutoHoeingTests\RouteAnchorClientTests.cs:line 35
   at System.RuntimeType.CreateInstanceDefaultCtor(Boolean publicOnly, Boolean wrapExceptions)
----- Inner Stack Trace -----
   at System.Windows.Input.InputManager..ctor()
   at System.Windows.Input.InputManager.GetCurrentInputManagerImpl()
   at System.Windows.Input.KeyboardNavigation..ctor()
   at System.Windows.FrameworkElement.FrameworkServices..ctor()
   at System.Windows.FrameworkElement.EnsureFrameworkServices()
   at System.Windows.FrameworkElement..ctor()
   at System.Windows.Controls.Control..ctor()
   at System.Windows.Window..ctor()
   at Wpf.Ui.Controls.FluentWindow..ctor()
   at BetterGenshinImpact.View.Windows.ThemedMessageBox..ctor() in E:\Program Files\better-genshin-impact-LCB\BetterGenshinImpact\View\Windows\ThemedMessageBox.xaml.cs:line 35
   at BetterGenshinImpact.View.Windows.ThemedMessageBox.Show(String content, String title, MessageBoxButton button, MessageBoxIcon icon, MessageBoxResult defaultResult, Window owner) in E:\Program Files\better-genshin-impact-LCB\BetterGenshinImpact\View\Windows\ThemedMessageBox.xaml.cs:line 132
   at BetterGenshinImpact.View.Windows.ThemedMessageBox.Warning(String message, String title) in E:\Program Files\better-genshin-impact-LCB\BetterGenshinImpact\View\Windows\ThemedMessageBox.xaml.cs:line 293
   at BetterGenshinImpact.Helpers.RuntimeHelper.CheckIntegration() in E:\Program Files\better-genshin-impact-LCB\BetterGenshinImpact\Helpers\RuntimeHelper.cs:line 159
   at BetterGenshinImpact.Helpers.RuntimeExtension.CheckIntegration(IHostBuilder app) in E:\Program Files\better-genshin-impact-LCB\BetterGenshinImpact\Helpers\RuntimeHelper.cs:line 181
   at BetterGenshinImpact.App..cctor() in E:\Program Files\better-genshin-impact-LCB\BetterGenshinImpact\App.xaml.cs:line 58
  失败 BetterGenshinImpact.UnitTest.GameTaskTests.AutoHoeingTests.CooperativeRerunCommunicationTests.FinishClosesFromFinishing [< 1 ms]
  错误消息:
   System.TypeInitializationException : The type initializer for 'BetterGenshinImpact.App' threw an exception.
---- System.InvalidOperationException : 调用线程必须为 STA，因为许多 UI 组件都需要。
  堆栈跟踪:
     at BetterGenshinImpact.App.GetLogger[T]() in E:\Program Files\better-genshin-impact-LCB\BetterGenshinImpact\App.xaml.cs:line 234
   at BetterGenshinImpact.GameTask.AutoHoeing.Multiplayer.CoordinatorClient..ctor() in E:\Program Files\better-genshin-impact-LCB\BetterGenshinImpact\GameTask\AutoHoeing\Multiplayer\CoordinatorClient.cs:line 31
   at BetterGenshinImpact.UnitTest.GameTaskTests.AutoHoeingTests.RouteAnchorClientTests..ctor() in E:\Program Files\better-genshin-impact-LCB\Test\BetterGenshinImpact.UnitTest\GameTaskTests\AutoHoeingTests\RouteAnchorClientTests.cs:line 35
   at System.RuntimeType.CreateInstanceDefaultCtor(Boolean publicOnly, Boolean wrapExceptions)
----- Inner Stack Trace -----
   at System.Windows.Input.InputManager..ctor()
   at System.Windows.Input.InputManager.GetCurrentInputManagerImpl()
   at System.Windows.Input.KeyboardNavigation..ctor()
   at System.Windows.FrameworkElement.FrameworkServices..ctor()
   at System.Windows.FrameworkElement.EnsureFrameworkServices()
   at System.Windows.FrameworkElement..ctor()
   at System.Windows.Controls.Control..ctor()
   at System.Windows.Window..ctor()
   at Wpf.Ui.Controls.FluentWindow..ctor()
   at BetterGenshinImpact.View.Windows.ThemedMessageBox..ctor() in E:\Program Files\better-genshin-impact-LCB\BetterGenshinImpact\View\Windows\ThemedMessageBox.xaml.cs:line 35
   at BetterGenshinImpact.View.Windows.ThemedMessageBox.Show(String content, String title, MessageBoxButton button, MessageBoxIcon icon, MessageBoxResult defaultResult, Window owner) in E:\Program Files\better-genshin-impact-LCB\BetterGenshinImpact\View\Windows\ThemedMessageBox.xaml.cs:line 132
   at BetterGenshinImpact.View.Windows.ThemedMessageBox.Warning(String message, String title) in E:\Program Files\better-genshin-impact-LCB\BetterGenshinImpact\View\Windows\ThemedMessageBox.xaml.cs:line 293
   at BetterGenshinImpact.Helpers.RuntimeHelper.CheckIntegration() in E:\Program Files\better-genshin-impact-LCB\BetterGenshinImpact\Helpers\RuntimeHelper.cs:line 159
   at BetterGenshinImpact.Helpers.RuntimeExtension.CheckIntegration(IHostBuilder app) in E:\Program Files\better-genshin-impact-LCB\BetterGenshinImpact\Helpers\RuntimeHelper.cs:line 181
   at BetterGenshinImpact.App..cctor() in E:\Program Files\better-genshin-impact-LCB\BetterGenshinImpact\App.xaml.cs:line 58
  失败 BetterGenshinImpact.UnitTest.GameTaskTests.AutoHoeingTests.RouteAnchorClientTests.CompleteBoundary_ReportRejectedAndNotReported_FailsAsBefore [1 ms]
  错误消息:
   System.TypeInitializationException : The type initializer for 'BetterGenshinImpact.App' threw an exception.
---- System.InvalidOperationException : 调用线程必须为 STA，因为许多 UI 组件都需要。
  堆栈跟踪:
     at BetterGenshinImpact.App.GetLogger[T]() in E:\Program Files\better-genshin-impact-LCB\BetterGenshinImpact\App.xaml.cs:line 234
   at BetterGenshinImpact.GameTask.AutoHoeing.Multiplayer.CoordinatorClient..ctor() in E:\Program Files\better-genshin-impact-LCB\BetterGenshinImpact\GameTask\AutoHoeing\Multiplayer\CoordinatorClient.cs:line 31
   at BetterGenshinImpact.UnitTest.GameTaskTests.AutoHoeingTests.RouteAnchorClientTests..ctor() in E:\Program Files\better-genshin-impact-LCB\Test\BetterGenshinImpact.UnitTest\GameTaskTests\AutoHoeingTests\RouteAnchorClientTests.cs:line 35
   at System.RuntimeType.CreateInstanceDefaultCtor(Boolean publicOnly, Boolean wrapExceptions)
----- Inner Stack Trace -----
   at System.Windows.Input.InputManager..ctor()
   at System.Windows.Input.InputManager.GetCurrentInputManagerImpl()
   at System.Windows.Input.KeyboardNavigation..ctor()
   at System.Windows.FrameworkElement.FrameworkServices..ctor()
   at System.Windows.FrameworkElement.EnsureFrameworkServices()
   at System.Windows.FrameworkElement..ctor()
   at System.Windows.Controls.Control..ctor()
   at System.Windows.Window..ctor()
   at Wpf.Ui.Controls.FluentWindow..ctor()
   at BetterGenshinImpact.View.Windows.ThemedMessageBox..ctor() in E:\Program Files\better-genshin-impact-LCB\BetterGenshinImpact\View\Windows\ThemedMessageBox.xaml.cs:line 35
   at BetterGenshinImpact.View.Windows.ThemedMessageBox.Show(String content, String title, MessageBoxButton button, MessageBoxIcon icon, MessageBoxResult defaultResult, Window owner) in E:\Program Files\better-genshin-impact-LCB\BetterGenshinImpact\View\Windows\ThemedMessageBox.xaml.cs:line 132
   at BetterGenshinImpact.View.Windows.ThemedMessageBox.Warning(String message, String title) in E:\Program Files\better-genshin-impact-LCB\BetterGenshinImpact\View\Windows\ThemedMessageBox.xaml.cs:line 293
   at BetterGenshinImpact.Helpers.RuntimeHelper.CheckIntegration() in E:\Program Files\better-genshin-impact-LCB\BetterGenshinImpact\Helpers\RuntimeHelper.cs:line 159
   at BetterGenshinImpact.Helpers.RuntimeExtension.CheckIntegration(IHostBuilder app) in E:\Program Files\better-genshin-impact-LCB\BetterGenshinImpact\Helpers\RuntimeHelper.cs:line 181
   at BetterGenshinImpact.App..cctor() in E:\Program Files\better-genshin-impact-LCB\BetterGenshinImpact\App.xaml.cs:line 58
  失败 BetterGenshinImpact.UnitTest.GameTaskTests.AutoHoeingTests.RouteAnchorPullExecutorTests.InvalidTarget_ReportsFailure_AndNeverAborts(target: 3) [1 ms]
  错误消息:
   System.TypeInitializationException : The type initializer for 'BetterGenshinImpact.App' threw an exception.
---- System.InvalidOperationException : 调用线程必须为 STA，因为许多 UI 组件都需要。
  堆栈跟踪:
     at BetterGenshinImpact.App.GetLogger[T]() in E:\Program Files\better-genshin-impact-LCB\BetterGenshinImpact\App.xaml.cs:line 234
   at BetterGenshinImpact.GameTask.AutoHoeing.Multiplayer.CoordinatorClient..ctor() in E:\Program Files\better-genshin-impact-LCB\BetterGenshinImpact\GameTask\AutoHoeing\Multiplayer\CoordinatorClient.cs:line 31
   at BetterGenshinImpact.UnitTest.GameTaskTests.AutoHoeingTests.RouteAnchorClientTests..ctor() in E:\Program Files\better-genshin-impact-LCB\Test\BetterGenshinImpact.UnitTest\GameTaskTests\AutoHoeingTests\RouteAnchorClientTests.cs:line 35
   at System.RuntimeType.CreateInstanceDefaultCtor(Boolean publicOnly, Boolean wrapExceptions)
----- Inner Stack Trace -----
   at System.Windows.Input.InputManager..ctor()
   at System.Windows.Input.InputManager.GetCurrentInputManagerImpl()
   at System.Windows.Input.KeyboardNavigation..ctor()
   at System.Windows.FrameworkElement.FrameworkServices..ctor()
   at System.Windows.FrameworkElement.EnsureFrameworkServices()
   at System.Windows.FrameworkElement..ctor()
   at System.Windows.Controls.Control..ctor()
   at System.Windows.Window..ctor()
   at Wpf.Ui.Controls.FluentWindow..ctor()
   at BetterGenshinImpact.View.Windows.ThemedMessageBox..ctor() in E:\Program Files\better-genshin-impact-LCB\BetterGenshinImpact\View\Windows\ThemedMessageBox.xaml.cs:line 35
   at BetterGenshinImpact.View.Windows.ThemedMessageBox.Show(String content, String title, MessageBoxButton button, MessageBoxIcon icon, MessageBoxResult defaultResult, Window owner) in E:\Program Files\better-genshin-impact-LCB\BetterGenshinImpact\View\Windows\ThemedMessageBox.xaml.cs:line 132
   at BetterGenshinImpact.View.Windows.ThemedMessageBox.Warning(String message, String title) in E:\Program Files\better-genshin-impact-LCB\BetterGenshinImpact\View\Windows\ThemedMessageBox.xaml.cs:line 293
   at BetterGenshinImpact.Helpers.RuntimeHelper.CheckIntegration() in E:\Program Files\better-genshin-impact-LCB\BetterGenshinImpact\Helpers\RuntimeHelper.cs:line 159
   at BetterGenshinImpact.Helpers.RuntimeExtension.CheckIntegration(IHostBuilder app) in E:\Program Files\better-genshin-impact-LCB\BetterGenshinImpact\Helpers\RuntimeHelper.cs:line 181
   at BetterGenshinImpact.App..cctor() in E:\Program Files\better-genshin-impact-LCB\BetterGenshinImpact\App.xaml.cs:line 58
  失败 BetterGenshinImpact.UnitTest.GameTaskTests.AutoHoeingTests.RouteAnchorClientTests.Enroll_EmptyPlanId_IsNotSent [1 ms]
  错误消息:
   System.TypeInitializationException : The type initializer for 'BetterGenshinImpact.App' threw an exception.
---- System.InvalidOperationException : 调用线程必须为 STA，因为许多 UI 组件都需要。
  堆栈跟踪:
  
----- Inner Stack Trace -----
   at System.Windows.Input.InputManager..ctor()
   at System.Windows.Input.InputManager.GetCurrentInputManagerImpl()
   at System.Windows.Input.KeyboardNavigation..ctor()
   at System.Windows.FrameworkElement.FrameworkServices..ctor()
   at System.Windows.FrameworkElement.EnsureFrameworkServices()
   at System.Windows.FrameworkElement..ctor()
   at System.Windows.Controls.Control..ctor()
   at System.Windows.Window..ctor()
   at Wpf.Ui.Controls.FluentWindow..ctor()
   at BetterGenshinImpact.View.Windows.ThemedMessageBox..ctor() in E:\Program Files\better-genshin-impact-LCB\BetterGenshinImpact\View\Windows\ThemedMessageBox.xaml.cs:line 35
   at BetterGenshinImpact.View.Windows.ThemedMessageBox.Show(String content, String title, MessageBoxButton button, MessageBoxIcon icon, MessageBoxResult defaultResult, Window owner) in E:\Program Files\better-genshin-impact-LCB\BetterGenshinImpact\View\Windows\ThemedMessageBox.xaml.cs:line 132
   at BetterGenshinImpact.View.Windows.ThemedMessageBox.Warning(String message, String title) in E:\Program Files\better-genshin-impact-LCB\BetterGenshinImpact\View\Windows\ThemedMessageBox.xaml.cs:line 293
   at BetterGenshinImpact.Helpers.RuntimeHelper.CheckIntegration() in E:\Program Files\better-genshin-impact-LCB\BetterGenshinImpact\Helpers\RuntimeHelper.cs:line 159
   at BetterGenshinImpact.Helpers.RuntimeExtension.CheckIntegration(IHostBuilder app) in E:\Program Files\better-genshin-impact-LCB\BetterGenshinImpact\Helpers\RuntimeHelper.cs:line 181
   at BetterGenshinImpact.App..cctor() in E:\Program Files\better-genshin-impact-LCB\BetterGenshinImpact\App.xaml.cs:line 58
  失败 BetterGenshinImpact.UnitTest.GameTaskTests.AutoHoeingTests.PostTeleportRevivalProtectionControlFlowTest.SingleVsMultiplayer_SingleModeProtectionNeverEngages [1 ms]
  错误消息:
   System.TypeInitializationException : The type initializer for 'BetterGenshinImpact.App' threw an exception.
---- System.InvalidOperationException : 调用线程必须为 STA，因为许多 UI 组件都需要。
  堆栈跟踪:
     at BetterGenshinImpact.App.GetLogger[T]() in E:\Program Files\better-genshin-impact-LCB\BetterGenshinImpact\App.xaml.cs:line 234
   at BetterGenshinImpact.GameTask.AutoHoeing.Multiplayer.CoordinatorClient..ctor() in E:\Program Files\better-genshin-impact-LCB\BetterGenshinImpact\GameTask\AutoHoeing\Multiplayer\CoordinatorClient.cs:line 31
   at BetterGenshinImpact.UnitTest.GameTaskTests.AutoHoeingTests.RouteAnchorClientTests..ctor() in E:\Program Files\better-genshin-impact-LCB\Test\BetterGenshinImpact.UnitTest\GameTaskTests\AutoHoeingTests\RouteAnchorClientTests.cs:line 35
   at System.RuntimeType.CreateInstanceDefaultCtor(Boolean publicOnly, Boolean wrapExceptions)
----- Inner Stack Trace -----
   at System.Windows.Input.InputManager..ctor()
   at System.Windows.Input.InputManager.GetCurrentInputManagerImpl()
   at System.Windows.Input.KeyboardNavigation..ctor()
   at System.Windows.FrameworkElement.FrameworkServices..ctor()
   at System.Windows.FrameworkElement.EnsureFrameworkServices()
   at System.Windows.FrameworkElement..ctor()
   at System.Windows.Controls.Control..ctor()
   at System.Windows.Window..ctor()
   at Wpf.Ui.Controls.FluentWindow..ctor()
   at BetterGenshinImpact.View.Windows.ThemedMessageBox..ctor() in E:\Program Files\better-genshin-impact-LCB\BetterGenshinImpact\View\Windows\ThemedMessageBox.xaml.cs:line 35
   at BetterGenshinImpact.View.Windows.ThemedMessageBox.Show(String content, String title, MessageBoxButton button, MessageBoxIcon icon, MessageBoxResult defaultResult, Window owner) in E:\Program Files\better-genshin-impact-LCB\BetterGenshinImpact\View\Windows\ThemedMessageBox.xaml.cs:line 132
   at BetterGenshinImpact.View.Windows.ThemedMessageBox.Warning(String message, String title) in E:\Program Files\better-genshin-impact-LCB\BetterGenshinImpact\View\Windows\ThemedMessageBox.xaml.cs:line 293
   at BetterGenshinImpact.Helpers.RuntimeHelper.CheckIntegration() in E:\Program Files\better-genshin-impact-LCB\BetterGenshinImpact\Helpers\RuntimeHelper.cs:line 159
   at BetterGenshinImpact.Helpers.RuntimeExtension.CheckIntegration(IHostBuilder app) in E:\Program Files\better-genshin-impact-LCB\BetterGenshinImpact\Helpers\RuntimeHelper.cs:line 181
   at BetterGenshinImpact.App..cctor() in E:\Program Files\better-genshin-impact-LCB\BetterGenshinImpact\App.xaml.cs:line 58
  失败 BetterGenshinImpact.UnitTest.GameTaskTests.AutoHoeingTests.RouteAnchorClientTests.Hello_DeclaresRouteAnchorCapability [1 ms]
  错误消息:
   System.TypeInitializationException : The type initializer for 'BetterGenshinImpact.App' threw an exception.
---- System.InvalidOperationException : 调用线程必须为 STA，因为许多 UI 组件都需要。
  堆栈跟踪:
     at BetterGenshinImpact.App.GetLogger[T]() in E:\Program Files\better-genshin-impact-LCB\BetterGenshinImpact\App.xaml.cs:line 234
   at BetterGenshinImpact.GameTask.AutoHoeing.Multiplayer.CoordinatorClient..ctor() in E:\Program Files\better-genshin-impact-LCB\BetterGenshinImpact\GameTask\AutoHoeing\Multiplayer\CoordinatorClient.cs:line 31
   at BetterGenshinImpact.UnitTest.GameTaskTests.AutoHoeingTests.RouteAnchorClientTests..ctor() in E:\Program Files\better-genshin-impact-LCB\Test\BetterGenshinImpact.UnitTest\GameTaskTests\AutoHoeingTests\RouteAnchorClientTests.cs:line 35
   at System.RuntimeType.CreateInstanceDefaultCtor(Boolean publicOnly, Boolean wrapExceptions)
----- Inner Stack Trace -----
   at System.Windows.Input.InputManager..ctor()
   at System.Windows.Input.InputManager.GetCurrentInputManagerImpl()
   at System.Windows.Input.KeyboardNavigation..ctor()
   at System.Windows.FrameworkElement.FrameworkServices..ctor()
   at System.Windows.FrameworkElement.EnsureFrameworkServices()
   at System.Windows.FrameworkElement..ctor()
   at System.Windows.Controls.Control..ctor()
   at System.Windows.Window..ctor()
   at Wpf.Ui.Controls.FluentWindow..ctor()
   at BetterGenshinImpact.View.Windows.ThemedMessageBox..ctor() in E:\Program Files\better-genshin-impact-LCB\BetterGenshinImpact\View\Windows\ThemedMessageBox.xaml.cs:line 35
   at BetterGenshinImpact.View.Windows.ThemedMessageBox.Show(String content, String title, MessageBoxButton button, MessageBoxIcon icon, MessageBoxResult defaultResult, Window owner) in E:\Program Files\better-genshin-impact-LCB\BetterGenshinImpact\View\Windows\ThemedMessageBox.xaml.cs:line 132
   at BetterGenshinImpact.View.Windows.ThemedMessageBox.Warning(String message, String title) in E:\Program Files\better-genshin-impact-LCB\BetterGenshinImpact\View\Windows\ThemedMessageBox.xaml.cs:line 293
   at BetterGenshinImpact.Helpers.RuntimeHelper.CheckIntegration() in E:\Program Files\better-genshin-impact-LCB\BetterGenshinImpact\Helpers\RuntimeHelper.cs:line 159
   at BetterGenshinImpact.Helpers.RuntimeExtension.CheckIntegration(IHostBuilder app) in E:\Program Files\better-genshin-impact-LCB\BetterGenshinImpact\Helpers\RuntimeHelper.cs:line 181
   at BetterGenshinImpact.App..cctor() in E:\Program Files\better-genshin-impact-LCB\BetterGenshinImpact\App.xaml.cs:line 58
  失败 BetterGenshinImpact.UnitTest.GameTaskTests.AutoHoeingTests.RouteAnchorPullExecutorTests.AbortThrows_IsTreatedAsFailure_NotAsApplied [1 ms]
  错误消息:
   System.TypeInitializationException : The type initializer for 'BetterGenshinImpact.App' threw an exception.
---- System.InvalidOperationException : 调用线程必须为 STA，因为许多 UI 组件都需要。
  堆栈跟踪:
     at BetterGenshinImpact.App.GetLogger[T]() in E:\Program Files\better-genshin-impact-LCB\BetterGenshinImpact\App.xaml.cs:line 234
   at BetterGenshinImpact.GameTask.AutoHoeing.Multiplayer.CoordinatorClient..ctor() in E:\Program Files\better-genshin-impact-LCB\BetterGenshinImpact\GameTask\AutoHoeing\Multiplayer\CoordinatorClient.cs:line 31
   at BetterGenshinImpact.UnitTest.GameTaskTests.AutoHoeingTests.RouteAnchorClientTests..ctor() in E:\Program Files\better-genshin-impact-LCB\Test\BetterGenshinImpact.UnitTest\GameTaskTests\AutoHoeingTests\RouteAnchorClientTests.cs:line 35
   at System.RuntimeType.CreateInstanceDefaultCtor(Boolean publicOnly, Boolean wrapExceptions)
----- Inner Stack Trace -----
   at System.Windows.Input.InputManager..ctor()
   at System.Windows.Input.InputManager.GetCurrentInputManagerImpl()
   at System.Windows.Input.KeyboardNavigation..ctor()
   at System.Windows.FrameworkElement.FrameworkServices..ctor()
   at System.Windows.FrameworkElement.EnsureFrameworkServices()
   at System.Windows.FrameworkElement..ctor()
   at System.Windows.Controls.Control..ctor()
   at System.Windows.Window..ctor()
   at Wpf.Ui.Controls.FluentWindow..ctor()
   at BetterGenshinImpact.View.Windows.ThemedMessageBox..ctor() in E:\Program Files\better-genshin-impact-LCB\BetterGenshinImpact\View\Windows\ThemedMessageBox.xaml.cs:line 35
   at BetterGenshinImpact.View.Windows.ThemedMessageBox.Show(String content, String title, MessageBoxButton button, MessageBoxIcon icon, MessageBoxResult defaultResult, Window owner) in E:\Program Files\better-genshin-impact-LCB\BetterGenshinImpact\View\Windows\ThemedMessageBox.xaml.cs:line 132
   at BetterGenshinImpact.View.Windows.ThemedMessageBox.Warning(String message, String title) in E:\Program Files\better-genshin-impact-LCB\BetterGenshinImpact\View\Windows\ThemedMessageBox.xaml.cs:line 293
   at BetterGenshinImpact.Helpers.RuntimeHelper.CheckIntegration() in E:\Program Files\better-genshin-impact-LCB\BetterGenshinImpact\Helpers\RuntimeHelper.cs:line 159
   at BetterGenshinImpact.Helpers.RuntimeExtension.CheckIntegration(IHostBuilder app) in E:\Program Files\better-genshin-impact-LCB\BetterGenshinImpact\Helpers\RuntimeHelper.cs:line 181
   at BetterGenshinImpact.App..cctor() in E:\Program Files\better-genshin-impact-LCB\BetterGenshinImpact\App.xaml.cs:line 58
  失败 BetterGenshinImpact.UnitTest.GameTaskTests.AutoHoeingTests.PostTeleportRevivalProtectionControlFlowTest.TryConsume_AfterConsumption_DoesNotReset_SameSegmentRerun [1 ms]
  错误消息:
   System.TypeInitializationException : The type initializer for 'BetterGenshinImpact.App' threw an exception.
---- System.InvalidOperationException : 调用线程必须为 STA，因为许多 UI 组件都需要。
  堆栈跟踪:
     at BetterGenshinImpact.App.GetLogger[T]() in E:\Program Files\better-genshin-impact-LCB\BetterGenshinImpact\App.xaml.cs:line 234
----- Inner Stack Trace -----
   at System.Windows.Input.InputManager..ctor()
   at System.Windows.Input.InputManager.GetCurrentInputManagerImpl()
   at System.Windows.Input.KeyboardNavigation..ctor()
   at System.Windows.FrameworkElement.FrameworkServices..ctor()
   at System.Windows.FrameworkElement.EnsureFrameworkServices()
   at System.Windows.FrameworkElement..ctor()
   at System.Windows.Controls.Control..ctor()
   at System.Windows.Window..ctor()
   at Wpf.Ui.Controls.FluentWindow..ctor()
   at BetterGenshinImpact.View.Windows.ThemedMessageBox..ctor() in E:\Program Files\better-genshin-impact-LCB\BetterGenshinImpact\View\Windows\ThemedMessageBox.xaml.cs:line 35
   at BetterGenshinImpact.View.Windows.ThemedMessageBox.Show(String content, String title, MessageBoxButton button, MessageBoxIcon icon, MessageBoxResult defaultResult, Window owner) in E:\Program Files\better-genshin-impact-LCB\BetterGenshinImpact\View\Windows\ThemedMessageBox.xaml.cs:line 132
   at BetterGenshinImpact.View.Windows.ThemedMessageBox.Warning(String message, String title) in E:\Program Files\better-genshin-impact-LCB\BetterGenshinImpact\View\Windows\ThemedMessageBox.xaml.cs:line 293
   at BetterGenshinImpact.Helpers.RuntimeHelper.CheckIntegration() in E:\Program Files\better-genshin-impact-LCB\BetterGenshinImpact\Helpers\RuntimeHelper.cs:line 159
   at BetterGenshinImpact.Helpers.RuntimeExtension.CheckIntegration(IHostBuilder app) in E:\Program Files\better-genshin-impact-LCB\BetterGenshinImpact\Helpers\RuntimeHelper.cs:line 181
   at BetterGenshinImpact.App..cctor() in E:\Program Files\better-genshin-impact-LCB\BetterGenshinImpact\App.xaml.cs:line 58
  失败 BetterGenshinImpact.UnitTest.GameTaskTests.AutoHoeingTests.RouteAnchorClientTests.WaitForReleased_Cancellation_ReturnsCancelled [1 ms]
  错误消息:
   System.TypeInitializationException : The type initializer for 'BetterGenshinImpact.App' threw an exception.
---- System.InvalidOperationException : 调用线程必须为 STA，因为许多 UI 组件都需要。
  堆栈跟踪:
     at BetterGenshinImpact.App.GetLogger[T]() in E:\Program Files\better-genshin-impact-LCB\BetterGenshinImpact\App.xaml.cs:line 234
   at BetterGenshinImpact.GameTask.AutoHoeing.Multiplayer.CoordinatorClient..ctor() in E:\Program Files\better-genshin-impact-LCB\BetterGenshinImpact\GameTask\AutoHoeing\Multiplayer\CoordinatorClient.cs:line 31
   at BetterGenshinImpact.UnitTest.GameTaskTests.AutoHoeingTests.RouteAnchorPullExecutorTests..ctor() in E:\Program Files\better-genshin-impact-LCB\Test\BetterGenshinImpact.UnitTest\GameTaskTests\AutoHoeingTests\RouteAnchorPullExecutorTests.cs:line 32
   at System.RuntimeType.CreateInstanceDefaultCtor(Boolean publicOnly, Boolean wrapExceptions)
----- Inner Stack Trace -----
   at System.Windows.Input.InputManager..ctor()
   at System.Windows.Input.InputManager.GetCurrentInputManagerImpl()
   at System.Windows.Input.KeyboardNavigation..ctor()
   at System.Windows.FrameworkElement.FrameworkServices..ctor()
   at System.Windows.FrameworkElement.EnsureFrameworkServices()
   at System.Windows.FrameworkElement..ctor()
   at System.Windows.Controls.Control..ctor()
   at System.Windows.Window..ctor()
   at Wpf.Ui.Controls.FluentWindow..ctor()
   at BetterGenshinImpact.View.Windows.ThemedMessageBox..ctor() in E:\Program Files\better-genshin-impact-LCB\BetterGenshinImpact\View\Windows\ThemedMessageBox.xaml.cs:line 35
   at BetterGenshinImpact.View.Windows.ThemedMessageBox.Show(String content, String title, MessageBoxButton button, MessageBoxIcon icon, MessageBoxResult defaultResult, Window owner) in E:\Program Files\better-genshin-impact-LCB\BetterGenshinImpact\View\Windows\ThemedMessageBox.xaml.cs:line 132
   at BetterGenshinImpact.View.Windows.ThemedMessageBox.Warning(String message, String title) in E:\Program Files\better-genshin-impact-LCB\BetterGenshinImpact\View\Windows\ThemedMessageBox.xaml.cs:line 293
   at BetterGenshinImpact.Helpers.RuntimeHelper.CheckIntegration() in E:\Program Files\better-genshin-impact-LCB\BetterGenshinImpact\Helpers\RuntimeHelper.cs:line 159
   at BetterGenshinImpact.Helpers.RuntimeExtension.CheckIntegration(IHostBuilder app) in E:\Program Files\better-genshin-impact-LCB\BetterGenshinImpact\Helpers\RuntimeHelper.cs:line 181
   at BetterGenshinImpact.App..cctor() in E:\Program Files\better-genshin-impact-LCB\BetterGenshinImpact\App.xaml.cs:line 58
  失败 BetterGenshinImpact.UnitTest.GameTaskTests.AutoHoeingTests.RouteAnchorPullExecutorTests.AbortSucceeds_ReportsApplied_AndReturnsLoopIndexTargetMinusOne [1 ms]
  错误消息:
   System.TypeInitializationException : The type initializer for 'BetterGenshinImpact.App' threw an exception.
---- System.InvalidOperationException : 调用线程必须为 STA，因为许多 UI 组件都需要。
  堆栈跟踪:
     at BetterGenshinImpact.App.GetLogger[T]() in E:\Program Files\better-genshin-impact-LCB\BetterGenshinImpact\App.xaml.cs:line 234
   at BetterGenshinImpact.GameTask.AutoHoeing.Multiplayer.CoordinatorClient..ctor() in E:\Program Files\better-genshin-impact-LCB\BetterGenshinImpact\GameTask\AutoHoeing\Multiplayer\CoordinatorClient.cs:line 31
   at BetterGenshinImpact.UnitTest.GameTaskTests.AutoHoeingTests.RouteAnchorPullExecutorTests..ctor() in E:\Program Files\better-genshin-impact-LCB\Test\BetterGenshinImpact.UnitTest\GameTaskTests\AutoHoeingTests\RouteAnchorPullExecutorTests.cs:line 32
   at System.RuntimeType.CreateInstanceDefaultCtor(Boolean publicOnly, Boolean wrapExceptions)
----- Inner Stack Trace -----
   at System.Windows.Input.InputManager..ctor()
   at System.Windows.Input.InputManager.GetCurrentInputManagerImpl()
   at System.Windows.Input.KeyboardNavigation..ctor()
   at System.Windows.FrameworkElement.FrameworkServices..ctor()
   at System.Windows.FrameworkElement.EnsureFrameworkServices()
   at System.Windows.FrameworkElement..ctor()
   at System.Windows.Controls.Control..ctor()
   at System.Windows.Window..ctor()
   at Wpf.Ui.Controls.FluentWindow..ctor()
   at BetterGenshinImpact.View.Windows.ThemedMessageBox..ctor() in E:\Program Files\better-genshin-impact-LCB\BetterGenshinImpact\View\Windows\ThemedMessageBox.xaml.cs:line 35
   at BetterGenshinImpact.View.Windows.ThemedMessageBox.Show(String content, String title, MessageBoxButton button, MessageBoxIcon icon, MessageBoxResult defaultResult, Window owner) in E:\Program Files\better-genshin-impact-LCB\BetterGenshinImpact\View\Windows\ThemedMessageBox.xaml.cs:line 132
   at BetterGenshinImpact.View.Windows.ThemedMessageBox.Warning(String message, String title) in E:\Program Files\better-genshin-impact-LCB\BetterGenshinImpact\View\Windows\ThemedMessageBox.xaml.cs:line 293
   at BetterGenshinImpact.Helpers.RuntimeHelper.CheckIntegration() in E:\Program Files\better-genshin-impact-LCB\BetterGenshinImpact\Helpers\RuntimeHelper.cs:line 159
   at BetterGenshinImpact.Helpers.RuntimeExtension.CheckIntegration(IHostBuilder app) in E:\Program Files\better-genshin-impact-LCB\BetterGenshinImpact\Helpers\RuntimeHelper.cs:line 181
   at BetterGenshinImpact.App..cctor() in E:\Program Files\better-genshin-impact-LCB\BetterGenshinImpact\App.xaml.cs:line 58
  失败 BetterGenshinImpact.UnitTest.GameTaskTests.AutoHoeingTests.RouteAnchorClientTests.DisabledByDefaultConfig_NoProtocolTraffic_EvenIfClientObjectExists [1 ms]
  错误消息:
   System.TypeInitializationException : The type initializer for 'BetterGenshinImpact.App' threw an exception.
---- System.InvalidOperationException : 调用线程必须为 STA，因为许多 UI 组件都需要。
  堆栈跟踪:
     at BetterGenshinImpact.App.GetLogger[T]() in E:\Program Files\better-genshin-impact-LCB\BetterGenshinImpact\App.xaml.cs:line 234
   at BetterGenshinImpact.GameTask.AutoHoeing.Multiplayer.CoordinatorClient..ctor() in E:\Program Files\better-genshin-impact-LCB\BetterGenshinImpact\GameTask\AutoHoeing\Multiplayer\CoordinatorClient.cs:line 31
   at BetterGenshinImpact.UnitTest.GameTaskTests.AutoHoeingTests.PostTeleportRevivalProtectionControlFlowTest..ctor() in E:\Program Files\better-genshin-impact-LCB\Test\BetterGenshinImpact.UnitTest\GameTaskTests\AutoHoeingTests\PostTeleportRevivalProtectionControlFlowTest.cs:line 52
   at System.RuntimeType.CreateInstanceDefaultCtor(Boolean publicOnly, Boolean wrapExceptions)
----- Inner Stack Trace -----
   at System.Windows.Input.InputManager..ctor()
   at System.Windows.Input.InputManager.GetCurrentInputManagerImpl()
   at System.Windows.Input.KeyboardNavigation..ctor()
   at System.Windows.FrameworkElement.FrameworkServices..ctor()
   at System.Windows.FrameworkElement.EnsureFrameworkServices()
   at System.Windows.FrameworkElement..ctor()
   at System.Windows.Controls.Control..ctor()
   at System.Windows.Window..ctor()
   at Wpf.Ui.Controls.FluentWindow..ctor()
   at BetterGenshinImpact.View.Windows.ThemedMessageBox..ctor() in E:\Program Files\better-genshin-impact-LCB\BetterGenshinImpact\View\Windows\ThemedMessageBox.xaml.cs:line 35
   at BetterGenshinImpact.View.Windows.ThemedMessageBox.Show(String content, String title, MessageBoxButton button, MessageBoxIcon icon, MessageBoxResult defaultResult, Window owner) in E:\Program Files\better-genshin-impact-LCB\BetterGenshinImpact\View\Windows\ThemedMessageBox.xaml.cs:line 132
   at BetterGenshinImpact.View.Windows.ThemedMessageBox.Warning(String message, String title) in E:\Program Files\better-genshin-impact-LCB\BetterGenshinImpact\View\Windows\ThemedMessageBox.xaml.cs:line 293
   at BetterGenshinImpact.Helpers.RuntimeHelper.CheckIntegration() in E:\Program Files\better-genshin-impact-LCB\BetterGenshinImpact\Helpers\RuntimeHelper.cs:line 159
   at BetterGenshinImpact.Helpers.RuntimeExtension.CheckIntegration(IHostBuilder app) in E:\Program Files\better-genshin-impact-LCB\BetterGenshinImpact\Helpers\RuntimeHelper.cs:line 181
   at BetterGenshinImpact.App..cctor() in E:\Program Files\better-genshin-impact-LCB\BetterGenshinImpact\App.xaml.cs:line 58
  失败 BetterGenshinImpact.UnitTest.GameTaskTests.AutoHoeingTests.PostTeleportRevivalProtectionControlFlowTest.IsHit_WindowExpired_Over10s_ReturnsFalse [1 ms]
  错误消息:
   System.TypeInitializationException : The type initializer for 'BetterGenshinImpact.App' threw an exception.
---- System.InvalidOperationException : 调用线程必须为 STA，因为许多 UI 组件都需要。
  堆栈跟踪:
     at BetterGenshinImpact.App.GetLogger[T]() in E:\Program Files\better-genshin-impact-LCB\BetterGenshinImpact\App.xaml.cs:line 234
   at BetterGenshinImpact.GameTask.AutoHoeing.Multiplayer.CoordinatorClient..ctor() in E:\Program Files\better-genshin-impact-LCB\BetterGenshinImpact\GameTask\AutoHoeing\Multiplayer\CoordinatorClient.cs:line 31
   at BetterGenshinImpact.UnitTest.GameTaskTests.AutoHoeingTests.PostTeleportRevivalProtectionControlFlowTest..ctor() in E:\Program Files\better-genshin-impact-LCB\Test\BetterGenshinImpact.UnitTest\GameTaskTests\AutoHoeingTests\PostTeleportRevivalProtectionControlFlowTest.cs:line 52
   at System.RuntimeType.CreateInstanceDefaultCtor(Boolean publicOnly, Boolean wrapExceptions)
----- Inner Stack Trace -----
   at System.Windows.Input.InputManager..ctor()
   at System.Windows.Input.InputManager.GetCurrentInputManagerImpl()
   at System.Windows.Input.KeyboardNavigation..ctor()
   at System.Windows.FrameworkElement.FrameworkServices..ctor()
   at System.Windows.FrameworkElement.EnsureFrameworkServices()
   at System.Windows.FrameworkElement..ctor()
   at System.Windows.Controls.Control..ctor()
   at System.Windows.Window..ctor()
   at Wpf.Ui.Controls.FluentWindow..ctor()
   at BetterGenshinImpact.View.Windows.ThemedMessageBox..ctor() in E:\Program Files\better-genshin-impact-LCB\BetterGenshinImpact\View\Windows\ThemedMessageBox.xaml.cs:line 35
   at BetterGenshinImpact.View.Windows.ThemedMessageBox.Show(String content, String title, MessageBoxButton button, MessageBoxIcon icon, MessageBoxResult defaultResult, Window owner) in E:\Program Files\better-genshin-impact-LCB\BetterGenshinImpact\View\Windows\ThemedMessageBox.xaml.cs:line 132
   at BetterGenshinImpact.View.Windows.ThemedMessageBox.Warning(String message, String title) in E:\Program Files\better-genshin-impact-LCB\BetterGenshinImpact\View\Windows\ThemedMessageBox.xaml.cs:line 293
   at BetterGenshinImpact.Helpers.RuntimeHelper.CheckIntegration() in E:\Program Files\better-genshin-impact-LCB\BetterGenshinImpact\Helpers\RuntimeHelper.cs:line 159
   at BetterGenshinImpact.Helpers.RuntimeExtension.CheckIntegration(IHostBuilder app) in E:\Program Files\better-genshin-impact-LCB\BetterGenshinImpact\Helpers\RuntimeHelper.cs:line 181
   at BetterGenshinImpact.App..cctor() in E:\Program Files\better-genshin-impact-LCB\BetterGenshinImpact\App.xaml.cs:line 58
  失败 BetterGenshinImpact.UnitTest.GameTaskTests.AutoHoeingTests.RouteAnchorClientTests.Cancel_ClearsPendingPull_SoNoStaleJumpHappens [1 ms]
  错误消息:
   System.TypeInitializationException : The type initializer for 'BetterGenshinImpact.App' threw an exception.
---- System.InvalidOperationException : 调用线程必须为 STA，因为许多 UI 组件都需要。
  堆栈跟踪:
     at BetterGenshinImpact.App.GetLogger[T]() in E:\Program Files\better-genshin-impact-LCB\BetterGenshinImpact\App.xaml.cs:line 234
   at BetterGenshinImpact.GameTask.AutoHoeing.Multiplayer.CoordinatorClient..ctor() in E:\Program Files\better-genshin-impact-LCB\BetterGenshinImpact\GameTask\AutoHoeing\Multiplayer\CoordinatorClient.cs:line 31
   at BetterGenshinImpact.UnitTest.GameTaskTests.AutoHoeingTests.RouteAnchorPullExecutorTests..ctor() in E:\Program Files\better-genshin-impact-LCB\Test\BetterGenshinImpact.UnitTest\GameTaskTests\AutoHoeingTests\RouteAnchorPullExecutorTests.cs:line 32
   at System.RuntimeType.CreateInstanceDefaultCtor(Boolean publicOnly, Boolean wrapExceptions)
----- Inner Stack Trace -----
   at System.Windows.Input.InputManager..ctor()
   at System.Windows.Input.InputManager.GetCurrentInputManagerImpl()
   at System.Windows.Input.KeyboardNavigation..ctor()
   at System.Windows.FrameworkElement.FrameworkServices..ctor()
   at System.Windows.FrameworkElement.EnsureFrameworkServices()
   at System.Windows.FrameworkElement..ctor()
   at System.Windows.Controls.Control..ctor()
   at System.Windows.Window..ctor()
   at Wpf.Ui.Controls.FluentWindow..ctor()
   at BetterGenshinImpact.View.Windows.ThemedMessageBox..ctor() in E:\Program Files\better-genshin-impact-LCB\BetterGenshinImpact\View\Windows\ThemedMessageBox.xaml.cs:line 35
   at BetterGenshinImpact.View.Windows.ThemedMessageBox.Show(String content, String title, MessageBoxButton button, MessageBoxIcon icon, MessageBoxResult defaultResult, Window owner) in E:\Program Files\better-genshin-impact-LCB\BetterGenshinImpact\View\Windows\ThemedMessageBox.xaml.cs:line 132
   at BetterGenshinImpact.View.Windows.ThemedMessageBox.Warning(String message, String title) in E:\Program Files\better-genshin-impact-LCB\BetterGenshinImpact\View\Windows\ThemedMessageBox.xaml.cs:line 293
   at BetterGenshinImpact.Helpers.RuntimeHelper.CheckIntegration() in E:\Program Files\better-genshin-impact-LCB\BetterGenshinImpact\Helpers\RuntimeHelper.cs:line 159
   at BetterGenshinImpact.Helpers.RuntimeExtension.CheckIntegration(IHostBuilder app) in E:\Program Files\better-genshin-impact-LCB\BetterGenshinImpact\Helpers\RuntimeHelper.cs:line 181
   at BetterGenshinImpact.App..cctor() in E:\Program Files\better-genshin-impact-LCB\BetterGenshinImpact\App.xaml.cs:line 58
  失败 BetterGenshinImpact.UnitTest.GameTaskTests.AutoHoeingTests.RouteAnchorPullExecutorTests.NoPendingPull_ReturnsNoCommand_WithoutSendingAck [1 ms]
  错误消息:
   System.TypeInitializationException : The type initializer for 'BetterGenshinImpact.App' threw an exception.
---- System.InvalidOperationException : 调用线程必须为 STA，因为许多 UI 组件都需要。
  堆栈跟踪:
     at BetterGenshinImpact.App.GetLogger[T]() in E:\Program Files\better-genshin-impact-LCB\BetterGenshinImpact\App.xaml.cs:line 234
   at BetterGenshinImpact.GameTask.AutoHoeing.Multiplayer.CoordinatorClient..ctor() in E:\Program Files\better-genshin-impact-LCB\BetterGenshinImpact\GameTask\AutoHoeing\Multiplayer\CoordinatorClient.cs:line 31
   at BetterGenshinImpact.UnitTest.GameTaskTests.AutoHoeingTests.RouteAnchorPullExecutorTests..ctor() in E:\Program Files\better-genshin-impact-LCB\Test\BetterGenshinImpact.UnitTest\GameTaskTests\AutoHoeingTests\RouteAnchorPullExecutorTests.cs:line 32
   at System.RuntimeType.CreateInstanceDefaultCtor(Boolean publicOnly, Boolean wrapExceptions)
----- Inner Stack Trace -----
   at System.Windows.Input.InputManager..ctor()
   at System.Windows.Input.InputManager.GetCurrentInputManagerImpl()
   at System.Windows.Input.KeyboardNavigation..ctor()
   at System.Windows.FrameworkElement.FrameworkServices..ctor()
   at System.Windows.FrameworkElement.EnsureFrameworkServices()
   at System.Windows.FrameworkElement..ctor()
   at System.Windows.Controls.Control..ctor()
   at System.Windows.Window..ctor()
   at Wpf.Ui.Controls.FluentWindow..ctor()
   at BetterGenshinImpact.View.Windows.ThemedMessageBox..ctor() in E:\Program Files\better-genshin-impact-LCB\BetterGenshinImpact\View\Windows\ThemedMessageBox.xaml.cs:line 35
   at BetterGenshinImpact.View.Windows.ThemedMessageBox.Show(String content, String title, MessageBoxButton button, MessageBoxIcon icon, MessageBoxResult defaultResult, Window owner) in E:\Program Files\better-genshin-impact-LCB\BetterGenshinImpact\View\Windows\ThemedMessageBox.xaml.cs:line 132
   at BetterGenshinImpact.View.Windows.ThemedMessageBox.Warning(String message, String title) in E:\Program Files\better-genshin-impact-LCB\BetterGenshinImpact\View\Windows\ThemedMessageBox.xaml.cs:line 293
   at BetterGenshinImpact.Helpers.RuntimeHelper.CheckIntegration() in E:\Program Files\better-genshin-impact-LCB\BetterGenshinImpact\Helpers\RuntimeHelper.cs:line 159
   at BetterGenshinImpact.Helpers.RuntimeExtension.CheckIntegration(IHostBuilder app) in E:\Program Files\better-genshin-impact-LCB\BetterGenshinImpact\Helpers\RuntimeHelper.cs:line 181
   at BetterGenshinImpact.App..cctor() in E:\Program Files\better-genshin-impact-LCB\BetterGenshinImpact\App.xaml.cs:line 58
  失败 BetterGenshinImpact.UnitTest.GameTaskTests.AutoHoeingTests.RouteAnchorClientTests.ReportPullApplied_NoPendingCommand_SendsNothing [1 ms]
  错误消息:
   System.TypeInitializationException : The type initializer for 'BetterGenshinImpact.App' threw an exception.
---- System.InvalidOperationException : 调用线程必须为 STA，因为许多 UI 组件都需要。
  堆栈跟踪:
     at BetterGenshinImpact.App.GetLogger[T]() in E:\Program Files\better-genshin-impact-LCB\BetterGenshinImpact\App.xaml.cs:line 234
   at System.RuntimeType.CreateInstanceDefaultCtor(Boolean publicOnly, Boolean wrapExceptions)
   at BetterGenshinImpact.GameTask.AutoHoeing.Multiplayer.CoordinatorClient..ctor() in E:\Program Files\better-genshin-impact-LCB\BetterGenshinImpact\GameTask\AutoHoeing\Multiplayer\CoordinatorClient.cs:line 31
   at BetterGenshinImpact.UnitTest.GameTaskTests.AutoHoeingTests.PostTeleportRevivalProtectionControlFlowTest..ctor() in E:\Program Files\better-genshin-impact-LCB\Test\BetterGenshinImpact.UnitTest\GameTaskTests\AutoHoeingTests\PostTeleportRevivalProtectionControlFlowTest.cs:line 52
   at System.RuntimeType.CreateInstanceDefaultCtor(Boolean publicOnly, Boolean wrapExceptions)
----- Inner Stack Trace -----
   at System.Windows.Input.InputManager..ctor()
   at System.Windows.Input.InputManager.GetCurrentInputManagerImpl()
   at System.Windows.Input.KeyboardNavigation..ctor()
   at System.Windows.FrameworkElement.FrameworkServices..ctor()
   at System.Windows.FrameworkElement.EnsureFrameworkServices()
   at System.Windows.FrameworkElement..ctor()
   at System.Windows.Controls.Control..ctor()
   at System.Windows.Window..ctor()
   at Wpf.Ui.Controls.FluentWindow..ctor()
   at BetterGenshinImpact.View.Windows.ThemedMessageBox..ctor() in E:\Program Files\better-genshin-impact-LCB\BetterGenshinImpact\View\Windows\ThemedMessageBox.xaml.cs:line 35
   at BetterGenshinImpact.View.Windows.ThemedMessageBox.Show(String content, String title, MessageBoxButton button, MessageBoxIcon icon, MessageBoxResult defaultResult, Window owner) in E:\Program Files\better-genshin-impact-LCB\BetterGenshinImpact\View\Windows\ThemedMessageBox.xaml.cs:line 132
   at BetterGenshinImpact.View.Windows.ThemedMessageBox.Warning(String message, String title) in E:\Program Files\better-genshin-impact-LCB\BetterGenshinImpact\View\Windows\ThemedMessageBox.xaml.cs:line 293
   at BetterGenshinImpact.Helpers.RuntimeHelper.CheckIntegration() in E:\Program Files\better-genshin-impact-LCB\BetterGenshinImpact\Helpers\RuntimeHelper.cs:line 159
   at BetterGenshinImpact.Helpers.RuntimeExtension.CheckIntegration(IHostBuilder app) in E:\Program Files\better-genshin-impact-LCB\BetterGenshinImpact\Helpers\RuntimeHelper.cs:line 181
   at BetterGenshinImpact.App..cctor() in E:\Program Files\better-genshin-impact-LCB\BetterGenshinImpact\App.xaml.cs:line 58
  失败 BetterGenshinImpact.UnitTest.GameTaskTests.AutoHoeingTests.PostTeleportRevivalProtectionControlFlowTest.NoConfigProtocolChange_ProtectionWindowFixed_NoNewConfigField [1 ms]
  错误消息:
   System.TypeInitializationException : The type initializer for 'BetterGenshinImpact.App' threw an exception.
---- System.InvalidOperationException : 调用线程必须为 STA，因为许多 UI 组件都需要。
  堆栈跟踪:
     at BetterGenshinImpact.App.GetLogger[T]() in E:\Program Files\better-genshin-impact-LCB\BetterGenshinImpact\App.xaml.cs:line 234
   at System.RuntimeType.CreateInstanceDefaultCtor(Boolean publicOnly, Boolean wrapExceptions)
   at BetterGenshinImpact.GameTask.AutoHoeing.Multiplayer.CoordinatorClient..ctor() in E:\Program Files\better-genshin-impact-LCB\BetterGenshinImpact\GameTask\AutoHoeing\Multiplayer\CoordinatorClient.cs:line 31
   at BetterGenshinImpact.UnitTest.GameTaskTests.AutoHoeingTests.PostTeleportRevivalProtectionControlFlowTest..ctor() in E:\Program Files\better-genshin-impact-LCB\Test\BetterGenshinImpact.UnitTest\GameTaskTests\AutoHoeingTests\PostTeleportRevivalProtectionControlFlowTest.cs:line 52
   at System.RuntimeType.CreateInstanceDefaultCtor(Boolean publicOnly, Boolean wrapExceptions)
----- Inner Stack Trace -----
   at System.Windows.Input.InputManager..ctor()
   at System.Windows.Input.InputManager.GetCurrentInputManagerImpl()
   at System.Windows.Input.KeyboardNavigation..ctor()
   at System.Windows.FrameworkElement.FrameworkServices..ctor()
   at System.Windows.FrameworkElement.EnsureFrameworkServices()
   at System.Windows.FrameworkElement..ctor()
   at System.Windows.Controls.Control..ctor()
   at System.Windows.Window..ctor()
   at Wpf.Ui.Controls.FluentWindow..ctor()
   at BetterGenshinImpact.View.Windows.ThemedMessageBox..ctor() in E:\Program Files\better-genshin-impact-LCB\BetterGenshinImpact\View\Windows\ThemedMessageBox.xaml.cs:line 35
   at BetterGenshinImpact.View.Windows.ThemedMessageBox.Show(String content, String title, MessageBoxButton button, MessageBoxIcon icon, MessageBoxResult defaultResult, Window owner) in E:\Program Files\better-genshin-impact-LCB\BetterGenshinImpact\View\Windows\ThemedMessageBox.xaml.cs:line 132
   at BetterGenshinImpact.View.Windows.ThemedMessageBox.Warning(String message, String title) in E:\Program Files\better-genshin-impact-LCB\BetterGenshinImpact\View\Windows\ThemedMessageBox.xaml.cs:line 293
   at BetterGenshinImpact.Helpers.RuntimeHelper.CheckIntegration() in E:\Program Files\better-genshin-impact-LCB\BetterGenshinImpact\Helpers\RuntimeHelper.cs:line 159
   at BetterGenshinImpact.Helpers.RuntimeExtension.CheckIntegration(IHostBuilder app) in E:\Program Files\better-genshin-impact-LCB\BetterGenshinImpact\Helpers\RuntimeHelper.cs:line 181
   at BetterGenshinImpact.App..cctor() in E:\Program Files\better-genshin-impact-LCB\BetterGenshinImpact\App.xaml.cs:line 58
  失败 BetterGenshinImpact.UnitTest.GameTaskTests.AutoHoeingTests.RouteAnchorClientTests.CompleteBoundary_UnreleasedSnapshot_EndsAsFailedWhenAnchorDisappears [1 ms]
  错误消息:
   System.TypeInitializationException : The type initializer for 'BetterGenshinImpact.App' threw an exception.
---- System.InvalidOperationException : 调用线程必须为 STA，因为许多 UI 组件都需要。
  堆栈跟踪:
     at BetterGenshinImpact.App.GetLogger[T]() in E:\Program Files\better-genshin-impact-LCB\BetterGenshinImpact\App.xaml.cs:line 234
   at BetterGenshinImpact.GameTask.AutoHoeing.Multiplayer.CoordinatorClient..ctor() in E:\Program Files\better-genshin-impact-LCB\BetterGenshinImpact\GameTask\AutoHoeing\Multiplayer\CoordinatorClient.cs:line 31
   at BetterGenshinImpact.UnitTest.GameTaskTests.AutoHoeingTests.RouteAnchorClientTests..ctor() in E:\Program Files\better-genshin-impact-LCB\Test\BetterGenshinImpact.UnitTest\GameTaskTests\AutoHoeingTests\RouteAnchorClientTests.cs:line 35
   at System.RuntimeType.CreateInstanceDefaultCtor(Boolean publicOnly, Boolean wrapExceptions)
----- Inner Stack Trace -----
   at System.Windows.Input.InputManager..ctor()
   at System.Windows.Input.InputManager.GetCurrentInputManagerImpl()
   at System.Windows.Input.KeyboardNavigation..ctor()
   at System.Windows.FrameworkElement.FrameworkServices..ctor()
   at System.Windows.FrameworkElement.EnsureFrameworkServices()
   at System.Windows.FrameworkElement..ctor()
   at System.Windows.Controls.Control..ctor()
   at System.Windows.Window..ctor()
   at Wpf.Ui.Controls.FluentWindow..ctor()
   at BetterGenshinImpact.View.Windows.ThemedMessageBox..ctor() in E:\Program Files\better-genshin-impact-LCB\BetterGenshinImpact\View\Windows\ThemedMessageBox.xaml.cs:line 35
   at BetterGenshinImpact.View.Windows.ThemedMessageBox.Show(String content, String title, MessageBoxButton button, MessageBoxIcon icon, MessageBoxResult defaultResult, Window owner) in E:\Program Files\better-genshin-impact-LCB\BetterGenshinImpact\View\Windows\ThemedMessageBox.xaml.cs:line 132
   at BetterGenshinImpact.View.Windows.ThemedMessageBox.Warning(String message, String title) in E:\Program Files\better-genshin-impact-LCB\BetterGenshinImpact\View\Windows\ThemedMessageBox.xaml.cs:line 293
   at BetterGenshinImpact.Helpers.RuntimeHelper.CheckIntegration() in E:\Program Files\better-genshin-impact-LCB\BetterGenshinImpact\Helpers\RuntimeHelper.cs:line 159
   at BetterGenshinImpact.Helpers.RuntimeExtension.CheckIntegration(IHostBuilder app) in E:\Program Files\better-genshin-impact-LCB\BetterGenshinImpact\Helpers\RuntimeHelper.cs:line 181
   at BetterGenshinImpact.App..cctor() in E:\Program Files\better-genshin-impact-LCB\BetterGenshinImpact\App.xaml.cs:line 58
  失败 BetterGenshinImpact.UnitTest.GameTaskTests.AutoHoeingTests.RouteAnchorPullExecutorTests.AbortFails_ReportsFailure_AndDoesNotClaimApplied [1 ms]
  错误消息:
   System.TypeInitializationException : The type initializer for 'BetterGenshinImpact.App' threw an exception.
---- System.InvalidOperationException : 调用线程必须为 STA，因为许多 UI 组件都需要。
  堆栈跟踪:
     at BetterGenshinImpact.App.GetLogger[T]() in E:\Program Files\better-genshin-impact-LCB\BetterGenshinImpact\App.xaml.cs:line 234
   at BetterGenshinImpact.GameTask.AutoHoeing.Multiplayer.CoordinatorClient..ctor() in E:\Program Files\better-genshin-impact-LCB\BetterGenshinImpact\GameTask\AutoHoeing\Multiplayer\CoordinatorClient.cs:line 31
   at BetterGenshinImpact.UnitTest.GameTaskTests.AutoHoeingTests.RouteAnchorClientTests..ctor() in E:\Program Files\better-genshin-impact-LCB\Test\BetterGenshinImpact.UnitTest\GameTaskTests\AutoHoeingTests\RouteAnchorClientTests.cs:line 35
   at System.RuntimeType.CreateInstanceDefaultCtor(Boolean publicOnly, Boolean wrapExceptions)
----- Inner Stack Trace -----
   at System.Windows.Input.InputManager..ctor()
   at System.Windows.Input.InputManager.GetCurrentInputManagerImpl()
   at System.Windows.Input.KeyboardNavigation..ctor()
   at System.Windows.FrameworkElement.FrameworkServices..ctor()
   at System.Windows.FrameworkElement.EnsureFrameworkServices()
   at System.Windows.FrameworkElement..ctor()
   at System.Windows.Controls.Control..ctor()
   at System.Windows.Window..ctor()
   at Wpf.Ui.Controls.FluentWindow..ctor()
   at BetterGenshinImpact.View.Windows.ThemedMessageBox..ctor() in E:\Program Files\better-genshin-impact-LCB\BetterGenshinImpact\View\Windows\ThemedMessageBox.xaml.cs:line 35
   at BetterGenshinImpact.View.Windows.ThemedMessageBox.Show(String content, String title, MessageBoxButton button, MessageBoxIcon icon, MessageBoxResult defaultResult, Window owner) in E:\Program Files\better-genshin-impact-LCB\BetterGenshinImpact\View\Windows\ThemedMessageBox.xaml.cs:line 132
   at BetterGenshinImpact.View.Windows.ThemedMessageBox.Warning(String message, String title) in E:\Program Files\better-genshin-impact-LCB\BetterGenshinImpact\View\Windows\ThemedMessageBox.xaml.cs:line 293
   at BetterGenshinImpact.Helpers.RuntimeHelper.CheckIntegration() in E:\Program Files\better-genshin-impact-LCB\BetterGenshinImpact\Helpers\RuntimeHelper.cs:line 159
   at BetterGenshinImpact.Helpers.RuntimeExtension.CheckIntegration(IHostBuilder app) in E:\Program Files\better-genshin-impact-LCB\BetterGenshinImpact\Helpers\RuntimeHelper.cs:line 181
   at BetterGenshinImpact.App..cctor() in E:\Program Files\better-genshin-impact-LCB\BetterGenshinImpact\App.xaml.cs:line 58
  失败 BetterGenshinImpact.UnitTest.GameTaskTests.AutoHoeingTests.GatewayEnvelopeDispatchTests.DispatchEvt_ComplexPayloadEvents [1 ms]
  错误消息:
   System.TypeInitializationException : The type initializer for 'BetterGenshinImpact.App' threw an exception.
---- System.InvalidOperationException : 调用线程必须为 STA，因为许多 UI 组件都需要。
  堆栈跟踪:
     at BetterGenshinImpact.App.GetLogger[T]() in E:\Program Files\better-genshin-impact-LCB\BetterGenshinImpact\App.xaml.cs:line 234
   at BetterGenshinImpact.GameTask.AutoHoeing.Multiplayer.CoordinatorClient..ctor() in E:\Program Files\better-genshin-impact-LCB\BetterGenshinImpact\GameTask\AutoHoeing\Multiplayer\CoordinatorClient.cs:line 31
   at BetterGenshinImpact.UnitTest.GameTaskTests.AutoHoeingTests.RouteAnchorClientTests..ctor() in E:\Program Files\better-genshin-impact-LCB\Test\BetterGenshinImpact.UnitTest\GameTaskTests\AutoHoeingTests\RouteAnchorClientTests.cs:line 35
   at System.RuntimeType.CreateInstanceDefaultCtor(Boolean publicOnly, Boolean wrapExceptions)
----- Inner Stack Trace -----
   at System.Windows.Input.InputManager..ctor()
   at System.Windows.Input.InputManager.GetCurrentInputManagerImpl()
   at System.Windows.Input.KeyboardNavigation..ctor()
   at System.Windows.FrameworkElement.FrameworkServices..ctor()
   at System.Windows.FrameworkElement.EnsureFrameworkServices()
   at System.Windows.FrameworkElement..ctor()
   at System.Windows.Controls.Control..ctor()
   at System.Windows.Window..ctor()
   at Wpf.Ui.Controls.FluentWindow..ctor()
   at BetterGenshinImpact.View.Windows.ThemedMessageBox..ctor() in E:\Program Files\better-genshin-impact-LCB\BetterGenshinImpact\View\Windows\ThemedMessageBox.xaml.cs:line 35
   at BetterGenshinImpact.View.Windows.ThemedMessageBox.Show(String content, String title, MessageBoxButton button, MessageBoxIcon icon, MessageBoxResult defaultResult, Window owner) in E:\Program Files\better-genshin-impact-LCB\BetterGenshinImpact\View\Windows\ThemedMessageBox.xaml.cs:line 132
   at BetterGenshinImpact.View.Windows.ThemedMessageBox.Warning(String message, String title) in E:\Program Files\better-genshin-impact-LCB\BetterGenshinImpact\View\Windows\ThemedMessageBox.xaml.cs:line 293
   at BetterGenshinImpact.Helpers.RuntimeHelper.CheckIntegration() in E:\Program Files\better-genshin-impact-LCB\BetterGenshinImpact\Helpers\RuntimeHelper.cs:line 159
   at BetterGenshinImpact.Helpers.RuntimeExtension.CheckIntegration(IHostBuilder app) in E:\Program Files\better-genshin-impact-LCB\BetterGenshinImpact\Helpers\RuntimeHelper.cs:line 181
   at BetterGenshinImpact.App..cctor() in E:\Program Files\better-genshin-impact-LCB\BetterGenshinImpact\App.xaml.cs:line 58
  失败 BetterGenshinImpact.UnitTest.GameTaskTests.AutoHoeingTests.PostTeleportRevivalProtectionControlFlowTest.TryConsume_Sequential_FirstWins_SecondFails_StateStaysConsumed [1 ms]
  错误消息:
   System.TypeInitializationException : The type initializer for 'BetterGenshinImpact.App' threw an exception.
---- System.InvalidOperationException : 调用线程必须为 STA，因为许多 UI 组件都需要。
  堆栈跟踪:
     at BetterGenshinImpact.App.GetLogger[T]() in E:\Program Files\better-genshin-impact-LCB\BetterGenshinImpact\App.xaml.cs:line 234
   at BetterGenshinImpact.GameTask.AutoHoeing.Multiplayer.CoordinatorClient..ctor() in E:\Program Files\better-genshin-impact-LCB\BetterGenshinImpact\GameTask\AutoHoeing\Multiplayer\CoordinatorClient.cs:line 31
   at BetterGenshinImpact.UnitTest.GameTaskTests.AutoHoeingTests.RouteAnchorClientTests..ctor() in E:\Program Files\better-genshin-impact-LCB\Test\BetterGenshinImpact.UnitTest\GameTaskTests\AutoHoeingTests\RouteAnchorClientTests.cs:line 35
   at System.RuntimeType.CreateInstanceDefaultCtor(Boolean publicOnly, Boolean wrapExceptions)
----- Inner Stack Trace -----
   at System.Windows.Input.InputManager..ctor()
   at System.Windows.Input.InputManager.GetCurrentInputManagerImpl()
   at System.Windows.Input.KeyboardNavigation..ctor()
   at System.Windows.FrameworkElement.FrameworkServices..ctor()
   at System.Windows.FrameworkElement.EnsureFrameworkServices()
   at System.Windows.FrameworkElement..ctor()
   at System.Windows.Controls.Control..ctor()
   at System.Windows.Window..ctor()
   at Wpf.Ui.Controls.FluentWindow..ctor()
   at BetterGenshinImpact.View.Windows.ThemedMessageBox..ctor() in E:\Program Files\better-genshin-impact-LCB\BetterGenshinImpact\View\Windows\ThemedMessageBox.xaml.cs:line 35
   at BetterGenshinImpact.View.Windows.ThemedMessageBox.Show(String content, String title, MessageBoxButton button, MessageBoxIcon icon, MessageBoxResult defaultResult, Window owner) in E:\Program Files\better-genshin-impact-LCB\BetterGenshinImpact\View\Windows\ThemedMessageBox.xaml.cs:line 132
   at BetterGenshinImpact.View.Windows.ThemedMessageBox.Warning(String message, String title) in E:\Program Files\better-genshin-impact-LCB\BetterGenshinImpact\View\Windows\ThemedMessageBox.xaml.cs:line 293
   at BetterGenshinImpact.Helpers.RuntimeHelper.CheckIntegration() in E:\Program Files\better-genshin-impact-LCB\BetterGenshinImpact\Helpers\RuntimeHelper.cs:line 159
   at BetterGenshinImpact.Helpers.RuntimeExtension.CheckIntegration(IHostBuilder app) in E:\Program Files\better-genshin-impact-LCB\BetterGenshinImpact\Helpers\RuntimeHelper.cs:line 181
   at BetterGenshinImpact.App..cctor() in E:\Program Files\better-genshin-impact-LCB\BetterGenshinImpact\App.xaml.cs:line 58
  失败 BetterGenshinImpact.UnitTest.GameTaskTests.AutoHoeingTests.RouteAnchorClientTests.Pull_DuplicateCommandId_IsIdempotent [1 ms]
  错误消息:
   System.TypeInitializationException : The type initializer for 'BetterGenshinImpact.App' threw an exception.
---- System.InvalidOperationException : 调用线程必须为 STA，因为许多 UI 组件都需要。
  堆栈跟踪:
     at BetterGenshinImpact.App.GetLogger[T]() in E:\Program Files\better-genshin-impact-LCB\BetterGenshinImpact\App.xaml.cs:line 234
   at BetterGenshinImpact.GameTask.AutoHoeing.Multiplayer.CoordinatorClient..ctor() in E:\Program Files\better-genshin-impact-LCB\BetterGenshinImpact\GameTask\AutoHoeing\Multiplayer\CoordinatorClient.cs:line 31
   at BetterGenshinImpact.UnitTest.GameTaskTests.AutoHoeingTests.RouteAnchorClientTests..ctor() in E:\Program Files\better-genshin-impact-LCB\Test\BetterGenshinImpact.UnitTest\GameTaskTests\AutoHoeingTests\RouteAnchorClientTests.cs:line 35
   at System.RuntimeType.CreateInstanceDefaultCtor(Boolean publicOnly, Boolean wrapExceptions)
----- Inner Stack Trace -----
   at System.Windows.Input.InputManager..ctor()
   at System.Windows.Input.InputManager.GetCurrentInputManagerImpl()
   at System.Windows.Input.KeyboardNavigation..ctor()
   at System.Windows.FrameworkElement.FrameworkServices..ctor()
   at System.Windows.FrameworkElement.EnsureFrameworkServices()
   at System.Windows.FrameworkElement..ctor()
   at System.Windows.Controls.Control..ctor()
   at System.Windows.Window..ctor()
   at Wpf.Ui.Controls.FluentWindow..ctor()
   at BetterGenshinImpact.View.Windows.ThemedMessageBox..ctor() in E:\Program Files\better-genshin-impact-LCB\BetterGenshinImpact\View\Windows\ThemedMessageBox.xaml.cs:line 35
   at BetterGenshinImpact.View.Windows.ThemedMessageBox.Show(String content, String title, MessageBoxButton button, MessageBoxIcon icon, MessageBoxResult defaultResult, Window owner) in E:\Program Files\better-genshin-impact-LCB\BetterGenshinImpact\View\Windows\ThemedMessageBox.xaml.cs:line 132
   at BetterGenshinImpact.View.Windows.ThemedMessageBox.Warning(String message, String title) in E:\Program Files\better-genshin-impact-LCB\BetterGenshinImpact\View\Windows\ThemedMessageBox.xaml.cs:line 293
   at BetterGenshinImpact.Helpers.RuntimeHelper.CheckIntegration() in E:\Program Files\better-genshin-impact-LCB\BetterGenshinImpact\Helpers\RuntimeHelper.cs:line 159
   at BetterGenshinImpact.Helpers.RuntimeExtension.CheckIntegration(IHostBuilder app) in E:\Program Files\better-genshin-impact-LCB\BetterGenshinImpact\Helpers\RuntimeHelper.cs:line 181
   at BetterGenshinImpact.App..cctor() in E:\Program Files\better-genshin-impact-LCB\BetterGenshinImpact\App.xaml.cs:line 58
  失败 BetterGenshinImpact.UnitTest.GameTaskTests.AutoHoeingTests.RouteAnchorClientTests.Reset_ClearsPendingPull [1 ms]
  错误消息:
   System.TypeInitializationException : The type initializer for 'BetterGenshinImpact.App' threw an exception.
---- System.InvalidOperationException : 调用线程必须为 STA，因为许多 UI 组件都需要。
  堆栈跟踪:
     at BetterGenshinImpact.App.GetLogger[T]() in E:\Program Files\better-genshin-impact-LCB\BetterGenshinImpact\App.xaml.cs:line 234
   at BetterGenshinImpact.GameTask.AutoHoeing.Multiplayer.CoordinatorClient..ctor() in E:\Program Files\better-genshin-impact-LCB\BetterGenshinImpact\GameTask\AutoHoeing\Multiplayer\CoordinatorClient.cs:line 31
   at BetterGenshinImpact.UnitTest.GameTaskTests.AutoHoeingTests.PostTeleportRevivalProtectionControlFlowTest..ctor() in E:\Program Files\better-genshin-impact-LCB\Test\BetterGenshinImpact.UnitTest\GameTaskTests\AutoHoeingTests\PostTeleportRevivalProtectionControlFlowTest.cs:line 52
   at System.RuntimeType.CreateInstanceDefaultCtor(Boolean publicOnly, Boolean wrapExceptions)
----- Inner Stack Trace -----
   at System.Windows.Input.InputManager..ctor()
   at System.Windows.Input.InputManager.GetCurrentInputManagerImpl()
   at System.Windows.Input.KeyboardNavigation..ctor()
   at System.Windows.FrameworkElement.FrameworkServices..ctor()
   at System.Windows.FrameworkElement.EnsureFrameworkServices()
   at System.Windows.FrameworkElement..ctor()
   at System.Windows.Controls.Control..ctor()
   at System.Windows.Window..ctor()
   at Wpf.Ui.Controls.FluentWindow..ctor()
   at BetterGenshinImpact.View.Windows.ThemedMessageBox..ctor() in E:\Program Files\better-genshin-impact-LCB\BetterGenshinImpact\View\Windows\ThemedMessageBox.xaml.cs:line 35
   at BetterGenshinImpact.View.Windows.ThemedMessageBox.Show(String content, String title, MessageBoxButton button, MessageBoxIcon icon, MessageBoxResult defaultResult, Window owner) in E:\Program Files\better-genshin-impact-LCB\BetterGenshinImpact\View\Windows\ThemedMessageBox.xaml.cs:line 132
   at BetterGenshinImpact.View.Windows.ThemedMessageBox.Warning(String message, String title) in E:\Program Files\better-genshin-impact-LCB\BetterGenshinImpact\View\Windows\ThemedMessageBox.xaml.cs:line 293
   at BetterGenshinImpact.Helpers.RuntimeHelper.CheckIntegration() in E:\Program Files\better-genshin-impact-LCB\BetterGenshinImpact\Helpers\RuntimeHelper.cs:line 159
   at BetterGenshinImpact.Helpers.RuntimeExtension.CheckIntegration(IHostBuilder app) in E:\Program Files\better-genshin-impact-LCB\BetterGenshinImpact\Helpers\RuntimeHelper.cs:line 181
   at BetterGenshinImpact.App..cctor() in E:\Program Files\better-genshin-impact-LCB\BetterGenshinImpact\App.xaml.cs:line 58
  失败 BetterGenshinImpact.UnitTest.GameTaskTests.AutoHoeingTests.PostTeleportRevivalProtectionControlFlowTest.TryConsume_Concurrent_AtMostOneWinner [1 ms]
  错误消息:
   System.TypeInitializationException : The type initializer for 'BetterGenshinImpact.App' threw an exception.
---- System.InvalidOperationException : 调用线程必须为 STA，因为许多 UI 组件都需要。
  堆栈跟踪:
     at BetterGenshinImpact.App.GetLogger[T]() in E:\Program Files\better-genshin-impact-LCB\BetterGenshinImpact\App.xaml.cs:line 234
   at BetterGenshinImpact.GameTask.AutoHoeing.Multiplayer.CoordinatorClient..ctor() in E:\Program Files\better-genshin-impact-LCB\BetterGenshinImpact\GameTask\AutoHoeing\Multiplayer\CoordinatorClient.cs:line 31
   at BetterGenshinImpact.UnitTest.GameTaskTests.AutoHoeingTests.PostTeleportRevivalProtectionControlFlowTest..ctor() in E:\Program Files\better-genshin-impact-LCB\Test\BetterGenshinImpact.UnitTest\GameTaskTests\AutoHoeingTests\PostTeleportRevivalProtectionControlFlowTest.cs:line 52
   at System.RuntimeType.CreateInstanceDefaultCtor(Boolean publicOnly, Boolean wrapExceptions)
----- Inner Stack Trace -----
   at System.Windows.Input.InputManager..ctor()
   at System.Windows.Input.InputManager.GetCurrentInputManagerImpl()
   at System.Windows.Input.KeyboardNavigation..ctor()
   at System.Windows.FrameworkElement.FrameworkServices..ctor()
   at System.Windows.FrameworkElement.EnsureFrameworkServices()
   at System.Windows.FrameworkElement..ctor()
   at System.Windows.Controls.Control..ctor()
   at System.Windows.Window..ctor()
   at Wpf.Ui.Controls.FluentWindow..ctor()
   at BetterGenshinImpact.View.Windows.ThemedMessageBox..ctor() in E:\Program Files\better-genshin-impact-LCB\BetterGenshinImpact\View\Windows\ThemedMessageBox.xaml.cs:line 35
   at BetterGenshinImpact.View.Windows.ThemedMessageBox.Show(String content, String title, MessageBoxButton button, MessageBoxIcon icon, MessageBoxResult defaultResult, Window owner) in E:\Program Files\better-genshin-impact-LCB\BetterGenshinImpact\View\Windows\ThemedMessageBox.xaml.cs:line 132
   at BetterGenshinImpact.View.Windows.ThemedMessageBox.Warning(String message, String title) in E:\Program Files\better-genshin-impact-LCB\BetterGenshinImpact\View\Windows\ThemedMessageBox.xaml.cs:line 293
   at BetterGenshinImpact.Helpers.RuntimeHelper.CheckIntegration() in E:\Program Files\better-genshin-impact-LCB\BetterGenshinImpact\Helpers\RuntimeHelper.cs:line 159
   at BetterGenshinImpact.Helpers.RuntimeExtension.CheckIntegration(IHostBuilder app) in E:\Program Files\better-genshin-impact-LCB\BetterGenshinImpact\Helpers\RuntimeHelper.cs:line 181
   at BetterGenshinImpact.App..cctor() in E:\Program Files\better-genshin-impact-LCB\BetterGenshinImpact\App.xaml.cs:line 58
  失败 BetterGenshinImpact.UnitTest.GameTaskTests.AutoHoeingTests.RouteAnchorClientTests.SharedProtocolConstants_MatchWireValues [1 ms]
  错误消息:
   System.TypeInitializationException : The type initializer for 'BetterGenshinImpact.App' threw an exception.
---- System.InvalidOperationException : 调用线程必须为 STA，因为许多 UI 组件都需要。
  堆栈跟踪:
     at BetterGenshinImpact.App.GetLogger[T]() in E:\Program Files\better-genshin-impact-LCB\BetterGenshinImpact\App.xaml.cs:line 234
   at BetterGenshinImpact.GameTask.AutoHoeing.Multiplayer.CoordinatorClient..ctor() in E:\Program Files\better-genshin-impact-LCB\BetterGenshinImpact\GameTask\AutoHoeing\Multiplayer\CoordinatorClient.cs:line 31
   at BetterGenshinImpact.UnitTest.GameTaskTests.AutoHoeingTests.RouteAnchorClientTests..ctor() in E:\Program Files\better-genshin-impact-LCB\Test\BetterGenshinImpact.UnitTest\GameTaskTests\AutoHoeingTests\RouteAnchorClientTests.cs:line 35
   at System.RuntimeType.CreateInstanceDefaultCtor(Boolean publicOnly, Boolean wrapExceptions)
----- Inner Stack Trace -----
   at System.Windows.Input.InputManager..ctor()
   at System.Windows.Input.InputManager.GetCurrentInputManagerImpl()
   at System.Windows.Input.KeyboardNavigation..ctor()
   at System.Windows.FrameworkElement.FrameworkServices..ctor()
   at System.Windows.FrameworkElement.EnsureFrameworkServices()
   at System.Windows.FrameworkElement..ctor()
   at System.Windows.Controls.Control..ctor()
   at System.Windows.Window..ctor()
   at Wpf.Ui.Controls.FluentWindow..ctor()
   at BetterGenshinImpact.View.Windows.ThemedMessageBox..ctor() in E:\Program Files\better-genshin-impact-LCB\BetterGenshinImpact\View\Windows\ThemedMessageBox.xaml.cs:line 35
   at BetterGenshinImpact.View.Windows.ThemedMessageBox.Show(String content, String title, MessageBoxButton button, MessageBoxIcon icon, MessageBoxResult defaultResult, Window owner) in E:\Program Files\better-genshin-impact-LCB\BetterGenshinImpact\View\Windows\ThemedMessageBox.xaml.cs:line 132
   at BetterGenshinImpact.View.Windows.ThemedMessageBox.Warning(String message, String title) in E:\Program Files\better-genshin-impact-LCB\BetterGenshinImpact\View\Windows\ThemedMessageBox.xaml.cs:line 293
   at BetterGenshinImpact.Helpers.RuntimeHelper.CheckIntegration() in E:\Program Files\better-genshin-impact-LCB\BetterGenshinImpact\Helpers\RuntimeHelper.cs:line 159
   at BetterGenshinImpact.Helpers.RuntimeExtension.CheckIntegration(IHostBuilder app) in E:\Program Files\better-genshin-impact-LCB\BetterGenshinImpact\Helpers\RuntimeHelper.cs:line 181
   at BetterGenshinImpact.App..cctor() in E:\Program Files\better-genshin-impact-LCB\BetterGenshinImpact\App.xaml.cs:line 58
  失败 BetterGenshinImpact.UnitTest.GameTaskTests.AutoHoeingTests.PostTeleportRevivalProtectionControlFlowTest.IsHit_ActiveWindow_MatchingSegment_NotConsumed_InWindow_ReturnsTrue [1 ms]
  错误消息:
   System.TypeInitializationException : The type initializer for 'BetterGenshinImpact.App' threw an exception.
---- System.InvalidOperationException : 调用线程必须为 STA，因为许多 UI 组件都需要。
  堆栈跟踪:
     at BetterGenshinImpact.App.GetLogger[T]() in E:\Program Files\better-genshin-impact-LCB\BetterGenshinImpact\App.xaml.cs:line 234
   at BetterGenshinImpact.GameTask.AutoHoeing.Multiplayer.CoordinatorClient..ctor() in E:\Program Files\better-genshin-impact-LCB\BetterGenshinImpact\GameTask\AutoHoeing\Multiplayer\CoordinatorClient.cs:line 31
----- Inner Stack Trace -----
   at System.Windows.Input.InputManager..ctor()
   at System.Windows.Input.InputManager.GetCurrentInputManagerImpl()
   at System.Windows.Input.KeyboardNavigation..ctor()
   at System.Windows.FrameworkElement.FrameworkServices..ctor()
   at System.Windows.FrameworkElement.EnsureFrameworkServices()
   at System.Windows.FrameworkElement..ctor()
   at System.Windows.Controls.Control..ctor()
   at System.Windows.Window..ctor()
   at Wpf.Ui.Controls.FluentWindow..ctor()
   at BetterGenshinImpact.View.Windows.ThemedMessageBox..ctor() in E:\Program Files\better-genshin-impact-LCB\BetterGenshinImpact\View\Windows\ThemedMessageBox.xaml.cs:line 35
   at BetterGenshinImpact.View.Windows.ThemedMessageBox.Show(String content, String title, MessageBoxButton button, MessageBoxIcon icon, MessageBoxResult defaultResult, Window owner) in E:\Program Files\better-genshin-impact-LCB\BetterGenshinImpact\View\Windows\ThemedMessageBox.xaml.cs:line 132
   at BetterGenshinImpact.View.Windows.ThemedMessageBox.Warning(String message, String title) in E:\Program Files\better-genshin-impact-LCB\BetterGenshinImpact\View\Windows\ThemedMessageBox.xaml.cs:line 293
   at BetterGenshinImpact.Helpers.RuntimeHelper.CheckIntegration() in E:\Program Files\better-genshin-impact-LCB\BetterGenshinImpact\Helpers\RuntimeHelper.cs:line 159
   at BetterGenshinImpact.Helpers.RuntimeExtension.CheckIntegration(IHostBuilder app) in E:\Program Files\better-genshin-impact-LCB\BetterGenshinImpact\Helpers\RuntimeHelper.cs:line 181
   at BetterGenshinImpact.App..cctor() in E:\Program Files\better-genshin-impact-LCB\BetterGenshinImpact\App.xaml.cs:line 58
  失败 BetterGenshinImpact.UnitTest.GameTaskTests.AutoHoeingTests.RouteAnchorClientTests.ReportPullApplied_SendsAck_AndClearsPending_OnlyOnce [1 ms]
  错误消息:
   System.TypeInitializationException : The type initializer for 'BetterGenshinImpact.App' threw an exception.
---- System.InvalidOperationException : 调用线程必须为 STA，因为许多 UI 组件都需要。
  堆栈跟踪:
     at BetterGenshinImpact.App.GetLogger[T]() in E:\Program Files\better-genshin-impact-LCB\BetterGenshinImpact\App.xaml.cs:line 234
   at BetterGenshinImpact.GameTask.AutoHoeing.Multiplayer.CoordinatorClient..ctor() in E:\Program Files\better-genshin-impact-LCB\BetterGenshinImpact\GameTask\AutoHoeing\Multiplayer\CoordinatorClient.cs:line 31
   at BetterGenshinImpact.UnitTest.GameTaskTests.AutoHoeingTests.RouteAnchorClientTests..ctor() in E:\Program Files\better-genshin-impact-LCB\Test\BetterGenshinImpact.UnitTest\GameTaskTests\AutoHoeingTests\RouteAnchorClientTests.cs:line 35
   at System.RuntimeType.CreateInstanceDefaultCtor(Boolean publicOnly, Boolean wrapExceptions)
----- Inner Stack Trace -----
   at System.Windows.Input.InputManager..ctor()
   at System.Windows.Input.InputManager.GetCurrentInputManagerImpl()
   at System.Windows.Input.KeyboardNavigation..ctor()
   at System.Windows.FrameworkElement.FrameworkServices..ctor()
   at System.Windows.FrameworkElement.EnsureFrameworkServices()
   at System.Windows.FrameworkElement..ctor()
   at System.Windows.Controls.Control..ctor()
   at System.Windows.Window..ctor()
   at Wpf.Ui.Controls.FluentWindow..ctor()
   at BetterGenshinImpact.View.Windows.ThemedMessageBox..ctor() in E:\Program Files\better-genshin-impact-LCB\BetterGenshinImpact\View\Windows\ThemedMessageBox.xaml.cs:line 35
   at BetterGenshinImpact.View.Windows.ThemedMessageBox.Show(String content, String title, MessageBoxButton button, MessageBoxIcon icon, MessageBoxResult defaultResult, Window owner) in E:\Program Files\better-genshin-impact-LCB\BetterGenshinImpact\View\Windows\ThemedMessageBox.xaml.cs:line 132
   at BetterGenshinImpact.View.Windows.ThemedMessageBox.Warning(String message, String title) in E:\Program Files\better-genshin-impact-LCB\BetterGenshinImpact\View\Windows\ThemedMessageBox.xaml.cs:line 293
   at BetterGenshinImpact.Helpers.RuntimeHelper.CheckIntegration() in E:\Program Files\better-genshin-impact-LCB\BetterGenshinImpact\Helpers\RuntimeHelper.cs:line 159
   at BetterGenshinImpact.Helpers.RuntimeExtension.CheckIntegration(IHostBuilder app) in E:\Program Files\better-genshin-impact-LCB\BetterGenshinImpact\Helpers\RuntimeHelper.cs:line 181
   at BetterGenshinImpact.App..cctor() in E:\Program Files\better-genshin-impact-LCB\BetterGenshinImpact\App.xaml.cs:line 58
  失败 BetterGenshinImpact.UnitTest.GameTaskTests.AutoHoeingTests.RouteAnchorClientTests.WaitForReleased_StoppedEvent_ReturnsStopped_NotReleased [1 ms]
  错误消息:
   System.TypeInitializationException : The type initializer for 'BetterGenshinImpact.App' threw an exception.
---- System.InvalidOperationException : 调用线程必须为 STA，因为许多 UI 组件都需要。
  堆栈跟踪:
     at BetterGenshinImpact.App.GetLogger[T]() in E:\Program Files\better-genshin-impact-LCB\BetterGenshinImpact\App.xaml.cs:line 234
   at BetterGenshinImpact.GameTask.AutoHoeing.Multiplayer.CoordinatorClient..ctor() in E:\Program Files\better-genshin-impact-LCB\BetterGenshinImpact\GameTask\AutoHoeing\Multiplayer\CoordinatorClient.cs:line 31
   at BetterGenshinImpact.UnitTest.GameTaskTests.AutoHoeingTests.RouteAnchorClientTests..ctor() in E:\Program Files\better-genshin-impact-LCB\Test\BetterGenshinImpact.UnitTest\GameTaskTests\AutoHoeingTests\RouteAnchorClientTests.cs:line 35
   at System.RuntimeType.CreateInstanceDefaultCtor(Boolean publicOnly, Boolean wrapExceptions)
----- Inner Stack Trace -----
   at System.Windows.Input.InputManager..ctor()
   at System.Windows.Input.InputManager.GetCurrentInputManagerImpl()
   at System.Windows.Input.KeyboardNavigation..ctor()
   at System.Windows.FrameworkElement.FrameworkServices..ctor()
   at System.Windows.FrameworkElement.EnsureFrameworkServices()
   at System.Windows.FrameworkElement..ctor()
   at System.Windows.Controls.Control..ctor()
   at System.Windows.Window..ctor()
   at Wpf.Ui.Controls.FluentWindow..ctor()
   at BetterGenshinImpact.View.Windows.ThemedMessageBox..ctor() in E:\Program Files\better-genshin-impact-LCB\BetterGenshinImpact\View\Windows\ThemedMessageBox.xaml.cs:line 35
   at BetterGenshinImpact.View.Windows.ThemedMessageBox.Show(String content, String title, MessageBoxButton button, MessageBoxIcon icon, MessageBoxResult defaultResult, Window owner) in E:\Program Files\better-genshin-impact-LCB\BetterGenshinImpact\View\Windows\ThemedMessageBox.xaml.cs:line 132
   at BetterGenshinImpact.View.Windows.ThemedMessageBox.Warning(String message, String title) in E:\Program Files\better-genshin-impact-LCB\BetterGenshinImpact\View\Windows\ThemedMessageBox.xaml.cs:line 293
   at BetterGenshinImpact.Helpers.RuntimeHelper.CheckIntegration() in E:\Program Files\better-genshin-impact-LCB\BetterGenshinImpact\Helpers\RuntimeHelper.cs:line 159
   at BetterGenshinImpact.Helpers.RuntimeExtension.CheckIntegration(IHostBuilder app) in E:\Program Files\better-genshin-impact-LCB\BetterGenshinImpact\Helpers\RuntimeHelper.cs:line 181
   at BetterGenshinImpact.App..cctor() in E:\Program Files\better-genshin-impact-LCB\BetterGenshinImpact\App.xaml.cs:line 58
  失败 BetterGenshinImpact.UnitTest.GameTaskTests.AutoHoeingTests.GatewayEnvelopeDispatchTests.DispatchEvt_PlayerListChanged_UpdatesStateAndFires [< 1 ms]
  错误消息:
   System.TypeInitializationException : The type initializer for 'BetterGenshinImpact.App' threw an exception.
---- System.InvalidOperationException : 调用线程必须为 STA，因为许多 UI 组件都需要。
  堆栈跟踪:
     at BetterGenshinImpact.App.GetLogger[T]() in E:\Program Files\better-genshin-impact-LCB\BetterGenshinImpact\App.xaml.cs:line 234
   at BetterGenshinImpact.GameTask.AutoHoeing.Multiplayer.CoordinatorClient..ctor() in E:\Program Files\better-genshin-impact-LCB\BetterGenshinImpact\GameTask\AutoHoeing\Multiplayer\CoordinatorClient.cs:line 31
   at BetterGenshinImpact.UnitTest.GameTaskTests.AutoHoeingTests.RouteAnchorClientTests..ctor() in E:\Program Files\better-genshin-impact-LCB\Test\BetterGenshinImpact.UnitTest\GameTaskTests\AutoHoeingTests\RouteAnchorClientTests.cs:line 35
   at System.RuntimeType.CreateInstanceDefaultCtor(Boolean publicOnly, Boolean wrapExceptions)
----- Inner Stack Trace -----
   at System.Windows.Input.InputManager..ctor()
   at System.Windows.Input.InputManager.GetCurrentInputManagerImpl()
   at System.Windows.Input.KeyboardNavigation..ctor()
   at System.Windows.FrameworkElement.FrameworkServices..ctor()
   at System.Windows.FrameworkElement.EnsureFrameworkServices()
   at System.Windows.FrameworkElement..ctor()
   at System.Windows.Controls.Control..ctor()
   at System.Windows.Window..ctor()
   at Wpf.Ui.Controls.FluentWindow..ctor()
   at BetterGenshinImpact.View.Windows.ThemedMessageBox..ctor() in E:\Program Files\better-genshin-impact-LCB\BetterGenshinImpact\View\Windows\ThemedMessageBox.xaml.cs:line 35
   at BetterGenshinImpact.View.Windows.ThemedMessageBox.Show(String content, String title, MessageBoxButton button, MessageBoxIcon icon, MessageBoxResult defaultResult, Window owner) in E:\Program Files\better-genshin-impact-LCB\BetterGenshinImpact\View\Windows\ThemedMessageBox.xaml.cs:line 132
   at BetterGenshinImpact.View.Windows.ThemedMessageBox.Warning(String message, String title) in E:\Program Files\better-genshin-impact-LCB\BetterGenshinImpact\View\Windows\ThemedMessageBox.xaml.cs:line 293
   at BetterGenshinImpact.Helpers.RuntimeHelper.CheckIntegration() in E:\Program Files\better-genshin-impact-LCB\BetterGenshinImpact\Helpers\RuntimeHelper.cs:line 159
   at BetterGenshinImpact.Helpers.RuntimeExtension.CheckIntegration(IHostBuilder app) in E:\Program Files\better-genshin-impact-LCB\BetterGenshinImpact\Helpers\RuntimeHelper.cs:line 181
   at BetterGenshinImpact.App..cctor() in E:\Program Files\better-genshin-impact-LCB\BetterGenshinImpact\App.xaml.cs:line 58
  失败 BetterGenshinImpact.UnitTest.GameTaskTests.AutoHoeingTests.PostTeleportRevivalProtectionControlFlowTest.IsHit_SingleMode_NullCoordinator_AlwaysFalse [1 ms]
  错误消息:
   System.TypeInitializationException : The type initializer for 'BetterGenshinImpact.App' threw an exception.
---- System.InvalidOperationException : 调用线程必须为 STA，因为许多 UI 组件都需要。
  堆栈跟踪:
     at BetterGenshinImpact.App.GetLogger[T]() in E:\Program Files\better-genshin-impact-LCB\BetterGenshinImpact\App.xaml.cs:line 234
   at BetterGenshinImpact.GameTask.AutoHoeing.Multiplayer.CoordinatorClient..ctor() in E:\Program Files\better-genshin-impact-LCB\BetterGenshinImpact\GameTask\AutoHoeing\Multiplayer\CoordinatorClient.cs:line 31
   at BetterGenshinImpact.UnitTest.GameTaskTests.AutoHoeingTests.RouteAnchorClientTests..ctor() in E:\Program Files\better-genshin-impact-LCB\Test\BetterGenshinImpact.UnitTest\GameTaskTests\AutoHoeingTests\RouteAnchorClientTests.cs:line 35
   at System.RuntimeType.CreateInstanceDefaultCtor(Boolean publicOnly, Boolean wrapExceptions)
----- Inner Stack Trace -----
   at System.Windows.Input.InputManager..ctor()
   at System.Windows.Input.InputManager.GetCurrentInputManagerImpl()
   at System.Windows.Input.KeyboardNavigation..ctor()
   at System.Windows.FrameworkElement.FrameworkServices..ctor()
   at System.Windows.FrameworkElement.EnsureFrameworkServices()
   at System.Windows.FrameworkElement..ctor()
   at System.Windows.Controls.Control..ctor()
   at System.Windows.Window..ctor()
   at Wpf.Ui.Controls.FluentWindow..ctor()
   at BetterGenshinImpact.View.Windows.ThemedMessageBox..ctor() in E:\Program Files\better-genshin-impact-LCB\BetterGenshinImpact\View\Windows\ThemedMessageBox.xaml.cs:line 35
   at BetterGenshinImpact.View.Windows.ThemedMessageBox.Show(String content, String title, MessageBoxButton button, MessageBoxIcon icon, MessageBoxResult defaultResult, Window owner) in E:\Program Files\better-genshin-impact-LCB\BetterGenshinImpact\View\Windows\ThemedMessageBox.xaml.cs:line 132
   at BetterGenshinImpact.View.Windows.ThemedMessageBox.Warning(String message, String title) in E:\Program Files\better-genshin-impact-LCB\BetterGenshinImpact\View\Windows\ThemedMessageBox.xaml.cs:line 293
   at BetterGenshinImpact.Helpers.RuntimeHelper.CheckIntegration() in E:\Program Files\better-genshin-impact-LCB\BetterGenshinImpact\Helpers\RuntimeHelper.cs:line 159
   at BetterGenshinImpact.Helpers.RuntimeExtension.CheckIntegration(IHostBuilder app) in E:\Program Files\better-genshin-impact-LCB\BetterGenshinImpact\Helpers\RuntimeHelper.cs:line 181
   at BetterGenshinImpact.App..cctor() in E:\Program Files\better-genshin-impact-LCB\BetterGenshinImpact\App.xaml.cs:line 58
  失败 BetterGenshinImpact.UnitTest.GameTaskTests.AutoHoeingTests.RouteAnchorClientTests.Report_WithoutAnchor_IsNotSent [1 ms]
  错误消息:
   System.TypeInitializationException : The type initializer for 'BetterGenshinImpact.App' threw an exception.
---- System.InvalidOperationException : 调用线程必须为 STA，因为许多 UI 组件都需要。
  堆栈跟踪:
     at BetterGenshinImpact.App.GetLogger[T]() in E:\Program Files\better-genshin-impact-LCB\BetterGenshinImpact\App.xaml.cs:line 234
   at BetterGenshinImpact.GameTask.AutoHoeing.Multiplayer.CoordinatorClient..ctor() in E:\Program Files\better-genshin-impact-LCB\BetterGenshinImpact\GameTask\AutoHoeing\Multiplayer\CoordinatorClient.cs:line 31
   at BetterGenshinImpact.UnitTest.GameTaskTests.AutoHoeingTests.RouteAnchorClientTests..ctor() in E:\Program Files\better-genshin-impact-LCB\Test\BetterGenshinImpact.UnitTest\GameTaskTests\AutoHoeingTests\RouteAnchorClientTests.cs:line 35
   at System.RuntimeType.CreateInstanceDefaultCtor(Boolean publicOnly, Boolean wrapExceptions)
----- Inner Stack Trace -----
   at System.Windows.Input.InputManager..ctor()
   at System.Windows.Input.InputManager.GetCurrentInputManagerImpl()
   at System.Windows.Input.KeyboardNavigation..ctor()
   at System.Windows.FrameworkElement.FrameworkServices..ctor()
   at System.Windows.FrameworkElement.EnsureFrameworkServices()
   at System.Windows.FrameworkElement..ctor()
   at System.Windows.Controls.Control..ctor()
   at System.Windows.Window..ctor()
   at Wpf.Ui.Controls.FluentWindow..ctor()
   at BetterGenshinImpact.View.Windows.ThemedMessageBox..ctor() in E:\Program Files\better-genshin-impact-LCB\BetterGenshinImpact\View\Windows\ThemedMessageBox.xaml.cs:line 35
   at BetterGenshinImpact.View.Windows.ThemedMessageBox.Show(String content, String title, MessageBoxButton button, MessageBoxIcon icon, MessageBoxResult defaultResult, Window owner) in E:\Program Files\better-genshin-impact-LCB\BetterGenshinImpact\View\Windows\ThemedMessageBox.xaml.cs:line 132
   at BetterGenshinImpact.View.Windows.ThemedMessageBox.Warning(String message, String title) in E:\Program Files\better-genshin-impact-LCB\BetterGenshinImpact\View\Windows\ThemedMessageBox.xaml.cs:line 293
   at BetterGenshinImpact.Helpers.RuntimeHelper.CheckIntegration() in E:\Program Files\better-genshin-impact-LCB\BetterGenshinImpact\Helpers\RuntimeHelper.cs:line 159
   at BetterGenshinImpact.Helpers.RuntimeExtension.CheckIntegration(IHostBuilder app) in E:\Program Files\better-genshin-impact-LCB\BetterGenshinImpact\Helpers\RuntimeHelper.cs:line 181
   at BetterGenshinImpact.App..cctor() in E:\Program Files\better-genshin-impact-LCB\BetterGenshinImpact\App.xaml.cs:line 58
  失败 BetterGenshinImpact.UnitTest.GameTaskTests.AutoHoeingTests.PostTeleportRevivalProtectionControlFlowTest.IsHit_OpportunityConsumed_ReturnsFalse [1 ms]
  错误消息:
   System.TypeInitializationException : The type initializer for 'BetterGenshinImpact.App' threw an exception.
---- System.InvalidOperationException : 调用线程必须为 STA，因为许多 UI 组件都需要。
  堆栈跟踪:
     at BetterGenshinImpact.App.GetLogger[T]() in E:\Program Files\better-genshin-impact-LCB\BetterGenshinImpact\App.xaml.cs:line 234
   at BetterGenshinImpact.GameTask.AutoHoeing.Multiplayer.CoordinatorClient..ctor() in E:\Program Files\better-genshin-impact-LCB\BetterGenshinImpact\GameTask\AutoHoeing\Multiplayer\CoordinatorClient.cs:line 31
   at BetterGenshinImpact.UnitTest.GameTaskTests.AutoHoeingTests.PostTeleportRevivalProtectionControlFlowTest..ctor() in E:\Program Files\better-genshin-impact-LCB\Test\BetterGenshinImpact.UnitTest\GameTaskTests\AutoHoeingTests\PostTeleportRevivalProtectionControlFlowTest.cs:line 52
   at System.RuntimeType.CreateInstanceDefaultCtor(Boolean publicOnly, Boolean wrapExceptions)
----- Inner Stack Trace -----
   at System.Windows.Input.InputManager..ctor()
   at System.Windows.Input.InputManager.GetCurrentInputManagerImpl()
   at System.Windows.Input.KeyboardNavigation..ctor()
   at System.Windows.FrameworkElement.FrameworkServices..ctor()
   at System.Windows.FrameworkElement.EnsureFrameworkServices()
   at System.Windows.FrameworkElement..ctor()
   at System.Windows.Controls.Control..ctor()
   at System.Windows.Window..ctor()
   at Wpf.Ui.Controls.FluentWindow..ctor()
   at BetterGenshinImpact.View.Windows.ThemedMessageBox..ctor() in E:\Program Files\better-genshin-impact-LCB\BetterGenshinImpact\View\Windows\ThemedMessageBox.xaml.cs:line 35
   at BetterGenshinImpact.View.Windows.ThemedMessageBox.Show(String content, String title, MessageBoxButton button, MessageBoxIcon icon, MessageBoxResult defaultResult, Window owner) in E:\Program Files\better-genshin-impact-LCB\BetterGenshinImpact\View\Windows\ThemedMessageBox.xaml.cs:line 132
   at BetterGenshinImpact.View.Windows.ThemedMessageBox.Warning(String message, String title) in E:\Program Files\better-genshin-impact-LCB\BetterGenshinImpact\View\Windows\ThemedMessageBox.xaml.cs:line 293
   at BetterGenshinImpact.Helpers.RuntimeHelper.CheckIntegration() in E:\Program Files\better-genshin-impact-LCB\BetterGenshinImpact\Helpers\RuntimeHelper.cs:line 159
   at BetterGenshinImpact.Helpers.RuntimeExtension.CheckIntegration(IHostBuilder app) in E:\Program Files\better-genshin-impact-LCB\BetterGenshinImpact\Helpers\RuntimeHelper.cs:line 181
   at BetterGenshinImpact.App..cctor() in E:\Program Files\better-genshin-impact-LCB\BetterGenshinImpact\App.xaml.cs:line 58
  失败 BetterGenshinImpact.UnitTest.GameTaskTests.AutoHoeingTests.RouteAnchorClientTests.Report_UsesServerIdentityAndBoundary_NotClientGuess [1 ms]
  错误消息:
   System.TypeInitializationException : The type initializer for 'BetterGenshinImpact.App' threw an exception.
---- System.InvalidOperationException : 调用线程必须为 STA，因为许多 UI 组件都需要。
  堆栈跟踪:
     at BetterGenshinImpact.App.GetLogger[T]() in E:\Program Files\better-genshin-impact-LCB\BetterGenshinImpact\App.xaml.cs:line 234
   at BetterGenshinImpact.GameTask.AutoHoeing.Multiplayer.CoordinatorClient..ctor() in E:\Program Files\better-genshin-impact-LCB\BetterGenshinImpact\GameTask\AutoHoeing\Multiplayer\CoordinatorClient.cs:line 31
   at BetterGenshinImpact.UnitTest.GameTaskTests.AutoHoeingTests.RouteAnchorClientTests..ctor() in E:\Program Files\better-genshin-impact-LCB\Test\BetterGenshinImpact.UnitTest\GameTaskTests\AutoHoeingTests\RouteAnchorClientTests.cs:line 35
   at System.RuntimeType.CreateInstanceDefaultCtor(Boolean publicOnly, Boolean wrapExceptions)
----- Inner Stack Trace -----
   at System.Windows.Input.InputManager..ctor()
   at System.Windows.Input.InputManager.GetCurrentInputManagerImpl()
   at System.Windows.Input.KeyboardNavigation..ctor()
   at System.Windows.FrameworkElement.FrameworkServices..ctor()
   at System.Windows.FrameworkElement.EnsureFrameworkServices()
   at System.Windows.FrameworkElement..ctor()
   at System.Windows.Controls.Control..ctor()
   at System.Windows.Window..ctor()
   at Wpf.Ui.Controls.FluentWindow..ctor()
   at BetterGenshinImpact.View.Windows.ThemedMessageBox..ctor() in E:\Program Files\better-genshin-impact-LCB\BetterGenshinImpact\View\Windows\ThemedMessageBox.xaml.cs:line 35
   at BetterGenshinImpact.View.Windows.ThemedMessageBox.Show(String content, String title, MessageBoxButton button, MessageBoxIcon icon, MessageBoxResult defaultResult, Window owner) in E:\Program Files\better-genshin-impact-LCB\BetterGenshinImpact\View\Windows\ThemedMessageBox.xaml.cs:line 132
   at BetterGenshinImpact.View.Windows.ThemedMessageBox.Warning(String message, String title) in E:\Program Files\better-genshin-impact-LCB\BetterGenshinImpact\View\Windows\ThemedMessageBox.xaml.cs:line 293
   at BetterGenshinImpact.Helpers.RuntimeHelper.CheckIntegration() in E:\Program Files\better-genshin-impact-LCB\BetterGenshinImpact\Helpers\RuntimeHelper.cs:line 159
   at BetterGenshinImpact.Helpers.RuntimeExtension.CheckIntegration(IHostBuilder app) in E:\Program Files\better-genshin-impact-LCB\BetterGenshinImpact\Helpers\RuntimeHelper.cs:line 181
   at BetterGenshinImpact.App..cctor() in E:\Program Files\better-genshin-impact-LCB\BetterGenshinImpact\App.xaml.cs:line 58
  失败 BetterGenshinImpact.UnitTest.GameTaskTests.AutoHoeingTests.RouteAnchorClientTests.WaitForReleased_EventArrives_ReturnsReleased [1 ms]
  错误消息:
   System.TypeInitializationException : The type initializer for 'BetterGenshinImpact.App' threw an exception.
---- System.InvalidOperationException : 调用线程必须为 STA，因为许多 UI 组件都需要。
  堆栈跟踪:
     at BetterGenshinImpact.App.GetLogger[T]() in E:\Program Files\better-genshin-impact-LCB\BetterGenshinImpact\App.xaml.cs:line 234
   at BetterGenshinImpact.GameTask.AutoHoeing.Multiplayer.CoordinatorClient..ctor() in E:\Program Files\better-genshin-impact-LCB\BetterGenshinImpact\GameTask\AutoHoeing\Multiplayer\CoordinatorClient.cs:line 31
   at BetterGenshinImpact.UnitTest.GameTaskTests.AutoHoeingTests.RouteAnchorClientTests..ctor() in E:\Program Files\better-genshin-impact-LCB\Test\BetterGenshinImpact.UnitTest\GameTaskTests\AutoHoeingTests\RouteAnchorClientTests.cs:line 35
   at System.RuntimeType.CreateInstanceDefaultCtor(Boolean publicOnly, Boolean wrapExceptions)
----- Inner Stack Trace -----
   at System.Windows.Input.InputManager..ctor()
   at System.Windows.Input.InputManager.GetCurrentInputManagerImpl()
   at System.Windows.Input.KeyboardNavigation..ctor()
   at System.Windows.FrameworkElement.FrameworkServices..ctor()
   at System.Windows.FrameworkElement.EnsureFrameworkServices()
   at System.Windows.FrameworkElement..ctor()
   at System.Windows.Controls.Control..ctor()
   at System.Windows.Window..ctor()
   at Wpf.Ui.Controls.FluentWindow..ctor()
   at BetterGenshinImpact.View.Windows.ThemedMessageBox..ctor() in E:\Program Files\better-genshin-impact-LCB\BetterGenshinImpact\View\Windows\ThemedMessageBox.xaml.cs:line 35
   at BetterGenshinImpact.View.Windows.ThemedMessageBox.Show(String content, String title, MessageBoxButton button, MessageBoxIcon icon, MessageBoxResult defaultResult, Window owner) in E:\Program Files\better-genshin-impact-LCB\BetterGenshinImpact\View\Windows\ThemedMessageBox.xaml.cs:line 132
   at BetterGenshinImpact.View.Windows.ThemedMessageBox.Warning(String message, String title) in E:\Program Files\better-genshin-impact-LCB\BetterGenshinImpact\View\Windows\ThemedMessageBox.xaml.cs:line 293
   at BetterGenshinImpact.Helpers.RuntimeHelper.CheckIntegration() in E:\Program Files\better-genshin-impact-LCB\BetterGenshinImpact\Helpers\RuntimeHelper.cs:line 159
   at BetterGenshinImpact.Helpers.RuntimeExtension.CheckIntegration(IHostBuilder app) in E:\Program Files\better-genshin-impact-LCB\BetterGenshinImpact\Helpers\RuntimeHelper.cs:line 181
   at BetterGenshinImpact.App..cctor() in E:\Program Files\better-genshin-impact-LCB\BetterGenshinImpact\App.xaml.cs:line 58
  失败 BetterGenshinImpact.UnitTest.GameTaskTests.AutoHoeingTests.RouteAnchorClientTests.Pull_MatchingCommand_IsRegistered_NotExecutedInCallback [1 ms]
  错误消息:
   System.TypeInitializationException : The type initializer for 'BetterGenshinImpact.App' threw an exception.
---- System.InvalidOperationException : 调用线程必须为 STA，因为许多 UI 组件都需要。
  堆栈跟踪:
     at BetterGenshinImpact.App.GetLogger[T]() in E:\Program Files\better-genshin-impact-LCB\BetterGenshinImpact\App.xaml.cs:line 234
   at BetterGenshinImpact.GameTask.AutoHoeing.Multiplayer.CoordinatorClient..ctor() in E:\Program Files\better-genshin-impact-LCB\BetterGenshinImpact\GameTask\AutoHoeing\Multiplayer\CoordinatorClient.cs:line 31
   at BetterGenshinImpact.UnitTest.GameTaskTests.AutoHoeingTests.RouteAnchorClientTests..ctor() in E:\Program Files\better-genshin-impact-LCB\Test\BetterGenshinImpact.UnitTest\GameTaskTests\AutoHoeingTests\RouteAnchorClientTests.cs:line 35
   at System.RuntimeType.CreateInstanceDefaultCtor(Boolean publicOnly, Boolean wrapExceptions)
----- Inner Stack Trace -----
   at System.Windows.Input.InputManager..ctor()
   at System.Windows.Input.InputManager.GetCurrentInputManagerImpl()
   at System.Windows.Input.KeyboardNavigation..ctor()
   at System.Windows.FrameworkElement.FrameworkServices..ctor()
   at System.Windows.FrameworkElement.EnsureFrameworkServices()
   at System.Windows.FrameworkElement..ctor()
   at System.Windows.Controls.Control..ctor()
   at System.Windows.Window..ctor()
   at Wpf.Ui.Controls.FluentWindow..ctor()
   at BetterGenshinImpact.View.Windows.ThemedMessageBox..ctor() in E:\Program Files\better-genshin-impact-LCB\BetterGenshinImpact\View\Windows\ThemedMessageBox.xaml.cs:line 35
   at BetterGenshinImpact.View.Windows.ThemedMessageBox.Show(String content, String title, MessageBoxButton button, MessageBoxIcon icon, MessageBoxResult defaultResult, Window owner) in E:\Program Files\better-genshin-impact-LCB\BetterGenshinImpact\View\Windows\ThemedMessageBox.xaml.cs:line 132
   at BetterGenshinImpact.View.Windows.ThemedMessageBox.Warning(String message, String title) in E:\Program Files\better-genshin-impact-LCB\BetterGenshinImpact\View\Windows\ThemedMessageBox.xaml.cs:line 293
   at BetterGenshinImpact.Helpers.RuntimeHelper.CheckIntegration() in E:\Program Files\better-genshin-impact-LCB\BetterGenshinImpact\Helpers\RuntimeHelper.cs:line 159
   at BetterGenshinImpact.Helpers.RuntimeExtension.CheckIntegration(IHostBuilder app) in E:\Program Files\better-genshin-impact-LCB\BetterGenshinImpact\Helpers\RuntimeHelper.cs:line 181
   at BetterGenshinImpact.App..cctor() in E:\Program Files\better-genshin-impact-LCB\BetterGenshinImpact\App.xaml.cs:line 58
  失败 BetterGenshinImpact.UnitTest.GameTaskTests.AutoHoeingTests.RouteAnchorClientTests.WaitForReleased_OtherAnchorEvent_IsIgnored [1 ms]
  错误消息:
   System.TypeInitializationException : The type initializer for 'BetterGenshinImpact.App' threw an exception.
---- System.InvalidOperationException : 调用线程必须为 STA，因为许多 UI 组件都需要。
  堆栈跟踪:
     at BetterGenshinImpact.App.GetLogger[T]() in E:\Program Files\better-genshin-impact-LCB\BetterGenshinImpact\App.xaml.cs:line 234
   at BetterGenshinImpact.GameTask.AutoHoeing.Multiplayer.CoordinatorClient..ctor() in E:\Program Files\better-genshin-impact-LCB\BetterGenshinImpact\GameTask\AutoHoeing\Multiplayer\CoordinatorClient.cs:line 31
   at BetterGenshinImpact.UnitTest.GameTaskTests.AutoHoeingTests.RouteAnchorClientTests..ctor() in E:\Program Files\better-genshin-impact-LCB\Test\BetterGenshinImpact.UnitTest\GameTaskTests\AutoHoeingTests\RouteAnchorClientTests.cs:line 35
   at System.RuntimeType.CreateInstanceDefaultCtor(Boolean publicOnly, Boolean wrapExceptions)
----- Inner Stack Trace -----
   at System.Windows.Input.InputManager..ctor()
   at System.Windows.Input.InputManager.GetCurrentInputManagerImpl()
   at System.Windows.Input.KeyboardNavigation..ctor()
   at System.Windows.FrameworkElement.FrameworkServices..ctor()
   at System.Windows.FrameworkElement.EnsureFrameworkServices()
   at System.Windows.FrameworkElement..ctor()
   at System.Windows.Controls.Control..ctor()
   at System.Windows.Window..ctor()
   at Wpf.Ui.Controls.FluentWindow..ctor()
   at BetterGenshinImpact.View.Windows.ThemedMessageBox..ctor() in E:\Program Files\better-genshin-impact-LCB\BetterGenshinImpact\View\Windows\ThemedMessageBox.xaml.cs:line 35
   at BetterGenshinImpact.View.Windows.ThemedMessageBox.Show(String content, String title, MessageBoxButton button, MessageBoxIcon icon, MessageBoxResult defaultResult, Window owner) in E:\Program Files\better-genshin-impact-LCB\BetterGenshinImpact\View\Windows\ThemedMessageBox.xaml.cs:line 132
   at BetterGenshinImpact.View.Windows.ThemedMessageBox.Warning(String message, String title) in E:\Program Files\better-genshin-impact-LCB\BetterGenshinImpact\View\Windows\ThemedMessageBox.xaml.cs:line 293
   at BetterGenshinImpact.Helpers.RuntimeHelper.CheckIntegration() in E:\Program Files\better-genshin-impact-LCB\BetterGenshinImpact\Helpers\RuntimeHelper.cs:line 159
   at BetterGenshinImpact.Helpers.RuntimeExtension.CheckIntegration(IHostBuilder app) in E:\Program Files\better-genshin-impact-LCB\BetterGenshinImpact\Helpers\RuntimeHelper.cs:line 181
   at BetterGenshinImpact.App..cctor() in E:\Program Files\better-genshin-impact-LCB\BetterGenshinImpact\App.xaml.cs:line 58
  失败 BetterGenshinImpact.UnitTest.GameTaskTests.AutoHoeingTests.RouteAnchorClientTests.TryGetPullCommand_NullWhenServerProvidesNoCommandId [1 ms]
  错误消息:
   System.TypeInitializationException : The type initializer for 'BetterGenshinImpact.App' threw an exception.
---- System.InvalidOperationException : 调用线程必须为 STA，因为许多 UI 组件都需要。
  堆栈跟踪:
     at BetterGenshinImpact.App.GetLogger[T]() in E:\Program Files\better-genshin-impact-LCB\BetterGenshinImpact\App.xaml.cs:line 234
   at BetterGenshinImpact.GameTask.AutoHoeing.Multiplayer.CoordinatorClient..ctor() in E:\Program Files\better-genshin-impact-LCB\BetterGenshinImpact\GameTask\AutoHoeing\Multiplayer\CoordinatorClient.cs:line 31
   at BetterGenshinImpact.UnitTest.GameTaskTests.AutoHoeingTests.RouteAnchorClientTests..ctor() in E:\Program Files\better-genshin-impact-LCB\Test\BetterGenshinImpact.UnitTest\GameTaskTests\AutoHoeingTests\RouteAnchorClientTests.cs:line 35
   at System.RuntimeType.CreateInstanceDefaultCtor(Boolean publicOnly, Boolean wrapExceptions)
----- Inner Stack Trace -----
   at System.Windows.Input.InputManager..ctor()
   at System.Windows.Input.InputManager.GetCurrentInputManagerImpl()
   at System.Windows.Input.KeyboardNavigation..ctor()
   at System.Windows.FrameworkElement.FrameworkServices..ctor()
   at System.Windows.FrameworkElement.EnsureFrameworkServices()
   at System.Windows.FrameworkElement..ctor()
   at System.Windows.Controls.Control..ctor()
   at System.Windows.Window..ctor()
   at Wpf.Ui.Controls.FluentWindow..ctor()
   at BetterGenshinImpact.View.Windows.ThemedMessageBox..ctor() in E:\Program Files\better-genshin-impact-LCB\BetterGenshinImpact\View\Windows\ThemedMessageBox.xaml.cs:line 35
   at BetterGenshinImpact.View.Windows.ThemedMessageBox.Show(String content, String title, MessageBoxButton button, MessageBoxIcon icon, MessageBoxResult defaultResult, Window owner) in E:\Program Files\better-genshin-impact-LCB\BetterGenshinImpact\View\Windows\ThemedMessageBox.xaml.cs:line 132
   at BetterGenshinImpact.View.Windows.ThemedMessageBox.Warning(String message, String title) in E:\Program Files\better-genshin-impact-LCB\BetterGenshinImpact\View\Windows\ThemedMessageBox.xaml.cs:line 293
   at BetterGenshinImpact.Helpers.RuntimeHelper.CheckIntegration() in E:\Program Files\better-genshin-impact-LCB\BetterGenshinImpact\Helpers\RuntimeHelper.cs:line 159
   at BetterGenshinImpact.Helpers.RuntimeExtension.CheckIntegration(IHostBuilder app) in E:\Program Files\better-genshin-impact-LCB\BetterGenshinImpact\Helpers\RuntimeHelper.cs:line 181
   at BetterGenshinImpact.App..cctor() in E:\Program Files\better-genshin-impact-LCB\BetterGenshinImpact\App.xaml.cs:line 58
  失败 BetterGenshinImpact.UnitTest.GameTaskTests.AutoHoeingTests.RouteAnchorClientTests.CompleteBoundary_ReportRejectedButAlreadyReported_ContinuesInsteadOfFailing [1 ms]
  错误消息:
   System.TypeInitializationException : The type initializer for 'BetterGenshinImpact.App' threw an exception.
---- System.InvalidOperationException : 调用线程必须为 STA，因为许多 UI 组件都需要。
  堆栈跟踪:
     at BetterGenshinImpact.App.GetLogger[T]() in E:\Program Files\better-genshin-impact-LCB\BetterGenshinImpact\App.xaml.cs:line 234
   at BetterGenshinImpact.GameTask.AutoHoeing.Multiplayer.CoordinatorClient..ctor() in E:\Program Files\better-genshin-impact-LCB\BetterGenshinImpact\GameTask\AutoHoeing\Multiplayer\CoordinatorClient.cs:line 31
   at BetterGenshinImpact.UnitTest.GameTaskTests.AutoHoeingTests.RouteAnchorClientTests..ctor() in E:\Program Files\better-genshin-impact-LCB\Test\BetterGenshinImpact.UnitTest\GameTaskTests\AutoHoeingTests\RouteAnchorClientTests.cs:line 35
   at System.RuntimeType.CreateInstanceDefaultCtor(Boolean publicOnly, Boolean wrapExceptions)
----- Inner Stack Trace -----
   at System.Windows.Input.InputManager..ctor()
   at System.Windows.Input.InputManager.GetCurrentInputManagerImpl()
   at System.Windows.Input.KeyboardNavigation..ctor()
   at System.Windows.FrameworkElement.FrameworkServices..ctor()
   at System.Windows.FrameworkElement.EnsureFrameworkServices()
   at System.Windows.FrameworkElement..ctor()
   at System.Windows.Controls.Control..ctor()
   at System.Windows.Window..ctor()
   at Wpf.Ui.Controls.FluentWindow..ctor()
   at BetterGenshinImpact.View.Windows.ThemedMessageBox..ctor() in E:\Program Files\better-genshin-impact-LCB\BetterGenshinImpact\View\Windows\ThemedMessageBox.xaml.cs:line 35
   at BetterGenshinImpact.View.Windows.ThemedMessageBox.Show(String content, String title, MessageBoxButton button, MessageBoxIcon icon, MessageBoxResult defaultResult, Window owner) in E:\Program Files\better-genshin-impact-LCB\BetterGenshinImpact\View\Windows\ThemedMessageBox.xaml.cs:line 132
   at BetterGenshinImpact.View.Windows.ThemedMessageBox.Warning(String message, String title) in E:\Program Files\better-genshin-impact-LCB\BetterGenshinImpact\View\Windows\ThemedMessageBox.xaml.cs:line 293
   at BetterGenshinImpact.Helpers.RuntimeHelper.CheckIntegration() in E:\Program Files\better-genshin-impact-LCB\BetterGenshinImpact\Helpers\RuntimeHelper.cs:line 159
   at BetterGenshinImpact.Helpers.RuntimeExtension.CheckIntegration(IHostBuilder app) in E:\Program Files\better-genshin-impact-LCB\BetterGenshinImpact\Helpers\RuntimeHelper.cs:line 181
   at BetterGenshinImpact.App..cctor() in E:\Program Files\better-genshin-impact-LCB\BetterGenshinImpact\App.xaml.cs:line 58
  失败 BetterGenshinImpact.UnitTest.GameTaskTests.AutoHoeingTests.RouteAnchorClientTests.ReconcileAfterReconnect_QueryFails_ReturnsNull [1 ms]
  错误消息:
   System.TypeInitializationException : The type initializer for 'BetterGenshinImpact.App' threw an exception.
---- System.InvalidOperationException : 调用线程必须为 STA，因为许多 UI 组件都需要。
  堆栈跟踪:
     at BetterGenshinImpact.App.GetLogger[T]() in E:\Program Files\better-genshin-impact-LCB\BetterGenshinImpact\App.xaml.cs:line 234
   at BetterGenshinImpact.GameTask.AutoHoeing.Multiplayer.CoordinatorClient..ctor() in E:\Program Files\better-genshin-impact-LCB\BetterGenshinImpact\GameTask\AutoHoeing\Multiplayer\CoordinatorClient.cs:line 31
   at BetterGenshinImpact.UnitTest.GameTaskTests.AutoHoeingTests.RouteAnchorClientTests..ctor() in E:\Program Files\better-genshin-impact-LCB\Test\BetterGenshinImpact.UnitTest\GameTaskTests\AutoHoeingTests\RouteAnchorClientTests.cs:line 35
   at System.RuntimeType.CreateInstanceDefaultCtor(Boolean publicOnly, Boolean wrapExceptions)
----- Inner Stack Trace -----
   at System.Windows.Input.InputManager..ctor()
   at System.Windows.Input.InputManager.GetCurrentInputManagerImpl()
   at System.Windows.Input.KeyboardNavigation..ctor()
   at System.Windows.FrameworkElement.FrameworkServices..ctor()
   at System.Windows.FrameworkElement.EnsureFrameworkServices()
   at System.Windows.FrameworkElement..ctor()
   at System.Windows.Controls.Control..ctor()
   at System.Windows.Window..ctor()
   at Wpf.Ui.Controls.FluentWindow..ctor()
   at BetterGenshinImpact.View.Windows.ThemedMessageBox..ctor() in E:\Program Files\better-genshin-impact-LCB\BetterGenshinImpact\View\Windows\ThemedMessageBox.xaml.cs:line 35
   at BetterGenshinImpact.View.Windows.ThemedMessageBox.Show(String content, String title, MessageBoxButton button, MessageBoxIcon icon, MessageBoxResult defaultResult, Window owner) in E:\Program Files\better-genshin-impact-LCB\BetterGenshinImpact\View\Windows\ThemedMessageBox.xaml.cs:line 132
   at BetterGenshinImpact.View.Windows.ThemedMessageBox.Warning(String message, String title) in E:\Program Files\better-genshin-impact-LCB\BetterGenshinImpact\View\Windows\ThemedMessageBox.xaml.cs:line 293
   at BetterGenshinImpact.Helpers.RuntimeHelper.CheckIntegration() in E:\Program Files\better-genshin-impact-LCB\BetterGenshinImpact\Helpers\RuntimeHelper.cs:line 159
   at BetterGenshinImpact.Helpers.RuntimeExtension.CheckIntegration(IHostBuilder app) in E:\Program Files\better-genshin-impact-LCB\BetterGenshinImpact\Helpers\RuntimeHelper.cs:line 181
   at BetterGenshinImpact.App..cctor() in E:\Program Files\better-genshin-impact-LCB\BetterGenshinImpact\App.xaml.cs:line 58
  失败 BetterGenshinImpact.UnitTest.GameTaskTests.AutoHoeingTests.RouteAnchorClientTests.WaitForReleased_NoAnchor_ReturnsFailed [1 ms]
  错误消息:
   System.TypeInitializationException : The type initializer for 'BetterGenshinImpact.App' threw an exception.
---- System.InvalidOperationException : 调用线程必须为 STA，因为许多 UI 组件都需要。
  堆栈跟踪:
     at BetterGenshinImpact.App.GetLogger[T]() in E:\Program Files\better-genshin-impact-LCB\BetterGenshinImpact\App.xaml.cs:line 234
   at BetterGenshinImpact.GameTask.AutoHoeing.Multiplayer.CoordinatorClient..ctor() in E:\Program Files\better-genshin-impact-LCB\BetterGenshinImpact\GameTask\AutoHoeing\Multiplayer\CoordinatorClient.cs:line 31
   at BetterGenshinImpact.UnitTest.GameTaskTests.AutoHoeingTests.RouteAnchorClientTests..ctor() in E:\Program Files\better-genshin-impact-LCB\Test\BetterGenshinImpact.UnitTest\GameTaskTests\AutoHoeingTests\RouteAnchorClientTests.cs:line 35
   at System.RuntimeType.CreateInstanceDefaultCtor(Boolean publicOnly, Boolean wrapExceptions)
----- Inner Stack Trace -----
   at System.Windows.Input.InputManager..ctor()
   at System.Windows.Input.InputManager.GetCurrentInputManagerImpl()
   at System.Windows.Input.KeyboardNavigation..ctor()
   at System.Windows.FrameworkElement.FrameworkServices..ctor()
   at System.Windows.FrameworkElement.EnsureFrameworkServices()
   at System.Windows.FrameworkElement..ctor()
   at System.Windows.Controls.Control..ctor()
   at System.Windows.Window..ctor()
   at Wpf.Ui.Controls.FluentWindow..ctor()
   at BetterGenshinImpact.View.Windows.ThemedMessageBox..ctor() in E:\Program Files\better-genshin-impact-LCB\BetterGenshinImpact\View\Windows\ThemedMessageBox.xaml.cs:line 35
   at BetterGenshinImpact.View.Windows.ThemedMessageBox.Show(String content, String title, MessageBoxButton button, MessageBoxIcon icon, MessageBoxResult defaultResult, Window owner) in E:\Program Files\better-genshin-impact-LCB\BetterGenshinImpact\View\Windows\ThemedMessageBox.xaml.cs:line 132
   at BetterGenshinImpact.View.Windows.ThemedMessageBox.Warning(String message, String title) in E:\Program Files\better-genshin-impact-LCB\BetterGenshinImpact\View\Windows\ThemedMessageBox.xaml.cs:line 293
   at BetterGenshinImpact.Helpers.RuntimeHelper.CheckIntegration() in E:\Program Files\better-genshin-impact-LCB\BetterGenshinImpact\Helpers\RuntimeHelper.cs:line 159
   at BetterGenshinImpact.Helpers.RuntimeExtension.CheckIntegration(IHostBuilder app) in E:\Program Files\better-genshin-impact-LCB\BetterGenshinImpact\Helpers\RuntimeHelper.cs:line 181
   at BetterGenshinImpact.App..cctor() in E:\Program Files\better-genshin-impact-LCB\BetterGenshinImpact\App.xaml.cs:line 58
  失败 BetterGenshinImpact.UnitTest.GameTaskTests.AutoHoeingTests.RouteAnchorClientTests.Cancel_SendsCancelCommand_AndRefreshesLocalState [1 ms]
  错误消息:
   System.TypeInitializationException : The type initializer for 'BetterGenshinImpact.App' threw an exception.
---- System.InvalidOperationException : 调用线程必须为 STA，因为许多 UI 组件都需要。
  堆栈跟踪:
     at BetterGenshinImpact.App.GetLogger[T]() in E:\Program Files\better-genshin-impact-LCB\BetterGenshinImpact\App.xaml.cs:line 234
   at BetterGenshinImpact.GameTask.AutoHoeing.Multiplayer.CoordinatorClient..ctor() in E:\Program Files\better-genshin-impact-LCB\BetterGenshinImpact\GameTask\AutoHoeing\Multiplayer\CoordinatorClient.cs:line 31
   at BetterGenshinImpact.UnitTest.GameTaskTests.AutoHoeingTests.RouteAnchorClientTests..ctor() in E:\Program Files\better-genshin-impact-LCB\Test\BetterGenshinImpact.UnitTest\GameTaskTests\AutoHoeingTests\RouteAnchorClientTests.cs:line 35
   at System.RuntimeType.CreateInstanceDefaultCtor(Boolean publicOnly, Boolean wrapExceptions)
----- Inner Stack Trace -----
   at System.Windows.Input.InputManager..ctor()
   at System.Windows.Input.InputManager.GetCurrentInputManagerImpl()
   at System.Windows.Input.KeyboardNavigation..ctor()
   at System.Windows.FrameworkElement.FrameworkServices..ctor()
   at System.Windows.FrameworkElement.EnsureFrameworkServices()
   at System.Windows.FrameworkElement..ctor()
   at System.Windows.Controls.Control..ctor()
   at System.Windows.Window..ctor()
   at Wpf.Ui.Controls.FluentWindow..ctor()
   at BetterGenshinImpact.View.Windows.ThemedMessageBox..ctor() in E:\Program Files\better-genshin-impact-LCB\BetterGenshinImpact\View\Windows\ThemedMessageBox.xaml.cs:line 35
   at BetterGenshinImpact.View.Windows.ThemedMessageBox.Show(String content, String title, MessageBoxButton button, MessageBoxIcon icon, MessageBoxResult defaultResult, Window owner) in E:\Program Files\better-genshin-impact-LCB\BetterGenshinImpact\View\Windows\ThemedMessageBox.xaml.cs:line 132
   at BetterGenshinImpact.View.Windows.ThemedMessageBox.Warning(String message, String title) in E:\Program Files\better-genshin-impact-LCB\BetterGenshinImpact\View\Windows\ThemedMessageBox.xaml.cs:line 293
   at BetterGenshinImpact.Helpers.RuntimeHelper.CheckIntegration() in E:\Program Files\better-genshin-impact-LCB\BetterGenshinImpact\Helpers\RuntimeHelper.cs:line 159
   at BetterGenshinImpact.Helpers.RuntimeExtension.CheckIntegration(IHostBuilder app) in E:\Program Files\better-genshin-impact-LCB\BetterGenshinImpact\Helpers\RuntimeHelper.cs:line 181
   at BetterGenshinImpact.App..cctor() in E:\Program Files\better-genshin-impact-LCB\BetterGenshinImpact\App.xaml.cs:line 58
  失败 BetterGenshinImpact.UnitTest.GameTaskTests.AutoHoeingTests.RouteAnchorClientTests.Enroll_StoresServerAuthoritativeSnapshot [1 ms]
  错误消息:
   System.TypeInitializationException : The type initializer for 'BetterGenshinImpact.App' threw an exception.
---- System.InvalidOperationException : 调用线程必须为 STA，因为许多 UI 组件都需要。
  堆栈跟踪:
     at BetterGenshinImpact.App.GetLogger[T]() in E:\Program Files\better-genshin-impact-LCB\BetterGenshinImpact\App.xaml.cs:line 234
   at BetterGenshinImpact.GameTask.AutoHoeing.Multiplayer.CoordinatorClient..ctor() in E:\Program Files\better-genshin-impact-LCB\BetterGenshinImpact\GameTask\AutoHoeing\Multiplayer\CoordinatorClient.cs:line 31
   at BetterGenshinImpact.UnitTest.GameTaskTests.AutoHoeingTests.RouteAnchorClientTests..ctor() in E:\Program Files\better-genshin-impact-LCB\Test\BetterGenshinImpact.UnitTest\GameTaskTests\AutoHoeingTests\RouteAnchorClientTests.cs:line 35
   at System.RuntimeType.CreateInstanceDefaultCtor(Boolean publicOnly, Boolean wrapExceptions)
----- Inner Stack Trace -----
   at System.Windows.Input.InputManager..ctor()
   at System.Windows.Input.InputManager.GetCurrentInputManagerImpl()
   at System.Windows.Input.KeyboardNavigation..ctor()
   at System.Windows.FrameworkElement.FrameworkServices..ctor()
   at System.Windows.FrameworkElement.EnsureFrameworkServices()
   at System.Windows.FrameworkElement..ctor()
   at System.Windows.Controls.Control..ctor()
   at System.Windows.Window..ctor()
   at Wpf.Ui.Controls.FluentWindow..ctor()
   at BetterGenshinImpact.View.Windows.ThemedMessageBox..ctor() in E:\Program Files\better-genshin-impact-LCB\BetterGenshinImpact\View\Windows\ThemedMessageBox.xaml.cs:line 35
   at BetterGenshinImpact.View.Windows.ThemedMessageBox.Show(String content, String title, MessageBoxButton button, MessageBoxIcon icon, MessageBoxResult defaultResult, Window owner) in E:\Program Files\better-genshin-impact-LCB\BetterGenshinImpact\View\Windows\ThemedMessageBox.xaml.cs:line 132
   at BetterGenshinImpact.View.Windows.ThemedMessageBox.Warning(String message, String title) in E:\Program Files\better-genshin-impact-LCB\BetterGenshinImpact\View\Windows\ThemedMessageBox.xaml.cs:line 293
   at BetterGenshinImpact.Helpers.RuntimeHelper.CheckIntegration() in E:\Program Files\better-genshin-impact-LCB\BetterGenshinImpact\Helpers\RuntimeHelper.cs:line 159
   at BetterGenshinImpact.Helpers.RuntimeExtension.CheckIntegration(IHostBuilder app) in E:\Program Files\better-genshin-impact-LCB\BetterGenshinImpact\Helpers\RuntimeHelper.cs:line 181
   at BetterGenshinImpact.App..cctor() in E:\Program Files\better-genshin-impact-LCB\BetterGenshinImpact\App.xaml.cs:line 58
  失败 BetterGenshinImpact.UnitTest.GameTaskTests.AutoHoeingTests.RouteAnchorClientTests.Pull_WrongAnchorOrSessionOrTarget_IsIgnored [1 ms]
  错误消息:
   System.TypeInitializationException : The type initializer for 'BetterGenshinImpact.App' threw an exception.
---- System.InvalidOperationException : 调用线程必须为 STA，因为许多 UI 组件都需要。
  堆栈跟踪:
     at BetterGenshinImpact.App.GetLogger[T]() in E:\Program Files\better-genshin-impact-LCB\BetterGenshinImpact\App.xaml.cs:line 234
   at BetterGenshinImpact.GameTask.AutoHoeing.Multiplayer.CoordinatorClient..ctor() in E:\Program Files\better-genshin-impact-LCB\BetterGenshinImpact\GameTask\AutoHoeing\Multiplayer\CoordinatorClient.cs:line 31
   at BetterGenshinImpact.UnitTest.GameTaskTests.AutoHoeingTests.RouteAnchorClientTests..ctor() in E:\Program Files\better-genshin-impact-LCB\Test\BetterGenshinImpact.UnitTest\GameTaskTests\AutoHoeingTests\RouteAnchorClientTests.cs:line 35
   at System.RuntimeType.CreateInstanceDefaultCtor(Boolean publicOnly, Boolean wrapExceptions)
----- Inner Stack Trace -----
   at System.Windows.Input.InputManager..ctor()
   at System.Windows.Input.InputManager.GetCurrentInputManagerImpl()
   at System.Windows.Input.KeyboardNavigation..ctor()
   at System.Windows.FrameworkElement.FrameworkServices..ctor()
   at System.Windows.FrameworkElement.EnsureFrameworkServices()
   at System.Windows.FrameworkElement..ctor()
   at System.Windows.Controls.Control..ctor()
   at System.Windows.Window..ctor()
   at Wpf.Ui.Controls.FluentWindow..ctor()
   at BetterGenshinImpact.View.Windows.ThemedMessageBox..ctor() in E:\Program Files\better-genshin-impact-LCB\BetterGenshinImpact\View\Windows\ThemedMessageBox.xaml.cs:line 35
   at BetterGenshinImpact.View.Windows.ThemedMessageBox.Show(String content, String title, MessageBoxButton button, MessageBoxIcon icon, MessageBoxResult defaultResult, Window owner) in E:\Program Files\better-genshin-impact-LCB\BetterGenshinImpact\View\Windows\ThemedMessageBox.xaml.cs:line 132
   at BetterGenshinImpact.View.Windows.ThemedMessageBox.Warning(String message, String title) in E:\Program Files\better-genshin-impact-LCB\BetterGenshinImpact\View\Windows\ThemedMessageBox.xaml.cs:line 293
   at BetterGenshinImpact.Helpers.RuntimeHelper.CheckIntegration() in E:\Program Files\better-genshin-impact-LCB\BetterGenshinImpact\Helpers\RuntimeHelper.cs:line 159
   at BetterGenshinImpact.Helpers.RuntimeExtension.CheckIntegration(IHostBuilder app) in E:\Program Files\better-genshin-impact-LCB\BetterGenshinImpact\Helpers\RuntimeHelper.cs:line 181
   at BetterGenshinImpact.App..cctor() in E:\Program Files\better-genshin-impact-LCB\BetterGenshinImpact\App.xaml.cs:line 58
  失败 BetterGenshinImpact.UnitTest.GameTaskTests.AutoHoeingTests.RouteAnchorClientTests.Reset_ClearsLocalState [1 ms]
  错误消息:
   System.TypeInitializationException : The type initializer for 'BetterGenshinImpact.App' threw an exception.
---- System.InvalidOperationException : 调用线程必须为 STA，因为许多 UI 组件都需要。
  堆栈跟踪:
     at BetterGenshinImpact.App.GetLogger[T]() in E:\Program Files\better-genshin-impact-LCB\BetterGenshinImpact\App.xaml.cs:line 234
   at BetterGenshinImpact.GameTask.AutoHoeing.Multiplayer.CoordinatorClient..ctor() in E:\Program Files\better-genshin-impact-LCB\BetterGenshinImpact\GameTask\AutoHoeing\Multiplayer\CoordinatorClient.cs:line 31
   at BetterGenshinImpact.UnitTest.GameTaskTests.AutoHoeingTests.RouteAnchorClientTests..ctor() in E:\Program Files\better-genshin-impact-LCB\Test\BetterGenshinImpact.UnitTest\GameTaskTests\AutoHoeingTests\RouteAnchorClientTests.cs:line 35
   at System.RuntimeType.CreateInstanceDefaultCtor(Boolean publicOnly, Boolean wrapExceptions)
----- Inner Stack Trace -----
   at System.Windows.Input.InputManager..ctor()
   at System.Windows.Input.InputManager.GetCurrentInputManagerImpl()
   at System.Windows.Input.KeyboardNavigation..ctor()
   at System.Windows.FrameworkElement.FrameworkServices..ctor()
   at System.Windows.FrameworkElement.EnsureFrameworkServices()
   at System.Windows.FrameworkElement..ctor()
   at System.Windows.Controls.Control..ctor()
   at System.Windows.Window..ctor()
   at Wpf.Ui.Controls.FluentWindow..ctor()
   at BetterGenshinImpact.View.Windows.ThemedMessageBox..ctor() in E:\Program Files\better-genshin-impact-LCB\BetterGenshinImpact\View\Windows\ThemedMessageBox.xaml.cs:line 35
   at BetterGenshinImpact.View.Windows.ThemedMessageBox.Show(String content, String title, MessageBoxButton button, MessageBoxIcon icon, MessageBoxResult defaultResult, Window owner) in E:\Program Files\better-genshin-impact-LCB\BetterGenshinImpact\View\Windows\ThemedMessageBox.xaml.cs:line 132
   at BetterGenshinImpact.View.Windows.ThemedMessageBox.Warning(String message, String title) in E:\Program Files\better-genshin-impact-LCB\BetterGenshinImpact\View\Windows\ThemedMessageBox.xaml.cs:line 293
   at BetterGenshinImpact.Helpers.RuntimeHelper.CheckIntegration() in E:\Program Files\better-genshin-impact-LCB\BetterGenshinImpact\Helpers\RuntimeHelper.cs:line 159
   at BetterGenshinImpact.Helpers.RuntimeExtension.CheckIntegration(IHostBuilder app) in E:\Program Files\better-genshin-impact-LCB\BetterGenshinImpact\Helpers\RuntimeHelper.cs:line 181
   at BetterGenshinImpact.App..cctor() in E:\Program Files\better-genshin-impact-LCB\BetterGenshinImpact\App.xaml.cs:line 58
  失败 BetterGenshinImpact.UnitTest.GameTaskTests.AutoHoeingTests.RouteAnchorClientTests.Arrive_SendsReadyWithServerIdentity [1 ms]
  错误消息:
   System.TypeInitializationException : The type initializer for 'BetterGenshinImpact.App' threw an exception.
---- System.InvalidOperationException : 调用线程必须为 STA，因为许多 UI 组件都需要。
  堆栈跟踪:
     at BetterGenshinImpact.App.GetLogger[T]() in E:\Program Files\better-genshin-impact-LCB\BetterGenshinImpact\App.xaml.cs:line 234
   at BetterGenshinImpact.GameTask.AutoHoeing.Multiplayer.CoordinatorClient..ctor() in E:\Program Files\better-genshin-impact-LCB\BetterGenshinImpact\GameTask\AutoHoeing\Multiplayer\CoordinatorClient.cs:line 31
   at BetterGenshinImpact.UnitTest.GameTaskTests.AutoHoeingTests.RouteAnchorClientTests..ctor() in E:\Program Files\better-genshin-impact-LCB\Test\BetterGenshinImpact.UnitTest\GameTaskTests\AutoHoeingTests\RouteAnchorClientTests.cs:line 35
   at System.RuntimeType.CreateInstanceDefaultCtor(Boolean publicOnly, Boolean wrapExceptions)
----- Inner Stack Trace -----
   at System.Windows.Input.InputManager..ctor()
   at System.Windows.Input.InputManager.GetCurrentInputManagerImpl()
   at System.Windows.Input.KeyboardNavigation..ctor()
   at System.Windows.FrameworkElement.FrameworkServices..ctor()
   at System.Windows.FrameworkElement.EnsureFrameworkServices()
   at System.Windows.FrameworkElement..ctor()
   at System.Windows.Controls.Control..ctor()
   at System.Windows.Window..ctor()
   at Wpf.Ui.Controls.FluentWindow..ctor()
   at BetterGenshinImpact.View.Windows.ThemedMessageBox..ctor() in E:\Program Files\better-genshin-impact-LCB\BetterGenshinImpact\View\Windows\ThemedMessageBox.xaml.cs:line 35
   at BetterGenshinImpact.View.Windows.ThemedMessageBox.Show(String content, String title, MessageBoxButton button, MessageBoxIcon icon, MessageBoxResult defaultResult, Window owner) in E:\Program Files\better-genshin-impact-LCB\BetterGenshinImpact\View\Windows\ThemedMessageBox.xaml.cs:line 132
   at BetterGenshinImpact.View.Windows.ThemedMessageBox.Warning(String message, String title) in E:\Program Files\better-genshin-impact-LCB\BetterGenshinImpact\View\Windows\ThemedMessageBox.xaml.cs:line 293
   at BetterGenshinImpact.Helpers.RuntimeHelper.CheckIntegration() in E:\Program Files\better-genshin-impact-LCB\BetterGenshinImpact\Helpers\RuntimeHelper.cs:line 159
   at BetterGenshinImpact.Helpers.RuntimeExtension.CheckIntegration(IHostBuilder app) in E:\Program Files\better-genshin-impact-LCB\BetterGenshinImpact\Helpers\RuntimeHelper.cs:line 181
   at BetterGenshinImpact.App..cctor() in E:\Program Files\better-genshin-impact-LCB\BetterGenshinImpact\App.xaml.cs:line 58
  失败 BetterGenshinImpact.UnitTest.GameTaskTests.AutoHoeingTests.RouteAnchorClientTests.Disabled_DoesNotSendAnyProtocolMessage [1 ms]
  错误消息:
   System.TypeInitializationException : The type initializer for 'BetterGenshinImpact.App' threw an exception.
---- System.InvalidOperationException : 调用线程必须为 STA，因为许多 UI 组件都需要。
  堆栈跟踪:
     at BetterGenshinImpact.App.GetLogger[T]() in E:\Program Files\better-genshin-impact-LCB\BetterGenshinImpact\App.xaml.cs:line 234
   at BetterGenshinImpact.GameTask.AutoHoeing.Multiplayer.CoordinatorClient..ctor() in E:\Program Files\better-genshin-impact-LCB\BetterGenshinImpact\GameTask\AutoHoeing\Multiplayer\CoordinatorClient.cs:line 31
   at BetterGenshinImpact.UnitTest.GameTaskTests.AutoHoeingTests.RouteAnchorClientTests..ctor() in E:\Program Files\better-genshin-impact-LCB\Test\BetterGenshinImpact.UnitTest\GameTaskTests\AutoHoeingTests\RouteAnchorClientTests.cs:line 35
   at System.RuntimeType.CreateInstanceDefaultCtor(Boolean publicOnly, Boolean wrapExceptions)
----- Inner Stack Trace -----
   at System.Windows.Input.InputManager..ctor()
   at System.Windows.Input.InputManager.GetCurrentInputManagerImpl()
   at System.Windows.Input.KeyboardNavigation..ctor()
   at System.Windows.FrameworkElement.FrameworkServices..ctor()
   at System.Windows.FrameworkElement.EnsureFrameworkServices()
   at System.Windows.FrameworkElement..ctor()
   at System.Windows.Controls.Control..ctor()
   at System.Windows.Window..ctor()
   at Wpf.Ui.Controls.FluentWindow..ctor()
   at BetterGenshinImpact.View.Windows.ThemedMessageBox..ctor() in E:\Program Files\better-genshin-impact-LCB\BetterGenshinImpact\View\Windows\ThemedMessageBox.xaml.cs:line 35
   at BetterGenshinImpact.View.Windows.ThemedMessageBox.Show(String content, String title, MessageBoxButton button, MessageBoxIcon icon, MessageBoxResult defaultResult, Window owner) in E:\Program Files\better-genshin-impact-LCB\BetterGenshinImpact\View\Windows\ThemedMessageBox.xaml.cs:line 132
   at BetterGenshinImpact.View.Windows.ThemedMessageBox.Warning(String message, String title) in E:\Program Files\better-genshin-impact-LCB\BetterGenshinImpact\View\Windows\ThemedMessageBox.xaml.cs:line 293
   at BetterGenshinImpact.Helpers.RuntimeHelper.CheckIntegration() in E:\Program Files\better-genshin-impact-LCB\BetterGenshinImpact\Helpers\RuntimeHelper.cs:line 159
   at BetterGenshinImpact.Helpers.RuntimeExtension.CheckIntegration(IHostBuilder app) in E:\Program Files\better-genshin-impact-LCB\BetterGenshinImpact\Helpers\RuntimeHelper.cs:line 181
   at BetterGenshinImpact.App..cctor() in E:\Program Files\better-genshin-impact-LCB\BetterGenshinImpact\App.xaml.cs:line 58
  失败 BetterGenshinImpact.UnitTest.GameTaskTests.AutoHoeingTests.RouteAnchorClientTests.ClientConfig_EnableRouteAnchor_DefaultsToFalse [1 ms]
  错误消息:
   System.TypeInitializationException : The type initializer for 'BetterGenshinImpact.App' threw an exception.
---- System.InvalidOperationException : 调用线程必须为 STA，因为许多 UI 组件都需要。
  堆栈跟踪:
     at BetterGenshinImpact.App.GetLogger[T]() in E:\Program Files\better-genshin-impact-LCB\BetterGenshinImpact\App.xaml.cs:line 234
   at BetterGenshinImpact.GameTask.AutoHoeing.Multiplayer.CoordinatorClient..ctor() in E:\Program Files\better-genshin-impact-LCB\BetterGenshinImpact\GameTask\AutoHoeing\Multiplayer\CoordinatorClient.cs:line 31
   at BetterGenshinImpact.UnitTest.GameTaskTests.AutoHoeingTests.RouteAnchorClientTests..ctor() in E:\Program Files\better-genshin-impact-LCB\Test\BetterGenshinImpact.UnitTest\GameTaskTests\AutoHoeingTests\RouteAnchorClientTests.cs:line 35
   at System.RuntimeType.CreateInstanceDefaultCtor(Boolean publicOnly, Boolean wrapExceptions)
----- Inner Stack Trace -----
   at System.Windows.Input.InputManager..ctor()
   at System.Windows.Input.InputManager.GetCurrentInputManagerImpl()
   at System.Windows.Input.KeyboardNavigation..ctor()
   at System.Windows.FrameworkElement.FrameworkServices..ctor()
   at System.Windows.FrameworkElement.EnsureFrameworkServices()
   at System.Windows.FrameworkElement..ctor()
   at System.Windows.Controls.Control..ctor()
   at System.Windows.Window..ctor()
   at Wpf.Ui.Controls.FluentWindow..ctor()
   at BetterGenshinImpact.View.Windows.ThemedMessageBox..ctor() in E:\Program Files\better-genshin-impact-LCB\BetterGenshinImpact\View\Windows\ThemedMessageBox.xaml.cs:line 35
   at BetterGenshinImpact.View.Windows.ThemedMessageBox.Show(String content, String title, MessageBoxButton button, MessageBoxIcon icon, MessageBoxResult defaultResult, Window owner) in E:\Program Files\better-genshin-impact-LCB\BetterGenshinImpact\View\Windows\ThemedMessageBox.xaml.cs:line 132
   at BetterGenshinImpact.View.Windows.ThemedMessageBox.Warning(String message, String title) in E:\Program Files\better-genshin-impact-LCB\BetterGenshinImpact\View\Windows\ThemedMessageBox.xaml.cs:line 293
   at BetterGenshinImpact.Helpers.RuntimeHelper.CheckIntegration() in E:\Program Files\better-genshin-impact-LCB\BetterGenshinImpact\Helpers\RuntimeHelper.cs:line 159
   at BetterGenshinImpact.Helpers.RuntimeExtension.CheckIntegration(IHostBuilder app) in E:\Program Files\better-genshin-impact-LCB\BetterGenshinImpact\Helpers\RuntimeHelper.cs:line 181
   at BetterGenshinImpact.App..cctor() in E:\Program Files\better-genshin-impact-LCB\BetterGenshinImpact\App.xaml.cs:line 58
  失败 BetterGenshinImpact.UnitTest.GameTaskTests.AutoHoeingTests.RouteAnchorClientTests.ReconcileAfterReconnect_ServerHasPullCommand_RegistersItLocally [1 ms]
  错误消息:
   System.TypeInitializationException : The type initializer for 'BetterGenshinImpact.App' threw an exception.
---- System.InvalidOperationException : 调用线程必须为 STA，因为许多 UI 组件都需要。
  堆栈跟踪:
     at BetterGenshinImpact.App.GetLogger[T]() in E:\Program Files\better-genshin-impact-LCB\BetterGenshinImpact\App.xaml.cs:line 234
   at BetterGenshinImpact.GameTask.AutoHoeing.Multiplayer.CoordinatorClient..ctor() in E:\Program Files\better-genshin-impact-LCB\BetterGenshinImpact\GameTask\AutoHoeing\Multiplayer\CoordinatorClient.cs:line 31
   at BetterGenshinImpact.UnitTest.GameTaskTests.AutoHoeingTests.RouteAnchorClientTests..ctor() in E:\Program Files\better-genshin-impact-LCB\Test\BetterGenshinImpact.UnitTest\GameTaskTests\AutoHoeingTests\RouteAnchorClientTests.cs:line 35
   at System.RuntimeType.CreateInstanceDefaultCtor(Boolean publicOnly, Boolean wrapExceptions)
----- Inner Stack Trace -----
   at System.Windows.Input.InputManager..ctor()
   at System.Windows.Input.InputManager.GetCurrentInputManagerImpl()
   at System.Windows.Input.KeyboardNavigation..ctor()
   at System.Windows.FrameworkElement.FrameworkServices..ctor()
   at System.Windows.FrameworkElement.EnsureFrameworkServices()
   at System.Windows.FrameworkElement..ctor()
   at System.Windows.Controls.Control..ctor()
   at System.Windows.Window..ctor()
   at Wpf.Ui.Controls.FluentWindow..ctor()
   at BetterGenshinImpact.View.Windows.ThemedMessageBox..ctor() in E:\Program Files\better-genshin-impact-LCB\BetterGenshinImpact\View\Windows\ThemedMessageBox.xaml.cs:line 35
   at BetterGenshinImpact.View.Windows.ThemedMessageBox.Show(String content, String title, MessageBoxButton button, MessageBoxIcon icon, MessageBoxResult defaultResult, Window owner) in E:\Program Files\better-genshin-impact-LCB\BetterGenshinImpact\View\Windows\ThemedMessageBox.xaml.cs:line 132
   at BetterGenshinImpact.View.Windows.ThemedMessageBox.Warning(String message, String title) in E:\Program Files\better-genshin-impact-LCB\BetterGenshinImpact\View\Windows\ThemedMessageBox.xaml.cs:line 293
   at BetterGenshinImpact.Helpers.RuntimeHelper.CheckIntegration() in E:\Program Files\better-genshin-impact-LCB\BetterGenshinImpact\Helpers\RuntimeHelper.cs:line 159
   at BetterGenshinImpact.Helpers.RuntimeExtension.CheckIntegration(IHostBuilder app) in E:\Program Files\better-genshin-impact-LCB\BetterGenshinImpact\Helpers\RuntimeHelper.cs:line 181
   at BetterGenshinImpact.App..cctor() in E:\Program Files\better-genshin-impact-LCB\BetterGenshinImpact\App.xaml.cs:line 58
  失败 BetterGenshinImpact.UnitTest.ServiceTests.Execution.ExecutionScopeSkippedTests.Observe_SkippedThenFailed_FailureNotCoveredBySkip [130 ms]
  错误消息:
   System.TypeInitializationException : The type initializer for 'BetterGenshinImpact.GameTask.Common.TaskControl' threw an exception.
---- System.TypeInitializationException : The type initializer for 'BetterGenshinImpact.App' threw an exception.
-------- System.InvalidOperationException : 调用线程必须为 STA，因为许多 UI 组件都需要。
  堆栈跟踪:
     at BetterGenshinImpact.Service.Execution.ExecutionScope.Dispose() in E:\Program Files\better-genshin-impact-LCB\BetterGenshinImpact\Service\Execution\ExecutionScope.cs:line 351
   at BetterGenshinImpact.UnitTest.ServiceTests.Execution.ExecutionScopeSkippedTests.Observe_SkippedThenFailed_FailureNotCoveredBySkip() in E:\Program Files\better-genshin-impact-LCB\Test\BetterGenshinImpact.UnitTest\ServiceTests\Execution\ExecutionScopeSkippedTests.cs:line 36
   at System.RuntimeMethodHandle.InvokeMethod(Object target, Void** arguments, Signature sig, Boolean isConstructor)
   at System.Reflection.MethodBaseInvoker.InvokeWithNoArgs(Object obj, BindingFlags invokeAttr)
----- Inner Stack Trace -----
   at BetterGenshinImpact.App.GetLogger[T]() in E:\Program Files\better-genshin-impact-LCB\BetterGenshinImpact\App.xaml.cs:line 234
   at BetterGenshinImpact.GameTask.AutoHoeing.Multiplayer.CoordinatorClient..ctor() in E:\Program Files\better-genshin-impact-LCB\BetterGenshinImpact\GameTask\AutoHoeing\Multiplayer\CoordinatorClient.cs:line 31
   at BetterGenshinImpact.UnitTest.GameTaskTests.AutoHoeingTests.CooperativeRerunCommunicationTests.Client(Func`3 f, Boolean cap, List`1 seen) in E:\Program Files\better-genshin-impact-LCB\Test\BetterGenshinImpact.UnitTest\GameTaskTests\AutoHoeingTests\CooperativeRerunCommunicationTests.cs:line 21
   at BetterGenshinImpact.UnitTest.GameTaskTests.AutoHoeingTests.CooperativeRerunCommunicationTests.CompleteNormalSendsNoEmptyMarkAndPrepares() in E:\Program Files\better-genshin-impact-LCB\Test\BetterGenshinImpact.UnitTest\GameTaskTests\AutoHoeingTests\CooperativeRerunCommunicationTests.cs:line 24
--- End of stack trace from previous location ---
----- Inner Stack Trace -----
   at System.Windows.Input.InputManager..ctor()
   at System.Windows.Input.InputManager.GetCurrentInputManagerImpl()
   at System.Windows.Input.KeyboardNavigation..ctor()
   at System.Windows.FrameworkElement.FrameworkServices..ctor()
   at System.Windows.FrameworkElement.EnsureFrameworkServices()
   at System.Windows.FrameworkElement..ctor()
   at System.Windows.Controls.Control..ctor()
   at System.Windows.Window..ctor()
   at Wpf.Ui.Controls.FluentWindow..ctor()
   at BetterGenshinImpact.View.Windows.ThemedMessageBox..ctor() in E:\Program Files\better-genshin-impact-LCB\BetterGenshinImpact\View\Windows\ThemedMessageBox.xaml.cs:line 35
   at BetterGenshinImpact.View.Windows.ThemedMessageBox.Show(String content, String title, MessageBoxButton button, MessageBoxIcon icon, MessageBoxResult defaultResult, Window owner) in E:\Program Files\better-genshin-impact-LCB\BetterGenshinImpact\View\Windows\ThemedMessageBox.xaml.cs:line 132
   at BetterGenshinImpact.View.Windows.ThemedMessageBox.Warning(String message, String title) in E:\Program Files\better-genshin-impact-LCB\BetterGenshinImpact\View\Windows\ThemedMessageBox.xaml.cs:line 293
   at BetterGenshinImpact.Helpers.RuntimeHelper.CheckIntegration() in E:\Program Files\better-genshin-impact-LCB\BetterGenshinImpact\Helpers\RuntimeHelper.cs:line 159
   at BetterGenshinImpact.Helpers.RuntimeExtension.CheckIntegration(IHostBuilder app) in E:\Program Files\better-genshin-impact-LCB\BetterGenshinImpact\Helpers\RuntimeHelper.cs:line 181
   at BetterGenshinImpact.App..cctor() in E:\Program Files\better-genshin-impact-LCB\BetterGenshinImpact\App.xaml.cs:line 58
  失败 BetterGenshinImpact.UnitTest.ServiceTests.Execution.ExecutionScopeSkippedTests.Observe_Skipped_DoesNotCountFailure_ExpressesSkipped [< 1 ms]
  错误消息:
   System.TypeInitializationException : The type initializer for 'BetterGenshinImpact.GameTask.Common.TaskControl' threw an exception.
---- System.TypeInitializationException : The type initializer for 'BetterGenshinImpact.App' threw an exception.
-------- System.InvalidOperationException : 调用线程必须为 STA，因为许多 UI 组件都需要。
  堆栈跟踪:
     at BetterGenshinImpact.Service.Execution.ExecutionScope.Dispose() in E:\Program Files\better-genshin-impact-LCB\BetterGenshinImpact\Service\Execution\ExecutionScope.cs:line 351
   at BetterGenshinImpact.UnitTest.ServiceTests.Execution.ExecutionScopeSkippedTests.Observe_Skipped_DoesNotCountFailure_ExpressesSkipped() in E:\Program Files\better-genshin-impact-LCB\Test\BetterGenshinImpact.UnitTest\ServiceTests\Execution\ExecutionScopeSkippedTests.cs:line 25
   at System.RuntimeMethodHandle.InvokeMethod(Object target, Void** arguments, Signature sig, Boolean isConstructor)
   at System.Reflection.MethodBaseInvoker.InvokeWithNoArgs(Object obj, BindingFlags invokeAttr)
----- Inner Stack Trace -----
   at BetterGenshinImpact.App.GetLogger[T]() in E:\Program Files\better-genshin-impact-LCB\BetterGenshinImpact\App.xaml.cs:line 234
   at BetterGenshinImpact.GameTask.AutoHoeing.Multiplayer.CoordinatorClient..ctor() in E:\Program Files\better-genshin-impact-LCB\BetterGenshinImpact\GameTask\AutoHoeing\Multiplayer\CoordinatorClient.cs:line 31
   at BetterGenshinImpact.UnitTest.GameTaskTests.AutoHoeingTests.RouteAnchorClientTests..ctor() in E:\Program Files\better-genshin-impact-LCB\Test\BetterGenshinImpact.UnitTest\GameTaskTests\AutoHoeingTests\RouteAnchorClientTests.cs:line 35
   at System.RuntimeType.CreateInstanceDefaultCtor(Boolean publicOnly, Boolean wrapExceptions)
----- Inner Stack Trace -----
   at System.Windows.Input.InputManager..ctor()
   at System.Windows.Input.InputManager.GetCurrentInputManagerImpl()
   at System.Windows.Input.KeyboardNavigation..ctor()
   at System.Windows.FrameworkElement.FrameworkServices..ctor()
   at System.Windows.FrameworkElement.EnsureFrameworkServices()
   at System.Windows.FrameworkElement..ctor()
   at System.Windows.Controls.Control..ctor()
   at System.Windows.Window..ctor()
   at Wpf.Ui.Controls.FluentWindow..ctor()
   at BetterGenshinImpact.View.Windows.ThemedMessageBox..ctor() in E:\Program Files\better-genshin-impact-LCB\BetterGenshinImpact\View\Windows\ThemedMessageBox.xaml.cs:line 35
   at BetterGenshinImpact.View.Windows.ThemedMessageBox.Show(String content, String title, MessageBoxButton button, MessageBoxIcon icon, MessageBoxResult defaultResult, Window owner) in E:\Program Files\better-genshin-impact-LCB\BetterGenshinImpact\View\Windows\ThemedMessageBox.xaml.cs:line 132
   at BetterGenshinImpact.View.Windows.ThemedMessageBox.Warning(String message, String title) in E:\Program Files\better-genshin-impact-LCB\BetterGenshinImpact\View\Windows\ThemedMessageBox.xaml.cs:line 293
   at BetterGenshinImpact.Helpers.RuntimeHelper.CheckIntegration() in E:\Program Files\better-genshin-impact-LCB\BetterGenshinImpact\Helpers\RuntimeHelper.cs:line 159
   at BetterGenshinImpact.Helpers.RuntimeExtension.CheckIntegration(IHostBuilder app) in E:\Program Files\better-genshin-impact-LCB\BetterGenshinImpact\Helpers\RuntimeHelper.cs:line 181
   at BetterGenshinImpact.App..cctor() in E:\Program Files\better-genshin-impact-LCB\BetterGenshinImpact\App.xaml.cs:line 58
  失败 BetterGenshinImpact.UnitTest.ServiceTests.Execution.ExecutionScopeSkippedTests.Observe_SkippedThenCancelled_CancelledWins [< 1 ms]
  错误消息:
   System.TypeInitializationException : The type initializer for 'BetterGenshinImpact.GameTask.Common.TaskControl' threw an exception.
---- System.TypeInitializationException : The type initializer for 'BetterGenshinImpact.App' threw an exception.
-------- System.InvalidOperationException : 调用线程必须为 STA，因为许多 UI 组件都需要。
  堆栈跟踪:
     at BetterGenshinImpact.Service.Execution.ExecutionScope.Dispose() in E:\Program Files\better-genshin-impact-LCB\BetterGenshinImpact\Service\Execution\ExecutionScope.cs:line 351
   at BetterGenshinImpact.UnitTest.ServiceTests.Execution.ExecutionScopeSkippedTests.Observe_SkippedThenCancelled_CancelledWins() in E:\Program Files\better-genshin-impact-LCB\Test\BetterGenshinImpact.UnitTest\ServiceTests\Execution\ExecutionScopeSkippedTests.cs:line 58
   at System.RuntimeMethodHandle.InvokeMethod(Object target, Void** arguments, Signature sig, Boolean isConstructor)
   at System.Reflection.MethodBaseInvoker.InvokeWithNoArgs(Object obj, BindingFlags invokeAttr)
----- Inner Stack Trace -----
   at BetterGenshinImpact.App.GetLogger[T]() in E:\Program Files\better-genshin-impact-LCB\BetterGenshinImpact\App.xaml.cs:line 234
   at BetterGenshinImpact.GameTask.AutoHoeing.Multiplayer.CoordinatorClient..ctor() in E:\Program Files\better-genshin-impact-LCB\BetterGenshinImpact\GameTask\AutoHoeing\Multiplayer\CoordinatorClient.cs:line 31
   at BetterGenshinImpact.UnitTest.GameTaskTests.AutoHoeingTests.RouteAnchorClientTests..ctor() in E:\Program Files\better-genshin-impact-LCB\Test\BetterGenshinImpact.UnitTest\GameTaskTests\AutoHoeingTests\RouteAnchorClientTests.cs:line 35
   at System.RuntimeType.CreateInstanceDefaultCtor(Boolean publicOnly, Boolean wrapExceptions)
----- Inner Stack Trace -----
   at System.Windows.Input.InputManager..ctor()
   at System.Windows.Input.InputManager.GetCurrentInputManagerImpl()
   at System.Windows.Input.KeyboardNavigation..ctor()
   at System.Windows.FrameworkElement.FrameworkServices..ctor()
   at System.Windows.FrameworkElement.EnsureFrameworkServices()
   at System.Windows.FrameworkElement..ctor()
   at System.Windows.Controls.Control..ctor()
   at System.Windows.Window..ctor()
   at Wpf.Ui.Controls.FluentWindow..ctor()
   at BetterGenshinImpact.View.Windows.ThemedMessageBox..ctor() in E:\Program Files\better-genshin-impact-LCB\BetterGenshinImpact\View\Windows\ThemedMessageBox.xaml.cs:line 35
   at BetterGenshinImpact.View.Windows.ThemedMessageBox.Show(String content, String title, MessageBoxButton button, MessageBoxIcon icon, MessageBoxResult defaultResult, Window owner) in E:\Program Files\better-genshin-impact-LCB\BetterGenshinImpact\View\Windows\ThemedMessageBox.xaml.cs:line 132
   at BetterGenshinImpact.View.Windows.ThemedMessageBox.Warning(String message, String title) in E:\Program Files\better-genshin-impact-LCB\BetterGenshinImpact\View\Windows\ThemedMessageBox.xaml.cs:line 293
   at BetterGenshinImpact.Helpers.RuntimeHelper.CheckIntegration() in E:\Program Files\better-genshin-impact-LCB\BetterGenshinImpact\Helpers\RuntimeHelper.cs:line 159
   at BetterGenshinImpact.Helpers.RuntimeExtension.CheckIntegration(IHostBuilder app) in E:\Program Files\better-genshin-impact-LCB\BetterGenshinImpact\Helpers\RuntimeHelper.cs:line 181
   at BetterGenshinImpact.App..cctor() in E:\Program Files\better-genshin-impact-LCB\BetterGenshinImpact\App.xaml.cs:line 58
  失败 BetterGenshinImpact.UnitTest.ServiceTests.Execution.ExecutionScopeSkippedTests.Observe_RanThenSkipped_SkippedExpressesNotFullyRan [< 1 ms]
  错误消息:
   System.TypeInitializationException : The type initializer for 'BetterGenshinImpact.GameTask.Common.TaskControl' threw an exception.
---- System.TypeInitializationException : The type initializer for 'BetterGenshinImpact.App' threw an exception.
-------- System.InvalidOperationException : 调用线程必须为 STA，因为许多 UI 组件都需要。
  堆栈跟踪:
     at BetterGenshinImpact.Service.Execution.ExecutionScope.Dispose() in E:\Program Files\better-genshin-impact-LCB\BetterGenshinImpact\Service\Execution\ExecutionScope.cs:line 351
   at BetterGenshinImpact.UnitTest.ServiceTests.Execution.ExecutionScopeSkippedTests.Observe_RanThenSkipped_SkippedExpressesNotFullyRan() in E:\Program Files\better-genshin-impact-LCB\Test\BetterGenshinImpact.UnitTest\ServiceTests\Execution\ExecutionScopeSkippedTests.cs:line 69
   at System.RuntimeMethodHandle.InvokeMethod(Object target, Void** arguments, Signature sig, Boolean isConstructor)
   at System.Reflection.MethodBaseInvoker.InvokeWithNoArgs(Object obj, BindingFlags invokeAttr)
----- Inner Stack Trace -----
   at BetterGenshinImpact.App.GetLogger[T]() in E:\Program Files\better-genshin-impact-LCB\BetterGenshinImpact\App.xaml.cs:line 234
   at BetterGenshinImpact.GameTask.AutoHoeing.Multiplayer.CoordinatorClient..ctor() in E:\Program Files\better-genshin-impact-LCB\BetterGenshinImpact\GameTask\AutoHoeing\Multiplayer\CoordinatorClient.cs:line 31
   at BetterGenshinImpact.UnitTest.GameTaskTests.AutoHoeingTests.RouteAnchorClientTests..ctor() in E:\Program Files\better-genshin-impact-LCB\Test\BetterGenshinImpact.UnitTest\GameTaskTests\AutoHoeingTests\RouteAnchorClientTests.cs:line 35
   at System.RuntimeType.CreateInstanceDefaultCtor(Boolean publicOnly, Boolean wrapExceptions)
----- Inner Stack Trace -----
   at System.Windows.Input.InputManager..ctor()
   at System.Windows.Input.InputManager.GetCurrentInputManagerImpl()
   at System.Windows.Input.KeyboardNavigation..ctor()
   at System.Windows.FrameworkElement.FrameworkServices..ctor()
   at System.Windows.FrameworkElement.EnsureFrameworkServices()
   at System.Windows.FrameworkElement..ctor()
   at System.Windows.Controls.Control..ctor()
   at System.Windows.Window..ctor()
   at Wpf.Ui.Controls.FluentWindow..ctor()
   at BetterGenshinImpact.View.Windows.ThemedMessageBox..ctor() in E:\Program Files\better-genshin-impact-LCB\BetterGenshinImpact\View\Windows\ThemedMessageBox.xaml.cs:line 35
   at BetterGenshinImpact.View.Windows.ThemedMessageBox.Show(String content, String title, MessageBoxButton button, MessageBoxIcon icon, MessageBoxResult defaultResult, Window owner) in E:\Program Files\better-genshin-impact-LCB\BetterGenshinImpact\View\Windows\ThemedMessageBox.xaml.cs:line 132
   at BetterGenshinImpact.View.Windows.ThemedMessageBox.Warning(String message, String title) in E:\Program Files\better-genshin-impact-LCB\BetterGenshinImpact\View\Windows\ThemedMessageBox.xaml.cs:line 293
   at BetterGenshinImpact.Helpers.RuntimeHelper.CheckIntegration() in E:\Program Files\better-genshin-impact-LCB\BetterGenshinImpact\Helpers\RuntimeHelper.cs:line 159
   at BetterGenshinImpact.Helpers.RuntimeExtension.CheckIntegration(IHostBuilder app) in E:\Program Files\better-genshin-impact-LCB\BetterGenshinImpact\Helpers\RuntimeHelper.cs:line 181
   at BetterGenshinImpact.App..cctor() in E:\Program Files\better-genshin-impact-LCB\BetterGenshinImpact\App.xaml.cs:line 58
  失败 BetterGenshinImpact.UnitTest.ServiceTests.Execution.ExecutionScopeSkippedTests.Observe_FailedThenSkipped_FailureSticks [< 1 ms]
  错误消息:
   System.TypeInitializationException : The type initializer for 'BetterGenshinImpact.GameTask.Common.TaskControl' threw an exception.
---- System.TypeInitializationException : The type initializer for 'BetterGenshinImpact.App' threw an exception.
-------- System.InvalidOperationException : 调用线程必须为 STA，因为许多 UI 组件都需要。
  堆栈跟踪:
     at BetterGenshinImpact.Service.Execution.ExecutionScope.Dispose() in E:\Program Files\better-genshin-impact-LCB\BetterGenshinImpact\Service\Execution\ExecutionScope.cs:line 351
   at BetterGenshinImpact.UnitTest.ServiceTests.Execution.ExecutionScopeSkippedTests.Observe_FailedThenSkipped_FailureSticks() in E:\Program Files\better-genshin-impact-LCB\Test\BetterGenshinImpact.UnitTest\ServiceTests\Execution\ExecutionScopeSkippedTests.cs:line 47
   at System.RuntimeMethodHandle.InvokeMethod(Object target, Void** arguments, Signature sig, Boolean isConstructor)
   at System.Reflection.MethodBaseInvoker.InvokeWithNoArgs(Object obj, BindingFlags invokeAttr)
----- Inner Stack Trace -----
   at BetterGenshinImpact.App.GetLogger[T]() in E:\Program Files\better-genshin-impact-LCB\BetterGenshinImpact\App.xaml.cs:line 234
   at BetterGenshinImpact.GameTask.AutoHoeing.Multiplayer.CoordinatorClient..ctor() in E:\Program Files\better-genshin-impact-LCB\BetterGenshinImpact\GameTask\AutoHoeing\Multiplayer\CoordinatorClient.cs:line 31
   at BetterGenshinImpact.UnitTest.GameTaskTests.AutoHoeingTests.RouteAnchorClientTests..ctor() in E:\Program Files\better-genshin-impact-LCB\Test\BetterGenshinImpact.UnitTest\GameTaskTests\AutoHoeingTests\RouteAnchorClientTests.cs:line 35
   at System.RuntimeType.CreateInstanceDefaultCtor(Boolean publicOnly, Boolean wrapExceptions)
----- Inner Stack Trace -----
   at System.Windows.Input.InputManager..ctor()
   at System.Windows.Input.InputManager.GetCurrentInputManagerImpl()
   at System.Windows.Input.KeyboardNavigation..ctor()
   at System.Windows.FrameworkElement.FrameworkServices..ctor()
   at System.Windows.FrameworkElement.EnsureFrameworkServices()
   at System.Windows.FrameworkElement..ctor()
   at System.Windows.Controls.Control..ctor()
   at System.Windows.Window..ctor()
   at Wpf.Ui.Controls.FluentWindow..ctor()
   at BetterGenshinImpact.View.Windows.ThemedMessageBox..ctor() in E:\Program Files\better-genshin-impact-LCB\BetterGenshinImpact\View\Windows\ThemedMessageBox.xaml.cs:line 35
   at BetterGenshinImpact.View.Windows.ThemedMessageBox.Show(String content, String title, MessageBoxButton button, MessageBoxIcon icon, MessageBoxResult defaultResult, Window owner) in E:\Program Files\better-genshin-impact-LCB\BetterGenshinImpact\View\Windows\ThemedMessageBox.xaml.cs:line 132
   at BetterGenshinImpact.View.Windows.ThemedMessageBox.Warning(String message, String title) in E:\Program Files\better-genshin-impact-LCB\BetterGenshinImpact\View\Windows\ThemedMessageBox.xaml.cs:line 293
   at BetterGenshinImpact.Helpers.RuntimeHelper.CheckIntegration() in E:\Program Files\better-genshin-impact-LCB\BetterGenshinImpact\Helpers\RuntimeHelper.cs:line 159
   at BetterGenshinImpact.Helpers.RuntimeExtension.CheckIntegration(IHostBuilder app) in E:\Program Files\better-genshin-impact-LCB\BetterGenshinImpact\Helpers\RuntimeHelper.cs:line 181
   at BetterGenshinImpact.App..cctor() in E:\Program Files\better-genshin-impact-LCB\BetterGenshinImpact\App.xaml.cs:line 58
  失败 BetterGenshinImpact.UnitTest.GameTaskTests.AutoHoeingTests.GatewayEnvelopeDispatchTests.DispatchEvt_MalformedPayload_NotApplied [< 1 ms]
  错误消息:
   System.TypeInitializationException : The type initializer for 'BetterGenshinImpact.App' threw an exception.
---- System.InvalidOperationException : 调用线程必须为 STA，因为许多 UI 组件都需要。
  堆栈跟踪:
     at BetterGenshinImpact.App.GetLogger[T]() in E:\Program Files\better-genshin-impact-LCB\BetterGenshinImpact\App.xaml.cs:line 234
   at BetterGenshinImpact.GameTask.AutoHoeing.Multiplayer.CoordinatorClient..ctor() in E:\Program Files\better-genshin-impact-LCB\BetterGenshinImpact\GameTask\AutoHoeing\Multiplayer\CoordinatorClient.cs:line 31
   at BetterGenshinImpact.UnitTest.GameTaskTests.AutoHoeingTests.GatewayEnvelopeDispatchTests.DispatchEvt_MalformedPayload_NotApplied() in E:\Program Files\better-genshin-impact-LCB\Test\BetterGenshinImpact.UnitTest\GameTaskTests\AutoHoeingTests\GatewayEnvelopeDispatchTests.cs:line 312
   at System.RuntimeMethodHandle.InvokeMethod(Object target, Void** arguments, Signature sig, Boolean isConstructor)
   at System.Reflection.MethodBaseInvoker.InvokeWithNoArgs(Object obj, BindingFlags invokeAttr)
----- Inner Stack Trace -----
   at System.Windows.Input.InputManager..ctor()
   at System.Windows.Input.InputManager.GetCurrentInputManagerImpl()
   at System.Windows.Input.KeyboardNavigation..ctor()
   at System.Windows.FrameworkElement.FrameworkServices..ctor()
   at System.Windows.FrameworkElement.EnsureFrameworkServices()
   at System.Windows.FrameworkElement..ctor()
   at System.Windows.Controls.Control..ctor()
   at System.Windows.Window..ctor()
   at Wpf.Ui.Controls.FluentWindow..ctor()
   at BetterGenshinImpact.View.Windows.ThemedMessageBox..ctor() in E:\Program Files\better-genshin-impact-LCB\BetterGenshinImpact\View\Windows\ThemedMessageBox.xaml.cs:line 35
   at BetterGenshinImpact.View.Windows.ThemedMessageBox.Show(String content, String title, MessageBoxButton button, MessageBoxIcon icon, MessageBoxResult defaultResult, Window owner) in E:\Program Files\better-genshin-impact-LCB\BetterGenshinImpact\View\Windows\ThemedMessageBox.xaml.cs:line 132
   at BetterGenshinImpact.View.Windows.ThemedMessageBox.Warning(String message, String title) in E:\Program Files\better-genshin-impact-LCB\BetterGenshinImpact\View\Windows\ThemedMessageBox.xaml.cs:line 293
   at BetterGenshinImpact.Helpers.RuntimeHelper.CheckIntegration() in E:\Program Files\better-genshin-impact-LCB\BetterGenshinImpact\Helpers\RuntimeHelper.cs:line 159
   at BetterGenshinImpact.Helpers.RuntimeExtension.CheckIntegration(IHostBuilder app) in E:\Program Files\better-genshin-impact-LCB\BetterGenshinImpact\Helpers\RuntimeHelper.cs:line 181
   at BetterGenshinImpact.App..cctor() in E:\Program Files\better-genshin-impact-LCB\BetterGenshinImpact\App.xaml.cs:line 58
  失败 BetterGenshinImpact.UnitTest.GameTaskTests.AutoHoeingTests.RouteAnchorRerunYieldTests.CompleteBoundary_CapabilityRejection_StillFails [1 ms]
  错误消息:
   System.TypeInitializationException : The type initializer for 'BetterGenshinImpact.App' threw an exception.
---- System.InvalidOperationException : 调用线程必须为 STA，因为许多 UI 组件都需要。
  堆栈跟踪:
     at BetterGenshinImpact.App.GetLogger[T]() in E:\Program Files\better-genshin-impact-LCB\BetterGenshinImpact\App.xaml.cs:line 234
   at BetterGenshinImpact.GameTask.AutoHoeing.Multiplayer.CoordinatorClient..ctor() in E:\Program Files\better-genshin-impact-LCB\BetterGenshinImpact\GameTask\AutoHoeing\Multiplayer\CoordinatorClient.cs:line 31
   at BetterGenshinImpact.UnitTest.GameTaskTests.AutoHoeingTests.CooperativeRerunCommunicationTests.Client(Func`3 f, Boolean cap, List`1 seen) in E:\Program Files\better-genshin-impact-LCB\Test\BetterGenshinImpact.UnitTest\GameTaskTests\AutoHoeingTests\CooperativeRerunCommunicationTests.cs:line 21
   at BetterGenshinImpact.UnitTest.GameTaskTests.AutoHoeingTests.CooperativeRerunCommunicationTests.CompleteNormalSendsNoEmptyMarkAndPrepares() in E:\Program Files\better-genshin-impact-LCB\Test\BetterGenshinImpact.UnitTest\GameTaskTests\AutoHoeingTests\CooperativeRerunCommunicationTests.cs:line 24
--- End of stack trace from previous location ---
----- Inner Stack Trace -----
   at System.Windows.Input.InputManager..ctor()
   at System.Windows.Input.InputManager.GetCurrentInputManagerImpl()
   at System.Windows.Input.KeyboardNavigation..ctor()
   at System.Windows.FrameworkElement.FrameworkServices..ctor()
   at System.Windows.FrameworkElement.EnsureFrameworkServices()
   at System.Windows.FrameworkElement..ctor()
   at System.Windows.Controls.Control..ctor()
   at System.Windows.Window..ctor()
   at Wpf.Ui.Controls.FluentWindow..ctor()
   at BetterGenshinImpact.View.Windows.ThemedMessageBox..ctor() in E:\Program Files\better-genshin-impact-LCB\BetterGenshinImpact\View\Windows\ThemedMessageBox.xaml.cs:line 35
   at BetterGenshinImpact.View.Windows.ThemedMessageBox.Show(String content, String title, MessageBoxButton button, MessageBoxIcon icon, MessageBoxResult defaultResult, Window owner) in E:\Program Files\better-genshin-impact-LCB\BetterGenshinImpact\View\Windows\ThemedMessageBox.xaml.cs:line 132
   at BetterGenshinImpact.View.Windows.ThemedMessageBox.Warning(String message, String title) in E:\Program Files\better-genshin-impact-LCB\BetterGenshinImpact\View\Windows\ThemedMessageBox.xaml.cs:line 293
   at BetterGenshinImpact.Helpers.RuntimeHelper.CheckIntegration() in E:\Program Files\better-genshin-impact-LCB\BetterGenshinImpact\Helpers\RuntimeHelper.cs:line 159
   at BetterGenshinImpact.Helpers.RuntimeExtension.CheckIntegration(IHostBuilder app) in E:\Program Files\better-genshin-impact-LCB\BetterGenshinImpact\Helpers\RuntimeHelper.cs:line 181
   at BetterGenshinImpact.App..cctor() in E:\Program Files\better-genshin-impact-LCB\BetterGenshinImpact\App.xaml.cs:line 58
  失败 BetterGenshinImpact.UnitTest.GameTaskTests.AutoHoeingTests.RouteAnchorRerunYieldTests.ExtractAnchorErrorReason_OnlyAcceptsKnownPrefix(message: "", expected: "") [1 ms]
  错误消息:
   System.TypeInitializationException : The type initializer for 'BetterGenshinImpact.App' threw an exception.
---- System.InvalidOperationException : 调用线程必须为 STA，因为许多 UI 组件都需要。
  堆栈跟踪:
     at BetterGenshinImpact.App.GetLogger[T]() in E:\Program Files\better-genshin-impact-LCB\BetterGenshinImpact\App.xaml.cs:line 234
   at BetterGenshinImpact.GameTask.AutoHoeing.Multiplayer.CoordinatorClient..ctor() in E:\Program Files\better-genshin-impact-LCB\BetterGenshinImpact\GameTask\AutoHoeing\Multiplayer\CoordinatorClient.cs:line 31
   at BetterGenshinImpact.UnitTest.GameTaskTests.AutoHoeingTests.RouteAnchorRerunYieldTests..ctor() in E:\Program Files\better-genshin-impact-LCB\Test\BetterGenshinImpact.UnitTest\GameTaskTests\AutoHoeingTests\RouteAnchorRerunYieldTests.cs:line 31
   at System.RuntimeType.CreateInstanceDefaultCtor(Boolean publicOnly, Boolean wrapExceptions)
----- Inner Stack Trace -----
   at System.Windows.Input.InputManager..ctor()
   at System.Windows.Input.InputManager.GetCurrentInputManagerImpl()
   at System.Windows.Input.KeyboardNavigation..ctor()
   at System.Windows.FrameworkElement.FrameworkServices..ctor()
   at System.Windows.FrameworkElement.EnsureFrameworkServices()
   at System.Windows.FrameworkElement..ctor()
   at System.Windows.Controls.Control..ctor()
   at System.Windows.Window..ctor()
   at Wpf.Ui.Controls.FluentWindow..ctor()
   at BetterGenshinImpact.View.Windows.ThemedMessageBox..ctor() in E:\Program Files\better-genshin-impact-LCB\BetterGenshinImpact\View\Windows\ThemedMessageBox.xaml.cs:line 35
   at BetterGenshinImpact.View.Windows.ThemedMessageBox.Show(String content, String title, MessageBoxButton button, MessageBoxIcon icon, MessageBoxResult defaultResult, Window owner) in E:\Program Files\better-genshin-impact-LCB\BetterGenshinImpact\View\Windows\ThemedMessageBox.xaml.cs:line 132
   at BetterGenshinImpact.View.Windows.ThemedMessageBox.Warning(String message, String title) in E:\Program Files\better-genshin-impact-LCB\BetterGenshinImpact\View\Windows\ThemedMessageBox.xaml.cs:line 293
   at BetterGenshinImpact.Helpers.RuntimeHelper.CheckIntegration() in E:\Program Files\better-genshin-impact-LCB\BetterGenshinImpact\Helpers\RuntimeHelper.cs:line 159
   at BetterGenshinImpact.Helpers.RuntimeExtension.CheckIntegration(IHostBuilder app) in E:\Program Files\better-genshin-impact-LCB\BetterGenshinImpact\Helpers\RuntimeHelper.cs:line 181
   at BetterGenshinImpact.App..cctor() in E:\Program Files\better-genshin-impact-LCB\BetterGenshinImpact\App.xaml.cs:line 58
  失败 BetterGenshinImpact.UnitTest.GameTaskTests.AutoHoeingTests.GatewayEnvelopeDispatchTests.DispatchEvt_NoPayloadEvents [< 1 ms]
  错误消息:
   System.TypeInitializationException : The type initializer for 'BetterGenshinImpact.App' threw an exception.
---- System.InvalidOperationException : 调用线程必须为 STA，因为许多 UI 组件都需要。
  堆栈跟踪:
     at BetterGenshinImpact.App.GetLogger[T]() in E:\Program Files\better-genshin-impact-LCB\BetterGenshinImpact\App.xaml.cs:line 234
   at BetterGenshinImpact.GameTask.AutoHoeing.Multiplayer.CoordinatorClient..ctor() in E:\Program Files\better-genshin-impact-LCB\BetterGenshinImpact\GameTask\AutoHoeing\Multiplayer\CoordinatorClient.cs:line 31
   at BetterGenshinImpact.UnitTest.GameTaskTests.AutoHoeingTests.RouteAnchorRerunYieldTests..ctor() in E:\Program Files\better-genshin-impact-LCB\Test\BetterGenshinImpact.UnitTest\GameTaskTests\AutoHoeingTests\RouteAnchorRerunYieldTests.cs:line 31
   at System.RuntimeType.CreateInstanceDefaultCtor(Boolean publicOnly, Boolean wrapExceptions)
----- Inner Stack Trace -----
   at System.Windows.Input.InputManager..ctor()
   at System.Windows.Input.InputManager.GetCurrentInputManagerImpl()
   at System.Windows.Input.KeyboardNavigation..ctor()
   at System.Windows.FrameworkElement.FrameworkServices..ctor()
   at System.Windows.FrameworkElement.EnsureFrameworkServices()
   at System.Windows.FrameworkElement..ctor()
   at System.Windows.Controls.Control..ctor()
   at System.Windows.Window..ctor()
   at Wpf.Ui.Controls.FluentWindow..ctor()
   at BetterGenshinImpact.View.Windows.ThemedMessageBox..ctor() in E:\Program Files\better-genshin-impact-LCB\BetterGenshinImpact\View\Windows\ThemedMessageBox.xaml.cs:line 35
   at BetterGenshinImpact.View.Windows.ThemedMessageBox.Show(String content, String title, MessageBoxButton button, MessageBoxIcon icon, MessageBoxResult defaultResult, Window owner) in E:\Program Files\better-genshin-impact-LCB\BetterGenshinImpact\View\Windows\ThemedMessageBox.xaml.cs:line 132
   at BetterGenshinImpact.View.Windows.ThemedMessageBox.Warning(String message, String title) in E:\Program Files\better-genshin-impact-LCB\BetterGenshinImpact\View\Windows\ThemedMessageBox.xaml.cs:line 293
   at BetterGenshinImpact.Helpers.RuntimeHelper.CheckIntegration() in E:\Program Files\better-genshin-impact-LCB\BetterGenshinImpact\Helpers\RuntimeHelper.cs:line 159
   at BetterGenshinImpact.Helpers.RuntimeExtension.CheckIntegration(IHostBuilder app) in E:\Program Files\better-genshin-impact-LCB\BetterGenshinImpact\Helpers\RuntimeHelper.cs:line 181
   at BetterGenshinImpact.App..cctor() in E:\Program Files\better-genshin-impact-LCB\BetterGenshinImpact\App.xaml.cs:line 58
  失败 BetterGenshinImpact.UnitTest.GameTaskTests.AutoHoeingTests.RouteAnchorRerunYieldTests.ExtractAnchorErrorReason_OnlyAcceptsKnownPrefix(message: "[gateway:bad_request] route_anchor:rerun_in_progre"···, expected: "rerun_in_progress") [1 ms]
  错误消息:
   System.TypeInitializationException : The type initializer for 'BetterGenshinImpact.App' threw an exception.
---- System.InvalidOperationException : 调用线程必须为 STA，因为许多 UI 组件都需要。
  堆栈跟踪:
     at BetterGenshinImpact.App.GetLogger[T]() in E:\Program Files\better-genshin-impact-LCB\BetterGenshinImpact\App.xaml.cs:line 234
   at BetterGenshinImpact.GameTask.AutoHoeing.Multiplayer.CoordinatorClient..ctor() in E:\Program Files\better-genshin-impact-LCB\BetterGenshinImpact\GameTask\AutoHoeing\Multiplayer\CoordinatorClient.cs:line 31
   at BetterGenshinImpact.UnitTest.GameTaskTests.AutoHoeingTests.RouteAnchorRerunYieldTests..ctor() in E:\Program Files\better-genshin-impact-LCB\Test\BetterGenshinImpact.UnitTest\GameTaskTests\AutoHoeingTests\RouteAnchorRerunYieldTests.cs:line 31
   at System.RuntimeType.CreateInstanceDefaultCtor(Boolean publicOnly, Boolean wrapExceptions)
----- Inner Stack Trace -----
   at System.Windows.Input.InputManager..ctor()
   at System.Windows.Input.InputManager.GetCurrentInputManagerImpl()
   at System.Windows.Input.KeyboardNavigation..ctor()
   at System.Windows.FrameworkElement.FrameworkServices..ctor()
   at System.Windows.FrameworkElement.EnsureFrameworkServices()
   at System.Windows.FrameworkElement..ctor()
   at System.Windows.Controls.Control..ctor()
   at System.Windows.Window..ctor()
   at Wpf.Ui.Controls.FluentWindow..ctor()
   at BetterGenshinImpact.View.Windows.ThemedMessageBox..ctor() in E:\Program Files\better-genshin-impact-LCB\BetterGenshinImpact\View\Windows\ThemedMessageBox.xaml.cs:line 35
   at BetterGenshinImpact.View.Windows.ThemedMessageBox.Show(String content, String title, MessageBoxButton button, MessageBoxIcon icon, MessageBoxResult defaultResult, Window owner) in E:\Program Files\better-genshin-impact-LCB\BetterGenshinImpact\View\Windows\ThemedMessageBox.xaml.cs:line 132
   at BetterGenshinImpact.View.Windows.ThemedMessageBox.Warning(String message, String title) in E:\Program Files\better-genshin-impact-LCB\BetterGenshinImpact\View\Windows\ThemedMessageBox.xaml.cs:line 293
   at BetterGenshinImpact.Helpers.RuntimeHelper.CheckIntegration() in E:\Program Files\better-genshin-impact-LCB\BetterGenshinImpact\Helpers\RuntimeHelper.cs:line 159
   at BetterGenshinImpact.Helpers.RuntimeExtension.CheckIntegration(IHostBuilder app) in E:\Program Files\better-genshin-impact-LCB\BetterGenshinImpact\Helpers\RuntimeHelper.cs:line 181
   at BetterGenshinImpact.App..cctor() in E:\Program Files\better-genshin-impact-LCB\BetterGenshinImpact\App.xaml.cs:line 58
  失败 BetterGenshinImpact.UnitTest.GameTaskTests.AutoHoeingTests.RouteAnchorRerunYieldTests.ExtractAnchorErrorReason_OnlyAcceptsKnownPrefix(message: "route_anchor:stale_boundary", expected: "stale_boundary") [1 ms]
  错误消息:
   System.TypeInitializationException : The type initializer for 'BetterGenshinImpact.App' threw an exception.
---- System.InvalidOperationException : 调用线程必须为 STA，因为许多 UI 组件都需要。
  堆栈跟踪:
     at BetterGenshinImpact.App.GetLogger[T]() in E:\Program Files\better-genshin-impact-LCB\BetterGenshinImpact\App.xaml.cs:line 234
   at BetterGenshinImpact.GameTask.AutoHoeing.Multiplayer.CoordinatorClient..ctor() in E:\Program Files\better-genshin-impact-LCB\BetterGenshinImpact\GameTask\AutoHoeing\Multiplayer\CoordinatorClient.cs:line 31
   at BetterGenshinImpact.UnitTest.GameTaskTests.AutoHoeingTests.RouteAnchorRerunYieldTests..ctor() in E:\Program Files\better-genshin-impact-LCB\Test\BetterGenshinImpact.UnitTest\GameTaskTests\AutoHoeingTests\RouteAnchorRerunYieldTests.cs:line 31
   at System.RuntimeType.CreateInstanceDefaultCtor(Boolean publicOnly, Boolean wrapExceptions)
----- Inner Stack Trace -----
   at System.Windows.Input.InputManager..ctor()
   at System.Windows.Input.InputManager.GetCurrentInputManagerImpl()
   at System.Windows.Input.KeyboardNavigation..ctor()
   at System.Windows.FrameworkElement.FrameworkServices..ctor()
   at System.Windows.FrameworkElement.EnsureFrameworkServices()
   at System.Windows.FrameworkElement..ctor()
   at System.Windows.Controls.Control..ctor()
   at System.Windows.Window..ctor()
   at Wpf.Ui.Controls.FluentWindow..ctor()
   at BetterGenshinImpact.View.Windows.ThemedMessageBox..ctor() in E:\Program Files\better-genshin-impact-LCB\BetterGenshinImpact\View\Windows\ThemedMessageBox.xaml.cs:line 35
   at BetterGenshinImpact.View.Windows.ThemedMessageBox.Show(String content, String title, MessageBoxButton button, MessageBoxIcon icon, MessageBoxResult defaultResult, Window owner) in E:\Program Files\better-genshin-impact-LCB\BetterGenshinImpact\View\Windows\ThemedMessageBox.xaml.cs:line 132
   at BetterGenshinImpact.View.Windows.ThemedMessageBox.Warning(String message, String title) in E:\Program Files\better-genshin-impact-LCB\BetterGenshinImpact\View\Windows\ThemedMessageBox.xaml.cs:line 293
   at BetterGenshinImpact.Helpers.RuntimeHelper.CheckIntegration() in E:\Program Files\better-genshin-impact-LCB\BetterGenshinImpact\Helpers\RuntimeHelper.cs:line 159
   at BetterGenshinImpact.Helpers.RuntimeExtension.CheckIntegration(IHostBuilder app) in E:\Program Files\better-genshin-impact-LCB\BetterGenshinImpact\Helpers\RuntimeHelper.cs:line 181
   at BetterGenshinImpact.App..cctor() in E:\Program Files\better-genshin-impact-LCB\BetterGenshinImpact\App.xaml.cs:line 58
  失败 BetterGenshinImpact.UnitTest.GameTaskTests.AutoHoeingTests.RouteAnchorRerunYieldTests.ExtractAnchorErrorReason_OnlyAcceptsKnownPrefix(message: "[gateway:bad_request] route_anchor:config_disabled", expected: "config_disabled") [1 ms]
  错误消息:
   System.TypeInitializationException : The type initializer for 'BetterGenshinImpact.App' threw an exception.
---- System.InvalidOperationException : 调用线程必须为 STA，因为许多 UI 组件都需要。
  堆栈跟踪:
     at BetterGenshinImpact.App.GetLogger[T]() in E:\Program Files\better-genshin-impact-LCB\BetterGenshinImpact\App.xaml.cs:line 234
   at BetterGenshinImpact.GameTask.AutoHoeing.Multiplayer.CoordinatorClient..ctor() in E:\Program Files\better-genshin-impact-LCB\BetterGenshinImpact\GameTask\AutoHoeing\Multiplayer\CoordinatorClient.cs:line 31
   at BetterGenshinImpact.UnitTest.GameTaskTests.AutoHoeingTests.RouteAnchorRerunYieldTests..ctor() in E:\Program Files\better-genshin-impact-LCB\Test\BetterGenshinImpact.UnitTest\GameTaskTests\AutoHoeingTests\RouteAnchorRerunYieldTests.cs:line 31
   at System.RuntimeType.CreateInstanceDefaultCtor(Boolean publicOnly, Boolean wrapExceptions)
----- Inner Stack Trace -----
   at System.Windows.Input.InputManager..ctor()
   at System.Windows.Input.InputManager.GetCurrentInputManagerImpl()
   at System.Windows.Input.KeyboardNavigation..ctor()
   at System.Windows.FrameworkElement.FrameworkServices..ctor()
   at System.Windows.FrameworkElement.EnsureFrameworkServices()
   at System.Windows.FrameworkElement..ctor()
   at System.Windows.Controls.Control..ctor()
   at System.Windows.Window..ctor()
   at Wpf.Ui.Controls.FluentWindow..ctor()
   at BetterGenshinImpact.View.Windows.ThemedMessageBox..ctor() in E:\Program Files\better-genshin-impact-LCB\BetterGenshinImpact\View\Windows\ThemedMessageBox.xaml.cs:line 35
   at BetterGenshinImpact.View.Windows.ThemedMessageBox.Show(String content, String title, MessageBoxButton button, MessageBoxIcon icon, MessageBoxResult defaultResult, Window owner) in E:\Program Files\better-genshin-impact-LCB\BetterGenshinImpact\View\Windows\ThemedMessageBox.xaml.cs:line 132
   at BetterGenshinImpact.View.Windows.ThemedMessageBox.Warning(String message, String title) in E:\Program Files\better-genshin-impact-LCB\BetterGenshinImpact\View\Windows\ThemedMessageBox.xaml.cs:line 293
   at BetterGenshinImpact.Helpers.RuntimeHelper.CheckIntegration() in E:\Program Files\better-genshin-impact-LCB\BetterGenshinImpact\Helpers\RuntimeHelper.cs:line 159
   at BetterGenshinImpact.Helpers.RuntimeExtension.CheckIntegration(IHostBuilder app) in E:\Program Files\better-genshin-impact-LCB\BetterGenshinImpact\Helpers\RuntimeHelper.cs:line 181
   at BetterGenshinImpact.App..cctor() in E:\Program Files\better-genshin-impact-LCB\BetterGenshinImpact\App.xaml.cs:line 58
  失败 BetterGenshinImpact.UnitTest.GameTaskTests.AutoHoeingTests.AutoHoeingLogicTests.ParseDescription_WithTimeAndMonsters_ParsesCorrectly [< 1 ms]
  错误消息:
   System.TypeInitializationException : The type initializer for 'BetterGenshinImpact.GameTask.AutoHoeing.Services.RouteInfoLoader' threw an exception.
---- System.TypeInitializationException : The type initializer for 'BetterGenshinImpact.App' threw an exception.
-------- System.InvalidOperationException : 调用线程必须为 STA，因为许多 UI 组件都需要。
  堆栈跟踪:
     at BetterGenshinImpact.GameTask.AutoHoeing.Services.RouteInfoLoader.ParseDescription(String desc) in E:\Program Files\better-genshin-impact-LCB\BetterGenshinImpact\GameTask\AutoHoeing\Services\RouteInfoLoader.cs:line 138
   at BetterGenshinImpact.UnitTest.GameTaskTests.AutoHoeingTests.AutoHoeingLogicTests.ParseDescription_WithTimeAndMonsters_ParsesCorrectly() in E:\Program Files\better-genshin-impact-LCB\Test\BetterGenshinImpact.UnitTest\GameTaskTests\AutoHoeingTests\AutoHoeingLogicTests.cs:line 17
   at System.RuntimeMethodHandle.InvokeMethod(Object target, Void** arguments, Signature sig, Boolean isConstructor)
   at System.Reflection.MethodBaseInvoker.InvokeWithNoArgs(Object obj, BindingFlags invokeAttr)
----- Inner Stack Trace -----
   at BetterGenshinImpact.App.GetLogger[T]() in E:\Program Files\better-genshin-impact-LCB\BetterGenshinImpact\App.xaml.cs:line 234
   at BetterGenshinImpact.GameTask.AutoHoeing.Multiplayer.CoordinatorClient..ctor() in E:\Program Files\better-genshin-impact-LCB\BetterGenshinImpact\GameTask\AutoHoeing\Multiplayer\CoordinatorClient.cs:line 31
   at BetterGenshinImpact.UnitTest.GameTaskTests.AutoHoeingTests.RouteAnchorRerunYieldTests..ctor() in E:\Program Files\better-genshin-impact-LCB\Test\BetterGenshinImpact.UnitTest\GameTaskTests\AutoHoeingTests\RouteAnchorRerunYieldTests.cs:line 31
   at System.RuntimeType.CreateInstanceDefaultCtor(Boolean publicOnly, Boolean wrapExceptions)
----- Inner Stack Trace -----
   at System.Windows.Input.InputManager..ctor()
   at System.Windows.Input.InputManager.GetCurrentInputManagerImpl()
   at System.Windows.Input.KeyboardNavigation..ctor()
   at System.Windows.FrameworkElement.FrameworkServices..ctor()
   at System.Windows.FrameworkElement.EnsureFrameworkServices()
   at System.Windows.FrameworkElement..ctor()
   at System.Windows.Controls.Control..ctor()
   at System.Windows.Window..ctor()
   at Wpf.Ui.Controls.FluentWindow..ctor()
   at BetterGenshinImpact.View.Windows.ThemedMessageBox..ctor() in E:\Program Files\better-genshin-impact-LCB\BetterGenshinImpact\View\Windows\ThemedMessageBox.xaml.cs:line 35
   at BetterGenshinImpact.View.Windows.ThemedMessageBox.Show(String content, String title, MessageBoxButton button, MessageBoxIcon icon, MessageBoxResult defaultResult, Window owner) in E:\Program Files\better-genshin-impact-LCB\BetterGenshinImpact\View\Windows\ThemedMessageBox.xaml.cs:line 132
   at BetterGenshinImpact.View.Windows.ThemedMessageBox.Warning(String message, String title) in E:\Program Files\better-genshin-impact-LCB\BetterGenshinImpact\View\Windows\ThemedMessageBox.xaml.cs:line 293
   at BetterGenshinImpact.Helpers.RuntimeHelper.CheckIntegration() in E:\Program Files\better-genshin-impact-LCB\BetterGenshinImpact\Helpers\RuntimeHelper.cs:line 159
   at BetterGenshinImpact.Helpers.RuntimeExtension.CheckIntegration(IHostBuilder app) in E:\Program Files\better-genshin-impact-LCB\BetterGenshinImpact\Helpers\RuntimeHelper.cs:line 181
   at BetterGenshinImpact.App..cctor() in E:\Program Files\better-genshin-impact-LCB\BetterGenshinImpact\App.xaml.cs:line 58
  失败 BetterGenshinImpact.UnitTest.GameTaskTests.AutoHoeingTests.RouteAnchorRerunYieldTests.ExtractAnchorErrorReason_OnlyAcceptsKnownPrefix(message: "[gateway:bad_request] route_anchor:capability_requ"···, expected: "capability_required") [1 ms]
  错误消息:
   System.TypeInitializationException : The type initializer for 'BetterGenshinImpact.App' threw an exception.
---- System.InvalidOperationException : 调用线程必须为 STA，因为许多 UI 组件都需要。
  堆栈跟踪:
     at BetterGenshinImpact.App.GetLogger[T]() in E:\Program Files\better-genshin-impact-LCB\BetterGenshinImpact\App.xaml.cs:line 234
   at BetterGenshinImpact.GameTask.AutoHoeing.Multiplayer.CoordinatorClient..ctor() in E:\Program Files\better-genshin-impact-LCB\BetterGenshinImpact\GameTask\AutoHoeing\Multiplayer\CoordinatorClient.cs:line 31
   at BetterGenshinImpact.UnitTest.GameTaskTests.AutoHoeingTests.RouteAnchorRerunYieldTests..ctor() in E:\Program Files\better-genshin-impact-LCB\Test\BetterGenshinImpact.UnitTest\GameTaskTests\AutoHoeingTests\RouteAnchorRerunYieldTests.cs:line 31
   at System.RuntimeType.CreateInstanceDefaultCtor(Boolean publicOnly, Boolean wrapExceptions)
----- Inner Stack Trace -----
   at System.Windows.Input.InputManager..ctor()
   at System.Windows.Input.InputManager.GetCurrentInputManagerImpl()
   at System.Windows.Input.KeyboardNavigation..ctor()
   at System.Windows.FrameworkElement.FrameworkServices..ctor()
   at System.Windows.FrameworkElement.EnsureFrameworkServices()
   at System.Windows.FrameworkElement..ctor()
   at System.Windows.Controls.Control..ctor()
   at System.Windows.Window..ctor()
   at Wpf.Ui.Controls.FluentWindow..ctor()
   at BetterGenshinImpact.View.Windows.ThemedMessageBox..ctor() in E:\Program Files\better-genshin-impact-LCB\BetterGenshinImpact\View\Windows\ThemedMessageBox.xaml.cs:line 35
   at BetterGenshinImpact.View.Windows.ThemedMessageBox.Show(String content, String title, MessageBoxButton button, MessageBoxIcon icon, MessageBoxResult defaultResult, Window owner) in E:\Program Files\better-genshin-impact-LCB\BetterGenshinImpact\View\Windows\ThemedMessageBox.xaml.cs:line 132
   at BetterGenshinImpact.View.Windows.ThemedMessageBox.Warning(String message, String title) in E:\Program Files\better-genshin-impact-LCB\BetterGenshinImpact\View\Windows\ThemedMessageBox.xaml.cs:line 293
   at BetterGenshinImpact.Helpers.RuntimeHelper.CheckIntegration() in E:\Program Files\better-genshin-impact-LCB\BetterGenshinImpact\Helpers\RuntimeHelper.cs:line 159
   at BetterGenshinImpact.Helpers.RuntimeExtension.CheckIntegration(IHostBuilder app) in E:\Program Files\better-genshin-impact-LCB\BetterGenshinImpact\Helpers\RuntimeHelper.cs:line 181
   at BetterGenshinImpact.App..cctor() in E:\Program Files\better-genshin-impact-LCB\BetterGenshinImpact\App.xaml.cs:line 58
  失败 BetterGenshinImpact.UnitTest.GameTaskTests.AutoHoeingTests.RouteAnchorRerunYieldTests.ExtractAnchorErrorReason_OnlyAcceptsKnownPrefix(message: "完全无关的错误消息", expected: "") [1 ms]
  错误消息:
   System.TypeInitializationException : The type initializer for 'BetterGenshinImpact.App' threw an exception.
---- System.InvalidOperationException : 调用线程必须为 STA，因为许多 UI 组件都需要。
  堆栈跟踪:
     at BetterGenshinImpact.App.GetLogger[T]() in E:\Program Files\better-genshin-impact-LCB\BetterGenshinImpact\App.xaml.cs:line 234
   at BetterGenshinImpact.GameTask.AutoHoeing.Multiplayer.CoordinatorClient..ctor() in E:\Program Files\better-genshin-impact-LCB\BetterGenshinImpact\GameTask\AutoHoeing\Multiplayer\CoordinatorClient.cs:line 31
   at BetterGenshinImpact.UnitTest.GameTaskTests.AutoHoeingTests.RouteAnchorRerunYieldTests..ctor() in E:\Program Files\better-genshin-impact-LCB\Test\BetterGenshinImpact.UnitTest\GameTaskTests\AutoHoeingTests\RouteAnchorRerunYieldTests.cs:line 31
   at System.RuntimeType.CreateInstanceDefaultCtor(Boolean publicOnly, Boolean wrapExceptions)
----- Inner Stack Trace -----
   at System.Windows.Input.InputManager..ctor()
   at System.Windows.Input.InputManager.GetCurrentInputManagerImpl()
   at System.Windows.Input.KeyboardNavigation..ctor()
   at System.Windows.FrameworkElement.FrameworkServices..ctor()
   at System.Windows.FrameworkElement.EnsureFrameworkServices()
   at System.Windows.FrameworkElement..ctor()
   at System.Windows.Controls.Control..ctor()
   at System.Windows.Window..ctor()
   at Wpf.Ui.Controls.FluentWindow..ctor()
   at BetterGenshinImpact.View.Windows.ThemedMessageBox..ctor() in E:\Program Files\better-genshin-impact-LCB\BetterGenshinImpact\View\Windows\ThemedMessageBox.xaml.cs:line 35
   at BetterGenshinImpact.View.Windows.ThemedMessageBox.Show(String content, String title, MessageBoxButton button, MessageBoxIcon icon, MessageBoxResult defaultResult, Window owner) in E:\Program Files\better-genshin-impact-LCB\BetterGenshinImpact\View\Windows\ThemedMessageBox.xaml.cs:line 132
   at BetterGenshinImpact.View.Windows.ThemedMessageBox.Warning(String message, String title) in E:\Program Files\better-genshin-impact-LCB\BetterGenshinImpact\View\Windows\ThemedMessageBox.xaml.cs:line 293
   at BetterGenshinImpact.Helpers.RuntimeHelper.CheckIntegration() in E:\Program Files\better-genshin-impact-LCB\BetterGenshinImpact\Helpers\RuntimeHelper.cs:line 159
   at BetterGenshinImpact.Helpers.RuntimeExtension.CheckIntegration(IHostBuilder app) in E:\Program Files\better-genshin-impact-LCB\BetterGenshinImpact\Helpers\RuntimeHelper.cs:line 181
   at BetterGenshinImpact.App..cctor() in E:\Program Files\better-genshin-impact-LCB\BetterGenshinImpact\App.xaml.cs:line 58
  失败 BetterGenshinImpact.UnitTest.GameTaskTests.AutoHoeingTests.RouteAnchorRerunYieldTests.ExtractAnchorErrorReason_OnlyAcceptsKnownPrefix(message: null, expected: "") [1 ms]
  错误消息:
   System.TypeInitializationException : The type initializer for 'BetterGenshinImpact.App' threw an exception.
---- System.InvalidOperationException : 调用线程必须为 STA，因为许多 UI 组件都需要。
  堆栈跟踪:
     at BetterGenshinImpact.App.GetLogger[T]() in E:\Program Files\better-genshin-impact-LCB\BetterGenshinImpact\App.xaml.cs:line 234
   at BetterGenshinImpact.GameTask.AutoHoeing.Multiplayer.CoordinatorClient..ctor() in E:\Program Files\better-genshin-impact-LCB\BetterGenshinImpact\GameTask\AutoHoeing\Multiplayer\CoordinatorClient.cs:line 31
   at BetterGenshinImpact.UnitTest.GameTaskTests.AutoHoeingTests.RouteAnchorRerunYieldTests..ctor() in E:\Program Files\better-genshin-impact-LCB\Test\BetterGenshinImpact.UnitTest\GameTaskTests\AutoHoeingTests\RouteAnchorRerunYieldTests.cs:line 31
   at System.RuntimeType.CreateInstanceDefaultCtor(Boolean publicOnly, Boolean wrapExceptions)
----- Inner Stack Trace -----
   at System.Windows.Input.InputManager..ctor()
   at System.Windows.Input.InputManager.GetCurrentInputManagerImpl()
   at System.Windows.Input.KeyboardNavigation..ctor()
   at System.Windows.FrameworkElement.FrameworkServices..ctor()
   at System.Windows.FrameworkElement.EnsureFrameworkServices()
   at System.Windows.FrameworkElement..ctor()
   at System.Windows.Controls.Control..ctor()
   at System.Windows.Window..ctor()
   at Wpf.Ui.Controls.FluentWindow..ctor()
   at BetterGenshinImpact.View.Windows.ThemedMessageBox..ctor() in E:\Program Files\better-genshin-impact-LCB\BetterGenshinImpact\View\Windows\ThemedMessageBox.xaml.cs:line 35
   at BetterGenshinImpact.View.Windows.ThemedMessageBox.Show(String content, String title, MessageBoxButton button, MessageBoxIcon icon, MessageBoxResult defaultResult, Window owner) in E:\Program Files\better-genshin-impact-LCB\BetterGenshinImpact\View\Windows\ThemedMessageBox.xaml.cs:line 132
   at BetterGenshinImpact.View.Windows.ThemedMessageBox.Warning(String message, String title) in E:\Program Files\better-genshin-impact-LCB\BetterGenshinImpact\View\Windows\ThemedMessageBox.xaml.cs:line 293
   at BetterGenshinImpact.Helpers.RuntimeHelper.CheckIntegration() in E:\Program Files\better-genshin-impact-LCB\BetterGenshinImpact\Helpers\RuntimeHelper.cs:line 159
   at BetterGenshinImpact.Helpers.RuntimeExtension.CheckIntegration(IHostBuilder app) in E:\Program Files\better-genshin-impact-LCB\BetterGenshinImpact\Helpers\RuntimeHelper.cs:line 181
   at BetterGenshinImpact.App..cctor() in E:\Program Files\better-genshin-impact-LCB\BetterGenshinImpact\App.xaml.cs:line 58
  失败 BetterGenshinImpact.UnitTest.GameTaskTests.AutoHoeingTests.RouteAnchorRerunYieldTests.CompleteBoundary_OtherRejection_StillFails [1 ms]
  错误消息:
   System.TypeInitializationException : The type initializer for 'BetterGenshinImpact.App' threw an exception.
---- System.InvalidOperationException : 调用线程必须为 STA，因为许多 UI 组件都需要。
  堆栈跟踪:
     at BetterGenshinImpact.App.GetLogger[T]() in E:\Program Files\better-genshin-impact-LCB\BetterGenshinImpact\App.xaml.cs:line 234
   at BetterGenshinImpact.GameTask.AutoHoeing.Multiplayer.CoordinatorClient..ctor() in E:\Program Files\better-genshin-impact-LCB\BetterGenshinImpact\GameTask\AutoHoeing\Multiplayer\CoordinatorClient.cs:line 31
   at BetterGenshinImpact.UnitTest.GameTaskTests.AutoHoeingTests.RouteAnchorRerunYieldTests..ctor() in E:\Program Files\better-genshin-impact-LCB\Test\BetterGenshinImpact.UnitTest\GameTaskTests\AutoHoeingTests\RouteAnchorRerunYieldTests.cs:line 31
   at System.RuntimeType.CreateInstanceDefaultCtor(Boolean publicOnly, Boolean wrapExceptions)
----- Inner Stack Trace -----
   at System.Windows.Input.InputManager..ctor()
   at System.Windows.Input.InputManager.GetCurrentInputManagerImpl()
   at System.Windows.Input.KeyboardNavigation..ctor()
   at System.Windows.FrameworkElement.FrameworkServices..ctor()
   at System.Windows.FrameworkElement.EnsureFrameworkServices()
   at System.Windows.FrameworkElement..ctor()
   at System.Windows.Controls.Control..ctor()
   at System.Windows.Window..ctor()
   at Wpf.Ui.Controls.FluentWindow..ctor()
   at BetterGenshinImpact.View.Windows.ThemedMessageBox..ctor() in E:\Program Files\better-genshin-impact-LCB\BetterGenshinImpact\View\Windows\ThemedMessageBox.xaml.cs:line 35
   at BetterGenshinImpact.View.Windows.ThemedMessageBox.Show(String content, String title, MessageBoxButton button, MessageBoxIcon icon, MessageBoxResult defaultResult, Window owner) in E:\Program Files\better-genshin-impact-LCB\BetterGenshinImpact\View\Windows\ThemedMessageBox.xaml.cs:line 132
   at BetterGenshinImpact.View.Windows.ThemedMessageBox.Warning(String message, String title) in E:\Program Files\better-genshin-impact-LCB\BetterGenshinImpact\View\Windows\ThemedMessageBox.xaml.cs:line 293
   at BetterGenshinImpact.Helpers.RuntimeHelper.CheckIntegration() in E:\Program Files\better-genshin-impact-LCB\BetterGenshinImpact\Helpers\RuntimeHelper.cs:line 159
   at BetterGenshinImpact.Helpers.RuntimeExtension.CheckIntegration(IHostBuilder app) in E:\Program Files\better-genshin-impact-LCB\BetterGenshinImpact\Helpers\RuntimeHelper.cs:line 181
   at BetterGenshinImpact.App..cctor() in E:\Program Files\better-genshin-impact-LCB\BetterGenshinImpact\App.xaml.cs:line 58
  失败 BetterGenshinImpact.UnitTest.GameTaskTests.AutoHoeingTests.RouteAnchorRerunYieldTests.AllowsNextRoute_AllowsExactlyReleasedAndYieldedToRerun [1 ms]
  错误消息:
   System.TypeInitializationException : The type initializer for 'BetterGenshinImpact.App' threw an exception.
---- System.InvalidOperationException : 调用线程必须为 STA，因为许多 UI 组件都需要。
  堆栈跟踪:
     at BetterGenshinImpact.App.GetLogger[T]() in E:\Program Files\better-genshin-impact-LCB\BetterGenshinImpact\App.xaml.cs:line 234
   at BetterGenshinImpact.GameTask.AutoHoeing.Multiplayer.CoordinatorClient..ctor() in E:\Program Files\better-genshin-impact-LCB\BetterGenshinImpact\GameTask\AutoHoeing\Multiplayer\CoordinatorClient.cs:line 31
   at BetterGenshinImpact.UnitTest.GameTaskTests.AutoHoeingTests.RouteAnchorRerunYieldTests..ctor() in E:\Program Files\better-genshin-impact-LCB\Test\BetterGenshinImpact.UnitTest\GameTaskTests\AutoHoeingTests\RouteAnchorRerunYieldTests.cs:line 31
   at System.RuntimeType.CreateInstanceDefaultCtor(Boolean publicOnly, Boolean wrapExceptions)
----- Inner Stack Trace -----
   at System.Windows.Input.InputManager..ctor()
   at System.Windows.Input.InputManager.GetCurrentInputManagerImpl()
   at System.Windows.Input.KeyboardNavigation..ctor()
   at System.Windows.FrameworkElement.FrameworkServices..ctor()
   at System.Windows.FrameworkElement.EnsureFrameworkServices()
   at System.Windows.FrameworkElement..ctor()
   at System.Windows.Controls.Control..ctor()
   at System.Windows.Window..ctor()
   at Wpf.Ui.Controls.FluentWindow..ctor()
   at BetterGenshinImpact.View.Windows.ThemedMessageBox..ctor() in E:\Program Files\better-genshin-impact-LCB\BetterGenshinImpact\View\Windows\ThemedMessageBox.xaml.cs:line 35
   at BetterGenshinImpact.View.Windows.ThemedMessageBox.Show(String content, String title, MessageBoxButton button, MessageBoxIcon icon, MessageBoxResult defaultResult, Window owner) in E:\Program Files\better-genshin-impact-LCB\BetterGenshinImpact\View\Windows\ThemedMessageBox.xaml.cs:line 132
   at BetterGenshinImpact.View.Windows.ThemedMessageBox.Warning(String message, String title) in E:\Program Files\better-genshin-impact-LCB\BetterGenshinImpact\View\Windows\ThemedMessageBox.xaml.cs:line 293
   at BetterGenshinImpact.Helpers.RuntimeHelper.CheckIntegration() in E:\Program Files\better-genshin-impact-LCB\BetterGenshinImpact\Helpers\RuntimeHelper.cs:line 159
   at BetterGenshinImpact.Helpers.RuntimeExtension.CheckIntegration(IHostBuilder app) in E:\Program Files\better-genshin-impact-LCB\BetterGenshinImpact\Helpers\RuntimeHelper.cs:line 181
   at BetterGenshinImpact.App..cctor() in E:\Program Files\better-genshin-impact-LCB\BetterGenshinImpact\App.xaml.cs:line 58
  失败 BetterGenshinImpact.UnitTest.GameTaskTests.AutoHoeingTests.RouteAnchorRerunYieldTests.CompleteBoundary_RerunInProgress_YieldsAndContinues [1 ms]
  错误消息:
   System.TypeInitializationException : The type initializer for 'BetterGenshinImpact.App' threw an exception.
---- System.InvalidOperationException : 调用线程必须为 STA，因为许多 UI 组件都需要。
  堆栈跟踪:
     at BetterGenshinImpact.App.GetLogger[T]() in E:\Program Files\better-genshin-impact-LCB\BetterGenshinImpact\App.xaml.cs:line 234
   at BetterGenshinImpact.GameTask.AutoHoeing.Multiplayer.CoordinatorClient..ctor() in E:\Program Files\better-genshin-impact-LCB\BetterGenshinImpact\GameTask\AutoHoeing\Multiplayer\CoordinatorClient.cs:line 31
   at BetterGenshinImpact.UnitTest.GameTaskTests.AutoHoeingTests.RouteAnchorRerunYieldTests..ctor() in E:\Program Files\better-genshin-impact-LCB\Test\BetterGenshinImpact.UnitTest\GameTaskTests\AutoHoeingTests\RouteAnchorRerunYieldTests.cs:line 31
   at System.RuntimeType.CreateInstanceDefaultCtor(Boolean publicOnly, Boolean wrapExceptions)
----- Inner Stack Trace -----
   at System.Windows.Input.InputManager..ctor()
   at System.Windows.Input.InputManager.GetCurrentInputManagerImpl()
   at System.Windows.Input.KeyboardNavigation..ctor()
   at System.Windows.FrameworkElement.FrameworkServices..ctor()
   at System.Windows.FrameworkElement.EnsureFrameworkServices()
   at System.Windows.FrameworkElement..ctor()
   at System.Windows.Controls.Control..ctor()
   at System.Windows.Window..ctor()
   at Wpf.Ui.Controls.FluentWindow..ctor()
   at BetterGenshinImpact.View.Windows.ThemedMessageBox..ctor() in E:\Program Files\better-genshin-impact-LCB\BetterGenshinImpact\View\Windows\ThemedMessageBox.xaml.cs:line 35
   at BetterGenshinImpact.View.Windows.ThemedMessageBox.Show(String content, String title, MessageBoxButton button, MessageBoxIcon icon, MessageBoxResult defaultResult, Window owner) in E:\Program Files\better-genshin-impact-LCB\BetterGenshinImpact\View\Windows\ThemedMessageBox.xaml.cs:line 132
   at BetterGenshinImpact.View.Windows.ThemedMessageBox.Warning(String message, String title) in E:\Program Files\better-genshin-impact-LCB\BetterGenshinImpact\View\Windows\ThemedMessageBox.xaml.cs:line 293
   at BetterGenshinImpact.Helpers.RuntimeHelper.CheckIntegration() in E:\Program Files\better-genshin-impact-LCB\BetterGenshinImpact\Helpers\RuntimeHelper.cs:line 159
   at BetterGenshinImpact.Helpers.RuntimeExtension.CheckIntegration(IHostBuilder app) in E:\Program Files\better-genshin-impact-LCB\BetterGenshinImpact\Helpers\RuntimeHelper.cs:line 181
   at BetterGenshinImpact.App..cctor() in E:\Program Files\better-genshin-impact-LCB\BetterGenshinImpact\App.xaml.cs:line 58
  失败 BetterGenshinImpact.UnitTest.GameTaskTests.AutoHoeingTests.RouteAnchorRerunYieldTests.LastRouteAnchorErrorCode_IsClearedOnSuccess [1 ms]
  错误消息:
   System.TypeInitializationException : The type initializer for 'BetterGenshinImpact.App' threw an exception.
---- System.InvalidOperationException : 调用线程必须为 STA，因为许多 UI 组件都需要。
  堆栈跟踪:
     at BetterGenshinImpact.App.GetLogger[T]() in E:\Program Files\better-genshin-impact-LCB\BetterGenshinImpact\App.xaml.cs:line 234
   at BetterGenshinImpact.GameTask.AutoHoeing.Multiplayer.CoordinatorClient..ctor() in E:\Program Files\better-genshin-impact-LCB\BetterGenshinImpact\GameTask\AutoHoeing\Multiplayer\CoordinatorClient.cs:line 31
   at BetterGenshinImpact.UnitTest.GameTaskTests.AutoHoeingTests.RouteAnchorRerunYieldTests..ctor() in E:\Program Files\better-genshin-impact-LCB\Test\BetterGenshinImpact.UnitTest\GameTaskTests\AutoHoeingTests\RouteAnchorRerunYieldTests.cs:line 31
   at System.RuntimeType.CreateInstanceDefaultCtor(Boolean publicOnly, Boolean wrapExceptions)
----- Inner Stack Trace -----
   at System.Windows.Input.InputManager..ctor()
   at System.Windows.Input.InputManager.GetCurrentInputManagerImpl()
   at System.Windows.Input.KeyboardNavigation..ctor()
   at System.Windows.FrameworkElement.FrameworkServices..ctor()
   at System.Windows.FrameworkElement.EnsureFrameworkServices()
   at System.Windows.FrameworkElement..ctor()
   at System.Windows.Controls.Control..ctor()
   at System.Windows.Window..ctor()
   at Wpf.Ui.Controls.FluentWindow..ctor()
   at BetterGenshinImpact.View.Windows.ThemedMessageBox..ctor() in E:\Program Files\better-genshin-impact-LCB\BetterGenshinImpact\View\Windows\ThemedMessageBox.xaml.cs:line 35
   at BetterGenshinImpact.View.Windows.ThemedMessageBox.Show(String content, String title, MessageBoxButton button, MessageBoxIcon icon, MessageBoxResult defaultResult, Window owner) in E:\Program Files\better-genshin-impact-LCB\BetterGenshinImpact\View\Windows\ThemedMessageBox.xaml.cs:line 132
   at BetterGenshinImpact.View.Windows.ThemedMessageBox.Warning(String message, String title) in E:\Program Files\better-genshin-impact-LCB\BetterGenshinImpact\View\Windows\ThemedMessageBox.xaml.cs:line 293
   at BetterGenshinImpact.Helpers.RuntimeHelper.CheckIntegration() in E:\Program Files\better-genshin-impact-LCB\BetterGenshinImpact\Helpers\RuntimeHelper.cs:line 159
   at BetterGenshinImpact.Helpers.RuntimeExtension.CheckIntegration(IHostBuilder app) in E:\Program Files\better-genshin-impact-LCB\BetterGenshinImpact\Helpers\RuntimeHelper.cs:line 181
   at BetterGenshinImpact.App..cctor() in E:\Program Files\better-genshin-impact-LCB\BetterGenshinImpact\App.xaml.cs:line 58
  失败 BetterGenshinImpact.UnitTest.GameTaskTests.AutoHoeingTests.AutoHoeingLogicTests.ParseDescription_NoTime_DefaultsTo60 [< 1 ms]
  错误消息:
   System.TypeInitializationException : The type initializer for 'BetterGenshinImpact.GameTask.AutoHoeing.Services.RouteInfoLoader' threw an exception.
---- System.TypeInitializationException : The type initializer for 'BetterGenshinImpact.App' threw an exception.
-------- System.InvalidOperationException : 调用线程必须为 STA，因为许多 UI 组件都需要。
  堆栈跟踪:
     at BetterGenshinImpact.GameTask.AutoHoeing.Services.RouteInfoLoader.ParseDescription(String desc) in E:\Program Files\better-genshin-impact-LCB\BetterGenshinImpact\GameTask\AutoHoeing\Services\RouteInfoLoader.cs:line 138
   at BetterGenshinImpact.UnitTest.GameTaskTests.AutoHoeingTests.AutoHoeingLogicTests.ParseDescription_NoTime_DefaultsTo60() in E:\Program Files\better-genshin-impact-LCB\Test\BetterGenshinImpact.UnitTest\GameTaskTests\AutoHoeingTests\AutoHoeingLogicTests.cs:line 29
   at System.RuntimeMethodHandle.InvokeMethod(Object target, Void** arguments, Signature sig, Boolean isConstructor)
   at System.Reflection.MethodBaseInvoker.InvokeWithNoArgs(Object obj, BindingFlags invokeAttr)
----- Inner Stack Trace -----
   at BetterGenshinImpact.App.GetLogger[T]() in E:\Program Files\better-genshin-impact-LCB\BetterGenshinImpact\App.xaml.cs:line 234
   at BetterGenshinImpact.GameTask.AutoHoeing.Multiplayer.CoordinatorClient..ctor() in E:\Program Files\better-genshin-impact-LCB\BetterGenshinImpact\GameTask\AutoHoeing\Multiplayer\CoordinatorClient.cs:line 31
   at BetterGenshinImpact.UnitTest.GameTaskTests.AutoHoeingTests.RouteAnchorRerunYieldTests..ctor() in E:\Program Files\better-genshin-impact-LCB\Test\BetterGenshinImpact.UnitTest\GameTaskTests\AutoHoeingTests\RouteAnchorRerunYieldTests.cs:line 31
   at System.RuntimeType.CreateInstanceDefaultCtor(Boolean publicOnly, Boolean wrapExceptions)
----- Inner Stack Trace -----
   at System.Windows.Input.InputManager..ctor()
   at System.Windows.Input.InputManager.GetCurrentInputManagerImpl()
   at System.Windows.Input.KeyboardNavigation..ctor()
   at System.Windows.FrameworkElement.FrameworkServices..ctor()
   at System.Windows.FrameworkElement.EnsureFrameworkServices()
   at System.Windows.FrameworkElement..ctor()
   at System.Windows.Controls.Control..ctor()
   at System.Windows.Window..ctor()
   at Wpf.Ui.Controls.FluentWindow..ctor()
   at BetterGenshinImpact.View.Windows.ThemedMessageBox..ctor() in E:\Program Files\better-genshin-impact-LCB\BetterGenshinImpact\View\Windows\ThemedMessageBox.xaml.cs:line 35
   at BetterGenshinImpact.View.Windows.ThemedMessageBox.Show(String content, String title, MessageBoxButton button, MessageBoxIcon icon, MessageBoxResult defaultResult, Window owner) in E:\Program Files\better-genshin-impact-LCB\BetterGenshinImpact\View\Windows\ThemedMessageBox.xaml.cs:line 132
   at BetterGenshinImpact.View.Windows.ThemedMessageBox.Warning(String message, String title) in E:\Program Files\better-genshin-impact-LCB\BetterGenshinImpact\View\Windows\ThemedMessageBox.xaml.cs:line 293
   at BetterGenshinImpact.Helpers.RuntimeHelper.CheckIntegration() in E:\Program Files\better-genshin-impact-LCB\BetterGenshinImpact\Helpers\RuntimeHelper.cs:line 159
   at BetterGenshinImpact.Helpers.RuntimeExtension.CheckIntegration(IHostBuilder app) in E:\Program Files\better-genshin-impact-LCB\BetterGenshinImpact\Helpers\RuntimeHelper.cs:line 181
   at BetterGenshinImpact.App..cctor() in E:\Program Files\better-genshin-impact-LCB\BetterGenshinImpact\App.xaml.cs:line 58
  失败 BetterGenshinImpact.UnitTest.GameTaskTests.AutoHoeingTests.AutoHoeingLogicTests.RouteSelector_PrioritizedRoutes_AlwaysSelected [< 1 ms]
  错误消息:
   System.TypeInitializationException : The type initializer for 'BetterGenshinImpact.GameTask.AutoHoeing.Services.RouteSelector' threw an exception.
---- System.TypeInitializationException : The type initializer for 'BetterGenshinImpact.App' threw an exception.
-------- System.InvalidOperationException : 调用线程必须为 STA，因为许多 UI 组件都需要。
  堆栈跟踪:
     at BetterGenshinImpact.GameTask.AutoHoeing.Services.RouteSelector.SelectOptimalRoutes(List`1 routes, Double efficiencyIndex, Int32 targetEliteNum, Int32 targetMonsterNum, String sortMode) in E:\Program Files\better-genshin-impact-LCB\BetterGenshinImpact\GameTask\AutoHoeing\Services\RouteSelector.cs:line 23
   at BetterGenshinImpact.UnitTest.GameTaskTests.AutoHoeingTests.AutoHoeingLogicTests.RouteSelector_PrioritizedRoutes_AlwaysSelected() in E:\Program Files\better-genshin-impact-LCB\Test\BetterGenshinImpact.UnitTest\GameTaskTests\AutoHoeingTests\AutoHoeingLogicTests.cs:line 320
   at System.RuntimeMethodHandle.InvokeMethod(Object target, Void** arguments, Signature sig, Boolean isConstructor)
   at System.Reflection.MethodBaseInvoker.InvokeWithNoArgs(Object obj, BindingFlags invokeAttr)
----- Inner Stack Trace -----
   at BetterGenshinImpact.App.GetLogger[T]() in E:\Program Files\better-genshin-impact-LCB\BetterGenshinImpact\App.xaml.cs:line 234
   at BetterGenshinImpact.GameTask.AutoHoeing.Multiplayer.CoordinatorClient..ctor() in E:\Program Files\better-genshin-impact-LCB\BetterGenshinImpact\GameTask\AutoHoeing\Multiplayer\CoordinatorClient.cs:line 31
   at BetterGenshinImpact.UnitTest.GameTaskTests.AutoHoeingTests.RouteAnchorRerunYieldTests..ctor() in E:\Program Files\better-genshin-impact-LCB\Test\BetterGenshinImpact.UnitTest\GameTaskTests\AutoHoeingTests\RouteAnchorRerunYieldTests.cs:line 31
   at System.RuntimeType.CreateInstanceDefaultCtor(Boolean publicOnly, Boolean wrapExceptions)
----- Inner Stack Trace -----
   at System.Windows.Input.InputManager..ctor()
   at System.Windows.Input.InputManager.GetCurrentInputManagerImpl()
   at System.Windows.Input.KeyboardNavigation..ctor()
   at System.Windows.FrameworkElement.FrameworkServices..ctor()
   at System.Windows.FrameworkElement.EnsureFrameworkServices()
   at System.Windows.FrameworkElement..ctor()
   at System.Windows.Controls.Control..ctor()
   at System.Windows.Window..ctor()
   at Wpf.Ui.Controls.FluentWindow..ctor()
   at BetterGenshinImpact.View.Windows.ThemedMessageBox..ctor() in E:\Program Files\better-genshin-impact-LCB\BetterGenshinImpact\View\Windows\ThemedMessageBox.xaml.cs:line 35
   at BetterGenshinImpact.View.Windows.ThemedMessageBox.Show(String content, String title, MessageBoxButton button, MessageBoxIcon icon, MessageBoxResult defaultResult, Window owner) in E:\Program Files\better-genshin-impact-LCB\BetterGenshinImpact\View\Windows\ThemedMessageBox.xaml.cs:line 132
   at BetterGenshinImpact.View.Windows.ThemedMessageBox.Warning(String message, String title) in E:\Program Files\better-genshin-impact-LCB\BetterGenshinImpact\View\Windows\ThemedMessageBox.xaml.cs:line 293
   at BetterGenshinImpact.Helpers.RuntimeHelper.CheckIntegration() in E:\Program Files\better-genshin-impact-LCB\BetterGenshinImpact\Helpers\RuntimeHelper.cs:line 159
   at BetterGenshinImpact.Helpers.RuntimeExtension.CheckIntegration(IHostBuilder app) in E:\Program Files\better-genshin-impact-LCB\BetterGenshinImpact\Helpers\RuntimeHelper.cs:line 181
   at BetterGenshinImpact.App..cctor() in E:\Program Files\better-genshin-impact-LCB\BetterGenshinImpact\App.xaml.cs:line 58
  失败 BetterGenshinImpact.UnitTest.GameTaskTests.AutoHoeingTests.CooperativeRerunCommunicationTests.ContextRouteKeyAndArriveOnce [29 ms]
  错误消息:
   System.TypeInitializationException : The type initializer for 'BetterGenshinImpact.App' threw an exception.
---- System.InvalidOperationException : 调用线程必须为 STA，因为许多 UI 组件都需要。
  堆栈跟踪:
     at BetterGenshinImpact.App.GetLogger[T]() in E:\Program Files\better-genshin-impact-LCB\BetterGenshinImpact\App.xaml.cs:line 234
   at BetterGenshinImpact.GameTask.AutoHoeing.Multiplayer.CoordinatorClient..ctor() in E:\Program Files\better-genshin-impact-LCB\BetterGenshinImpact\GameTask\AutoHoeing\Multiplayer\CoordinatorClient.cs:line 31
   at BetterGenshinImpact.UnitTest.GameTaskTests.AutoHoeingTests.CooperativeRerunCommunicationTests.Client(Func`3 f, Boolean cap, List`1 seen) in E:\Program Files\better-genshin-impact-LCB\Test\BetterGenshinImpact.UnitTest\GameTaskTests\AutoHoeingTests\CooperativeRerunCommunicationTests.cs:line 21
   at BetterGenshinImpact.UnitTest.GameTaskTests.AutoHoeingTests.CooperativeRerunCommunicationTests.ContextRouteKeyAndArriveOnce() in E:\Program Files\better-genshin-impact-LCB\Test\BetterGenshinImpact.UnitTest\GameTaskTests\AutoHoeingTests\CooperativeRerunCommunicationTests.cs:line 28
--- End of stack trace from previous location ---
----- Inner Stack Trace -----
   at System.Windows.Input.InputManager..ctor()
   at System.Windows.Input.InputManager.GetCurrentInputManagerImpl()
   at System.Windows.Input.KeyboardNavigation..ctor()
   at System.Windows.FrameworkElement.FrameworkServices..ctor()
   at System.Windows.FrameworkElement.EnsureFrameworkServices()
   at System.Windows.FrameworkElement..ctor()
   at System.Windows.Controls.Control..ctor()
   at System.Windows.Window..ctor()
   at Wpf.Ui.Controls.FluentWindow..ctor()
   at BetterGenshinImpact.View.Windows.ThemedMessageBox..ctor() in E:\Program Files\better-genshin-impact-LCB\BetterGenshinImpact\View\Windows\ThemedMessageBox.xaml.cs:line 35
   at BetterGenshinImpact.View.Windows.ThemedMessageBox.Show(String content, String title, MessageBoxButton button, MessageBoxIcon icon, MessageBoxResult defaultResult, Window owner) in E:\Program Files\better-genshin-impact-LCB\BetterGenshinImpact\View\Windows\ThemedMessageBox.xaml.cs:line 132
   at BetterGenshinImpact.View.Windows.ThemedMessageBox.Warning(String message, String title) in E:\Program Files\better-genshin-impact-LCB\BetterGenshinImpact\View\Windows\ThemedMessageBox.xaml.cs:line 293
   at BetterGenshinImpact.Helpers.RuntimeHelper.CheckIntegration() in E:\Program Files\better-genshin-impact-LCB\BetterGenshinImpact\Helpers\RuntimeHelper.cs:line 159
   at BetterGenshinImpact.Helpers.RuntimeExtension.CheckIntegration(IHostBuilder app) in E:\Program Files\better-genshin-impact-LCB\BetterGenshinImpact\Helpers\RuntimeHelper.cs:line 181
   at BetterGenshinImpact.App..cctor() in E:\Program Files\better-genshin-impact-LCB\BetterGenshinImpact\App.xaml.cs:line 58
  失败 BetterGenshinImpact.UnitTest.GameTaskTests.AutoHoeingTests.CooperativeRerunContractTests.AbortedStageSurfacesFailureInsteadOfSuccess [54 ms]
  错误消息:
   System.TypeInitializationException : The type initializer for 'BetterGenshinImpact.App' threw an exception.
---- System.InvalidOperationException : 调用线程必须为 STA，因为许多 UI 组件都需要。
  堆栈跟踪:
     at BetterGenshinImpact.App.GetLogger[T]() in E:\Program Files\better-genshin-impact-LCB\BetterGenshinImpact\App.xaml.cs:line 234
   at BetterGenshinImpact.GameTask.AutoHoeing.Multiplayer.CoordinatorClient..ctor() in E:\Program Files\better-genshin-impact-LCB\BetterGenshinImpact\GameTask\AutoHoeing\Multiplayer\CoordinatorClient.cs:line 31
   at BetterGenshinImpact.UnitTest.GameTaskTests.AutoHoeingTests.CooperativeRerunContractTests.Client(Func`2 respond, Boolean capability, List`1 seen) in E:\Program Files\better-genshin-impact-LCB\Test\BetterGenshinImpact.UnitTest\GameTaskTests\AutoHoeingTests\CooperativeRerunContractTests.cs:line 76
   at BetterGenshinImpact.UnitTest.GameTaskTests.AutoHoeingTests.CooperativeRerunContractTests.AbortedStageSurfacesFailureInsteadOfSuccess() in E:\Program Files\better-genshin-impact-LCB\Test\BetterGenshinImpact.UnitTest\GameTaskTests\AutoHoeingTests\CooperativeRerunContractTests.cs:line 288
--- End of stack trace from previous location ---
----- Inner Stack Trace -----
   at System.Windows.Input.InputManager..ctor()
   at System.Windows.Input.InputManager.GetCurrentInputManagerImpl()
   at System.Windows.Input.KeyboardNavigation..ctor()
   at System.Windows.FrameworkElement.FrameworkServices..ctor()
   at System.Windows.FrameworkElement.EnsureFrameworkServices()
   at System.Windows.FrameworkElement..ctor()
   at System.Windows.Controls.Control..ctor()
   at System.Windows.Window..ctor()
   at Wpf.Ui.Controls.FluentWindow..ctor()
   at BetterGenshinImpact.View.Windows.ThemedMessageBox..ctor() in E:\Program Files\better-genshin-impact-LCB\BetterGenshinImpact\View\Windows\ThemedMessageBox.xaml.cs:line 35
   at BetterGenshinImpact.View.Windows.ThemedMessageBox.Show(String content, String title, MessageBoxButton button, MessageBoxIcon icon, MessageBoxResult defaultResult, Window owner) in E:\Program Files\better-genshin-impact-LCB\BetterGenshinImpact\View\Windows\ThemedMessageBox.xaml.cs:line 132
   at BetterGenshinImpact.View.Windows.ThemedMessageBox.Warning(String message, String title) in E:\Program Files\better-genshin-impact-LCB\BetterGenshinImpact\View\Windows\ThemedMessageBox.xaml.cs:line 293
   at BetterGenshinImpact.Helpers.RuntimeHelper.CheckIntegration() in E:\Program Files\better-genshin-impact-LCB\BetterGenshinImpact\Helpers\RuntimeHelper.cs:line 159
   at BetterGenshinImpact.Helpers.RuntimeExtension.CheckIntegration(IHostBuilder app) in E:\Program Files\better-genshin-impact-LCB\BetterGenshinImpact\Helpers\RuntimeHelper.cs:line 181
   at BetterGenshinImpact.App..cctor() in E:\Program Files\better-genshin-impact-LCB\BetterGenshinImpact\App.xaml.cs:line 58
  失败 BetterGenshinImpact.UnitTest.GameTaskTests.AutoHoeingTests.CooperativeRerunCommunicationTests.MissingCapabilityDoesNotEnroll [< 1 ms]
  错误消息:
   System.TypeInitializationException : The type initializer for 'BetterGenshinImpact.App' threw an exception.
---- System.InvalidOperationException : 调用线程必须为 STA，因为许多 UI 组件都需要。
  堆栈跟踪:
     at BetterGenshinImpact.App.GetLogger[T]() in E:\Program Files\better-genshin-impact-LCB\BetterGenshinImpact\App.xaml.cs:line 234
   at BetterGenshinImpact.GameTask.AutoHoeing.Multiplayer.CoordinatorClient..ctor() in E:\Program Files\better-genshin-impact-LCB\BetterGenshinImpact\GameTask\AutoHoeing\Multiplayer\CoordinatorClient.cs:line 31
   at BetterGenshinImpact.UnitTest.GameTaskTests.AutoHoeingTests.CooperativeRerunCommunicationTests.Client(Func`3 f, Boolean cap, List`1 seen) in E:\Program Files\better-genshin-impact-LCB\Test\BetterGenshinImpact.UnitTest\GameTaskTests\AutoHoeingTests\CooperativeRerunCommunicationTests.cs:line 21
   at BetterGenshinImpact.UnitTest.GameTaskTests.AutoHoeingTests.CooperativeRerunCommunicationTests.MissingCapabilityDoesNotEnroll() in E:\Program Files\better-genshin-impact-LCB\Test\BetterGenshinImpact.UnitTest\GameTaskTests\AutoHoeingTests\CooperativeRerunCommunicationTests.cs:line 23
--- End of stack trace from previous location ---
----- Inner Stack Trace -----
   at System.Windows.Input.InputManager..ctor()
   at System.Windows.Input.InputManager.GetCurrentInputManagerImpl()
   at System.Windows.Input.KeyboardNavigation..ctor()
   at System.Windows.FrameworkElement.FrameworkServices..ctor()
   at System.Windows.FrameworkElement.EnsureFrameworkServices()
   at System.Windows.FrameworkElement..ctor()
   at System.Windows.Controls.Control..ctor()
   at System.Windows.Window..ctor()
   at Wpf.Ui.Controls.FluentWindow..ctor()
   at BetterGenshinImpact.View.Windows.ThemedMessageBox..ctor() in E:\Program Files\better-genshin-impact-LCB\BetterGenshinImpact\View\Windows\ThemedMessageBox.xaml.cs:line 35
   at BetterGenshinImpact.View.Windows.ThemedMessageBox.Show(String content, String title, MessageBoxButton button, MessageBoxIcon icon, MessageBoxResult defaultResult, Window owner) in E:\Program Files\better-genshin-impact-LCB\BetterGenshinImpact\View\Windows\ThemedMessageBox.xaml.cs:line 132
   at BetterGenshinImpact.View.Windows.ThemedMessageBox.Warning(String message, String title) in E:\Program Files\better-genshin-impact-LCB\BetterGenshinImpact\View\Windows\ThemedMessageBox.xaml.cs:line 293
   at BetterGenshinImpact.Helpers.RuntimeHelper.CheckIntegration() in E:\Program Files\better-genshin-impact-LCB\BetterGenshinImpact\Helpers\RuntimeHelper.cs:line 159
   at BetterGenshinImpact.Helpers.RuntimeExtension.CheckIntegration(IHostBuilder app) in E:\Program Files\better-genshin-impact-LCB\BetterGenshinImpact\Helpers\RuntimeHelper.cs:line 181
   at BetterGenshinImpact.App..cctor() in E:\Program Files\better-genshin-impact-LCB\BetterGenshinImpact\App.xaml.cs:line 58
  失败 BetterGenshinImpact.UnitTest.GameTaskTests.AutoHoeingTests.CooperativeRerunCommunicationTests.EmptyPlanCompletesWithoutPrepare [< 1 ms]
  错误消息:
   System.TypeInitializationException : The type initializer for 'BetterGenshinImpact.App' threw an exception.
---- System.InvalidOperationException : 调用线程必须为 STA，因为许多 UI 组件都需要。
  堆栈跟踪:
     at BetterGenshinImpact.App.GetLogger[T]() in E:\Program Files\better-genshin-impact-LCB\BetterGenshinImpact\App.xaml.cs:line 234
   at BetterGenshinImpact.GameTask.AutoHoeing.Multiplayer.CoordinatorClient..ctor() in E:\Program Files\better-genshin-impact-LCB\BetterGenshinImpact\GameTask\AutoHoeing\Multiplayer\CoordinatorClient.cs:line 31
   at BetterGenshinImpact.UnitTest.GameTaskTests.AutoHoeingTests.CooperativeRerunCommunicationTests.Client(Func`3 f, Boolean cap, List`1 seen) in E:\Program Files\better-genshin-impact-LCB\Test\BetterGenshinImpact.UnitTest\GameTaskTests\AutoHoeingTests\CooperativeRerunCommunicationTests.cs:line 21
   at BetterGenshinImpact.UnitTest.GameTaskTests.AutoHoeingTests.CooperativeRerunCommunicationTests.EmptyPlanCompletesWithoutPrepare() in E:\Program Files\better-genshin-impact-LCB\Test\BetterGenshinImpact.UnitTest\GameTaskTests\AutoHoeingTests\CooperativeRerunCommunicationTests.cs:line 25
--- End of stack trace from previous location ---
----- Inner Stack Trace -----
   at System.Windows.Input.InputManager..ctor()
   at System.Windows.Input.InputManager.GetCurrentInputManagerImpl()
   at System.Windows.Input.KeyboardNavigation..ctor()
   at System.Windows.FrameworkElement.FrameworkServices..ctor()
   at System.Windows.FrameworkElement.EnsureFrameworkServices()
   at System.Windows.FrameworkElement..ctor()
   at System.Windows.Controls.Control..ctor()
   at System.Windows.Window..ctor()
   at Wpf.Ui.Controls.FluentWindow..ctor()
   at BetterGenshinImpact.View.Windows.ThemedMessageBox..ctor() in E:\Program Files\better-genshin-impact-LCB\BetterGenshinImpact\View\Windows\ThemedMessageBox.xaml.cs:line 35
   at BetterGenshinImpact.View.Windows.ThemedMessageBox.Show(String content, String title, MessageBoxButton button, MessageBoxIcon icon, MessageBoxResult defaultResult, Window owner) in E:\Program Files\better-genshin-impact-LCB\BetterGenshinImpact\View\Windows\ThemedMessageBox.xaml.cs:line 132
   at BetterGenshinImpact.View.Windows.ThemedMessageBox.Warning(String message, String title) in E:\Program Files\better-genshin-impact-LCB\BetterGenshinImpact\View\Windows\ThemedMessageBox.xaml.cs:line 293
   at BetterGenshinImpact.Helpers.RuntimeHelper.CheckIntegration() in E:\Program Files\better-genshin-impact-LCB\BetterGenshinImpact\Helpers\RuntimeHelper.cs:line 159
   at BetterGenshinImpact.Helpers.RuntimeExtension.CheckIntegration(IHostBuilder app) in E:\Program Files\better-genshin-impact-LCB\BetterGenshinImpact\Helpers\RuntimeHelper.cs:line 181
   at BetterGenshinImpact.App..cctor() in E:\Program Files\better-genshin-impact-LCB\BetterGenshinImpact\App.xaml.cs:line 58
  失败 BetterGenshinImpact.UnitTest.GameTaskTests.AutoHoeingTests.CooperativeRerunCommunicationTests.SnapshotIsolation [< 1 ms]
  错误消息:
   System.TypeInitializationException : The type initializer for 'BetterGenshinImpact.App' threw an exception.
---- System.InvalidOperationException : 调用线程必须为 STA，因为许多 UI 组件都需要。
  堆栈跟踪:
     at BetterGenshinImpact.App.GetLogger[T]() in E:\Program Files\better-genshin-impact-LCB\BetterGenshinImpact\App.xaml.cs:line 234
   at BetterGenshinImpact.GameTask.AutoHoeing.Multiplayer.CoordinatorClient..ctor() in E:\Program Files\better-genshin-impact-LCB\BetterGenshinImpact\GameTask\AutoHoeing\Multiplayer\CoordinatorClient.cs:line 31
   at BetterGenshinImpact.UnitTest.GameTaskTests.AutoHoeingTests.CooperativeRerunCommunicationTests.Client(Func`3 f, Boolean cap, List`1 seen) in E:\Program Files\better-genshin-impact-LCB\Test\BetterGenshinImpact.UnitTest\GameTaskTests\AutoHoeingTests\CooperativeRerunCommunicationTests.cs:line 21
   at BetterGenshinImpact.UnitTest.GameTaskTests.AutoHoeingTests.CooperativeRerunCommunicationTests.SnapshotIsolation() in E:\Program Files\better-genshin-impact-LCB\Test\BetterGenshinImpact.UnitTest\GameTaskTests\AutoHoeingTests\CooperativeRerunCommunicationTests.cs:line 29
--- End of stack trace from previous location ---
----- Inner Stack Trace -----
   at System.Windows.Input.InputManager..ctor()
   at System.Windows.Input.InputManager.GetCurrentInputManagerImpl()
   at System.Windows.Input.KeyboardNavigation..ctor()
   at System.Windows.FrameworkElement.FrameworkServices..ctor()
   at System.Windows.FrameworkElement.EnsureFrameworkServices()
   at System.Windows.FrameworkElement..ctor()
   at System.Windows.Controls.Control..ctor()
   at System.Windows.Window..ctor()
   at Wpf.Ui.Controls.FluentWindow..ctor()
   at BetterGenshinImpact.View.Windows.ThemedMessageBox..ctor() in E:\Program Files\better-genshin-impact-LCB\BetterGenshinImpact\View\Windows\ThemedMessageBox.xaml.cs:line 35
   at BetterGenshinImpact.View.Windows.ThemedMessageBox.Show(String content, String title, MessageBoxButton button, MessageBoxIcon icon, MessageBoxResult defaultResult, Window owner) in E:\Program Files\better-genshin-impact-LCB\BetterGenshinImpact\View\Windows\ThemedMessageBox.xaml.cs:line 132
   at BetterGenshinImpact.View.Windows.ThemedMessageBox.Warning(String message, String title) in E:\Program Files\better-genshin-impact-LCB\BetterGenshinImpact\View\Windows\ThemedMessageBox.xaml.cs:line 293
   at BetterGenshinImpact.Helpers.RuntimeHelper.CheckIntegration() in E:\Program Files\better-genshin-impact-LCB\BetterGenshinImpact\Helpers\RuntimeHelper.cs:line 159
   at BetterGenshinImpact.Helpers.RuntimeExtension.CheckIntegration(IHostBuilder app) in E:\Program Files\better-genshin-impact-LCB\BetterGenshinImpact\Helpers\RuntimeHelper.cs:line 181
   at BetterGenshinImpact.App..cctor() in E:\Program Files\better-genshin-impact-LCB\BetterGenshinImpact\App.xaml.cs:line 58
  失败 BetterGenshinImpact.UnitTest.GameTaskTests.AutoHoeingTests.CooperativeRerunCommunicationTests.CompleteRouteWaitsForCurrentRouteToAdvance [< 1 ms]
  错误消息:
   System.TypeInitializationException : The type initializer for 'BetterGenshinImpact.App' threw an exception.
---- System.InvalidOperationException : 调用线程必须为 STA，因为许多 UI 组件都需要。
  堆栈跟踪:
     at BetterGenshinImpact.App.GetLogger[T]() in E:\Program Files\better-genshin-impact-LCB\BetterGenshinImpact\App.xaml.cs:line 234
   at BetterGenshinImpact.GameTask.AutoHoeing.Multiplayer.CoordinatorClient..ctor() in E:\Program Files\better-genshin-impact-LCB\BetterGenshinImpact\GameTask\AutoHoeing\Multiplayer\CoordinatorClient.cs:line 31
   at BetterGenshinImpact.UnitTest.GameTaskTests.AutoHoeingTests.CooperativeRerunCommunicationTests.Client(Func`3 f, Boolean cap, List`1 seen) in E:\Program Files\better-genshin-impact-LCB\Test\BetterGenshinImpact.UnitTest\GameTaskTests\AutoHoeingTests\CooperativeRerunCommunicationTests.cs:line 21
   at BetterGenshinImpact.UnitTest.GameTaskTests.AutoHoeingTests.CooperativeRerunCommunicationTests.CompleteRouteWaitsForCurrentRouteToAdvance() in E:\Program Files\better-genshin-impact-LCB\Test\BetterGenshinImpact.UnitTest\GameTaskTests\AutoHoeingTests\CooperativeRerunCommunicationTests.cs:line 26
--- End of stack trace from previous location ---
----- Inner Stack Trace -----
   at System.Windows.Input.InputManager..ctor()
   at System.Windows.Input.InputManager.GetCurrentInputManagerImpl()
   at System.Windows.Input.KeyboardNavigation..ctor()
   at System.Windows.FrameworkElement.FrameworkServices..ctor()
   at System.Windows.FrameworkElement.EnsureFrameworkServices()
   at System.Windows.FrameworkElement..ctor()
   at System.Windows.Controls.Control..ctor()
   at System.Windows.Window..ctor()
   at Wpf.Ui.Controls.FluentWindow..ctor()
   at BetterGenshinImpact.View.Windows.ThemedMessageBox..ctor() in E:\Program Files\better-genshin-impact-LCB\BetterGenshinImpact\View\Windows\ThemedMessageBox.xaml.cs:line 35
   at BetterGenshinImpact.View.Windows.ThemedMessageBox.Show(String content, String title, MessageBoxButton button, MessageBoxIcon icon, MessageBoxResult defaultResult, Window owner) in E:\Program Files\better-genshin-impact-LCB\BetterGenshinImpact\View\Windows\ThemedMessageBox.xaml.cs:line 132
   at BetterGenshinImpact.View.Windows.ThemedMessageBox.Warning(String message, String title) in E:\Program Files\better-genshin-impact-LCB\BetterGenshinImpact\View\Windows\ThemedMessageBox.xaml.cs:line 293
   at BetterGenshinImpact.Helpers.RuntimeHelper.CheckIntegration() in E:\Program Files\better-genshin-impact-LCB\BetterGenshinImpact\Helpers\RuntimeHelper.cs:line 159
   at BetterGenshinImpact.Helpers.RuntimeExtension.CheckIntegration(IHostBuilder app) in E:\Program Files\better-genshin-impact-LCB\BetterGenshinImpact\Helpers\RuntimeHelper.cs:line 181
   at BetterGenshinImpact.App..cctor() in E:\Program Files\better-genshin-impact-LCB\BetterGenshinImpact\App.xaml.cs:line 58
  失败 BetterGenshinImpact.UnitTest.GameTaskTests.AutoHoeingTests.CooperativeRerunServerContractTests.SilentMemberLeaseExpiryAbortsStageAndIsVisibleToOthers [228 ms]
  错误消息:
   System.TypeInitializationException : The type initializer for 'BetterGenshinImpact.App' threw an exception.
---- System.InvalidOperationException : 调用线程必须为 STA，因为许多 UI 组件都需要。
  堆栈跟踪:
     at BetterGenshinImpact.App.GetLogger[T]() in E:\Program Files\better-genshin-impact-LCB\BetterGenshinImpact\App.xaml.cs:line 234
   at BetterGenshinImpact.GameTask.AutoHoeing.Multiplayer.CoordinatorClient..ctor() in E:\Program Files\better-genshin-impact-LCB\BetterGenshinImpact\GameTask\AutoHoeing\Multiplayer\CoordinatorClient.cs:line 31
   at BetterGenshinImpact.UnitTest.GameTaskTests.AutoHoeingTests.CooperativeRerunServerContractTests.SilentMemberLeaseExpiryAbortsStageAndIsVisibleToOthers() in E:\Program Files\better-genshin-impact-LCB\Test\BetterGenshinImpact.UnitTest\GameTaskTests\AutoHoeingTests\CooperativeRerunServerContractTests.cs:line 488
--- End of stack trace from previous location ---
----- Inner Stack Trace -----
   at System.Windows.Input.InputManager..ctor()
   at System.Windows.Input.InputManager.GetCurrentInputManagerImpl()
   at System.Windows.Input.KeyboardNavigation..ctor()
   at System.Windows.FrameworkElement.FrameworkServices..ctor()
   at System.Windows.FrameworkElement.EnsureFrameworkServices()
   at System.Windows.FrameworkElement..ctor()
   at System.Windows.Controls.Control..ctor()
   at System.Windows.Window..ctor()
   at Wpf.Ui.Controls.FluentWindow..ctor()
   at BetterGenshinImpact.View.Windows.ThemedMessageBox..ctor() in E:\Program Files\better-genshin-impact-LCB\BetterGenshinImpact\View\Windows\ThemedMessageBox.xaml.cs:line 35
   at BetterGenshinImpact.View.Windows.ThemedMessageBox.Show(String content, String title, MessageBoxButton button, MessageBoxIcon icon, MessageBoxResult defaultResult, Window owner) in E:\Program Files\better-genshin-impact-LCB\BetterGenshinImpact\View\Windows\ThemedMessageBox.xaml.cs:line 132
   at BetterGenshinImpact.View.Windows.ThemedMessageBox.Warning(String message, String title) in E:\Program Files\better-genshin-impact-LCB\BetterGenshinImpact\View\Windows\ThemedMessageBox.xaml.cs:line 293
   at BetterGenshinImpact.Helpers.RuntimeHelper.CheckIntegration() in E:\Program Files\better-genshin-impact-LCB\BetterGenshinImpact\Helpers\RuntimeHelper.cs:line 159
   at BetterGenshinImpact.Helpers.RuntimeExtension.CheckIntegration(IHostBuilder app) in E:\Program Files\better-genshin-impact-LCB\BetterGenshinImpact\Helpers\RuntimeHelper.cs:line 181
   at BetterGenshinImpact.App..cctor() in E:\Program Files\better-genshin-impact-LCB\BetterGenshinImpact\App.xaml.cs:line 58
  失败 BetterGenshinImpact.UnitTest.GameTaskTests.AutoHoeingTests.CooperativeRerunServerContractTests.EnrollmentTimeoutAbortsInsteadOfCompletingEmptyRound [1 ms]
  错误消息:
   System.TypeInitializationException : The type initializer for 'BetterGenshinImpact.App' threw an exception.
---- System.InvalidOperationException : 调用线程必须为 STA，因为许多 UI 组件都需要。
  堆栈跟踪:
     at BetterGenshinImpact.App.GetLogger[T]() in E:\Program Files\better-genshin-impact-LCB\BetterGenshinImpact\App.xaml.cs:line 234
   at BetterGenshinImpact.GameTask.AutoHoeing.Multiplayer.CoordinatorClient..ctor() in E:\Program Files\better-genshin-impact-LCB\BetterGenshinImpact\GameTask\AutoHoeing\Multiplayer\CoordinatorClient.cs:line 31
   at BetterGenshinImpact.UnitTest.GameTaskTests.AutoHoeingTests.CooperativeRerunServerContractTests.EnrollmentTimeoutAbortsInsteadOfCompletingEmptyRound() in E:\Program Files\better-genshin-impact-LCB\Test\BetterGenshinImpact.UnitTest\GameTaskTests\AutoHoeingTests\CooperativeRerunServerContractTests.cs:line 92
--- End of stack trace from previous location ---
----- Inner Stack Trace -----
   at System.Windows.Input.InputManager..ctor()
   at System.Windows.Input.InputManager.GetCurrentInputManagerImpl()
   at System.Windows.Input.KeyboardNavigation..ctor()
   at System.Windows.FrameworkElement.FrameworkServices..ctor()
   at System.Windows.FrameworkElement.EnsureFrameworkServices()
   at System.Windows.FrameworkElement..ctor()
   at System.Windows.Controls.Control..ctor()
   at System.Windows.Window..ctor()
   at Wpf.Ui.Controls.FluentWindow..ctor()
   at BetterGenshinImpact.View.Windows.ThemedMessageBox..ctor() in E:\Program Files\better-genshin-impact-LCB\BetterGenshinImpact\View\Windows\ThemedMessageBox.xaml.cs:line 35
   at BetterGenshinImpact.View.Windows.ThemedMessageBox.Show(String content, String title, MessageBoxButton button, MessageBoxIcon icon, MessageBoxResult defaultResult, Window owner) in E:\Program Files\better-genshin-impact-LCB\BetterGenshinImpact\View\Windows\ThemedMessageBox.xaml.cs:line 132
   at BetterGenshinImpact.View.Windows.ThemedMessageBox.Warning(String message, String title) in E:\Program Files\better-genshin-impact-LCB\BetterGenshinImpact\View\Windows\ThemedMessageBox.xaml.cs:line 293
   at BetterGenshinImpact.Helpers.RuntimeHelper.CheckIntegration() in E:\Program Files\better-genshin-impact-LCB\BetterGenshinImpact\Helpers\RuntimeHelper.cs:line 159
   at BetterGenshinImpact.Helpers.RuntimeExtension.CheckIntegration(IHostBuilder app) in E:\Program Files\better-genshin-impact-LCB\BetterGenshinImpact\Helpers\RuntimeHelper.cs:line 181
   at BetterGenshinImpact.App..cctor() in E:\Program Files\better-genshin-impact-LCB\BetterGenshinImpact\App.xaml.cs:line 58
  失败 BetterGenshinImpact.UnitTest.GameTaskTests.AutoHoeingTests.CooperativeRerunServerContractTests.IncompleteRouteAutoBypassesUnreachedPointsAndSessionContinues [1 ms]
  错误消息:
   System.TypeInitializationException : The type initializer for 'BetterGenshinImpact.App' threw an exception.
---- System.InvalidOperationException : 调用线程必须为 STA，因为许多 UI 组件都需要。
  堆栈跟踪:
     at BetterGenshinImpact.App.GetLogger[T]() in E:\Program Files\better-genshin-impact-LCB\BetterGenshinImpact\App.xaml.cs:line 234
   at BetterGenshinImpact.GameTask.AutoHoeing.Multiplayer.CoordinatorClient..ctor() in E:\Program Files\better-genshin-impact-LCB\BetterGenshinImpact\GameTask\AutoHoeing\Multiplayer\CoordinatorClient.cs:line 31
   at BetterGenshinImpact.UnitTest.GameTaskTests.AutoHoeingTests.CooperativeRerunServerContractTests.IncompleteRouteAutoBypassesUnreachedPointsAndSessionContinues() in E:\Program Files\better-genshin-impact-LCB\Test\BetterGenshinImpact.UnitTest\GameTaskTests\AutoHoeingTests\CooperativeRerunServerContractTests.cs:line 404
--- End of stack trace from previous location ---
----- Inner Stack Trace -----
   at System.Windows.Input.InputManager..ctor()
   at System.Windows.Input.InputManager.GetCurrentInputManagerImpl()
   at System.Windows.Input.KeyboardNavigation..ctor()
   at System.Windows.FrameworkElement.FrameworkServices..ctor()
   at System.Windows.FrameworkElement.EnsureFrameworkServices()
   at System.Windows.FrameworkElement..ctor()
   at System.Windows.Controls.Control..ctor()
   at System.Windows.Window..ctor()
   at Wpf.Ui.Controls.FluentWindow..ctor()
   at BetterGenshinImpact.View.Windows.ThemedMessageBox..ctor() in E:\Program Files\better-genshin-impact-LCB\BetterGenshinImpact\View\Windows\ThemedMessageBox.xaml.cs:line 35
   at BetterGenshinImpact.View.Windows.ThemedMessageBox.Show(String content, String title, MessageBoxButton button, MessageBoxIcon icon, MessageBoxResult defaultResult, Window owner) in E:\Program Files\better-genshin-impact-LCB\BetterGenshinImpact\View\Windows\ThemedMessageBox.xaml.cs:line 132
   at BetterGenshinImpact.View.Windows.ThemedMessageBox.Warning(String message, String title) in E:\Program Files\better-genshin-impact-LCB\BetterGenshinImpact\View\Windows\ThemedMessageBox.xaml.cs:line 293
   at BetterGenshinImpact.Helpers.RuntimeHelper.CheckIntegration() in E:\Program Files\better-genshin-impact-LCB\BetterGenshinImpact\Helpers\RuntimeHelper.cs:line 159
   at BetterGenshinImpact.Helpers.RuntimeExtension.CheckIntegration(IHostBuilder app) in E:\Program Files\better-genshin-impact-LCB\BetterGenshinImpact\Helpers\RuntimeHelper.cs:line 181
   at BetterGenshinImpact.App..cctor() in E:\Program Files\better-genshin-impact-LCB\BetterGenshinImpact\App.xaml.cs:line 58
  失败 BetterGenshinImpact.UnitTest.GameTaskTests.AutoHoeingTests.CooperativeRerunServerContractTests.EarlyNormalCompletionWaitsForOtherMemberEnrollment(hasRoutes: False) [1 ms]
  错误消息:
   System.TypeInitializationException : The type initializer for 'BetterGenshinImpact.App' threw an exception.
---- System.InvalidOperationException : 调用线程必须为 STA，因为许多 UI 组件都需要。
  堆栈跟踪:
     at BetterGenshinImpact.App.GetLogger[T]() in E:\Program Files\better-genshin-impact-LCB\BetterGenshinImpact\App.xaml.cs:line 234
   at BetterGenshinImpact.GameTask.AutoHoeing.Multiplayer.CoordinatorClient..ctor() in E:\Program Files\better-genshin-impact-LCB\BetterGenshinImpact\GameTask\AutoHoeing\Multiplayer\CoordinatorClient.cs:line 31
   at BetterGenshinImpact.UnitTest.GameTaskTests.AutoHoeingTests.CooperativeRerunServerContractTests.EarlyNormalCompletionWaitsForOtherMemberEnrollment(Boolean hasRoutes) in E:\Program Files\better-genshin-impact-LCB\Test\BetterGenshinImpact.UnitTest\GameTaskTests\AutoHoeingTests\CooperativeRerunServerContractTests.cs:line 47
--- End of stack trace from previous location ---
----- Inner Stack Trace -----
   at System.Windows.Input.InputManager..ctor()
   at System.Windows.Input.InputManager.GetCurrentInputManagerImpl()
   at System.Windows.Input.KeyboardNavigation..ctor()
   at System.Windows.FrameworkElement.FrameworkServices..ctor()
   at System.Windows.FrameworkElement.EnsureFrameworkServices()
   at System.Windows.FrameworkElement..ctor()
   at System.Windows.Controls.Control..ctor()
   at System.Windows.Window..ctor()
   at Wpf.Ui.Controls.FluentWindow..ctor()
   at BetterGenshinImpact.View.Windows.ThemedMessageBox..ctor() in E:\Program Files\better-genshin-impact-LCB\BetterGenshinImpact\View\Windows\ThemedMessageBox.xaml.cs:line 35
   at BetterGenshinImpact.View.Windows.ThemedMessageBox.Show(String content, String title, MessageBoxButton button, MessageBoxIcon icon, MessageBoxResult defaultResult, Window owner) in E:\Program Files\better-genshin-impact-LCB\BetterGenshinImpact\View\Windows\ThemedMessageBox.xaml.cs:line 132
   at BetterGenshinImpact.View.Windows.ThemedMessageBox.Warning(String message, String title) in E:\Program Files\better-genshin-impact-LCB\BetterGenshinImpact\View\Windows\ThemedMessageBox.xaml.cs:line 293
   at BetterGenshinImpact.Helpers.RuntimeHelper.CheckIntegration() in E:\Program Files\better-genshin-impact-LCB\BetterGenshinImpact\Helpers\RuntimeHelper.cs:line 159
   at BetterGenshinImpact.Helpers.RuntimeExtension.CheckIntegration(IHostBuilder app) in E:\Program Files\better-genshin-impact-LCB\BetterGenshinImpact\Helpers\RuntimeHelper.cs:line 181
   at BetterGenshinImpact.App..cctor() in E:\Program Files\better-genshin-impact-LCB\BetterGenshinImpact\App.xaml.cs:line 58
  失败 BetterGenshinImpact.UnitTest.GameTaskTests.AutoHoeingTests.CooperativeRerunServerContractTests.EarlyNormalCompletionWaitsForOtherMemberEnrollment(hasRoutes: True) [< 1 ms]
  错误消息:
   System.TypeInitializationException : The type initializer for 'BetterGenshinImpact.App' threw an exception.
---- System.InvalidOperationException : 调用线程必须为 STA，因为许多 UI 组件都需要。
  堆栈跟踪:
     at BetterGenshinImpact.App.GetLogger[T]() in E:\Program Files\better-genshin-impact-LCB\BetterGenshinImpact\App.xaml.cs:line 234
   at BetterGenshinImpact.GameTask.AutoHoeing.Multiplayer.CoordinatorClient..ctor() in E:\Program Files\better-genshin-impact-LCB\BetterGenshinImpact\GameTask\AutoHoeing\Multiplayer\CoordinatorClient.cs:line 31
   at BetterGenshinImpact.UnitTest.GameTaskTests.AutoHoeingTests.CooperativeRerunServerContractTests.EarlyNormalCompletionWaitsForOtherMemberEnrollment(Boolean hasRoutes) in E:\Program Files\better-genshin-impact-LCB\Test\BetterGenshinImpact.UnitTest\GameTaskTests\AutoHoeingTests\CooperativeRerunServerContractTests.cs:line 47
--- End of stack trace from previous location ---
----- Inner Stack Trace -----
   at System.Windows.Input.InputManager..ctor()
   at System.Windows.Input.InputManager.GetCurrentInputManagerImpl()
   at System.Windows.Input.KeyboardNavigation..ctor()
   at System.Windows.FrameworkElement.FrameworkServices..ctor()
   at System.Windows.FrameworkElement.EnsureFrameworkServices()
   at System.Windows.FrameworkElement..ctor()
   at System.Windows.Controls.Control..ctor()
   at System.Windows.Window..ctor()
   at Wpf.Ui.Controls.FluentWindow..ctor()
   at BetterGenshinImpact.View.Windows.ThemedMessageBox..ctor() in E:\Program Files\better-genshin-impact-LCB\BetterGenshinImpact\View\Windows\ThemedMessageBox.xaml.cs:line 35
   at BetterGenshinImpact.View.Windows.ThemedMessageBox.Show(String content, String title, MessageBoxButton button, MessageBoxIcon icon, MessageBoxResult defaultResult, Window owner) in E:\Program Files\better-genshin-impact-LCB\BetterGenshinImpact\View\Windows\ThemedMessageBox.xaml.cs:line 132
   at BetterGenshinImpact.View.Windows.ThemedMessageBox.Warning(String message, String title) in E:\Program Files\better-genshin-impact-LCB\BetterGenshinImpact\View\Windows\ThemedMessageBox.xaml.cs:line 293
   at BetterGenshinImpact.Helpers.RuntimeHelper.CheckIntegration() in E:\Program Files\better-genshin-impact-LCB\BetterGenshinImpact\Helpers\RuntimeHelper.cs:line 159
   at BetterGenshinImpact.Helpers.RuntimeExtension.CheckIntegration(IHostBuilder app) in E:\Program Files\better-genshin-impact-LCB\BetterGenshinImpact\Helpers\RuntimeHelper.cs:line 181
   at BetterGenshinImpact.App..cctor() in E:\Program Files\better-genshin-impact-LCB\BetterGenshinImpact\App.xaml.cs:line 58
  失败 BetterGenshinImpact.UnitTest.GameTaskTests.AutoHoeingTests.CooperativeRerunServerContractTests.EveryCanonicalCheckpointMustBeArrivedBeforeCompleted [1 ms]
  错误消息:
   System.TypeInitializationException : The type initializer for 'BetterGenshinImpact.App' threw an exception.
---- System.InvalidOperationException : 调用线程必须为 STA，因为许多 UI 组件都需要。
  堆栈跟踪:
     at BetterGenshinImpact.App.GetLogger[T]() in E:\Program Files\better-genshin-impact-LCB\BetterGenshinImpact\App.xaml.cs:line 234
   at BetterGenshinImpact.GameTask.AutoHoeing.Multiplayer.CoordinatorClient..ctor() in E:\Program Files\better-genshin-impact-LCB\BetterGenshinImpact\GameTask\AutoHoeing\Multiplayer\CoordinatorClient.cs:line 31
   at BetterGenshinImpact.UnitTest.GameTaskTests.AutoHoeingTests.CooperativeRerunServerContractTests.EveryCanonicalCheckpointMustBeArrivedBeforeCompleted() in E:\Program Files\better-genshin-impact-LCB\Test\BetterGenshinImpact.UnitTest\GameTaskTests\AutoHoeingTests\CooperativeRerunServerContractTests.cs:line 368
--- End of stack trace from previous location ---
----- Inner Stack Trace -----
   at System.Windows.Input.InputManager..ctor()
   at System.Windows.Input.InputManager.GetCurrentInputManagerImpl()
   at System.Windows.Input.KeyboardNavigation..ctor()
   at System.Windows.FrameworkElement.FrameworkServices..ctor()
   at System.Windows.FrameworkElement.EnsureFrameworkServices()
   at System.Windows.FrameworkElement..ctor()
   at System.Windows.Controls.Control..ctor()
   at System.Windows.Window..ctor()
   at Wpf.Ui.Controls.FluentWindow..ctor()
   at BetterGenshinImpact.View.Windows.ThemedMessageBox..ctor() in E:\Program Files\better-genshin-impact-LCB\BetterGenshinImpact\View\Windows\ThemedMessageBox.xaml.cs:line 35
   at BetterGenshinImpact.View.Windows.ThemedMessageBox.Show(String content, String title, MessageBoxButton button, MessageBoxIcon icon, MessageBoxResult defaultResult, Window owner) in E:\Program Files\better-genshin-impact-LCB\BetterGenshinImpact\View\Windows\ThemedMessageBox.xaml.cs:line 132
   at BetterGenshinImpact.View.Windows.ThemedMessageBox.Warning(String message, String title) in E:\Program Files\better-genshin-impact-LCB\BetterGenshinImpact\View\Windows\ThemedMessageBox.xaml.cs:line 293
   at BetterGenshinImpact.Helpers.RuntimeHelper.CheckIntegration() in E:\Program Files\better-genshin-impact-LCB\BetterGenshinImpact\Helpers\RuntimeHelper.cs:line 159
   at BetterGenshinImpact.Helpers.RuntimeExtension.CheckIntegration(IHostBuilder app) in E:\Program Files\better-genshin-impact-LCB\BetterGenshinImpact\Helpers\RuntimeHelper.cs:line 181
   at BetterGenshinImpact.App..cctor() in E:\Program Files\better-genshin-impact-LCB\BetterGenshinImpact\App.xaml.cs:line 58
  失败 BetterGenshinImpact.UnitTest.GameTaskTests.AutoHoeingTests.CooperativeRerunServerContractTests.WaitingForEnrollmentCanBeCancelledWithoutNormalDone [< 1 ms]
  错误消息:
   System.TypeInitializationException : The type initializer for 'BetterGenshinImpact.App' threw an exception.
---- System.InvalidOperationException : 调用线程必须为 STA，因为许多 UI 组件都需要。
  堆栈跟踪:
     at BetterGenshinImpact.App.GetLogger[T]() in E:\Program Files\better-genshin-impact-LCB\BetterGenshinImpact\App.xaml.cs:line 234
   at BetterGenshinImpact.GameTask.AutoHoeing.Multiplayer.CoordinatorClient..ctor() in E:\Program Files\better-genshin-impact-LCB\BetterGenshinImpact\GameTask\AutoHoeing\Multiplayer\CoordinatorClient.cs:line 31
   at BetterGenshinImpact.UnitTest.GameTaskTests.AutoHoeingTests.CooperativeRerunServerContractTests.WaitingForEnrollmentCanBeCancelledWithoutNormalDone() in E:\Program Files\better-genshin-impact-LCB\Test\BetterGenshinImpact.UnitTest\GameTaskTests\AutoHoeingTests\CooperativeRerunServerContractTests.cs:line 75
--- End of stack trace from previous location ---
----- Inner Stack Trace -----
   at System.Windows.Input.InputManager..ctor()
   at System.Windows.Input.InputManager.GetCurrentInputManagerImpl()
   at System.Windows.Input.KeyboardNavigation..ctor()
   at System.Windows.FrameworkElement.FrameworkServices..ctor()
   at System.Windows.FrameworkElement.EnsureFrameworkServices()
   at System.Windows.FrameworkElement..ctor()
   at System.Windows.Controls.Control..ctor()
   at System.Windows.Window..ctor()
   at Wpf.Ui.Controls.FluentWindow..ctor()
   at BetterGenshinImpact.View.Windows.ThemedMessageBox..ctor() in E:\Program Files\better-genshin-impact-LCB\BetterGenshinImpact\View\Windows\ThemedMessageBox.xaml.cs:line 35
   at BetterGenshinImpact.View.Windows.ThemedMessageBox.Show(String content, String title, MessageBoxButton button, MessageBoxIcon icon, MessageBoxResult defaultResult, Window owner) in E:\Program Files\better-genshin-impact-LCB\BetterGenshinImpact\View\Windows\ThemedMessageBox.xaml.cs:line 132
   at BetterGenshinImpact.View.Windows.ThemedMessageBox.Warning(String message, String title) in E:\Program Files\better-genshin-impact-LCB\BetterGenshinImpact\View\Windows\ThemedMessageBox.xaml.cs:line 293
   at BetterGenshinImpact.Helpers.RuntimeHelper.CheckIntegration() in E:\Program Files\better-genshin-impact-LCB\BetterGenshinImpact\Helpers\RuntimeHelper.cs:line 159
   at BetterGenshinImpact.Helpers.RuntimeExtension.CheckIntegration(IHostBuilder app) in E:\Program Files\better-genshin-impact-LCB\BetterGenshinImpact\Helpers\RuntimeHelper.cs:line 181
   at BetterGenshinImpact.App..cctor() in E:\Program Files\better-genshin-impact-LCB\BetterGenshinImpact\App.xaml.cs:line 58
  失败 BetterGenshinImpact.UnitTest.GameTaskTests.AutoHoeingTests.CooperativeRerunContractTests.RecoverIsSentForCurrentRouteAndDoesNotResolvePoints [11 ms]
  错误消息:
   System.TypeInitializationException : The type initializer for 'BetterGenshinImpact.App' threw an exception.
---- System.InvalidOperationException : 调用线程必须为 STA，因为许多 UI 组件都需要。
  堆栈跟踪:
     at BetterGenshinImpact.App.GetLogger[T]() in E:\Program Files\better-genshin-impact-LCB\BetterGenshinImpact\App.xaml.cs:line 234
   at BetterGenshinImpact.GameTask.AutoHoeing.Multiplayer.CoordinatorClient..ctor() in E:\Program Files\better-genshin-impact-LCB\BetterGenshinImpact\GameTask\AutoHoeing\Multiplayer\CoordinatorClient.cs:line 31
   at BetterGenshinImpact.UnitTest.GameTaskTests.AutoHoeingTests.CooperativeRerunContractTests.Client(Func`2 respond, Boolean capability, List`1 seen) in E:\Program Files\better-genshin-impact-LCB\Test\BetterGenshinImpact.UnitTest\GameTaskTests\AutoHoeingTests\CooperativeRerunContractTests.cs:line 76
   at BetterGenshinImpact.UnitTest.GameTaskTests.AutoHoeingTests.CooperativeRerunContractTests.RecoverIsSentForCurrentRouteAndDoesNotResolvePoints() in E:\Program Files\better-genshin-impact-LCB\Test\BetterGenshinImpact.UnitTest\GameTaskTests\AutoHoeingTests\CooperativeRerunContractTests.cs:line 140
--- End of stack trace from previous location ---
----- Inner Stack Trace -----
   at System.Windows.Input.InputManager..ctor()
   at System.Windows.Input.InputManager.GetCurrentInputManagerImpl()
   at System.Windows.Input.KeyboardNavigation..ctor()
   at System.Windows.FrameworkElement.FrameworkServices..ctor()
   at System.Windows.FrameworkElement.EnsureFrameworkServices()
   at System.Windows.FrameworkElement..ctor()
   at System.Windows.Controls.Control..ctor()
   at System.Windows.Window..ctor()
   at Wpf.Ui.Controls.FluentWindow..ctor()
   at BetterGenshinImpact.View.Windows.ThemedMessageBox..ctor() in E:\Program Files\better-genshin-impact-LCB\BetterGenshinImpact\View\Windows\ThemedMessageBox.xaml.cs:line 35
   at BetterGenshinImpact.View.Windows.ThemedMessageBox.Show(String content, String title, MessageBoxButton button, MessageBoxIcon icon, MessageBoxResult defaultResult, Window owner) in E:\Program Files\better-genshin-impact-LCB\BetterGenshinImpact\View\Windows\ThemedMessageBox.xaml.cs:line 132
   at BetterGenshinImpact.View.Windows.ThemedMessageBox.Warning(String message, String title) in E:\Program Files\better-genshin-impact-LCB\BetterGenshinImpact\View\Windows\ThemedMessageBox.xaml.cs:line 293
   at BetterGenshinImpact.Helpers.RuntimeHelper.CheckIntegration() in E:\Program Files\better-genshin-impact-LCB\BetterGenshinImpact\Helpers\RuntimeHelper.cs:line 159
   at BetterGenshinImpact.Helpers.RuntimeExtension.CheckIntegration(IHostBuilder app) in E:\Program Files\better-genshin-impact-LCB\BetterGenshinImpact\Helpers\RuntimeHelper.cs:line 181
   at BetterGenshinImpact.App..cctor() in E:\Program Files\better-genshin-impact-LCB\BetterGenshinImpact\App.xaml.cs:line 58
  失败 BetterGenshinImpact.UnitTest.GameTaskTests.AutoHoeingTests.CooperativeRerunServerContractTests.ReplayDeathDoesNotExtendTheFrozenPlan [1 ms]
  错误消息:
   System.TypeInitializationException : The type initializer for 'BetterGenshinImpact.App' threw an exception.
---- System.InvalidOperationException : 调用线程必须为 STA，因为许多 UI 组件都需要。
  堆栈跟踪:
     at BetterGenshinImpact.App.GetLogger[T]() in E:\Program Files\better-genshin-impact-LCB\BetterGenshinImpact\App.xaml.cs:line 234
   at BetterGenshinImpact.GameTask.AutoHoeing.Multiplayer.CoordinatorClient..ctor() in E:\Program Files\better-genshin-impact-LCB\BetterGenshinImpact\GameTask\AutoHoeing\Multiplayer\CoordinatorClient.cs:line 31
   at BetterGenshinImpact.UnitTest.GameTaskTests.AutoHoeingTests.CooperativeRerunServerContractTests.ReplayDeathDoesNotExtendTheFrozenPlan() in E:\Program Files\better-genshin-impact-LCB\Test\BetterGenshinImpact.UnitTest\GameTaskTests\AutoHoeingTests\CooperativeRerunServerContractTests.cs:line 448
--- End of stack trace from previous location ---
----- Inner Stack Trace -----
   at System.Windows.Input.InputManager..ctor()
   at System.Windows.Input.InputManager.GetCurrentInputManagerImpl()
   at System.Windows.Input.KeyboardNavigation..ctor()
   at System.Windows.FrameworkElement.FrameworkServices..ctor()
   at System.Windows.FrameworkElement.EnsureFrameworkServices()
   at System.Windows.FrameworkElement..ctor()
   at System.Windows.Controls.Control..ctor()
   at System.Windows.Window..ctor()
   at Wpf.Ui.Controls.FluentWindow..ctor()
   at BetterGenshinImpact.View.Windows.ThemedMessageBox..ctor() in E:\Program Files\better-genshin-impact-LCB\BetterGenshinImpact\View\Windows\ThemedMessageBox.xaml.cs:line 35
   at BetterGenshinImpact.View.Windows.ThemedMessageBox.Show(String content, String title, MessageBoxButton button, MessageBoxIcon icon, MessageBoxResult defaultResult, Window owner) in E:\Program Files\better-genshin-impact-LCB\BetterGenshinImpact\View\Windows\ThemedMessageBox.xaml.cs:line 132
   at BetterGenshinImpact.View.Windows.ThemedMessageBox.Warning(String message, String title) in E:\Program Files\better-genshin-impact-LCB\BetterGenshinImpact\View\Windows\ThemedMessageBox.xaml.cs:line 293
   at BetterGenshinImpact.Helpers.RuntimeHelper.CheckIntegration() in E:\Program Files\better-genshin-impact-LCB\BetterGenshinImpact\Helpers\RuntimeHelper.cs:line 159
   at BetterGenshinImpact.Helpers.RuntimeExtension.CheckIntegration(IHostBuilder app) in E:\Program Files\better-genshin-impact-LCB\BetterGenshinImpact\Helpers\RuntimeHelper.cs:line 181
   at BetterGenshinImpact.App..cctor() in E:\Program Files\better-genshin-impact-LCB\BetterGenshinImpact\App.xaml.cs:line 58
  失败 BetterGenshinImpact.UnitTest.GameTaskTests.AutoHoeingTests.CooperativeRerunContractTests.NormalRoundDoesNotSendRecoverOrBypass [< 1 ms]
  错误消息:
   System.TypeInitializationException : The type initializer for 'BetterGenshinImpact.App' threw an exception.
---- System.InvalidOperationException : 调用线程必须为 STA，因为许多 UI 组件都需要。
  堆栈跟踪:
     at BetterGenshinImpact.App.GetLogger[T]() in E:\Program Files\better-genshin-impact-LCB\BetterGenshinImpact\App.xaml.cs:line 234
   at BetterGenshinImpact.GameTask.AutoHoeing.Multiplayer.CoordinatorClient..ctor() in E:\Program Files\better-genshin-impact-LCB\BetterGenshinImpact\GameTask\AutoHoeing\Multiplayer\CoordinatorClient.cs:line 31
   at BetterGenshinImpact.UnitTest.GameTaskTests.AutoHoeingTests.CooperativeRerunContractTests.Client(Func`2 respond, Boolean capability, List`1 seen) in E:\Program Files\better-genshin-impact-LCB\Test\BetterGenshinImpact.UnitTest\GameTaskTests\AutoHoeingTests\CooperativeRerunContractTests.cs:line 76
   at BetterGenshinImpact.UnitTest.GameTaskTests.AutoHoeingTests.CooperativeRerunContractTests.NormalRoundDoesNotSendRecoverOrBypass() in E:\Program Files\better-genshin-impact-LCB\Test\BetterGenshinImpact.UnitTest\GameTaskTests\AutoHoeingTests\CooperativeRerunContractTests.cs:line 375
--- End of stack trace from previous location ---
----- Inner Stack Trace -----
   at System.Windows.Input.InputManager..ctor()
   at System.Windows.Input.InputManager.GetCurrentInputManagerImpl()
   at System.Windows.Input.KeyboardNavigation..ctor()
   at System.Windows.FrameworkElement.FrameworkServices..ctor()
   at System.Windows.FrameworkElement.EnsureFrameworkServices()
   at System.Windows.FrameworkElement..ctor()
   at System.Windows.Controls.Control..ctor()
   at System.Windows.Window..ctor()
   at Wpf.Ui.Controls.FluentWindow..ctor()
   at BetterGenshinImpact.View.Windows.ThemedMessageBox..ctor() in E:\Program Files\better-genshin-impact-LCB\BetterGenshinImpact\View\Windows\ThemedMessageBox.xaml.cs:line 35
   at BetterGenshinImpact.View.Windows.ThemedMessageBox.Show(String content, String title, MessageBoxButton button, MessageBoxIcon icon, MessageBoxResult defaultResult, Window owner) in E:\Program Files\better-genshin-impact-LCB\BetterGenshinImpact\View\Windows\ThemedMessageBox.xaml.cs:line 132
   at BetterGenshinImpact.View.Windows.ThemedMessageBox.Warning(String message, String title) in E:\Program Files\better-genshin-impact-LCB\BetterGenshinImpact\View\Windows\ThemedMessageBox.xaml.cs:line 293
   at BetterGenshinImpact.Helpers.RuntimeHelper.CheckIntegration() in E:\Program Files\better-genshin-impact-LCB\BetterGenshinImpact\Helpers\RuntimeHelper.cs:line 159
   at BetterGenshinImpact.Helpers.RuntimeExtension.CheckIntegration(IHostBuilder app) in E:\Program Files\better-genshin-impact-LCB\BetterGenshinImpact\Helpers\RuntimeHelper.cs:line 181
   at BetterGenshinImpact.App..cctor() in E:\Program Files\better-genshin-impact-LCB\BetterGenshinImpact\App.xaml.cs:line 58
  失败 BetterGenshinImpact.UnitTest.GameTaskTests.AutoHoeingTests.CooperativeRerunServerContractTests.PartialBypassThenEarlyExitMustRemainIncomplete [< 1 ms]
  错误消息:
   System.TypeInitializationException : The type initializer for 'BetterGenshinImpact.App' threw an exception.
---- System.InvalidOperationException : 调用线程必须为 STA，因为许多 UI 组件都需要。
  堆栈跟踪:
     at BetterGenshinImpact.App.GetLogger[T]() in E:\Program Files\better-genshin-impact-LCB\BetterGenshinImpact\App.xaml.cs:line 234
   at BetterGenshinImpact.GameTask.AutoHoeing.Multiplayer.CoordinatorClient..ctor() in E:\Program Files\better-genshin-impact-LCB\BetterGenshinImpact\GameTask\AutoHoeing\Multiplayer\CoordinatorClient.cs:line 31
   at BetterGenshinImpact.UnitTest.GameTaskTests.AutoHoeingTests.CooperativeRerunServerContractTests.PartialBypassThenEarlyExitMustRemainIncomplete() in E:\Program Files\better-genshin-impact-LCB\Test\BetterGenshinImpact.UnitTest\GameTaskTests\AutoHoeingTests\CooperativeRerunServerContractTests.cs:line 113
--- End of stack trace from previous location ---
----- Inner Stack Trace -----
   at System.Windows.Input.InputManager..ctor()
   at System.Windows.Input.InputManager.GetCurrentInputManagerImpl()
   at System.Windows.Input.KeyboardNavigation..ctor()
   at System.Windows.FrameworkElement.FrameworkServices..ctor()
   at System.Windows.FrameworkElement.EnsureFrameworkServices()
   at System.Windows.FrameworkElement..ctor()
   at System.Windows.Controls.Control..ctor()
   at System.Windows.Window..ctor()
   at Wpf.Ui.Controls.FluentWindow..ctor()
   at BetterGenshinImpact.View.Windows.ThemedMessageBox..ctor() in E:\Program Files\better-genshin-impact-LCB\BetterGenshinImpact\View\Windows\ThemedMessageBox.xaml.cs:line 35
   at BetterGenshinImpact.View.Windows.ThemedMessageBox.Show(String content, String title, MessageBoxButton button, MessageBoxIcon icon, MessageBoxResult defaultResult, Window owner) in E:\Program Files\better-genshin-impact-LCB\BetterGenshinImpact\View\Windows\ThemedMessageBox.xaml.cs:line 132
   at BetterGenshinImpact.View.Windows.ThemedMessageBox.Warning(String message, String title) in E:\Program Files\better-genshin-impact-LCB\BetterGenshinImpact\View\Windows\ThemedMessageBox.xaml.cs:line 293
   at BetterGenshinImpact.Helpers.RuntimeHelper.CheckIntegration() in E:\Program Files\better-genshin-impact-LCB\BetterGenshinImpact\Helpers\RuntimeHelper.cs:line 159
   at BetterGenshinImpact.Helpers.RuntimeExtension.CheckIntegration(IHostBuilder app) in E:\Program Files\better-genshin-impact-LCB\BetterGenshinImpact\Helpers\RuntimeHelper.cs:line 181
   at BetterGenshinImpact.App..cctor() in E:\Program Files\better-genshin-impact-LCB\BetterGenshinImpact\App.xaml.cs:line 58
  失败 BetterGenshinImpact.UnitTest.GameTaskTests.AutoHoeingTests.CooperativeRerunServerContractTests.CompletedWithoutArrivalIsRejectedByRealServer [< 1 ms]
  错误消息:
   System.TypeInitializationException : The type initializer for 'BetterGenshinImpact.App' threw an exception.
---- System.InvalidOperationException : 调用线程必须为 STA，因为许多 UI 组件都需要。
  堆栈跟踪:
     at BetterGenshinImpact.App.GetLogger[T]() in E:\Program Files\better-genshin-impact-LCB\BetterGenshinImpact\App.xaml.cs:line 234
   at BetterGenshinImpact.GameTask.AutoHoeing.Multiplayer.CoordinatorClient..ctor() in E:\Program Files\better-genshin-impact-LCB\BetterGenshinImpact\GameTask\AutoHoeing\Multiplayer\CoordinatorClient.cs:line 31
   at BetterGenshinImpact.UnitTest.GameTaskTests.AutoHoeingTests.CooperativeRerunServerContractTests.CompletedWithoutArrivalIsRejectedByRealServer() in E:\Program Files\better-genshin-impact-LCB\Test\BetterGenshinImpact.UnitTest\GameTaskTests\AutoHoeingTests\CooperativeRerunServerContractTests.cs:line 328
--- End of stack trace from previous location ---
----- Inner Stack Trace -----
   at System.Windows.Input.InputManager..ctor()
   at System.Windows.Input.InputManager.GetCurrentInputManagerImpl()
   at System.Windows.Input.KeyboardNavigation..ctor()
   at System.Windows.FrameworkElement.FrameworkServices..ctor()
   at System.Windows.FrameworkElement.EnsureFrameworkServices()
   at System.Windows.FrameworkElement..ctor()
   at System.Windows.Controls.Control..ctor()
   at System.Windows.Window..ctor()
   at Wpf.Ui.Controls.FluentWindow..ctor()
   at BetterGenshinImpact.View.Windows.ThemedMessageBox..ctor() in E:\Program Files\better-genshin-impact-LCB\BetterGenshinImpact\View\Windows\ThemedMessageBox.xaml.cs:line 35
   at BetterGenshinImpact.View.Windows.ThemedMessageBox.Show(String content, String title, MessageBoxButton button, MessageBoxIcon icon, MessageBoxResult defaultResult, Window owner) in E:\Program Files\better-genshin-impact-LCB\BetterGenshinImpact\View\Windows\ThemedMessageBox.xaml.cs:line 132
   at BetterGenshinImpact.View.Windows.ThemedMessageBox.Warning(String message, String title) in E:\Program Files\better-genshin-impact-LCB\BetterGenshinImpact\View\Windows\ThemedMessageBox.xaml.cs:line 293
   at BetterGenshinImpact.Helpers.RuntimeHelper.CheckIntegration() in E:\Program Files\better-genshin-impact-LCB\BetterGenshinImpact\Helpers\RuntimeHelper.cs:line 159
   at BetterGenshinImpact.Helpers.RuntimeExtension.CheckIntegration(IHostBuilder app) in E:\Program Files\better-genshin-impact-LCB\BetterGenshinImpact\Helpers\RuntimeHelper.cs:line 181
   at BetterGenshinImpact.App..cctor() in E:\Program Files\better-genshin-impact-LCB\BetterGenshinImpact\App.xaml.cs:line 58
  失败 BetterGenshinImpact.UnitTest.GameTaskTests.AutoHoeingTests.CooperativeRerunServerContractTests.DeathBeforeOtherMemberEnrollmentMustEnterReplay [1 ms]
  错误消息:
   System.TypeInitializationException : The type initializer for 'BetterGenshinImpact.App' threw an exception.
---- System.InvalidOperationException : 调用线程必须为 STA，因为许多 UI 组件都需要。
  堆栈跟踪:
     at BetterGenshinImpact.App.GetLogger[T]() in E:\Program Files\better-genshin-impact-LCB\BetterGenshinImpact\App.xaml.cs:line 234
   at BetterGenshinImpact.GameTask.AutoHoeing.Multiplayer.CoordinatorClient..ctor() in E:\Program Files\better-genshin-impact-LCB\BetterGenshinImpact\GameTask\AutoHoeing\Multiplayer\CoordinatorClient.cs:line 31
   at BetterGenshinImpact.UnitTest.GameTaskTests.AutoHoeingTests.CooperativeRerunServerContractTests.DeathBeforeOtherMemberEnrollmentMustEnterReplay() in E:\Program Files\better-genshin-impact-LCB\Test\BetterGenshinImpact.UnitTest\GameTaskTests\AutoHoeingTests\CooperativeRerunServerContractTests.cs:line 132
--- End of stack trace from previous location ---
----- Inner Stack Trace -----
   at System.Windows.Input.InputManager..ctor()
   at System.Windows.Input.InputManager.GetCurrentInputManagerImpl()
   at System.Windows.Input.KeyboardNavigation..ctor()
   at System.Windows.FrameworkElement.FrameworkServices..ctor()
   at System.Windows.FrameworkElement.EnsureFrameworkServices()
   at System.Windows.FrameworkElement..ctor()
   at System.Windows.Controls.Control..ctor()
   at System.Windows.Window..ctor()
   at Wpf.Ui.Controls.FluentWindow..ctor()
   at BetterGenshinImpact.View.Windows.ThemedMessageBox..ctor() in E:\Program Files\better-genshin-impact-LCB\BetterGenshinImpact\View\Windows\ThemedMessageBox.xaml.cs:line 35
   at BetterGenshinImpact.View.Windows.ThemedMessageBox.Show(String content, String title, MessageBoxButton button, MessageBoxIcon icon, MessageBoxResult defaultResult, Window owner) in E:\Program Files\better-genshin-impact-LCB\BetterGenshinImpact\View\Windows\ThemedMessageBox.xaml.cs:line 132
   at BetterGenshinImpact.View.Windows.ThemedMessageBox.Warning(String message, String title) in E:\Program Files\better-genshin-impact-LCB\BetterGenshinImpact\View\Windows\ThemedMessageBox.xaml.cs:line 293
   at BetterGenshinImpact.Helpers.RuntimeHelper.CheckIntegration() in E:\Program Files\better-genshin-impact-LCB\BetterGenshinImpact\Helpers\RuntimeHelper.cs:line 159
   at BetterGenshinImpact.Helpers.RuntimeExtension.CheckIntegration(IHostBuilder app) in E:\Program Files\better-genshin-impact-LCB\BetterGenshinImpact\Helpers\RuntimeHelper.cs:line 181
   at BetterGenshinImpact.App..cctor() in E:\Program Files\better-genshin-impact-LCB\BetterGenshinImpact\App.xaml.cs:line 58
  失败 BetterGenshinImpact.UnitTest.GameTaskTests.AutoHoeingTests.CooperativeRerunServerContractTests.NoMarksProducesEmptyPlanAndCompletesWithoutReplay [< 1 ms]
  错误消息:
   System.TypeInitializationException : The type initializer for 'BetterGenshinImpact.App' threw an exception.
---- System.InvalidOperationException : 调用线程必须为 STA，因为许多 UI 组件都需要。
  堆栈跟踪:
     at BetterGenshinImpact.App.GetLogger[T]() in E:\Program Files\better-genshin-impact-LCB\BetterGenshinImpact\App.xaml.cs:line 234
   at BetterGenshinImpact.GameTask.AutoHoeing.Multiplayer.CoordinatorClient..ctor() in E:\Program Files\better-genshin-impact-LCB\BetterGenshinImpact\GameTask\AutoHoeing\Multiplayer\CoordinatorClient.cs:line 31
   at BetterGenshinImpact.UnitTest.GameTaskTests.AutoHoeingTests.CooperativeRerunServerContractTests.NoMarksProducesEmptyPlanAndCompletesWithoutReplay() in E:\Program Files\better-genshin-impact-LCB\Test\BetterGenshinImpact.UnitTest\GameTaskTests\AutoHoeingTests\CooperativeRerunServerContractTests.cs:line 308
--- End of stack trace from previous location ---
----- Inner Stack Trace -----
   at System.Windows.Input.InputManager..ctor()
   at System.Windows.Input.InputManager.GetCurrentInputManagerImpl()
   at System.Windows.Input.KeyboardNavigation..ctor()
   at System.Windows.FrameworkElement.FrameworkServices..ctor()
   at System.Windows.FrameworkElement.EnsureFrameworkServices()
   at System.Windows.FrameworkElement..ctor()
   at System.Windows.Controls.Control..ctor()
   at System.Windows.Window..ctor()
   at Wpf.Ui.Controls.FluentWindow..ctor()
   at BetterGenshinImpact.View.Windows.ThemedMessageBox..ctor() in E:\Program Files\better-genshin-impact-LCB\BetterGenshinImpact\View\Windows\ThemedMessageBox.xaml.cs:line 35
   at BetterGenshinImpact.View.Windows.ThemedMessageBox.Show(String content, String title, MessageBoxButton button, MessageBoxIcon icon, MessageBoxResult defaultResult, Window owner) in E:\Program Files\better-genshin-impact-LCB\BetterGenshinImpact\View\Windows\ThemedMessageBox.xaml.cs:line 132
   at BetterGenshinImpact.View.Windows.ThemedMessageBox.Warning(String message, String title) in E:\Program Files\better-genshin-impact-LCB\BetterGenshinImpact\View\Windows\ThemedMessageBox.xaml.cs:line 293
   at BetterGenshinImpact.Helpers.RuntimeHelper.CheckIntegration() in E:\Program Files\better-genshin-impact-LCB\BetterGenshinImpact\Helpers\RuntimeHelper.cs:line 159
   at BetterGenshinImpact.Helpers.RuntimeExtension.CheckIntegration(IHostBuilder app) in E:\Program Files\better-genshin-impact-LCB\BetterGenshinImpact\Helpers\RuntimeHelper.cs:line 181
   at BetterGenshinImpact.App..cctor() in E:\Program Files\better-genshin-impact-LCB\BetterGenshinImpact\App.xaml.cs:line 58
  失败 BetterGenshinImpact.UnitTest.GameTaskTests.AutoHoeingTests.CooperativeRerunServerContractTests.TwoMembersCompleteFullCooperativeRerunAgainstRealServerState [1 ms]
  错误消息:
   System.TypeInitializationException : The type initializer for 'BetterGenshinImpact.App' threw an exception.
---- System.InvalidOperationException : 调用线程必须为 STA，因为许多 UI 组件都需要。
  堆栈跟踪:
     at BetterGenshinImpact.App.GetLogger[T]() in E:\Program Files\better-genshin-impact-LCB\BetterGenshinImpact\App.xaml.cs:line 234
   at BetterGenshinImpact.GameTask.AutoHoeing.Multiplayer.CoordinatorClient..ctor() in E:\Program Files\better-genshin-impact-LCB\BetterGenshinImpact\GameTask\AutoHoeing\Multiplayer\CoordinatorClient.cs:line 31
   at BetterGenshinImpact.UnitTest.GameTaskTests.AutoHoeingTests.CooperativeRerunServerContractTests.TwoMembersCompleteFullCooperativeRerunAgainstRealServerState() in E:\Program Files\better-genshin-impact-LCB\Test\BetterGenshinImpact.UnitTest\GameTaskTests\AutoHoeingTests\CooperativeRerunServerContractTests.cs:line 245
--- End of stack trace from previous location ---
----- Inner Stack Trace -----
   at System.Windows.Input.InputManager..ctor()
   at System.Windows.Input.InputManager.GetCurrentInputManagerImpl()
   at System.Windows.Input.KeyboardNavigation..ctor()
   at System.Windows.FrameworkElement.FrameworkServices..ctor()
   at System.Windows.FrameworkElement.EnsureFrameworkServices()
   at System.Windows.FrameworkElement..ctor()
   at System.Windows.Controls.Control..ctor()
   at System.Windows.Window..ctor()
   at Wpf.Ui.Controls.FluentWindow..ctor()
   at BetterGenshinImpact.View.Windows.ThemedMessageBox..ctor() in E:\Program Files\better-genshin-impact-LCB\BetterGenshinImpact\View\Windows\ThemedMessageBox.xaml.cs:line 35
   at BetterGenshinImpact.View.Windows.ThemedMessageBox.Show(String content, String title, MessageBoxButton button, MessageBoxIcon icon, MessageBoxResult defaultResult, Window owner) in E:\Program Files\better-genshin-impact-LCB\BetterGenshinImpact\View\Windows\ThemedMessageBox.xaml.cs:line 132
   at BetterGenshinImpact.View.Windows.ThemedMessageBox.Warning(String message, String title) in E:\Program Files\better-genshin-impact-LCB\BetterGenshinImpact\View\Windows\ThemedMessageBox.xaml.cs:line 293
   at BetterGenshinImpact.Helpers.RuntimeHelper.CheckIntegration() in E:\Program Files\better-genshin-impact-LCB\BetterGenshinImpact\Helpers\RuntimeHelper.cs:line 159
   at BetterGenshinImpact.Helpers.RuntimeExtension.CheckIntegration(IHostBuilder app) in E:\Program Files\better-genshin-impact-LCB\BetterGenshinImpact\Helpers\RuntimeHelper.cs:line 181
   at BetterGenshinImpact.App..cctor() in E:\Program Files\better-genshin-impact-LCB\BetterGenshinImpact\App.xaml.cs:line 58
  失败 BetterGenshinImpact.UnitTest.GameTaskTests.AutoHoeingTests.CooperativeRerunContractTests.PrepareWaitsForFrozenPlanHash [5 ms]
  错误消息:
   System.TypeInitializationException : The type initializer for 'BetterGenshinImpact.App' threw an exception.
---- System.InvalidOperationException : 调用线程必须为 STA，因为许多 UI 组件都需要。
  堆栈跟踪:
     at BetterGenshinImpact.App.GetLogger[T]() in E:\Program Files\better-genshin-impact-LCB\BetterGenshinImpact\App.xaml.cs:line 234
   at BetterGenshinImpact.GameTask.AutoHoeing.Multiplayer.CoordinatorClient..ctor() in E:\Program Files\better-genshin-impact-LCB\BetterGenshinImpact\GameTask\AutoHoeing\Multiplayer\CoordinatorClient.cs:line 31
   at BetterGenshinImpact.UnitTest.GameTaskTests.AutoHoeingTests.CooperativeRerunContractTests.Client(Func`2 respond, Boolean capability, List`1 seen) in E:\Program Files\better-genshin-impact-LCB\Test\BetterGenshinImpact.UnitTest\GameTaskTests\AutoHoeingTests\CooperativeRerunContractTests.cs:line 76
   at BetterGenshinImpact.UnitTest.GameTaskTests.AutoHoeingTests.CooperativeRerunContractTests.PrepareWaitsForFrozenPlanHash() in E:\Program Files\better-genshin-impact-LCB\Test\BetterGenshinImpact.UnitTest\GameTaskTests\AutoHoeingTests\CooperativeRerunContractTests.cs:line 341
--- End of stack trace from previous location ---
----- Inner Stack Trace -----
   at System.Windows.Input.InputManager..ctor()
   at System.Windows.Input.InputManager.GetCurrentInputManagerImpl()
   at System.Windows.Input.KeyboardNavigation..ctor()
   at System.Windows.FrameworkElement.FrameworkServices..ctor()
   at System.Windows.FrameworkElement.EnsureFrameworkServices()
   at System.Windows.FrameworkElement..ctor()
   at System.Windows.Controls.Control..ctor()
   at System.Windows.Window..ctor()
   at Wpf.Ui.Controls.FluentWindow..ctor()
   at BetterGenshinImpact.View.Windows.ThemedMessageBox..ctor() in E:\Program Files\better-genshin-impact-LCB\BetterGenshinImpact\View\Windows\ThemedMessageBox.xaml.cs:line 35
   at BetterGenshinImpact.View.Windows.ThemedMessageBox.Show(String content, String title, MessageBoxButton button, MessageBoxIcon icon, MessageBoxResult defaultResult, Window owner) in E:\Program Files\better-genshin-impact-LCB\BetterGenshinImpact\View\Windows\ThemedMessageBox.xaml.cs:line 132
   at BetterGenshinImpact.View.Windows.ThemedMessageBox.Warning(String message, String title) in E:\Program Files\better-genshin-impact-LCB\BetterGenshinImpact\View\Windows\ThemedMessageBox.xaml.cs:line 293
   at BetterGenshinImpact.Helpers.RuntimeHelper.CheckIntegration() in E:\Program Files\better-genshin-impact-LCB\BetterGenshinImpact\Helpers\RuntimeHelper.cs:line 159
   at BetterGenshinImpact.Helpers.RuntimeExtension.CheckIntegration(IHostBuilder app) in E:\Program Files\better-genshin-impact-LCB\BetterGenshinImpact\Helpers\RuntimeHelper.cs:line 181
   at BetterGenshinImpact.App..cctor() in E:\Program Files\better-genshin-impact-LCB\BetterGenshinImpact\App.xaml.cs:line 58
  失败 BetterGenshinImpact.UnitTest.GameTaskTests.AutoHoeingTests.CooperativeRerunServerContractTests.PendingDeathMarkEnrollmentWaitCanBeCancelled [< 1 ms]
  错误消息:
   System.TypeInitializationException : The type initializer for 'BetterGenshinImpact.App' threw an exception.
---- System.InvalidOperationException : 调用线程必须为 STA，因为许多 UI 组件都需要。
  堆栈跟踪:
     at BetterGenshinImpact.App.GetLogger[T]() in E:\Program Files\better-genshin-impact-LCB\BetterGenshinImpact\App.xaml.cs:line 234
   at BetterGenshinImpact.GameTask.AutoHoeing.Multiplayer.CoordinatorClient..ctor() in E:\Program Files\better-genshin-impact-LCB\BetterGenshinImpact\GameTask\AutoHoeing\Multiplayer\CoordinatorClient.cs:line 31
   at BetterGenshinImpact.UnitTest.GameTaskTests.AutoHoeingTests.CooperativeRerunServerContractTests.PendingDeathMarkEnrollmentWaitCanBeCancelled() in E:\Program Files\better-genshin-impact-LCB\Test\BetterGenshinImpact.UnitTest\GameTaskTests\AutoHoeingTests\CooperativeRerunServerContractTests.cs:line 152
--- End of stack trace from previous location ---
----- Inner Stack Trace -----
   at System.Windows.Input.InputManager..ctor()
   at System.Windows.Input.InputManager.GetCurrentInputManagerImpl()
   at System.Windows.Input.KeyboardNavigation..ctor()
   at System.Windows.FrameworkElement.FrameworkServices..ctor()
   at System.Windows.FrameworkElement.EnsureFrameworkServices()
   at System.Windows.FrameworkElement..ctor()
   at System.Windows.Controls.Control..ctor()
   at System.Windows.Window..ctor()
   at Wpf.Ui.Controls.FluentWindow..ctor()
   at BetterGenshinImpact.View.Windows.ThemedMessageBox..ctor() in E:\Program Files\better-genshin-impact-LCB\BetterGenshinImpact\View\Windows\ThemedMessageBox.xaml.cs:line 35
   at BetterGenshinImpact.View.Windows.ThemedMessageBox.Show(String content, String title, MessageBoxButton button, MessageBoxIcon icon, MessageBoxResult defaultResult, Window owner) in E:\Program Files\better-genshin-impact-LCB\BetterGenshinImpact\View\Windows\ThemedMessageBox.xaml.cs:line 132
   at BetterGenshinImpact.View.Windows.ThemedMessageBox.Warning(String message, String title) in E:\Program Files\better-genshin-impact-LCB\BetterGenshinImpact\View\Windows\ThemedMessageBox.xaml.cs:line 293
   at BetterGenshinImpact.Helpers.RuntimeHelper.CheckIntegration() in E:\Program Files\better-genshin-impact-LCB\BetterGenshinImpact\Helpers\RuntimeHelper.cs:line 159
   at BetterGenshinImpact.Helpers.RuntimeExtension.CheckIntegration(IHostBuilder app) in E:\Program Files\better-genshin-impact-LCB\BetterGenshinImpact\Helpers\RuntimeHelper.cs:line 181
   at BetterGenshinImpact.App..cctor() in E:\Program Files\better-genshin-impact-LCB\BetterGenshinImpact\App.xaml.cs:line 58
  失败 BetterGenshinImpact.UnitTest.GameTaskTests.AutoHoeingTests.CooperativeRerunContractTests.BypassCarriesAcknowledgedRangeAndScopeFlag [< 1 ms]
  错误消息:
   System.TypeInitializationException : The type initializer for 'BetterGenshinImpact.App' threw an exception.
---- System.InvalidOperationException : 调用线程必须为 STA，因为许多 UI 组件都需要。
  堆栈跟踪:
     at BetterGenshinImpact.App.GetLogger[T]() in E:\Program Files\better-genshin-impact-LCB\BetterGenshinImpact\App.xaml.cs:line 234
   at BetterGenshinImpact.GameTask.AutoHoeing.Multiplayer.CoordinatorClient..ctor() in E:\Program Files\better-genshin-impact-LCB\BetterGenshinImpact\GameTask\AutoHoeing\Multiplayer\CoordinatorClient.cs:line 31
   at BetterGenshinImpact.UnitTest.GameTaskTests.AutoHoeingTests.CooperativeRerunContractTests.Client(Func`2 respond, Boolean capability, List`1 seen) in E:\Program Files\better-genshin-impact-LCB\Test\BetterGenshinImpact.UnitTest\GameTaskTests\AutoHoeingTests\CooperativeRerunContractTests.cs:line 76
   at BetterGenshinImpact.UnitTest.GameTaskTests.AutoHoeingTests.CooperativeRerunContractTests.BypassCarriesAcknowledgedRangeAndScopeFlag() in E:\Program Files\better-genshin-impact-LCB\Test\BetterGenshinImpact.UnitTest\GameTaskTests\AutoHoeingTests\CooperativeRerunContractTests.cs:line 159
--- End of stack trace from previous location ---
----- Inner Stack Trace -----
   at System.Windows.Input.InputManager..ctor()
   at System.Windows.Input.InputManager.GetCurrentInputManagerImpl()
   at System.Windows.Input.KeyboardNavigation..ctor()
   at System.Windows.FrameworkElement.FrameworkServices..ctor()
   at System.Windows.FrameworkElement.EnsureFrameworkServices()
   at System.Windows.FrameworkElement..ctor()
   at System.Windows.Controls.Control..ctor()
   at System.Windows.Window..ctor()
   at Wpf.Ui.Controls.FluentWindow..ctor()
   at BetterGenshinImpact.View.Windows.ThemedMessageBox..ctor() in E:\Program Files\better-genshin-impact-LCB\BetterGenshinImpact\View\Windows\ThemedMessageBox.xaml.cs:line 35
   at BetterGenshinImpact.View.Windows.ThemedMessageBox.Show(String content, String title, MessageBoxButton button, MessageBoxIcon icon, MessageBoxResult defaultResult, Window owner) in E:\Program Files\better-genshin-impact-LCB\BetterGenshinImpact\View\Windows\ThemedMessageBox.xaml.cs:line 132
   at BetterGenshinImpact.View.Windows.ThemedMessageBox.Warning(String message, String title) in E:\Program Files\better-genshin-impact-LCB\BetterGenshinImpact\View\Windows\ThemedMessageBox.xaml.cs:line 293
   at BetterGenshinImpact.Helpers.RuntimeHelper.CheckIntegration() in E:\Program Files\better-genshin-impact-LCB\BetterGenshinImpact\Helpers\RuntimeHelper.cs:line 159
   at BetterGenshinImpact.Helpers.RuntimeExtension.CheckIntegration(IHostBuilder app) in E:\Program Files\better-genshin-impact-LCB\BetterGenshinImpact\Helpers\RuntimeHelper.cs:line 181
   at BetterGenshinImpact.App..cctor() in E:\Program Files\better-genshin-impact-LCB\BetterGenshinImpact\App.xaml.cs:line 58
  失败 BetterGenshinImpact.UnitTest.GameTaskTests.AutoHoeingTests.AutoHoeingLogicTests.ParseDescription_NoMonsters_EmptyDict [< 1 ms]
  错误消息:
   System.TypeInitializationException : The type initializer for 'BetterGenshinImpact.GameTask.AutoHoeing.Services.RouteInfoLoader' threw an exception.
---- System.TypeInitializationException : The type initializer for 'BetterGenshinImpact.App' threw an exception.
-------- System.InvalidOperationException : 调用线程必须为 STA，因为许多 UI 组件都需要。
  堆栈跟踪:
     at BetterGenshinImpact.GameTask.AutoHoeing.Services.RouteInfoLoader.ParseDescription(String desc) in E:\Program Files\better-genshin-impact-LCB\BetterGenshinImpact\GameTask\AutoHoeing\Services\RouteInfoLoader.cs:line 138
   at BetterGenshinImpact.UnitTest.GameTaskTests.AutoHoeingTests.AutoHoeingLogicTests.ParseDescription_NoMonsters_EmptyDict() in E:\Program Files\better-genshin-impact-LCB\Test\BetterGenshinImpact.UnitTest\GameTaskTests\AutoHoeingTests\AutoHoeingLogicTests.cs:line 48
   at System.RuntimeMethodHandle.InvokeMethod(Object target, Void** arguments, Signature sig, Boolean isConstructor)
   at System.Reflection.MethodBaseInvoker.InvokeWithNoArgs(Object obj, BindingFlags invokeAttr)
----- Inner Stack Trace -----
   at BetterGenshinImpact.App.GetLogger[T]() in E:\Program Files\better-genshin-impact-LCB\BetterGenshinImpact\App.xaml.cs:line 234
   at BetterGenshinImpact.GameTask.AutoHoeing.Multiplayer.CoordinatorClient..ctor() in E:\Program Files\better-genshin-impact-LCB\BetterGenshinImpact\GameTask\AutoHoeing\Multiplayer\CoordinatorClient.cs:line 31
   at BetterGenshinImpact.UnitTest.GameTaskTests.AutoHoeingTests.CooperativeRerunContractTests.Client(Func`2 respond, Boolean capability, List`1 seen) in E:\Program Files\better-genshin-impact-LCB\Test\BetterGenshinImpact.UnitTest\GameTaskTests\AutoHoeingTests\CooperativeRerunContractTests.cs:line 76
   at BetterGenshinImpact.UnitTest.GameTaskTests.AutoHoeingTests.CooperativeRerunContractTests.BypassCarriesAcknowledgedRangeAndScopeFlag() in E:\Program Files\better-genshin-impact-LCB\Test\BetterGenshinImpact.UnitTest\GameTaskTests\AutoHoeingTests\CooperativeRerunContractTests.cs:line 159
--- End of stack trace from previous location ---
----- Inner Stack Trace -----
   at System.Windows.Input.InputManager..ctor()
   at System.Windows.Input.InputManager.GetCurrentInputManagerImpl()
   at System.Windows.Input.KeyboardNavigation..ctor()
   at System.Windows.FrameworkElement.FrameworkServices..ctor()
   at System.Windows.FrameworkElement.EnsureFrameworkServices()
   at System.Windows.FrameworkElement..ctor()
   at System.Windows.Controls.Control..ctor()
   at System.Windows.Window..ctor()
   at Wpf.Ui.Controls.FluentWindow..ctor()
   at BetterGenshinImpact.View.Windows.ThemedMessageBox..ctor() in E:\Program Files\better-genshin-impact-LCB\BetterGenshinImpact\View\Windows\ThemedMessageBox.xaml.cs:line 35
   at BetterGenshinImpact.View.Windows.ThemedMessageBox.Show(String content, String title, MessageBoxButton button, MessageBoxIcon icon, MessageBoxResult defaultResult, Window owner) in E:\Program Files\better-genshin-impact-LCB\BetterGenshinImpact\View\Windows\ThemedMessageBox.xaml.cs:line 132
   at BetterGenshinImpact.View.Windows.ThemedMessageBox.Warning(String message, String title) in E:\Program Files\better-genshin-impact-LCB\BetterGenshinImpact\View\Windows\ThemedMessageBox.xaml.cs:line 293
   at BetterGenshinImpact.Helpers.RuntimeHelper.CheckIntegration() in E:\Program Files\better-genshin-impact-LCB\BetterGenshinImpact\Helpers\RuntimeHelper.cs:line 159
   at BetterGenshinImpact.Helpers.RuntimeExtension.CheckIntegration(IHostBuilder app) in E:\Program Files\better-genshin-impact-LCB\BetterGenshinImpact\Helpers\RuntimeHelper.cs:line 181
   at BetterGenshinImpact.App..cctor() in E:\Program Files\better-genshin-impact-LCB\BetterGenshinImpact\App.xaml.cs:line 58
  失败 BetterGenshinImpact.UnitTest.GameTaskTests.AutoHoeingTests.CooperativeRerunContractTests.FinishWaitsForFinishingStageAndIsIdempotentOnCompleted [< 1 ms]
  错误消息:
   System.TypeInitializationException : The type initializer for 'BetterGenshinImpact.App' threw an exception.
---- System.InvalidOperationException : 调用线程必须为 STA，因为许多 UI 组件都需要。
  堆栈跟踪:
     at BetterGenshinImpact.App.GetLogger[T]() in E:\Program Files\better-genshin-impact-LCB\BetterGenshinImpact\App.xaml.cs:line 234
   at BetterGenshinImpact.GameTask.AutoHoeing.Multiplayer.CoordinatorClient..ctor() in E:\Program Files\better-genshin-impact-LCB\BetterGenshinImpact\GameTask\AutoHoeing\Multiplayer\CoordinatorClient.cs:line 31
   at BetterGenshinImpact.UnitTest.GameTaskTests.AutoHoeingTests.CooperativeRerunContractTests.Client(Func`2 respond, Boolean capability, List`1 seen) in E:\Program Files\better-genshin-impact-LCB\Test\BetterGenshinImpact.UnitTest\GameTaskTests\AutoHoeingTests\CooperativeRerunContractTests.cs:line 76
   at BetterGenshinImpact.UnitTest.GameTaskTests.AutoHoeingTests.CooperativeRerunContractTests.FinishWaitsForFinishingStageAndIsIdempotentOnCompleted() in E:\Program Files\better-genshin-impact-LCB\Test\BetterGenshinImpact.UnitTest\GameTaskTests\AutoHoeingTests\CooperativeRerunContractTests.cs:line 251
--- End of stack trace from previous location ---
----- Inner Stack Trace -----
   at System.Windows.Input.InputManager..ctor()
   at System.Windows.Input.InputManager.GetCurrentInputManagerImpl()
   at System.Windows.Input.KeyboardNavigation..ctor()
   at System.Windows.FrameworkElement.FrameworkServices..ctor()
   at System.Windows.FrameworkElement.EnsureFrameworkServices()
   at System.Windows.FrameworkElement..ctor()
   at System.Windows.Controls.Control..ctor()
   at System.Windows.Window..ctor()
   at Wpf.Ui.Controls.FluentWindow..ctor()
   at BetterGenshinImpact.View.Windows.ThemedMessageBox..ctor() in E:\Program Files\better-genshin-impact-LCB\BetterGenshinImpact\View\Windows\ThemedMessageBox.xaml.cs:line 35
   at BetterGenshinImpact.View.Windows.ThemedMessageBox.Show(String content, String title, MessageBoxButton button, MessageBoxIcon icon, MessageBoxResult defaultResult, Window owner) in E:\Program Files\better-genshin-impact-LCB\BetterGenshinImpact\View\Windows\ThemedMessageBox.xaml.cs:line 132
   at BetterGenshinImpact.View.Windows.ThemedMessageBox.Warning(String message, String title) in E:\Program Files\better-genshin-impact-LCB\BetterGenshinImpact\View\Windows\ThemedMessageBox.xaml.cs:line 293
   at BetterGenshinImpact.Helpers.RuntimeHelper.CheckIntegration() in E:\Program Files\better-genshin-impact-LCB\BetterGenshinImpact\Helpers\RuntimeHelper.cs:line 159
   at BetterGenshinImpact.Helpers.RuntimeExtension.CheckIntegration(IHostBuilder app) in E:\Program Files\better-genshin-impact-LCB\BetterGenshinImpact\Helpers\RuntimeHelper.cs:line 181
   at BetterGenshinImpact.App..cctor() in E:\Program Files\better-genshin-impact-LCB\BetterGenshinImpact\App.xaml.cs:line 58
  失败 BetterGenshinImpact.UnitTest.GameTaskTests.AutoHoeingTests.GatewayEnvelopeDispatchTests.DispatchEvt_AnomalyEvents_FilterSelf [< 1 ms]
  错误消息:
   System.TypeInitializationException : The type initializer for 'BetterGenshinImpact.App' threw an exception.
---- System.InvalidOperationException : 调用线程必须为 STA，因为许多 UI 组件都需要。
  堆栈跟踪:
     at BetterGenshinImpact.App.GetLogger[T]() in E:\Program Files\better-genshin-impact-LCB\BetterGenshinImpact\App.xaml.cs:line 234
   at BetterGenshinImpact.GameTask.AutoHoeing.Multiplayer.CoordinatorClient..ctor() in E:\Program Files\better-genshin-impact-LCB\BetterGenshinImpact\GameTask\AutoHoeing\Multiplayer\CoordinatorClient.cs:line 31
   at BetterGenshinImpact.UnitTest.GameTaskTests.AutoHoeingTests.GatewayEnvelopeDispatchTests.DispatchEvt_AnomalyEvents_FilterSelf() in E:\Program Files\better-genshin-impact-LCB\Test\BetterGenshinImpact.UnitTest\GameTaskTests\AutoHoeingTests\GatewayEnvelopeDispatchTests.cs:line 265
   at System.RuntimeMethodHandle.InvokeMethod(Object target, Void** arguments, Signature sig, Boolean isConstructor)
   at System.Reflection.MethodBaseInvoker.InvokeWithNoArgs(Object obj, BindingFlags invokeAttr)
----- Inner Stack Trace -----
   at System.Windows.Input.InputManager..ctor()
   at System.Windows.Input.InputManager.GetCurrentInputManagerImpl()
   at System.Windows.Input.KeyboardNavigation..ctor()
   at System.Windows.FrameworkElement.FrameworkServices..ctor()
   at System.Windows.FrameworkElement.EnsureFrameworkServices()
   at System.Windows.FrameworkElement..ctor()
   at System.Windows.Controls.Control..ctor()
   at System.Windows.Window..ctor()
   at Wpf.Ui.Controls.FluentWindow..ctor()
   at BetterGenshinImpact.View.Windows.ThemedMessageBox..ctor() in E:\Program Files\better-genshin-impact-LCB\BetterGenshinImpact\View\Windows\ThemedMessageBox.xaml.cs:line 35
   at BetterGenshinImpact.View.Windows.ThemedMessageBox.Show(String content, String title, MessageBoxButton button, MessageBoxIcon icon, MessageBoxResult defaultResult, Window owner) in E:\Program Files\better-genshin-impact-LCB\BetterGenshinImpact\View\Windows\ThemedMessageBox.xaml.cs:line 132
   at BetterGenshinImpact.View.Windows.ThemedMessageBox.Warning(String message, String title) in E:\Program Files\better-genshin-impact-LCB\BetterGenshinImpact\View\Windows\ThemedMessageBox.xaml.cs:line 293
   at BetterGenshinImpact.Helpers.RuntimeHelper.CheckIntegration() in E:\Program Files\better-genshin-impact-LCB\BetterGenshinImpact\Helpers\RuntimeHelper.cs:line 159
   at BetterGenshinImpact.Helpers.RuntimeExtension.CheckIntegration(IHostBuilder app) in E:\Program Files\better-genshin-impact-LCB\BetterGenshinImpact\Helpers\RuntimeHelper.cs:line 181
   at BetterGenshinImpact.App..cctor() in E:\Program Files\better-genshin-impact-LCB\BetterGenshinImpact\App.xaml.cs:line 58
  失败 BetterGenshinImpact.UnitTest.GameTaskTests.AutoHoeingTests.CooperativeRerunContractTests.HelloAdvertisesCooperativeRerunCapability [< 1 ms]
  错误消息:
   System.TypeInitializationException : The type initializer for 'BetterGenshinImpact.App' threw an exception.
---- System.InvalidOperationException : 调用线程必须为 STA，因为许多 UI 组件都需要。
  堆栈跟踪:
     at BetterGenshinImpact.App.GetLogger[T]() in E:\Program Files\better-genshin-impact-LCB\BetterGenshinImpact\App.xaml.cs:line 234
   at BetterGenshinImpact.GameTask.AutoHoeing.Multiplayer.CoordinatorClient..ctor() in E:\Program Files\better-genshin-impact-LCB\BetterGenshinImpact\GameTask\AutoHoeing\Multiplayer\CoordinatorClient.cs:line 31
   at BetterGenshinImpact.UnitTest.GameTaskTests.AutoHoeingTests.CooperativeRerunContractTests.HelloAdvertisesCooperativeRerunCapability() in E:\Program Files\better-genshin-impact-LCB\Test\BetterGenshinImpact.UnitTest\GameTaskTests\AutoHoeingTests\CooperativeRerunContractTests.cs:line 305
--- End of stack trace from previous location ---
----- Inner Stack Trace -----
   at System.Windows.Input.InputManager..ctor()
   at System.Windows.Input.InputManager.GetCurrentInputManagerImpl()
   at System.Windows.Input.KeyboardNavigation..ctor()
   at System.Windows.FrameworkElement.FrameworkServices..ctor()
   at System.Windows.FrameworkElement.EnsureFrameworkServices()
   at System.Windows.FrameworkElement..ctor()
   at System.Windows.Controls.Control..ctor()
   at System.Windows.Window..ctor()
   at Wpf.Ui.Controls.FluentWindow..ctor()
   at BetterGenshinImpact.View.Windows.ThemedMessageBox..ctor() in E:\Program Files\better-genshin-impact-LCB\BetterGenshinImpact\View\Windows\ThemedMessageBox.xaml.cs:line 35
   at BetterGenshinImpact.View.Windows.ThemedMessageBox.Show(String content, String title, MessageBoxButton button, MessageBoxIcon icon, MessageBoxResult defaultResult, Window owner) in E:\Program Files\better-genshin-impact-LCB\BetterGenshinImpact\View\Windows\ThemedMessageBox.xaml.cs:line 132
   at BetterGenshinImpact.View.Windows.ThemedMessageBox.Warning(String message, String title) in E:\Program Files\better-genshin-impact-LCB\BetterGenshinImpact\View\Windows\ThemedMessageBox.xaml.cs:line 293
   at BetterGenshinImpact.Helpers.RuntimeHelper.CheckIntegration() in E:\Program Files\better-genshin-impact-LCB\BetterGenshinImpact\Helpers\RuntimeHelper.cs:line 159
   at BetterGenshinImpact.Helpers.RuntimeExtension.CheckIntegration(IHostBuilder app) in E:\Program Files\better-genshin-impact-LCB\BetterGenshinImpact\Helpers\RuntimeHelper.cs:line 181
   at BetterGenshinImpact.App..cctor() in E:\Program Files\better-genshin-impact-LCB\BetterGenshinImpact\App.xaml.cs:line 58
  失败 BetterGenshinImpact.UnitTest.GameTaskTests.AutoHoeingTests.AutoHoeingLogicTests.ParseDescription_DecimalTime_ParsesCorrectly [< 1 ms]
  错误消息:
   System.TypeInitializationException : The type initializer for 'BetterGenshinImpact.GameTask.AutoHoeing.Services.RouteInfoLoader' threw an exception.
---- System.TypeInitializationException : The type initializer for 'BetterGenshinImpact.App' threw an exception.
-------- System.InvalidOperationException : 调用线程必须为 STA，因为许多 UI 组件都需要。
  堆栈跟踪:
     at BetterGenshinImpact.GameTask.AutoHoeing.Services.RouteInfoLoader.ParseDescription(String desc) in E:\Program Files\better-genshin-impact-LCB\BetterGenshinImpact\GameTask\AutoHoeing\Services\RouteInfoLoader.cs:line 138
   at BetterGenshinImpact.UnitTest.GameTaskTests.AutoHoeingTests.AutoHoeingLogicTests.ParseDescription_DecimalTime_ParsesCorrectly() in E:\Program Files\better-genshin-impact-LCB\Test\BetterGenshinImpact.UnitTest\GameTaskTests\AutoHoeingTests\AutoHoeingLogicTests.cs:line 57
   at System.RuntimeMethodHandle.InvokeMethod(Object target, Void** arguments, Signature sig, Boolean isConstructor)
   at System.Reflection.MethodBaseInvoker.InvokeWithNoArgs(Object obj, BindingFlags invokeAttr)
----- Inner Stack Trace -----
   at BetterGenshinImpact.App.GetLogger[T]() in E:\Program Files\better-genshin-impact-LCB\BetterGenshinImpact\App.xaml.cs:line 234
   at BetterGenshinImpact.GameTask.AutoHoeing.Multiplayer.CoordinatorClient..ctor() in E:\Program Files\better-genshin-impact-LCB\BetterGenshinImpact\GameTask\AutoHoeing\Multiplayer\CoordinatorClient.cs:line 31
   at BetterGenshinImpact.UnitTest.GameTaskTests.AutoHoeingTests.GatewayEnvelopeDispatchTests.DispatchEvt_UnknownName_IgnoredWithoutThrow() in E:\Program Files\better-genshin-impact-LCB\Test\BetterGenshinImpact.UnitTest\GameTaskTests\AutoHoeingTests\GatewayEnvelopeDispatchTests.cs:line 298
   at System.RuntimeMethodHandle.InvokeMethod(Object target, Void** arguments, Signature sig, Boolean isConstructor)
   at System.Reflection.MethodBaseInvoker.InvokeWithNoArgs(Object obj, BindingFlags invokeAttr)
----- Inner Stack Trace -----
   at System.Windows.Input.InputManager..ctor()
   at System.Windows.Input.InputManager.GetCurrentInputManagerImpl()
   at System.Windows.Input.KeyboardNavigation..ctor()
   at System.Windows.FrameworkElement.FrameworkServices..ctor()
   at System.Windows.FrameworkElement.EnsureFrameworkServices()
   at System.Windows.FrameworkElement..ctor()
   at System.Windows.Controls.Control..ctor()
   at System.Windows.Window..ctor()
   at Wpf.Ui.Controls.FluentWindow..ctor()
   at BetterGenshinImpact.View.Windows.ThemedMessageBox..ctor() in E:\Program Files\better-genshin-impact-LCB\BetterGenshinImpact\View\Windows\ThemedMessageBox.xaml.cs:line 35
   at BetterGenshinImpact.View.Windows.ThemedMessageBox.Show(String content, String title, MessageBoxButton button, MessageBoxIcon icon, MessageBoxResult defaultResult, Window owner) in E:\Program Files\better-genshin-impact-LCB\BetterGenshinImpact\View\Windows\ThemedMessageBox.xaml.cs:line 132
   at BetterGenshinImpact.View.Windows.ThemedMessageBox.Warning(String message, String title) in E:\Program Files\better-genshin-impact-LCB\BetterGenshinImpact\View\Windows\ThemedMessageBox.xaml.cs:line 293
   at BetterGenshinImpact.Helpers.RuntimeHelper.CheckIntegration() in E:\Program Files\better-genshin-impact-LCB\BetterGenshinImpact\Helpers\RuntimeHelper.cs:line 159
   at BetterGenshinImpact.Helpers.RuntimeExtension.CheckIntegration(IHostBuilder app) in E:\Program Files\better-genshin-impact-LCB\BetterGenshinImpact\Helpers\RuntimeHelper.cs:line 181
   at BetterGenshinImpact.App..cctor() in E:\Program Files\better-genshin-impact-LCB\BetterGenshinImpact\App.xaml.cs:line 58
  失败 BetterGenshinImpact.UnitTest.GameTaskTests.AutoHoeingTests.GatewayEnvelopeDispatchTests.DispatchEvt_UnknownName_IgnoredWithoutThrow [< 1 ms]
  错误消息:
   System.TypeInitializationException : The type initializer for 'BetterGenshinImpact.App' threw an exception.
---- System.InvalidOperationException : 调用线程必须为 STA，因为许多 UI 组件都需要。
  堆栈跟踪:
     at BetterGenshinImpact.App.GetLogger[T]() in E:\Program Files\better-genshin-impact-LCB\BetterGenshinImpact\App.xaml.cs:line 234
   at BetterGenshinImpact.GameTask.AutoHoeing.Multiplayer.CoordinatorClient..ctor() in E:\Program Files\better-genshin-impact-LCB\BetterGenshinImpact\GameTask\AutoHoeing\Multiplayer\CoordinatorClient.cs:line 31
   at BetterGenshinImpact.UnitTest.GameTaskTests.AutoHoeingTests.GatewayEnvelopeDispatchTests.DispatchEvt_UnknownName_IgnoredWithoutThrow() in E:\Program Files\better-genshin-impact-LCB\Test\BetterGenshinImpact.UnitTest\GameTaskTests\AutoHoeingTests\GatewayEnvelopeDispatchTests.cs:line 298
   at System.RuntimeMethodHandle.InvokeMethod(Object target, Void** arguments, Signature sig, Boolean isConstructor)
   at System.Reflection.MethodBaseInvoker.InvokeWithNoArgs(Object obj, BindingFlags invokeAttr)
----- Inner Stack Trace -----
   at System.Windows.Input.InputManager..ctor()
   at System.Windows.Input.InputManager.GetCurrentInputManagerImpl()
   at System.Windows.Input.KeyboardNavigation..ctor()
   at System.Windows.FrameworkElement.FrameworkServices..ctor()
   at System.Windows.FrameworkElement.EnsureFrameworkServices()
   at System.Windows.FrameworkElement..ctor()
   at System.Windows.Controls.Control..ctor()
   at System.Windows.Window..ctor()
   at Wpf.Ui.Controls.FluentWindow..ctor()
   at BetterGenshinImpact.View.Windows.ThemedMessageBox..ctor() in E:\Program Files\better-genshin-impact-LCB\BetterGenshinImpact\View\Windows\ThemedMessageBox.xaml.cs:line 35
   at BetterGenshinImpact.View.Windows.ThemedMessageBox.Show(String content, String title, MessageBoxButton button, MessageBoxIcon icon, MessageBoxResult defaultResult, Window owner) in E:\Program Files\better-genshin-impact-LCB\BetterGenshinImpact\View\Windows\ThemedMessageBox.xaml.cs:line 132
   at BetterGenshinImpact.View.Windows.ThemedMessageBox.Warning(String message, String title) in E:\Program Files\better-genshin-impact-LCB\BetterGenshinImpact\View\Windows\ThemedMessageBox.xaml.cs:line 293
   at BetterGenshinImpact.Helpers.RuntimeHelper.CheckIntegration() in E:\Program Files\better-genshin-impact-LCB\BetterGenshinImpact\Helpers\RuntimeHelper.cs:line 159
   at BetterGenshinImpact.Helpers.RuntimeExtension.CheckIntegration(IHostBuilder app) in E:\Program Files\better-genshin-impact-LCB\BetterGenshinImpact\Helpers\RuntimeHelper.cs:line 181
   at BetterGenshinImpact.App..cctor() in E:\Program Files\better-genshin-impact-LCB\BetterGenshinImpact\App.xaml.cs:line 58
  失败 BetterGenshinImpact.UnitTest.GameTaskTests.AutoHoeingTests.AutoHoeingLogicTests.RouteSelector_SortByEfficiency [< 1 ms]
  错误消息:
   System.TypeInitializationException : The type initializer for 'BetterGenshinImpact.GameTask.AutoHoeing.Services.RouteSelector' threw an exception.
---- System.TypeInitializationException : The type initializer for 'BetterGenshinImpact.App' threw an exception.
-------- System.InvalidOperationException : 调用线程必须为 STA，因为许多 UI 组件都需要。
  堆栈跟踪:
     at BetterGenshinImpact.GameTask.AutoHoeing.Services.RouteSelector.SelectOptimalRoutes(List`1 routes, Double efficiencyIndex, Int32 targetEliteNum, Int32 targetMonsterNum, String sortMode) in E:\Program Files\better-genshin-impact-LCB\BetterGenshinImpact\GameTask\AutoHoeing\Services\RouteSelector.cs:line 23
   at BetterGenshinImpact.UnitTest.GameTaskTests.AutoHoeingTests.AutoHoeingLogicTests.RouteSelector_SortByEfficiency() in E:\Program Files\better-genshin-impact-LCB\Test\BetterGenshinImpact.UnitTest\GameTaskTests\AutoHoeingTests\AutoHoeingLogicTests.cs:line 303
   at System.RuntimeMethodHandle.InvokeMethod(Object target, Void** arguments, Signature sig, Boolean isConstructor)
   at System.Reflection.MethodBaseInvoker.InvokeWithNoArgs(Object obj, BindingFlags invokeAttr)
----- Inner Stack Trace -----
   at BetterGenshinImpact.App.GetLogger[T]() in E:\Program Files\better-genshin-impact-LCB\BetterGenshinImpact\App.xaml.cs:line 234
   at BetterGenshinImpact.GameTask.AutoHoeing.Multiplayer.CoordinatorClient..ctor() in E:\Program Files\better-genshin-impact-LCB\BetterGenshinImpact\GameTask\AutoHoeing\Multiplayer\CoordinatorClient.cs:line 31
   at BetterGenshinImpact.UnitTest.GameTaskTests.AutoHoeingTests.GatewayEnvelopeDispatchTests.DispatchEvt_UnknownName_IgnoredWithoutThrow() in E:\Program Files\better-genshin-impact-LCB\Test\BetterGenshinImpact.UnitTest\GameTaskTests\AutoHoeingTests\GatewayEnvelopeDispatchTests.cs:line 298
   at System.RuntimeMethodHandle.InvokeMethod(Object target, Void** arguments, Signature sig, Boolean isConstructor)
   at System.Reflection.MethodBaseInvoker.InvokeWithNoArgs(Object obj, BindingFlags invokeAttr)
----- Inner Stack Trace -----
   at System.Windows.Input.InputManager..ctor()
   at System.Windows.Input.InputManager.GetCurrentInputManagerImpl()
   at System.Windows.Input.KeyboardNavigation..ctor()
   at System.Windows.FrameworkElement.FrameworkServices..ctor()
   at System.Windows.FrameworkElement.EnsureFrameworkServices()
   at System.Windows.FrameworkElement..ctor()
   at System.Windows.Controls.Control..ctor()
   at System.Windows.Window..ctor()
   at Wpf.Ui.Controls.FluentWindow..ctor()
   at BetterGenshinImpact.View.Windows.ThemedMessageBox..ctor() in E:\Program Files\better-genshin-impact-LCB\BetterGenshinImpact\View\Windows\ThemedMessageBox.xaml.cs:line 35
   at BetterGenshinImpact.View.Windows.ThemedMessageBox.Show(String content, String title, MessageBoxButton button, MessageBoxIcon icon, MessageBoxResult defaultResult, Window owner) in E:\Program Files\better-genshin-impact-LCB\BetterGenshinImpact\View\Windows\ThemedMessageBox.xaml.cs:line 132
   at BetterGenshinImpact.View.Windows.ThemedMessageBox.Warning(String message, String title) in E:\Program Files\better-genshin-impact-LCB\BetterGenshinImpact\View\Windows\ThemedMessageBox.xaml.cs:line 293
   at BetterGenshinImpact.Helpers.RuntimeHelper.CheckIntegration() in E:\Program Files\better-genshin-impact-LCB\BetterGenshinImpact\Helpers\RuntimeHelper.cs:line 159
   at BetterGenshinImpact.Helpers.RuntimeExtension.CheckIntegration(IHostBuilder app) in E:\Program Files\better-genshin-impact-LCB\BetterGenshinImpact\Helpers\RuntimeHelper.cs:line 181
   at BetterGenshinImpact.App..cctor() in E:\Program Files\better-genshin-impact-LCB\BetterGenshinImpact\App.xaml.cs:line 58
  失败 BetterGenshinImpact.UnitTest.GameTaskTests.AutoHoeingTests.CooperativeRerunContractTests.RoomClosedDuringStrictWait_IsNotReportedAsSuccess [< 1 ms]
  错误消息:
   System.TypeInitializationException : The type initializer for 'BetterGenshinImpact.App' threw an exception.
---- System.InvalidOperationException : 调用线程必须为 STA，因为许多 UI 组件都需要。
  堆栈跟踪:
     at BetterGenshinImpact.App.GetLogger[T]() in E:\Program Files\better-genshin-impact-LCB\BetterGenshinImpact\App.xaml.cs:line 234
   at BetterGenshinImpact.GameTask.AutoHoeing.Multiplayer.CoordinatorClient..ctor() in E:\Program Files\better-genshin-impact-LCB\BetterGenshinImpact\GameTask\AutoHoeing\Multiplayer\CoordinatorClient.cs:line 31
   at BetterGenshinImpact.UnitTest.GameTaskTests.AutoHoeingTests.CooperativeRerunContractTests.Client(Func`2 respond, Boolean capability, List`1 seen) in E:\Program Files\better-genshin-impact-LCB\Test\BetterGenshinImpact.UnitTest\GameTaskTests\AutoHoeingTests\CooperativeRerunContractTests.cs:line 76
   at BetterGenshinImpact.UnitTest.GameTaskTests.AutoHoeingTests.CooperativeRerunContractTests.RoomClosedDuringStrictWait_IsNotReportedAsSuccess() in E:\Program Files\better-genshin-impact-LCB\Test\BetterGenshinImpact.UnitTest\GameTaskTests\AutoHoeingTests\CooperativeRerunContractTests.cs:line 118
--- End of stack trace from previous location ---
----- Inner Stack Trace -----
   at System.Windows.Input.InputManager..ctor()
   at System.Windows.Input.InputManager.GetCurrentInputManagerImpl()
   at System.Windows.Input.KeyboardNavigation..ctor()
   at System.Windows.FrameworkElement.FrameworkServices..ctor()
   at System.Windows.FrameworkElement.EnsureFrameworkServices()
   at System.Windows.FrameworkElement..ctor()
   at System.Windows.Controls.Control..ctor()
   at System.Windows.Window..ctor()
   at Wpf.Ui.Controls.FluentWindow..ctor()
   at BetterGenshinImpact.View.Windows.ThemedMessageBox..ctor() in E:\Program Files\better-genshin-impact-LCB\BetterGenshinImpact\View\Windows\ThemedMessageBox.xaml.cs:line 35
   at BetterGenshinImpact.View.Windows.ThemedMessageBox.Show(String content, String title, MessageBoxButton button, MessageBoxIcon icon, MessageBoxResult defaultResult, Window owner) in E:\Program Files\better-genshin-impact-LCB\BetterGenshinImpact\View\Windows\ThemedMessageBox.xaml.cs:line 132
   at BetterGenshinImpact.View.Windows.ThemedMessageBox.Warning(String message, String title) in E:\Program Files\better-genshin-impact-LCB\BetterGenshinImpact\View\Windows\ThemedMessageBox.xaml.cs:line 293
   at BetterGenshinImpact.Helpers.RuntimeHelper.CheckIntegration() in E:\Program Files\better-genshin-impact-LCB\BetterGenshinImpact\Helpers\RuntimeHelper.cs:line 159
   at BetterGenshinImpact.Helpers.RuntimeExtension.CheckIntegration(IHostBuilder app) in E:\Program Files\better-genshin-impact-LCB\BetterGenshinImpact\Helpers\RuntimeHelper.cs:line 181
   at BetterGenshinImpact.App..cctor() in E:\Program Files\better-genshin-impact-LCB\BetterGenshinImpact\App.xaml.cs:line 58
  失败 BetterGenshinImpact.UnitTest.GameTaskTests.AutoHoeingTests.CooperativeRerunCommunicationTests.EnrollmentUsesServerSessionId [25 ms]
  错误消息:
   System.TypeInitializationException : The type initializer for 'BetterGenshinImpact.App' threw an exception.
---- System.InvalidOperationException : 调用线程必须为 STA，因为许多 UI 组件都需要。
  堆栈跟踪:
     at BetterGenshinImpact.App.GetLogger[T]() in E:\Program Files\better-genshin-impact-LCB\BetterGenshinImpact\App.xaml.cs:line 234
   at BetterGenshinImpact.GameTask.AutoHoeing.Multiplayer.CoordinatorClient..ctor() in E:\Program Files\better-genshin-impact-LCB\BetterGenshinImpact\GameTask\AutoHoeing\Multiplayer\CoordinatorClient.cs:line 31
   at BetterGenshinImpact.UnitTest.GameTaskTests.AutoHoeingTests.CooperativeRerunCommunicationTests.Client(Func`3 f, Boolean cap, List`1 seen) in E:\Program Files\better-genshin-impact-LCB\Test\BetterGenshinImpact.UnitTest\GameTaskTests\AutoHoeingTests\CooperativeRerunCommunicationTests.cs:line 21
   at BetterGenshinImpact.UnitTest.GameTaskTests.AutoHoeingTests.CooperativeRerunCommunicationTests.EnrollmentUsesServerSessionId() in E:\Program Files\better-genshin-impact-LCB\Test\BetterGenshinImpact.UnitTest\GameTaskTests\AutoHoeingTests\CooperativeRerunCommunicationTests.cs:line 22
--- End of stack trace from previous location ---
----- Inner Stack Trace -----
   at System.Windows.Input.InputManager..ctor()
   at System.Windows.Input.InputManager.GetCurrentInputManagerImpl()
   at System.Windows.Input.KeyboardNavigation..ctor()
   at System.Windows.FrameworkElement.FrameworkServices..ctor()
   at System.Windows.FrameworkElement.EnsureFrameworkServices()
   at System.Windows.FrameworkElement..ctor()
   at System.Windows.Controls.Control..ctor()
   at System.Windows.Window..ctor()
   at Wpf.Ui.Controls.FluentWindow..ctor()
   at BetterGenshinImpact.View.Windows.ThemedMessageBox..ctor() in E:\Program Files\better-genshin-impact-LCB\BetterGenshinImpact\View\Windows\ThemedMessageBox.xaml.cs:line 35
   at BetterGenshinImpact.View.Windows.ThemedMessageBox.Show(String content, String title, MessageBoxButton button, MessageBoxIcon icon, MessageBoxResult defaultResult, Window owner) in E:\Program Files\better-genshin-impact-LCB\BetterGenshinImpact\View\Windows\ThemedMessageBox.xaml.cs:line 132
   at BetterGenshinImpact.View.Windows.ThemedMessageBox.Warning(String message, String title) in E:\Program Files\better-genshin-impact-LCB\BetterGenshinImpact\View\Windows\ThemedMessageBox.xaml.cs:line 293
   at BetterGenshinImpact.Helpers.RuntimeHelper.CheckIntegration() in E:\Program Files\better-genshin-impact-LCB\BetterGenshinImpact\Helpers\RuntimeHelper.cs:line 159
   at BetterGenshinImpact.Helpers.RuntimeExtension.CheckIntegration(IHostBuilder app) in E:\Program Files\better-genshin-impact-LCB\BetterGenshinImpact\Helpers\RuntimeHelper.cs:line 181
   at BetterGenshinImpact.App..cctor() in E:\Program Files\better-genshin-impact-LCB\BetterGenshinImpact\App.xaml.cs:line 58
  失败 BetterGenshinImpact.UnitTest.GameTaskTests.AutoHoeingTests.CooperativeRerunContractTests.StaleRevisionForeignSessionAndForeignScopeAreIgnored [6 ms]
  错误消息:
   System.TypeInitializationException : The type initializer for 'BetterGenshinImpact.App' threw an exception.
---- System.InvalidOperationException : 调用线程必须为 STA，因为许多 UI 组件都需要。
  堆栈跟踪:
     at BetterGenshinImpact.App.GetLogger[T]() in E:\Program Files\better-genshin-impact-LCB\BetterGenshinImpact\App.xaml.cs:line 234
   at BetterGenshinImpact.GameTask.AutoHoeing.Multiplayer.CoordinatorClient..ctor() in E:\Program Files\better-genshin-impact-LCB\BetterGenshinImpact\GameTask\AutoHoeing\Multiplayer\CoordinatorClient.cs:line 31
   at BetterGenshinImpact.UnitTest.GameTaskTests.AutoHoeingTests.CooperativeRerunContractTests.Client(Func`2 respond, Boolean capability, List`1 seen) in E:\Program Files\better-genshin-impact-LCB\Test\BetterGenshinImpact.UnitTest\GameTaskTests\AutoHoeingTests\CooperativeRerunContractTests.cs:line 76
   at BetterGenshinImpact.UnitTest.GameTaskTests.AutoHoeingTests.CooperativeRerunContractTests.StaleRevisionForeignSessionAndForeignScopeAreIgnored() in E:\Program Files\better-genshin-impact-LCB\Test\BetterGenshinImpact.UnitTest\GameTaskTests\AutoHoeingTests\CooperativeRerunContractTests.cs:line 184
--- End of stack trace from previous location ---
----- Inner Stack Trace -----
   at System.Windows.Input.InputManager..ctor()
   at System.Windows.Input.InputManager.GetCurrentInputManagerImpl()
   at System.Windows.Input.KeyboardNavigation..ctor()
   at System.Windows.FrameworkElement.FrameworkServices..ctor()
   at System.Windows.FrameworkElement.EnsureFrameworkServices()
   at System.Windows.FrameworkElement..ctor()
   at System.Windows.Controls.Control..ctor()
   at System.Windows.Window..ctor()
   at Wpf.Ui.Controls.FluentWindow..ctor()
   at BetterGenshinImpact.View.Windows.ThemedMessageBox..ctor() in E:\Program Files\better-genshin-impact-LCB\BetterGenshinImpact\View\Windows\ThemedMessageBox.xaml.cs:line 35
   at BetterGenshinImpact.View.Windows.ThemedMessageBox.Show(String content, String title, MessageBoxButton button, MessageBoxIcon icon, MessageBoxResult defaultResult, Window owner) in E:\Program Files\better-genshin-impact-LCB\BetterGenshinImpact\View\Windows\ThemedMessageBox.xaml.cs:line 132
   at BetterGenshinImpact.View.Windows.ThemedMessageBox.Warning(String message, String title) in E:\Program Files\better-genshin-impact-LCB\BetterGenshinImpact\View\Windows\ThemedMessageBox.xaml.cs:line 293
   at BetterGenshinImpact.Helpers.RuntimeHelper.CheckIntegration() in E:\Program Files\better-genshin-impact-LCB\BetterGenshinImpact\Helpers\RuntimeHelper.cs:line 159
   at BetterGenshinImpact.Helpers.RuntimeExtension.CheckIntegration(IHostBuilder app) in E:\Program Files\better-genshin-impact-LCB\BetterGenshinImpact\Helpers\RuntimeHelper.cs:line 181
   at BetterGenshinImpact.App..cctor() in E:\Program Files\better-genshin-impact-LCB\BetterGenshinImpact\App.xaml.cs:line 58
  失败 BetterGenshinImpact.UnitTest.GameTaskTests.AutoHoeingTests.CooperativeRerunContractTests.IsAbortedReflectsServerAbortSoGameplayCanStop [< 1 ms]
  错误消息:
   System.TypeInitializationException : The type initializer for 'BetterGenshinImpact.App' threw an exception.
---- System.InvalidOperationException : 调用线程必须为 STA，因为许多 UI 组件都需要。
  堆栈跟踪:
     at BetterGenshinImpact.App.GetLogger[T]() in E:\Program Files\better-genshin-impact-LCB\BetterGenshinImpact\App.xaml.cs:line 234
   at BetterGenshinImpact.GameTask.AutoHoeing.Multiplayer.CoordinatorClient..ctor() in E:\Program Files\better-genshin-impact-LCB\BetterGenshinImpact\GameTask\AutoHoeing\Multiplayer\CoordinatorClient.cs:line 31
   at BetterGenshinImpact.UnitTest.GameTaskTests.AutoHoeingTests.CooperativeRerunContractTests.Client(Func`2 respond, Boolean capability, List`1 seen) in E:\Program Files\better-genshin-impact-LCB\Test\BetterGenshinImpact.UnitTest\GameTaskTests\AutoHoeingTests\CooperativeRerunContractTests.cs:line 76
   at BetterGenshinImpact.UnitTest.GameTaskTests.AutoHoeingTests.CooperativeRerunContractTests.IsAbortedReflectsServerAbortSoGameplayCanStop() in E:\Program Files\better-genshin-impact-LCB\Test\BetterGenshinImpact.UnitTest\GameTaskTests\AutoHoeingTests\CooperativeRerunContractTests.cs:line 272
--- End of stack trace from previous location ---
----- Inner Stack Trace -----
   at System.Windows.Input.InputManager..ctor()
   at System.Windows.Input.InputManager.GetCurrentInputManagerImpl()
   at System.Windows.Input.KeyboardNavigation..ctor()
   at System.Windows.FrameworkElement.FrameworkServices..ctor()
   at System.Windows.FrameworkElement.EnsureFrameworkServices()
   at System.Windows.FrameworkElement..ctor()
   at System.Windows.Controls.Control..ctor()
   at System.Windows.Window..ctor()
   at Wpf.Ui.Controls.FluentWindow..ctor()
   at BetterGenshinImpact.View.Windows.ThemedMessageBox..ctor() in E:\Program Files\better-genshin-impact-LCB\BetterGenshinImpact\View\Windows\ThemedMessageBox.xaml.cs:line 35
   at BetterGenshinImpact.View.Windows.ThemedMessageBox.Show(String content, String title, MessageBoxButton button, MessageBoxIcon icon, MessageBoxResult defaultResult, Window owner) in E:\Program Files\better-genshin-impact-LCB\BetterGenshinImpact\View\Windows\ThemedMessageBox.xaml.cs:line 132
   at BetterGenshinImpact.View.Windows.ThemedMessageBox.Warning(String message, String title) in E:\Program Files\better-genshin-impact-LCB\BetterGenshinImpact\View\Windows\ThemedMessageBox.xaml.cs:line 293
   at BetterGenshinImpact.Helpers.RuntimeHelper.CheckIntegration() in E:\Program Files\better-genshin-impact-LCB\BetterGenshinImpact\Helpers\RuntimeHelper.cs:line 159
   at BetterGenshinImpact.Helpers.RuntimeExtension.CheckIntegration(IHostBuilder app) in E:\Program Files\better-genshin-impact-LCB\BetterGenshinImpact\Helpers\RuntimeHelper.cs:line 181
   at BetterGenshinImpact.App..cctor() in E:\Program Files\better-genshin-impact-LCB\BetterGenshinImpact\App.xaml.cs:line 58
  失败 BetterGenshinImpact.UnitTest.GameTaskTests.AutoHoeingTests.CooperativeRerunContractTests.IncompleteRouteRequiresReasonAndBypassBlocksCompleted [1 ms]
  错误消息:
   System.TypeInitializationException : The type initializer for 'BetterGenshinImpact.App' threw an exception.
---- System.InvalidOperationException : 调用线程必须为 STA，因为许多 UI 组件都需要。
  堆栈跟踪:
     at BetterGenshinImpact.App.GetLogger[T]() in E:\Program Files\better-genshin-impact-LCB\BetterGenshinImpact\App.xaml.cs:line 234
   at BetterGenshinImpact.GameTask.AutoHoeing.Multiplayer.CoordinatorClient..ctor() in E:\Program Files\better-genshin-impact-LCB\BetterGenshinImpact\GameTask\AutoHoeing\Multiplayer\CoordinatorClient.cs:line 31
   at BetterGenshinImpact.UnitTest.GameTaskTests.AutoHoeingTests.CooperativeRerunContractTests.Client(Func`2 respond, Boolean capability, List`1 seen) in E:\Program Files\better-genshin-impact-LCB\Test\BetterGenshinImpact.UnitTest\GameTaskTests\AutoHoeingTests\CooperativeRerunContractTests.cs:line 76
   at BetterGenshinImpact.UnitTest.GameTaskTests.AutoHoeingTests.CooperativeRerunContractTests.IncompleteRouteRequiresReasonAndBypassBlocksCompleted() in E:\Program Files\better-genshin-impact-LCB\Test\BetterGenshinImpact.UnitTest\GameTaskTests\AutoHoeingTests\CooperativeRerunContractTests.cs:line 395
--- End of stack trace from previous location ---
----- Inner Stack Trace -----
   at System.Windows.Input.InputManager..ctor()
   at System.Windows.Input.InputManager.GetCurrentInputManagerImpl()
   at System.Windows.Input.KeyboardNavigation..ctor()
   at System.Windows.FrameworkElement.FrameworkServices..ctor()
   at System.Windows.FrameworkElement.EnsureFrameworkServices()
   at System.Windows.FrameworkElement..ctor()
   at System.Windows.Controls.Control..ctor()
   at System.Windows.Window..ctor()
   at Wpf.Ui.Controls.FluentWindow..ctor()
   at BetterGenshinImpact.View.Windows.ThemedMessageBox..ctor() in E:\Program Files\better-genshin-impact-LCB\BetterGenshinImpact\View\Windows\ThemedMessageBox.xaml.cs:line 35
   at BetterGenshinImpact.View.Windows.ThemedMessageBox.Show(String content, String title, MessageBoxButton button, MessageBoxIcon icon, MessageBoxResult defaultResult, Window owner) in E:\Program Files\better-genshin-impact-LCB\BetterGenshinImpact\View\Windows\ThemedMessageBox.xaml.cs:line 132
   at BetterGenshinImpact.View.Windows.ThemedMessageBox.Warning(String message, String title) in E:\Program Files\better-genshin-impact-LCB\BetterGenshinImpact\View\Windows\ThemedMessageBox.xaml.cs:line 293
   at BetterGenshinImpact.Helpers.RuntimeHelper.CheckIntegration() in E:\Program Files\better-genshin-impact-LCB\BetterGenshinImpact\Helpers\RuntimeHelper.cs:line 159
   at BetterGenshinImpact.Helpers.RuntimeExtension.CheckIntegration(IHostBuilder app) in E:\Program Files\better-genshin-impact-LCB\BetterGenshinImpact\Helpers\RuntimeHelper.cs:line 181
   at BetterGenshinImpact.App..cctor() in E:\Program Files\better-genshin-impact-LCB\BetterGenshinImpact\App.xaml.cs:line 58
  失败 BetterGenshinImpact.UnitTest.GameTaskTests.AutoHoeingTests.CooperativeRerunContractTests.ShouldSkipFightMatchesPhaseAndStopsAfterCompletion [1 ms]
  错误消息:
   System.TypeInitializationException : The type initializer for 'BetterGenshinImpact.App' threw an exception.
---- System.InvalidOperationException : 调用线程必须为 STA，因为许多 UI 组件都需要。
  堆栈跟踪:
     at BetterGenshinImpact.App.GetLogger[T]() in E:\Program Files\better-genshin-impact-LCB\BetterGenshinImpact\App.xaml.cs:line 234
   at BetterGenshinImpact.GameTask.AutoHoeing.Multiplayer.CoordinatorClient..ctor() in E:\Program Files\better-genshin-impact-LCB\BetterGenshinImpact\GameTask\AutoHoeing\Multiplayer\CoordinatorClient.cs:line 31
   at BetterGenshinImpact.UnitTest.GameTaskTests.AutoHoeingTests.CooperativeRerunContractTests.Client(Func`2 respond, Boolean capability, List`1 seen) in E:\Program Files\better-genshin-impact-LCB\Test\BetterGenshinImpact.UnitTest\GameTaskTests\AutoHoeingTests\CooperativeRerunContractTests.cs:line 76
   at BetterGenshinImpact.UnitTest.GameTaskTests.AutoHoeingTests.CooperativeRerunContractTests.ShouldSkipFightMatchesPhaseAndStopsAfterCompletion() in E:\Program Files\better-genshin-impact-LCB\Test\BetterGenshinImpact.UnitTest\GameTaskTests\AutoHoeingTests\CooperativeRerunContractTests.cs:line 224
--- End of stack trace from previous location ---
----- Inner Stack Trace -----
   at System.Windows.Input.InputManager..ctor()
   at System.Windows.Input.InputManager.GetCurrentInputManagerImpl()
   at System.Windows.Input.KeyboardNavigation..ctor()
   at System.Windows.FrameworkElement.FrameworkServices..ctor()
   at System.Windows.FrameworkElement.EnsureFrameworkServices()
   at System.Windows.FrameworkElement..ctor()
   at System.Windows.Controls.Control..ctor()
   at System.Windows.Window..ctor()
   at Wpf.Ui.Controls.FluentWindow..ctor()
   at BetterGenshinImpact.View.Windows.ThemedMessageBox..ctor() in E:\Program Files\better-genshin-impact-LCB\BetterGenshinImpact\View\Windows\ThemedMessageBox.xaml.cs:line 35
   at BetterGenshinImpact.View.Windows.ThemedMessageBox.Show(String content, String title, MessageBoxButton button, MessageBoxIcon icon, MessageBoxResult defaultResult, Window owner) in E:\Program Files\better-genshin-impact-LCB\BetterGenshinImpact\View\Windows\ThemedMessageBox.xaml.cs:line 132
   at BetterGenshinImpact.View.Windows.ThemedMessageBox.Warning(String message, String title) in E:\Program Files\better-genshin-impact-LCB\BetterGenshinImpact\View\Windows\ThemedMessageBox.xaml.cs:line 293
   at BetterGenshinImpact.Helpers.RuntimeHelper.CheckIntegration() in E:\Program Files\better-genshin-impact-LCB\BetterGenshinImpact\Helpers\RuntimeHelper.cs:line 159
   at BetterGenshinImpact.Helpers.RuntimeExtension.CheckIntegration(IHostBuilder app) in E:\Program Files\better-genshin-impact-LCB\BetterGenshinImpact\Helpers\RuntimeHelper.cs:line 181
   at BetterGenshinImpact.App..cctor() in E:\Program Files\better-genshin-impact-LCB\BetterGenshinImpact\App.xaml.cs:line 58
  失败 BetterGenshinImpact.UnitTest.GameTaskTests.AutoHoeingTests.MultiWorldConfigLockingBugTests.Round1_MemberConfigFetchFails_ShouldTerminateMultiWorld [8 ms]
  错误消息:
   FsCheck.Xunit.PropertyFailedException : 
Falsifiable, after 1 test (0 shrinks) (StdGen (2017888767,297682598)):
Label of failing property: Round 1, Member config fetch failed: MultiWorldTerminated=False, ErrorLogged=False, UsedFallbackConfig=False
Original:
<null>


  失败 BetterGenshinImpact.UnitTest.GameTaskTests.AutoHoeingTests.WaitPointReportTests.WaitPointReport_SyncPointIdValidation_WorksCorrectly [41 ms]
  错误消息:
   FsCheck.Xunit.PropertyFailedException : 
Falsifiable, after 194 tests (64 shrinks) (StdGen (2017669456,297682598)):
Original:
"I\027E4*L\024]Suk\006|\030\020`%G=_N`^s-\028\019i\002Gi_+p\018\008T\025;1S\031wSm\026o\008Y%<!\007l*\020xC\!C9\005'lb" (At least one control character has been escaped as a char code, e.g. \023)
Shrunk:
"__"


  失败 BetterGenshinImpact.UnitTest.GameTaskTests.AutoHoeingTests.PostTeleportStuckProtectionPbtPropertiesTest.IsEligible_BoundaryZeroAndTwenty_Stuck [1 ms]
  错误消息:
   FsCheck.Xunit.PropertyFailedException : 
Falsifiable, after 1 test (0 shrinks) (StdGen (2019027438,297682598)):
Original:
(true, true)


  失败 BetterGenshinImpact.UnitTest.GameTaskTests.AutoHoeingTests.MultiWorldConfigLockingBugTests.Round1_HostUploadConfig_ShouldSaveToFirstHostConfig [3 ms]
  错误消息:
   Round 1, Host uploaded config but _firstHostConfig is null
  堆栈跟踪:
     at BetterGenshinImpact.UnitTest.GameTaskTests.AutoHoeingTests.MultiWorldConfigLockingBugTests.Round1_HostUploadConfig_ShouldSaveToFirstHostConfig() in E:\Program Files\better-genshin-impact-LCB\Test\BetterGenshinImpact.UnitTest\GameTaskTests\AutoHoeingTests\MultiWorldConfigLockingBugTests.cs:line 182
   at System.RuntimeMethodHandle.InvokeMethod(Object target, Void** arguments, Signature sig, Boolean isConstructor)
   at System.Reflection.MethodBaseInvoker.InvokeWithNoArgs(Object obj, BindingFlags invokeAttr)
  失败 BetterGenshinImpact.UnitTest.GameTaskTests.AutoPathingTests.AutoTrackPositionRecoveryDecisionsTest.Decide_TimesGte4_AlwaysThrowRetry [39 ms]
  错误消息:
   FsCheck.Xunit.PropertyFailedException : 
Falsifiable, after 26 tests (1 shrink) (StdGen (2018659146,297682598)):
Original:
(-1, -0.39476546)
Shrunk:
(-1, 0.0)


  失败 BetterGenshinImpact.UnitTest.GameTaskTests.AutoHoeingTests.MultiWorldConfigLockingBugTests.Round2Plus_HostFirstConfigNull_ShouldTerminateMultiWorld [< 1 ms]
  错误消息:
   FsCheck.Xunit.PropertyFailedException : 
Falsifiable, after 1 test (1 shrink) (StdGen (2019085195,297682598)):
Label of failing property: Round 3, Host _firstHostConfig is null: MultiWorldTerminated=False, ErrorLogged=False, UsedFallbackConfig=True
Original:
PositiveInt 2
Shrunk:
PositiveInt 1


  失败 BetterGenshinImpact.UnitTest.GameTaskTests.AutoHoeingTests.WaitPointReportTests.WaitPointReport_Creation_IsValidWithRequiredFields [11 ms]
  错误消息:
   FsCheck.Xunit.PropertyFailedException : 
Falsifiable, after 30 tests (5 shrinks) (StdGen (2019029254,297682598)):
Original:
("F\029", "1J", "\000", -1) (At least one control character has been escaped as a char code, e.g. \023)
Shrunk:
("a", "a", "a", -1)


  失败 BetterGenshinImpact.UnitTest.GameTaskTests.AutoHoeingTests.MultiWorldConfigLockingBugTests.Round1_MemberFetchConfig_ShouldSaveToFirstHostConfig [3 ms]
  错误消息:
   Round 1, Member fetched config but _firstHostConfig is null
  堆栈跟踪:
     at BetterGenshinImpact.UnitTest.GameTaskTests.AutoHoeingTests.MultiWorldConfigLockingBugTests.Round1_MemberFetchConfig_ShouldSaveToFirstHostConfig() in E:\Program Files\better-genshin-impact-LCB\Test\BetterGenshinImpact.UnitTest\GameTaskTests\AutoHoeingTests\MultiWorldConfigLockingBugTests.cs:line 213
   at System.RuntimeMethodHandle.InvokeMethod(Object target, Void** arguments, Signature sig, Boolean isConstructor)
   at System.Reflection.MethodBaseInvoker.InvokeWithNoArgs(Object obj, BindingFlags invokeAttr)
  失败 BetterGenshinImpact.UnitTest.CoreTests.RecognitionTests.RecognitionObjectJsonLoaderTests.Load_InvalidSearchExpandPercent_Throws(values: [0.10000000000000001, 0.20000000000000001, 0.29999999999999999, 0.40000000000000002, 0.5]) [279 ms]
  错误消息:
   Assert.Throws() Failure: Exception type was not an exact match
Expected: typeof(System.InvalidOperationException)
Actual:   typeof(System.TypeInitializationException)
---- System.TypeInitializationException : The type initializer for 'BetterGenshinImpact.Core.Recognition.RecognitionObjectJsonLoader' threw an exception.
-------- System.TypeInitializationException : The type initializer for 'BetterGenshinImpact.App' threw an exception.
------------ System.InvalidOperationException : 调用线程必须为 STA，因为许多 UI 组件都需要。
  堆栈跟踪:
     at BetterGenshinImpact.UnitTest.CoreTests.RecognitionTests.RecognitionObjectJsonLoaderTests.Load_InvalidSearchExpandPercent_Throws(Double[] values) in E:\Program Files\better-genshin-impact-LCB\Test\BetterGenshinImpact.UnitTest\CoreTests\RecognitionTests\RecognitionObjectJsonLoaderTests.cs:line 58
   at System.RuntimeMethodHandle.InvokeMethod(Object target, Void** arguments, Signature sig, Boolean isConstructor)
   at System.Reflection.MethodBaseInvoker.InvokeDirectByRefWithFewArgs(Object obj, Span`1 copyOfArgs, BindingFlags invokeAttr)
----- Inner Stack Trace -----
   at BetterGenshinImpact.Core.Recognition.RecognitionObjectJsonLoader.Load(RecognitionObjectJsonFile config, String objectName, RecognitionObjectJsonLoadContext context) in E:\Program Files\better-genshin-impact-LCB\BetterGenshinImpact\Core\Recognition\RecognitionObjectJsonLoader.cs:line 77
   at BetterGenshinImpact.UnitTest.CoreTests.RecognitionTests.RecognitionObjectJsonLoaderTests.<>c__DisplayClass5_0.<Load_InvalidSearchExpandPercent_Throws>b__0() in E:\Program Files\better-genshin-impact-LCB\Test\BetterGenshinImpact.UnitTest\CoreTests\RecognitionTests\RecognitionObjectJsonLoaderTests.cs:line 59
----- Inner Stack Trace -----
   at BetterGenshinImpact.App.GetLogger[T]() in E:\Program Files\better-genshin-impact-LCB\BetterGenshinImpact\App.xaml.cs:line 234
   at BetterGenshinImpact.Core.Recognition.RecognitionObjectJsonLoader..cctor() in E:\Program Files\better-genshin-impact-LCB\BetterGenshinImpact\Core\Recognition\RecognitionObjectJsonLoader.cs:line 32
----- Inner Stack Trace -----
   at System.Windows.Input.InputManager..ctor()
   at System.Windows.Input.InputManager.GetCurrentInputManagerImpl()
   at System.Windows.Input.KeyboardNavigation..ctor()
   at System.Windows.FrameworkElement.FrameworkServices..ctor()
   at System.Windows.FrameworkElement.EnsureFrameworkServices()
   at System.Windows.FrameworkElement..ctor()
   at System.Windows.Controls.Control..ctor()
   at System.Windows.Window..ctor()
   at Wpf.Ui.Controls.FluentWindow..ctor()
   at BetterGenshinImpact.View.Windows.ThemedMessageBox..ctor() in E:\Program Files\better-genshin-impact-LCB\BetterGenshinImpact\View\Windows\ThemedMessageBox.xaml.cs:line 35
   at BetterGenshinImpact.View.Windows.ThemedMessageBox.Show(String content, String title, MessageBoxButton button, MessageBoxIcon icon, MessageBoxResult defaultResult, Window owner) in E:\Program Files\better-genshin-impact-LCB\BetterGenshinImpact\View\Windows\ThemedMessageBox.xaml.cs:line 132
   at BetterGenshinImpact.View.Windows.ThemedMessageBox.Warning(String message, String title) in E:\Program Files\better-genshin-impact-LCB\BetterGenshinImpact\View\Windows\ThemedMessageBox.xaml.cs:line 293
   at BetterGenshinImpact.Helpers.RuntimeHelper.CheckIntegration() in E:\Program Files\better-genshin-impact-LCB\BetterGenshinImpact\Helpers\RuntimeHelper.cs:line 159
   at BetterGenshinImpact.Helpers.RuntimeExtension.CheckIntegration(IHostBuilder app) in E:\Program Files\better-genshin-impact-LCB\BetterGenshinImpact\Helpers\RuntimeHelper.cs:line 181
   at BetterGenshinImpact.App..cctor() in E:\Program Files\better-genshin-impact-LCB\BetterGenshinImpact\App.xaml.cs:line 58
  失败 BetterGenshinImpact.UnitTest.CoreTests.RecognitionTests.RecognitionObjectJsonLoaderTests.Load_InvalidSearchExpandPercent_Throws(values: []) [< 1 ms]
  错误消息:
   Assert.Throws() Failure: Exception type was not an exact match
Expected: typeof(System.InvalidOperationException)
Actual:   typeof(System.TypeInitializationException)
---- System.TypeInitializationException : The type initializer for 'BetterGenshinImpact.Core.Recognition.RecognitionObjectJsonLoader' threw an exception.
-------- System.TypeInitializationException : The type initializer for 'BetterGenshinImpact.App' threw an exception.
------------ System.InvalidOperationException : 调用线程必须为 STA，因为许多 UI 组件都需要。
  堆栈跟踪:
     at BetterGenshinImpact.UnitTest.CoreTests.RecognitionTests.RecognitionObjectJsonLoaderTests.Load_InvalidSearchExpandPercent_Throws(Double[] values) in E:\Program Files\better-genshin-impact-LCB\Test\BetterGenshinImpact.UnitTest\CoreTests\RecognitionTests\RecognitionObjectJsonLoaderTests.cs:line 58
   at InvokeStub_RecognitionObjectJsonLoaderTests.Load_InvalidSearchExpandPercent_Throws(Object, Span`1)
   at System.Reflection.MethodBaseInvoker.InvokeWithOneArg(Object obj, BindingFlags invokeAttr, Binder binder, Object[] parameters, CultureInfo culture)
----- Inner Stack Trace -----
   at BetterGenshinImpact.Core.Recognition.RecognitionObjectJsonLoader.Load(RecognitionObjectJsonFile config, String objectName, RecognitionObjectJsonLoadContext context) in E:\Program Files\better-genshin-impact-LCB\BetterGenshinImpact\Core\Recognition\RecognitionObjectJsonLoader.cs:line 77
   at BetterGenshinImpact.UnitTest.CoreTests.RecognitionTests.RecognitionObjectJsonLoaderTests.<>c__DisplayClass5_0.<Load_InvalidSearchExpandPercent_Throws>b__0() in E:\Program Files\better-genshin-impact-LCB\Test\BetterGenshinImpact.UnitTest\CoreTests\RecognitionTests\RecognitionObjectJsonLoaderTests.cs:line 59
----- Inner Stack Trace -----
   at BetterGenshinImpact.App.GetLogger[T]() in E:\Program Files\better-genshin-impact-LCB\BetterGenshinImpact\App.xaml.cs:line 234
   at BetterGenshinImpact.Core.Recognition.RecognitionObjectJsonLoader..cctor() in E:\Program Files\better-genshin-impact-LCB\BetterGenshinImpact\Core\Recognition\RecognitionObjectJsonLoader.cs:line 32
----- Inner Stack Trace -----
   at System.Windows.Input.InputManager..ctor()
   at System.Windows.Input.InputManager.GetCurrentInputManagerImpl()
   at System.Windows.Input.KeyboardNavigation..ctor()
   at System.Windows.FrameworkElement.FrameworkServices..ctor()
   at System.Windows.FrameworkElement.EnsureFrameworkServices()
   at System.Windows.FrameworkElement..ctor()
   at System.Windows.Controls.Control..ctor()
   at System.Windows.Window..ctor()
   at Wpf.Ui.Controls.FluentWindow..ctor()
   at BetterGenshinImpact.View.Windows.ThemedMessageBox..ctor() in E:\Program Files\better-genshin-impact-LCB\BetterGenshinImpact\View\Windows\ThemedMessageBox.xaml.cs:line 35
   at BetterGenshinImpact.View.Windows.ThemedMessageBox.Show(String content, String title, MessageBoxButton button, MessageBoxIcon icon, MessageBoxResult defaultResult, Window owner) in E:\Program Files\better-genshin-impact-LCB\BetterGenshinImpact\View\Windows\ThemedMessageBox.xaml.cs:line 132
   at BetterGenshinImpact.View.Windows.ThemedMessageBox.Warning(String message, String title) in E:\Program Files\better-genshin-impact-LCB\BetterGenshinImpact\View\Windows\ThemedMessageBox.xaml.cs:line 293
   at BetterGenshinImpact.Helpers.RuntimeHelper.CheckIntegration() in E:\Program Files\better-genshin-impact-LCB\BetterGenshinImpact\Helpers\RuntimeHelper.cs:line 159
   at BetterGenshinImpact.Helpers.RuntimeExtension.CheckIntegration(IHostBuilder app) in E:\Program Files\better-genshin-impact-LCB\BetterGenshinImpact\Helpers\RuntimeHelper.cs:line 181
   at BetterGenshinImpact.App..cctor() in E:\Program Files\better-genshin-impact-LCB\BetterGenshinImpact\App.xaml.cs:line 58
  失败 BetterGenshinImpact.UnitTest.CoreTests.RecognitionTests.RecognitionObjectJsonLoaderTests.Load_InvalidSearchExpandPercent_Throws(values: [NaN]) [< 1 ms]
  错误消息:
   Assert.Throws() Failure: Exception type was not an exact match
Expected: typeof(System.InvalidOperationException)
Actual:   typeof(System.TypeInitializationException)
---- System.TypeInitializationException : The type initializer for 'BetterGenshinImpact.Core.Recognition.RecognitionObjectJsonLoader' threw an exception.
-------- System.TypeInitializationException : The type initializer for 'BetterGenshinImpact.App' threw an exception.
------------ System.InvalidOperationException : 调用线程必须为 STA，因为许多 UI 组件都需要。
  堆栈跟踪:
     at BetterGenshinImpact.UnitTest.CoreTests.RecognitionTests.RecognitionObjectJsonLoaderTests.Load_InvalidSearchExpandPercent_Throws(Double[] values) in E:\Program Files\better-genshin-impact-LCB\Test\BetterGenshinImpact.UnitTest\CoreTests\RecognitionTests\RecognitionObjectJsonLoaderTests.cs:line 58
   at InvokeStub_RecognitionObjectJsonLoaderTests.Load_InvalidSearchExpandPercent_Throws(Object, Span`1)
   at System.Reflection.MethodBaseInvoker.InvokeWithOneArg(Object obj, BindingFlags invokeAttr, Binder binder, Object[] parameters, CultureInfo culture)
----- Inner Stack Trace -----
   at BetterGenshinImpact.Core.Recognition.RecognitionObjectJsonLoader.Load(RecognitionObjectJsonFile config, String objectName, RecognitionObjectJsonLoadContext context) in E:\Program Files\better-genshin-impact-LCB\BetterGenshinImpact\Core\Recognition\RecognitionObjectJsonLoader.cs:line 77
   at BetterGenshinImpact.UnitTest.CoreTests.RecognitionTests.RecognitionObjectJsonLoaderTests.<>c__DisplayClass5_0.<Load_InvalidSearchExpandPercent_Throws>b__0() in E:\Program Files\better-genshin-impact-LCB\Test\BetterGenshinImpact.UnitTest\CoreTests\RecognitionTests\RecognitionObjectJsonLoaderTests.cs:line 59
----- Inner Stack Trace -----
   at BetterGenshinImpact.App.GetLogger[T]() in E:\Program Files\better-genshin-impact-LCB\BetterGenshinImpact\App.xaml.cs:line 234
   at BetterGenshinImpact.Core.Recognition.RecognitionObjectJsonLoader..cctor() in E:\Program Files\better-genshin-impact-LCB\BetterGenshinImpact\Core\Recognition\RecognitionObjectJsonLoader.cs:line 32
----- Inner Stack Trace -----
   at System.Windows.Input.InputManager..ctor()
   at System.Windows.Input.InputManager.GetCurrentInputManagerImpl()
   at System.Windows.Input.KeyboardNavigation..ctor()
   at System.Windows.FrameworkElement.FrameworkServices..ctor()
   at System.Windows.FrameworkElement.EnsureFrameworkServices()
   at System.Windows.FrameworkElement..ctor()
   at System.Windows.Controls.Control..ctor()
   at System.Windows.Window..ctor()
   at Wpf.Ui.Controls.FluentWindow..ctor()
   at BetterGenshinImpact.View.Windows.ThemedMessageBox..ctor() in E:\Program Files\better-genshin-impact-LCB\BetterGenshinImpact\View\Windows\ThemedMessageBox.xaml.cs:line 35
   at BetterGenshinImpact.View.Windows.ThemedMessageBox.Show(String content, String title, MessageBoxButton button, MessageBoxIcon icon, MessageBoxResult defaultResult, Window owner) in E:\Program Files\better-genshin-impact-LCB\BetterGenshinImpact\View\Windows\ThemedMessageBox.xaml.cs:line 132
   at BetterGenshinImpact.View.Windows.ThemedMessageBox.Warning(String message, String title) in E:\Program Files\better-genshin-impact-LCB\BetterGenshinImpact\View\Windows\ThemedMessageBox.xaml.cs:line 293
   at BetterGenshinImpact.Helpers.RuntimeHelper.CheckIntegration() in E:\Program Files\better-genshin-impact-LCB\BetterGenshinImpact\Helpers\RuntimeHelper.cs:line 159
   at BetterGenshinImpact.Helpers.RuntimeExtension.CheckIntegration(IHostBuilder app) in E:\Program Files\better-genshin-impact-LCB\BetterGenshinImpact\Helpers\RuntimeHelper.cs:line 181
   at BetterGenshinImpact.App..cctor() in E:\Program Files\better-genshin-impact-LCB\BetterGenshinImpact\App.xaml.cs:line 58
  失败 BetterGenshinImpact.UnitTest.CoreTests.RecognitionTests.RecognitionObjectJsonLoaderTests.Load_InvalidSearchExpandPercent_Throws(values: [∞]) [< 1 ms]
  错误消息:
   Assert.Throws() Failure: Exception type was not an exact match
Expected: typeof(System.InvalidOperationException)
Actual:   typeof(System.TypeInitializationException)
---- System.TypeInitializationException : The type initializer for 'BetterGenshinImpact.Core.Recognition.RecognitionObjectJsonLoader' threw an exception.
-------- System.TypeInitializationException : The type initializer for 'BetterGenshinImpact.App' threw an exception.
------------ System.InvalidOperationException : 调用线程必须为 STA，因为许多 UI 组件都需要。
  堆栈跟踪:
     at BetterGenshinImpact.UnitTest.CoreTests.RecognitionTests.RecognitionObjectJsonLoaderTests.Load_InvalidSearchExpandPercent_Throws(Double[] values) in E:\Program Files\better-genshin-impact-LCB\Test\BetterGenshinImpact.UnitTest\CoreTests\RecognitionTests\RecognitionObjectJsonLoaderTests.cs:line 58
   at InvokeStub_RecognitionObjectJsonLoaderTests.Load_InvalidSearchExpandPercent_Throws(Object, Span`1)
   at System.Reflection.MethodBaseInvoker.InvokeWithOneArg(Object obj, BindingFlags invokeAttr, Binder binder, Object[] parameters, CultureInfo culture)
----- Inner Stack Trace -----
   at BetterGenshinImpact.Core.Recognition.RecognitionObjectJsonLoader.Load(RecognitionObjectJsonFile config, String objectName, RecognitionObjectJsonLoadContext context) in E:\Program Files\better-genshin-impact-LCB\BetterGenshinImpact\Core\Recognition\RecognitionObjectJsonLoader.cs:line 77
   at BetterGenshinImpact.UnitTest.CoreTests.RecognitionTests.RecognitionObjectJsonLoaderTests.<>c__DisplayClass5_0.<Load_InvalidSearchExpandPercent_Throws>b__0() in E:\Program Files\better-genshin-impact-LCB\Test\BetterGenshinImpact.UnitTest\CoreTests\RecognitionTests\RecognitionObjectJsonLoaderTests.cs:line 59
----- Inner Stack Trace -----
   at BetterGenshinImpact.App.GetLogger[T]() in E:\Program Files\better-genshin-impact-LCB\BetterGenshinImpact\App.xaml.cs:line 234
   at BetterGenshinImpact.Core.Recognition.RecognitionObjectJsonLoader..cctor() in E:\Program Files\better-genshin-impact-LCB\BetterGenshinImpact\Core\Recognition\RecognitionObjectJsonLoader.cs:line 32
----- Inner Stack Trace -----
   at System.Windows.Input.InputManager..ctor()
   at System.Windows.Input.InputManager.GetCurrentInputManagerImpl()
   at System.Windows.Input.KeyboardNavigation..ctor()
   at System.Windows.FrameworkElement.FrameworkServices..ctor()
   at System.Windows.FrameworkElement.EnsureFrameworkServices()
   at System.Windows.FrameworkElement..ctor()
   at System.Windows.Controls.Control..ctor()
   at System.Windows.Window..ctor()
   at Wpf.Ui.Controls.FluentWindow..ctor()
   at BetterGenshinImpact.View.Windows.ThemedMessageBox..ctor() in E:\Program Files\better-genshin-impact-LCB\BetterGenshinImpact\View\Windows\ThemedMessageBox.xaml.cs:line 35
   at BetterGenshinImpact.View.Windows.ThemedMessageBox.Show(String content, String title, MessageBoxButton button, MessageBoxIcon icon, MessageBoxResult defaultResult, Window owner) in E:\Program Files\better-genshin-impact-LCB\BetterGenshinImpact\View\Windows\ThemedMessageBox.xaml.cs:line 132
   at BetterGenshinImpact.View.Windows.ThemedMessageBox.Warning(String message, String title) in E:\Program Files\better-genshin-impact-LCB\BetterGenshinImpact\View\Windows\ThemedMessageBox.xaml.cs:line 293
   at BetterGenshinImpact.Helpers.RuntimeHelper.CheckIntegration() in E:\Program Files\better-genshin-impact-LCB\BetterGenshinImpact\Helpers\RuntimeHelper.cs:line 159
   at BetterGenshinImpact.Helpers.RuntimeExtension.CheckIntegration(IHostBuilder app) in E:\Program Files\better-genshin-impact-LCB\BetterGenshinImpact\Helpers\RuntimeHelper.cs:line 181
   at BetterGenshinImpact.App..cctor() in E:\Program Files\better-genshin-impact-LCB\BetterGenshinImpact\App.xaml.cs:line 58
  失败 BetterGenshinImpact.UnitTest.CoreTests.RecognitionTests.RecognitionObjectJsonLoaderTests.Load_InvalidSearchExpandPercent_Throws(values: [-0.10000000000000001]) [< 1 ms]
  错误消息:
   Assert.Throws() Failure: Exception type was not an exact match
Expected: typeof(System.InvalidOperationException)
Actual:   typeof(System.TypeInitializationException)
---- System.TypeInitializationException : The type initializer for 'BetterGenshinImpact.Core.Recognition.RecognitionObjectJsonLoader' threw an exception.
-------- System.TypeInitializationException : The type initializer for 'BetterGenshinImpact.App' threw an exception.
------------ System.InvalidOperationException : 调用线程必须为 STA，因为许多 UI 组件都需要。
  堆栈跟踪:
     at BetterGenshinImpact.UnitTest.CoreTests.RecognitionTests.RecognitionObjectJsonLoaderTests.Load_InvalidSearchExpandPercent_Throws(Double[] values) in E:\Program Files\better-genshin-impact-LCB\Test\BetterGenshinImpact.UnitTest\CoreTests\RecognitionTests\RecognitionObjectJsonLoaderTests.cs:line 58
   at InvokeStub_RecognitionObjectJsonLoaderTests.Load_InvalidSearchExpandPercent_Throws(Object, Span`1)
   at System.Reflection.MethodBaseInvoker.InvokeWithOneArg(Object obj, BindingFlags invokeAttr, Binder binder, Object[] parameters, CultureInfo culture)
----- Inner Stack Trace -----
   at BetterGenshinImpact.Core.Recognition.RecognitionObjectJsonLoader.Load(RecognitionObjectJsonFile config, String objectName, RecognitionObjectJsonLoadContext context) in E:\Program Files\better-genshin-impact-LCB\BetterGenshinImpact\Core\Recognition\RecognitionObjectJsonLoader.cs:line 77
   at BetterGenshinImpact.UnitTest.CoreTests.RecognitionTests.RecognitionObjectJsonLoaderTests.<>c__DisplayClass5_0.<Load_InvalidSearchExpandPercent_Throws>b__0() in E:\Program Files\better-genshin-impact-LCB\Test\BetterGenshinImpact.UnitTest\CoreTests\RecognitionTests\RecognitionObjectJsonLoaderTests.cs:line 59
----- Inner Stack Trace -----
   at BetterGenshinImpact.App.GetLogger[T]() in E:\Program Files\better-genshin-impact-LCB\BetterGenshinImpact\App.xaml.cs:line 234
   at BetterGenshinImpact.Core.Recognition.RecognitionObjectJsonLoader..cctor() in E:\Program Files\better-genshin-impact-LCB\BetterGenshinImpact\Core\Recognition\RecognitionObjectJsonLoader.cs:line 32
----- Inner Stack Trace -----
   at System.Windows.Input.InputManager..ctor()
   at System.Windows.Input.InputManager.GetCurrentInputManagerImpl()
   at System.Windows.Input.KeyboardNavigation..ctor()
   at System.Windows.FrameworkElement.FrameworkServices..ctor()
   at System.Windows.FrameworkElement.EnsureFrameworkServices()
   at System.Windows.FrameworkElement..ctor()
   at System.Windows.Controls.Control..ctor()
   at System.Windows.Window..ctor()
   at Wpf.Ui.Controls.FluentWindow..ctor()
   at BetterGenshinImpact.View.Windows.ThemedMessageBox..ctor() in E:\Program Files\better-genshin-impact-LCB\BetterGenshinImpact\View\Windows\ThemedMessageBox.xaml.cs:line 35
   at BetterGenshinImpact.View.Windows.ThemedMessageBox.Show(String content, String title, MessageBoxButton button, MessageBoxIcon icon, MessageBoxResult defaultResult, Window owner) in E:\Program Files\better-genshin-impact-LCB\BetterGenshinImpact\View\Windows\ThemedMessageBox.xaml.cs:line 132
   at BetterGenshinImpact.View.Windows.ThemedMessageBox.Warning(String message, String title) in E:\Program Files\better-genshin-impact-LCB\BetterGenshinImpact\View\Windows\ThemedMessageBox.xaml.cs:line 293
   at BetterGenshinImpact.Helpers.RuntimeHelper.CheckIntegration() in E:\Program Files\better-genshin-impact-LCB\BetterGenshinImpact\Helpers\RuntimeHelper.cs:line 159
   at BetterGenshinImpact.Helpers.RuntimeExtension.CheckIntegration(IHostBuilder app) in E:\Program Files\better-genshin-impact-LCB\BetterGenshinImpact\Helpers\RuntimeHelper.cs:line 181
   at BetterGenshinImpact.App..cctor() in E:\Program Files\better-genshin-impact-LCB\BetterGenshinImpact\App.xaml.cs:line 58
  失败 BetterGenshinImpact.UnitTest.CoreTests.RecognitionTests.RecognitionObjectJsonLoaderTests.Load_InvalidSearchExpandPercent_Throws(values: [0.10000000000000001, 0.20000000000000001, 0.29999999999999999]) [< 1 ms]
  错误消息:
   Assert.Throws() Failure: Exception type was not an exact match
Expected: typeof(System.InvalidOperationException)
Actual:   typeof(System.TypeInitializationException)
---- System.TypeInitializationException : The type initializer for 'BetterGenshinImpact.Core.Recognition.RecognitionObjectJsonLoader' threw an exception.
-------- System.TypeInitializationException : The type initializer for 'BetterGenshinImpact.App' threw an exception.
------------ System.InvalidOperationException : 调用线程必须为 STA，因为许多 UI 组件都需要。
  堆栈跟踪:
     at BetterGenshinImpact.UnitTest.CoreTests.RecognitionTests.RecognitionObjectJsonLoaderTests.Load_InvalidSearchExpandPercent_Throws(Double[] values) in E:\Program Files\better-genshin-impact-LCB\Test\BetterGenshinImpact.UnitTest\CoreTests\RecognitionTests\RecognitionObjectJsonLoaderTests.cs:line 58
   at InvokeStub_RecognitionObjectJsonLoaderTests.Load_InvalidSearchExpandPercent_Throws(Object, Span`1)
   at System.Reflection.MethodBaseInvoker.InvokeWithOneArg(Object obj, BindingFlags invokeAttr, Binder binder, Object[] parameters, CultureInfo culture)
----- Inner Stack Trace -----
   at BetterGenshinImpact.Core.Recognition.RecognitionObjectJsonLoader.Load(RecognitionObjectJsonFile config, String objectName, RecognitionObjectJsonLoadContext context) in E:\Program Files\better-genshin-impact-LCB\BetterGenshinImpact\Core\Recognition\RecognitionObjectJsonLoader.cs:line 77
   at BetterGenshinImpact.UnitTest.CoreTests.RecognitionTests.RecognitionObjectJsonLoaderTests.<>c__DisplayClass5_0.<Load_InvalidSearchExpandPercent_Throws>b__0() in E:\Program Files\better-genshin-impact-LCB\Test\BetterGenshinImpact.UnitTest\CoreTests\RecognitionTests\RecognitionObjectJsonLoaderTests.cs:line 59
----- Inner Stack Trace -----
   at BetterGenshinImpact.App.GetLogger[T]() in E:\Program Files\better-genshin-impact-LCB\BetterGenshinImpact\App.xaml.cs:line 234
   at BetterGenshinImpact.Core.Recognition.RecognitionObjectJsonLoader..cctor() in E:\Program Files\better-genshin-impact-LCB\BetterGenshinImpact\Core\Recognition\RecognitionObjectJsonLoader.cs:line 32
----- Inner Stack Trace -----
   at System.Windows.Input.InputManager..ctor()
   at System.Windows.Input.InputManager.GetCurrentInputManagerImpl()
   at System.Windows.Input.KeyboardNavigation..ctor()
   at System.Windows.FrameworkElement.FrameworkServices..ctor()
   at System.Windows.FrameworkElement.EnsureFrameworkServices()
   at System.Windows.FrameworkElement..ctor()
   at System.Windows.Controls.Control..ctor()
   at System.Windows.Window..ctor()
   at Wpf.Ui.Controls.FluentWindow..ctor()
   at BetterGenshinImpact.View.Windows.ThemedMessageBox..ctor() in E:\Program Files\better-genshin-impact-LCB\BetterGenshinImpact\View\Windows\ThemedMessageBox.xaml.cs:line 35
   at BetterGenshinImpact.View.Windows.ThemedMessageBox.Show(String content, String title, MessageBoxButton button, MessageBoxIcon icon, MessageBoxResult defaultResult, Window owner) in E:\Program Files\better-genshin-impact-LCB\BetterGenshinImpact\View\Windows\ThemedMessageBox.xaml.cs:line 132
   at BetterGenshinImpact.View.Windows.ThemedMessageBox.Warning(String message, String title) in E:\Program Files\better-genshin-impact-LCB\BetterGenshinImpact\View\Windows\ThemedMessageBox.xaml.cs:line 293
   at BetterGenshinImpact.Helpers.RuntimeHelper.CheckIntegration() in E:\Program Files\better-genshin-impact-LCB\BetterGenshinImpact\Helpers\RuntimeHelper.cs:line 159
   at BetterGenshinImpact.Helpers.RuntimeExtension.CheckIntegration(IHostBuilder app) in E:\Program Files\better-genshin-impact-LCB\BetterGenshinImpact\Helpers\RuntimeHelper.cs:line 181
   at BetterGenshinImpact.App..cctor() in E:\Program Files\better-genshin-impact-LCB\BetterGenshinImpact\App.xaml.cs:line 58
  失败 BetterGenshinImpact.UnitTest.GameTaskTests.AutoHoeingTests.WaitPointReportTests.WaitPointReport_ExpiryCheck_WorksCorrectly [7 ms]
  错误消息:
   FsCheck.Xunit.PropertyFailedException : 
Falsifiable, after 31 tests (5 shrinks) (StdGen (2019642319,297682598)):
Original:
("6", "\017", "\015\005", 0, -1) (At least one control character has been escaped as a char code, e.g. \023)
Shrunk:
("a", "a", "a", 0, 0)


  失败 BetterGenshinImpact.UnitTest.GameTaskTests.AutoHoeingTests.WaitPointReportTests.WaitPointReport_ExtractRouteIndex_HandlesVariousFormats [1 ms]
  错误消息:
   FsCheck.Xunit.PropertyFailedException : 
Falsifiable, after 6 tests (0 shrinks) (StdGen (2019723817,297682598)):
Original:
("", -1)


  失败 BetterGenshinImpact.UnitTest.ServiceTests.Instance.StandardConfigurationMigrationTests.ActualPhysicalSlotRejectsBusyAndAllowsPassiveCaptureWithoutJobs [2 ms]
  错误消息:
   System.TypeInitializationException : The type initializer for 'BetterGenshinImpact.GameTask.Common.TaskControl' threw an exception.
---- System.TypeInitializationException : The type initializer for 'BetterGenshinImpact.App' threw an exception.
-------- System.InvalidOperationException : 调用线程必须为 STA，因为许多 UI 组件都需要。
  堆栈跟踪:
     at BetterGenshinImpact.UnitTest.ServiceTests.Instance.StandardConfigurationMigrationTests.ActualPhysicalSlotRejectsBusyAndAllowsPassiveCaptureWithoutJobs() in E:\Program Files\better-genshin-impact-LCB\Test\BetterGenshinImpact.UnitTest\ServiceTests\Instance\StandardConfigurationMigrationTests.cs:line 64
--- End of stack trace from previous location ---
----- Inner Stack Trace -----
   at BetterGenshinImpact.App.GetLogger[T]() in E:\Program Files\better-genshin-impact-LCB\BetterGenshinImpact\App.xaml.cs:line 234
   at BetterGenshinImpact.Core.Recognition.RecognitionObjectJsonLoader..cctor() in E:\Program Files\better-genshin-impact-LCB\BetterGenshinImpact\Core\Recognition\RecognitionObjectJsonLoader.cs:line 32
----- Inner Stack Trace -----
   at System.Windows.Input.InputManager..ctor()
   at System.Windows.Input.InputManager.GetCurrentInputManagerImpl()
   at System.Windows.Input.KeyboardNavigation..ctor()
   at System.Windows.FrameworkElement.FrameworkServices..ctor()
   at System.Windows.FrameworkElement.EnsureFrameworkServices()
   at System.Windows.FrameworkElement..ctor()
   at System.Windows.Controls.Control..ctor()
   at System.Windows.Window..ctor()
   at Wpf.Ui.Controls.FluentWindow..ctor()
   at BetterGenshinImpact.View.Windows.ThemedMessageBox..ctor() in E:\Program Files\better-genshin-impact-LCB\BetterGenshinImpact\View\Windows\ThemedMessageBox.xaml.cs:line 35
   at BetterGenshinImpact.View.Windows.ThemedMessageBox.Show(String content, String title, MessageBoxButton button, MessageBoxIcon icon, MessageBoxResult defaultResult, Window owner) in E:\Program Files\better-genshin-impact-LCB\BetterGenshinImpact\View\Windows\ThemedMessageBox.xaml.cs:line 132
   at BetterGenshinImpact.View.Windows.ThemedMessageBox.Warning(String message, String title) in E:\Program Files\better-genshin-impact-LCB\BetterGenshinImpact\View\Windows\ThemedMessageBox.xaml.cs:line 293
   at BetterGenshinImpact.Helpers.RuntimeHelper.CheckIntegration() in E:\Program Files\better-genshin-impact-LCB\BetterGenshinImpact\Helpers\RuntimeHelper.cs:line 159
   at BetterGenshinImpact.Helpers.RuntimeExtension.CheckIntegration(IHostBuilder app) in E:\Program Files\better-genshin-impact-LCB\BetterGenshinImpact\Helpers\RuntimeHelper.cs:line 181
   at BetterGenshinImpact.App..cctor() in E:\Program Files\better-genshin-impact-LCB\BetterGenshinImpact\App.xaml.cs:line 58
  失败 BetterGenshinImpact.UnitTest.ServiceTests.Instance.BgiTaskCoordinatorTests.Prerequisite_UnknownResult_RemainsNonterminal [17 ms]
  错误消息:
   System.TypeInitializationException : The type initializer for 'BetterGenshinImpact.GameTask.Common.TaskControl' threw an exception.
---- System.TypeInitializationException : The type initializer for 'BetterGenshinImpact.App' threw an exception.
-------- System.InvalidOperationException : 调用线程必须为 STA，因为许多 UI 组件都需要。
  堆栈跟踪:
     at BetterGenshinImpact.Service.ExternalInterface.ExternalInterfaceQueryPlane.HandleJobStatus(InstanceIpcEnvelope request) in E:\Program Files\better-genshin-impact-LCB\BetterGenshinImpact\Service\ExternalInterface\ExternalInterfaceQueryPlane.cs:line 122
   at BetterGenshinImpact.Service.ExternalInterface.ExternalInterfaceQueryPlane.TryDispatch(InstanceRequestHandler handler, InstanceConnection connection, InstanceIpcEnvelope request, InstanceIpcEnvelope& response) in E:\Program Files\better-genshin-impact-LCB\BetterGenshinImpact\Service\ExternalInterface\ExternalInterfaceQueryPlane.cs:line 57
   at BetterGenshinImpact.UnitTest.ServiceTests.Instance.BgiTaskCoordinatorTests.Prerequisite_UnknownResult_RemainsNonterminal() in E:\Program Files\better-genshin-impact-LCB\Test\BetterGenshinImpact.UnitTest\ServiceTests\Instance\BgiTaskCoordinatorTests.cs:line 584
   at System.RuntimeMethodHandle.InvokeMethod(Object target, Void** arguments, Signature sig, Boolean isConstructor)
   at System.Reflection.MethodBaseInvoker.InvokeWithNoArgs(Object obj, BindingFlags invokeAttr)
----- Inner Stack Trace -----
   at BetterGenshinImpact.App.GetLogger[T]() in E:\Program Files\better-genshin-impact-LCB\BetterGenshinImpact\App.xaml.cs:line 234
   at BetterGenshinImpact.Core.Recognition.RecognitionObjectJsonLoader..cctor() in E:\Program Files\better-genshin-impact-LCB\BetterGenshinImpact\Core\Recognition\RecognitionObjectJsonLoader.cs:line 32
----- Inner Stack Trace -----
   at System.Windows.Input.InputManager..ctor()
   at System.Windows.Input.InputManager.GetCurrentInputManagerImpl()
   at System.Windows.Input.KeyboardNavigation..ctor()
   at System.Windows.FrameworkElement.FrameworkServices..ctor()
   at System.Windows.FrameworkElement.EnsureFrameworkServices()
   at System.Windows.FrameworkElement..ctor()
   at System.Windows.Controls.Control..ctor()
   at System.Windows.Window..ctor()
   at Wpf.Ui.Controls.FluentWindow..ctor()
   at BetterGenshinImpact.View.Windows.ThemedMessageBox..ctor() in E:\Program Files\better-genshin-impact-LCB\BetterGenshinImpact\View\Windows\ThemedMessageBox.xaml.cs:line 35
   at BetterGenshinImpact.View.Windows.ThemedMessageBox.Show(String content, String title, MessageBoxButton button, MessageBoxIcon icon, MessageBoxResult defaultResult, Window owner) in E:\Program Files\better-genshin-impact-LCB\BetterGenshinImpact\View\Windows\ThemedMessageBox.xaml.cs:line 132
   at BetterGenshinImpact.View.Windows.ThemedMessageBox.Warning(String message, String title) in E:\Program Files\better-genshin-impact-LCB\BetterGenshinImpact\View\Windows\ThemedMessageBox.xaml.cs:line 293
   at BetterGenshinImpact.Helpers.RuntimeHelper.CheckIntegration() in E:\Program Files\better-genshin-impact-LCB\BetterGenshinImpact\Helpers\RuntimeHelper.cs:line 159
   at BetterGenshinImpact.Helpers.RuntimeExtension.CheckIntegration(IHostBuilder app) in E:\Program Files\better-genshin-impact-LCB\BetterGenshinImpact\Helpers\RuntimeHelper.cs:line 181
   at BetterGenshinImpact.App..cctor() in E:\Program Files\better-genshin-impact-LCB\BetterGenshinImpact\App.xaml.cs:line 58
  失败 BetterGenshinImpact.UnitTest.ServiceTests.Instance.JobTreeEvictionAndSamplingTests.ExitReceipt_RealCapacityEvictionOfTerminalAncestor_IsUnknownNotZero [3 ms]
  错误消息:
   System.TypeInitializationException : The type initializer for 'BetterGenshinImpact.GameTask.Common.TaskControl' threw an exception.
---- System.TypeInitializationException : The type initializer for 'BetterGenshinImpact.App' threw an exception.
-------- System.InvalidOperationException : 调用线程必须为 STA，因为许多 UI 组件都需要。
  堆栈跟踪:
     at BetterGenshinImpact.Service.Execution.ExecutionScope.Dispose() in E:\Program Files\better-genshin-impact-LCB\BetterGenshinImpact\Service\Execution\ExecutionScope.cs:line 351
   at BetterGenshinImpact.UnitTest.ServiceTests.Instance.JobTreeEvictionAndSamplingTests.ExitReceipt_RealCapacityEvictionOfTerminalAncestor_IsUnknownNotZero() in E:\Program Files\better-genshin-impact-LCB\Test\BetterGenshinImpact.UnitTest\ServiceTests\Instance\JobTreeEvictionAndSamplingTests.cs:line 138
   at System.RuntimeMethodHandle.InvokeMethod(Object target, Void** arguments, Signature sig, Boolean isConstructor)
   at System.Reflection.MethodBaseInvoker.InvokeWithNoArgs(Object obj, BindingFlags invokeAttr)
----- Inner Stack Trace -----
   at BetterGenshinImpact.App.GetLogger[T]() in E:\Program Files\better-genshin-impact-LCB\BetterGenshinImpact\App.xaml.cs:line 234
   at BetterGenshinImpact.Core.Recognition.RecognitionObjectJsonLoader..cctor() in E:\Program Files\better-genshin-impact-LCB\BetterGenshinImpact\Core\Recognition\RecognitionObjectJsonLoader.cs:line 32
----- Inner Stack Trace -----
   at System.Windows.Input.InputManager..ctor()
   at System.Windows.Input.InputManager.GetCurrentInputManagerImpl()
   at System.Windows.Input.KeyboardNavigation..ctor()
   at System.Windows.FrameworkElement.FrameworkServices..ctor()
   at System.Windows.FrameworkElement.EnsureFrameworkServices()
   at System.Windows.FrameworkElement..ctor()
   at System.Windows.Controls.Control..ctor()
   at System.Windows.Window..ctor()
   at Wpf.Ui.Controls.FluentWindow..ctor()
   at BetterGenshinImpact.View.Windows.ThemedMessageBox..ctor() in E:\Program Files\better-genshin-impact-LCB\BetterGenshinImpact\View\Windows\ThemedMessageBox.xaml.cs:line 35
   at BetterGenshinImpact.View.Windows.ThemedMessageBox.Show(String content, String title, MessageBoxButton button, MessageBoxIcon icon, MessageBoxResult defaultResult, Window owner) in E:\Program Files\better-genshin-impact-LCB\BetterGenshinImpact\View\Windows\ThemedMessageBox.xaml.cs:line 132
   at BetterGenshinImpact.View.Windows.ThemedMessageBox.Warning(String message, String title) in E:\Program Files\better-genshin-impact-LCB\BetterGenshinImpact\View\Windows\ThemedMessageBox.xaml.cs:line 293
   at BetterGenshinImpact.Helpers.RuntimeHelper.CheckIntegration() in E:\Program Files\better-genshin-impact-LCB\BetterGenshinImpact\Helpers\RuntimeHelper.cs:line 159
   at BetterGenshinImpact.Helpers.RuntimeExtension.CheckIntegration(IHostBuilder app) in E:\Program Files\better-genshin-impact-LCB\BetterGenshinImpact\Helpers\RuntimeHelper.cs:line 181
   at BetterGenshinImpact.App..cctor() in E:\Program Files\better-genshin-impact-LCB\BetterGenshinImpact\App.xaml.cs:line 58
  失败 BetterGenshinImpact.UnitTest.ServiceTests.Instance.JobTreeEvictionAndSamplingTests.JobRegistry_TerminalCapacityEviction_IsFifo_KeepsNewest64 [1 ms]
  错误消息:
   Assert.NotNull() Failure: Value is null
  堆栈跟踪:
     at BetterGenshinImpact.UnitTest.ServiceTests.Instance.JobTreeEvictionAndSamplingTests.JobRegistry_TerminalCapacityEviction_IsFifo_KeepsNewest64() in E:\Program Files\better-genshin-impact-LCB\Test\BetterGenshinImpact.UnitTest\ServiceTests\Instance\JobTreeEvictionAndSamplingTests.cs:line 84
   at System.RuntimeMethodHandle.InvokeMethod(Object target, Void** arguments, Signature sig, Boolean isConstructor)
   at System.Reflection.MethodBaseInvoker.InvokeWithNoArgs(Object obj, BindingFlags invokeAttr)
  失败 BetterGenshinImpact.UnitTest.ServiceTests.Instance.JobTreeEvictionAndSamplingTests.JobTreeSnapshot_UnderConcurrentSubmitAndTerminalChurn_HoldsSamplingInvariants [23 ms]
  错误消息:
   Assert.True() Failure
Expected: True
Actual:   False
  堆栈跟踪:
     at BetterGenshinImpact.UnitTest.ServiceTests.Instance.JobTreeEvictionAndSamplingTests.JobTreeSnapshot_UnderConcurrentSubmitAndTerminalChurn_HoldsSamplingInvariants() in E:\Program Files\better-genshin-impact-LCB\Test\BetterGenshinImpact.UnitTest\ServiceTests\Instance\JobTreeEvictionAndSamplingTests.cs:line 254
   at System.RuntimeMethodHandle.InvokeMethod(Object target, Void** arguments, Signature sig, Boolean isConstructor)
   at System.Reflection.MethodBaseInvoker.InvokeWithNoArgs(Object obj, BindingFlags invokeAttr)
  失败 BetterGenshinImpact.UnitTest.ServiceTests.Instance.TaskTakeoverIncidentTests.Start_AfterManualStopBetweenCheckAndRootCreation_RejectsOldWatermark [< 1 ms]
  错误消息:
   System.TypeInitializationException : The type initializer for 'BetterGenshinImpact.GameTask.Common.TaskControl' threw an exception.
---- System.TypeInitializationException : The type initializer for 'BetterGenshinImpact.App' threw an exception.
-------- System.InvalidOperationException : 调用线程必须为 STA，因为许多 UI 组件都需要。
  堆栈跟踪:
     at BetterGenshinImpact.Service.Execution.ExecutionScope.Dispose() in E:\Program Files\better-genshin-impact-LCB\BetterGenshinImpact\Service\Execution\ExecutionScope.cs:line 351
   at BetterGenshinImpact.UnitTest.ServiceTests.Instance.TaskTakeoverIncidentTests.Start_AfterManualStopBetweenCheckAndRootCreation_RejectsOldWatermark() in E:\Program Files\better-genshin-impact-LCB\Test\BetterGenshinImpact.UnitTest\ServiceTests\Instance\TaskTakeoverIncidentTests.cs:line 152
   at System.RuntimeMethodHandle.InvokeMethod(Object target, Void** arguments, Signature sig, Boolean isConstructor)
   at System.Reflection.MethodBaseInvoker.InvokeWithNoArgs(Object obj, BindingFlags invokeAttr)
----- Inner Stack Trace -----
   at BetterGenshinImpact.App.GetLogger[T]() in E:\Program Files\better-genshin-impact-LCB\BetterGenshinImpact\App.xaml.cs:line 234
   at BetterGenshinImpact.Core.Recognition.RecognitionObjectJsonLoader..cctor() in E:\Program Files\better-genshin-impact-LCB\BetterGenshinImpact\Core\Recognition\RecognitionObjectJsonLoader.cs:line 32
----- Inner Stack Trace -----
   at System.Windows.Input.InputManager..ctor()
   at System.Windows.Input.InputManager.GetCurrentInputManagerImpl()
   at System.Windows.Input.KeyboardNavigation..ctor()
   at System.Windows.FrameworkElement.FrameworkServices..ctor()
   at System.Windows.FrameworkElement.EnsureFrameworkServices()
   at System.Windows.FrameworkElement..ctor()
   at System.Windows.Controls.Control..ctor()
   at System.Windows.Window..ctor()
   at Wpf.Ui.Controls.FluentWindow..ctor()
   at BetterGenshinImpact.View.Windows.ThemedMessageBox..ctor() in E:\Program Files\better-genshin-impact-LCB\BetterGenshinImpact\View\Windows\ThemedMessageBox.xaml.cs:line 35
   at BetterGenshinImpact.View.Windows.ThemedMessageBox.Show(String content, String title, MessageBoxButton button, MessageBoxIcon icon, MessageBoxResult defaultResult, Window owner) in E:\Program Files\better-genshin-impact-LCB\BetterGenshinImpact\View\Windows\ThemedMessageBox.xaml.cs:line 132
   at BetterGenshinImpact.View.Windows.ThemedMessageBox.Warning(String message, String title) in E:\Program Files\better-genshin-impact-LCB\BetterGenshinImpact\View\Windows\ThemedMessageBox.xaml.cs:line 293
   at BetterGenshinImpact.Helpers.RuntimeHelper.CheckIntegration() in E:\Program Files\better-genshin-impact-LCB\BetterGenshinImpact\Helpers\RuntimeHelper.cs:line 159
   at BetterGenshinImpact.Helpers.RuntimeExtension.CheckIntegration(IHostBuilder app) in E:\Program Files\better-genshin-impact-LCB\BetterGenshinImpact\Helpers\RuntimeHelper.cs:line 181
   at BetterGenshinImpact.App..cctor() in E:\Program Files\better-genshin-impact-LCB\BetterGenshinImpact\App.xaml.cs:line 58
  失败 BetterGenshinImpact.UnitTest.ServiceTests.Instance.TaskTakeoverIncidentTests.TaskStop_WithStaleRevision_DoesNotDisturbCurrentRoot [< 1 ms]
  错误消息:
   System.TypeInitializationException : The type initializer for 'BetterGenshinImpact.GameTask.Common.TaskControl' threw an exception.
---- System.TypeInitializationException : The type initializer for 'BetterGenshinImpact.App' threw an exception.
-------- System.InvalidOperationException : 调用线程必须为 STA，因为许多 UI 组件都需要。
  堆栈跟踪:
     at BetterGenshinImpact.Service.Execution.ExecutionScope.Dispose() in E:\Program Files\better-genshin-impact-LCB\BetterGenshinImpact\Service\Execution\ExecutionScope.cs:line 351
   at BetterGenshinImpact.UnitTest.ServiceTests.Instance.TaskTakeoverIncidentTests.TaskStop_WithStaleRevision_DoesNotDisturbCurrentRoot() in E:\Program Files\better-genshin-impact-LCB\Test\BetterGenshinImpact.UnitTest\ServiceTests\Instance\TaskTakeoverIncidentTests.cs:line 520
   at System.RuntimeMethodHandle.InvokeMethod(Object target, Void** arguments, Signature sig, Boolean isConstructor)
   at System.Reflection.MethodBaseInvoker.InvokeWithNoArgs(Object obj, BindingFlags invokeAttr)
----- Inner Stack Trace -----
   at BetterGenshinImpact.App.GetLogger[T]() in E:\Program Files\better-genshin-impact-LCB\BetterGenshinImpact\App.xaml.cs:line 234
   at BetterGenshinImpact.Core.Recognition.RecognitionObjectJsonLoader..cctor() in E:\Program Files\better-genshin-impact-LCB\BetterGenshinImpact\Core\Recognition\RecognitionObjectJsonLoader.cs:line 32
----- Inner Stack Trace -----
   at System.Windows.Input.InputManager..ctor()
   at System.Windows.Input.InputManager.GetCurrentInputManagerImpl()
   at System.Windows.Input.KeyboardNavigation..ctor()
   at System.Windows.FrameworkElement.FrameworkServices..ctor()
   at System.Windows.FrameworkElement.EnsureFrameworkServices()
   at System.Windows.FrameworkElement..ctor()
   at System.Windows.Controls.Control..ctor()
   at System.Windows.Window..ctor()
   at Wpf.Ui.Controls.FluentWindow..ctor()
   at BetterGenshinImpact.View.Windows.ThemedMessageBox..ctor() in E:\Program Files\better-genshin-impact-LCB\BetterGenshinImpact\View\Windows\ThemedMessageBox.xaml.cs:line 35
   at BetterGenshinImpact.View.Windows.ThemedMessageBox.Show(String content, String title, MessageBoxButton button, MessageBoxIcon icon, MessageBoxResult defaultResult, Window owner) in E:\Program Files\better-genshin-impact-LCB\BetterGenshinImpact\View\Windows\ThemedMessageBox.xaml.cs:line 132
   at BetterGenshinImpact.View.Windows.ThemedMessageBox.Warning(String message, String title) in E:\Program Files\better-genshin-impact-LCB\BetterGenshinImpact\View\Windows\ThemedMessageBox.xaml.cs:line 293
   at BetterGenshinImpact.Helpers.RuntimeHelper.CheckIntegration() in E:\Program Files\better-genshin-impact-LCB\BetterGenshinImpact\Helpers\RuntimeHelper.cs:line 159
   at BetterGenshinImpact.Helpers.RuntimeExtension.CheckIntegration(IHostBuilder app) in E:\Program Files\better-genshin-impact-LCB\BetterGenshinImpact\Helpers\RuntimeHelper.cs:line 181
   at BetterGenshinImpact.App..cctor() in E:\Program Files\better-genshin-impact-LCB\BetterGenshinImpact\App.xaml.cs:line 58
  失败 BetterGenshinImpact.UnitTest.ServiceTests.Instance.TaskTakeoverIncidentTests.TaskStop_WithNonIntegerStartTicksOrOutOfRangeProcessId_IsRejectedAsInvalidRequest [2 ms]
  错误消息:
   System.TypeInitializationException : The type initializer for 'BetterGenshinImpact.GameTask.Common.TaskControl' threw an exception.
---- System.TypeInitializationException : The type initializer for 'BetterGenshinImpact.App' threw an exception.
-------- System.InvalidOperationException : 调用线程必须为 STA，因为许多 UI 组件都需要。
  堆栈跟踪:
     at BetterGenshinImpact.Service.Execution.ExecutionScope.Dispose() in E:\Program Files\better-genshin-impact-LCB\BetterGenshinImpact\Service\Execution\ExecutionScope.cs:line 351
   at BetterGenshinImpact.UnitTest.ServiceTests.Instance.TaskTakeoverIncidentTests.TaskStop_WithNonIntegerStartTicksOrOutOfRangeProcessId_IsRejectedAsInvalidRequest() in E:\Program Files\better-genshin-impact-LCB\Test\BetterGenshinImpact.UnitTest\ServiceTests\Instance\TaskTakeoverIncidentTests.cs:line 1280
   at System.RuntimeMethodHandle.InvokeMethod(Object target, Void** arguments, Signature sig, Boolean isConstructor)
   at System.Reflection.MethodBaseInvoker.InvokeWithNoArgs(Object obj, BindingFlags invokeAttr)
----- Inner Stack Trace -----
   at BetterGenshinImpact.App.GetLogger[T]() in E:\Program Files\better-genshin-impact-LCB\BetterGenshinImpact\App.xaml.cs:line 234
   at BetterGenshinImpact.Core.Recognition.RecognitionObjectJsonLoader..cctor() in E:\Program Files\better-genshin-impact-LCB\BetterGenshinImpact\Core\Recognition\RecognitionObjectJsonLoader.cs:line 32
----- Inner Stack Trace -----
   at System.Windows.Input.InputManager..ctor()
   at System.Windows.Input.InputManager.GetCurrentInputManagerImpl()
   at System.Windows.Input.KeyboardNavigation..ctor()
   at System.Windows.FrameworkElement.FrameworkServices..ctor()
   at System.Windows.FrameworkElement.EnsureFrameworkServices()
   at System.Windows.FrameworkElement..ctor()
   at System.Windows.Controls.Control..ctor()
   at System.Windows.Window..ctor()
   at Wpf.Ui.Controls.FluentWindow..ctor()
   at BetterGenshinImpact.View.Windows.ThemedMessageBox..ctor() in E:\Program Files\better-genshin-impact-LCB\BetterGenshinImpact\View\Windows\ThemedMessageBox.xaml.cs:line 35
   at BetterGenshinImpact.View.Windows.ThemedMessageBox.Show(String content, String title, MessageBoxButton button, MessageBoxIcon icon, MessageBoxResult defaultResult, Window owner) in E:\Program Files\better-genshin-impact-LCB\BetterGenshinImpact\View\Windows\ThemedMessageBox.xaml.cs:line 132
   at BetterGenshinImpact.View.Windows.ThemedMessageBox.Warning(String message, String title) in E:\Program Files\better-genshin-impact-LCB\BetterGenshinImpact\View\Windows\ThemedMessageBox.xaml.cs:line 293
   at BetterGenshinImpact.Helpers.RuntimeHelper.CheckIntegration() in E:\Program Files\better-genshin-impact-LCB\BetterGenshinImpact\Helpers\RuntimeHelper.cs:line 159
   at BetterGenshinImpact.Helpers.RuntimeExtension.CheckIntegration(IHostBuilder app) in E:\Program Files\better-genshin-impact-LCB\BetterGenshinImpact\Helpers\RuntimeHelper.cs:line 181
   at BetterGenshinImpact.App..cctor() in E:\Program Files\better-genshin-impact-LCB\BetterGenshinImpact\App.xaml.cs:line 58
  失败 BetterGenshinImpact.UnitTest.ServiceTests.Instance.TaskTakeoverIncidentTests.TaskStatus_StopRequestedButRootNotExited_ReportsNotExitedInsteadOfConfirmed [3 ms]
  错误消息:
   System.TypeInitializationException : The type initializer for 'BetterGenshinImpact.GameTask.Common.TaskControl' threw an exception.
---- System.TypeInitializationException : The type initializer for 'BetterGenshinImpact.App' threw an exception.
-------- System.InvalidOperationException : 调用线程必须为 STA，因为许多 UI 组件都需要。
  堆栈跟踪:
     at BetterGenshinImpact.Service.Execution.ExecutionScope.Dispose() in E:\Program Files\better-genshin-impact-LCB\BetterGenshinImpact\Service\Execution\ExecutionScope.cs:line 351
   at BetterGenshinImpact.UnitTest.ServiceTests.Instance.TaskTakeoverIncidentTests.TaskStatus_StopRequestedButRootNotExited_ReportsNotExitedInsteadOfConfirmed() in E:\Program Files\better-genshin-impact-LCB\Test\BetterGenshinImpact.UnitTest\ServiceTests\Instance\TaskTakeoverIncidentTests.cs:line 774
   at System.RuntimeMethodHandle.InvokeMethod(Object target, Void** arguments, Signature sig, Boolean isConstructor)
   at System.Reflection.MethodBaseInvoker.InvokeWithNoArgs(Object obj, BindingFlags invokeAttr)
----- Inner Stack Trace -----
   at BetterGenshinImpact.App.GetLogger[T]() in E:\Program Files\better-genshin-impact-LCB\BetterGenshinImpact\App.xaml.cs:line 234
   at BetterGenshinImpact.Core.Recognition.RecognitionObjectJsonLoader..cctor() in E:\Program Files\better-genshin-impact-LCB\BetterGenshinImpact\Core\Recognition\RecognitionObjectJsonLoader.cs:line 32
----- Inner Stack Trace -----
   at System.Windows.Input.InputManager..ctor()
   at System.Windows.Input.InputManager.GetCurrentInputManagerImpl()
   at System.Windows.Input.KeyboardNavigation..ctor()
   at System.Windows.FrameworkElement.FrameworkServices..ctor()
   at System.Windows.FrameworkElement.EnsureFrameworkServices()
   at System.Windows.FrameworkElement..ctor()
   at System.Windows.Controls.Control..ctor()
   at System.Windows.Window..ctor()
   at Wpf.Ui.Controls.FluentWindow..ctor()
   at BetterGenshinImpact.View.Windows.ThemedMessageBox..ctor() in E:\Program Files\better-genshin-impact-LCB\BetterGenshinImpact\View\Windows\ThemedMessageBox.xaml.cs:line 35
   at BetterGenshinImpact.View.Windows.ThemedMessageBox.Show(String content, String title, MessageBoxButton button, MessageBoxIcon icon, MessageBoxResult defaultResult, Window owner) in E:\Program Files\better-genshin-impact-LCB\BetterGenshinImpact\View\Windows\ThemedMessageBox.xaml.cs:line 132
   at BetterGenshinImpact.View.Windows.ThemedMessageBox.Warning(String message, String title) in E:\Program Files\better-genshin-impact-LCB\BetterGenshinImpact\View\Windows\ThemedMessageBox.xaml.cs:line 293
   at BetterGenshinImpact.Helpers.RuntimeHelper.CheckIntegration() in E:\Program Files\better-genshin-impact-LCB\BetterGenshinImpact\Helpers\RuntimeHelper.cs:line 159
   at BetterGenshinImpact.Helpers.RuntimeExtension.CheckIntegration(IHostBuilder app) in E:\Program Files\better-genshin-impact-LCB\BetterGenshinImpact\Helpers\RuntimeHelper.cs:line 181
   at BetterGenshinImpact.App..cctor() in E:\Program Files\better-genshin-impact-LCB\BetterGenshinImpact\App.xaml.cs:line 58
  失败 BetterGenshinImpact.UnitTest.ServiceTests.Instance.TaskTakeoverIncidentTests.TaskStatus_ExitQuery_WithoutIdentityOrWithStaleEpoch_NeverClaimsExit [< 1 ms]
  错误消息:
   System.NullReferenceException : Object reference not set to an instance of an object.
  堆栈跟踪:
     at BetterGenshinImpact.UnitTest.ServiceTests.Instance.TaskTakeoverIncidentTests.TaskStatus_ExitQuery_WithoutIdentityOrWithStaleEpoch_NeverClaimsExit() in E:\Program Files\better-genshin-impact-LCB\Test\BetterGenshinImpact.UnitTest\ServiceTests\Instance\TaskTakeoverIncidentTests.cs:line 836
   at System.RuntimeMethodHandle.InvokeMethod(Object target, Void** arguments, Signature sig, Boolean isConstructor)
   at System.Reflection.MethodBaseInvoker.InvokeWithNoArgs(Object obj, BindingFlags invokeAttr)
  失败 BetterGenshinImpact.UnitTest.ServiceTests.Instance.TaskTakeoverIncidentTests.TaskStop_WithEpochOnlyLegacyShape_StillPerformsGlobalStop [< 1 ms]
  错误消息:
   System.TypeInitializationException : The type initializer for 'BetterGenshinImpact.GameTask.Common.TaskControl' threw an exception.
---- System.TypeInitializationException : The type initializer for 'BetterGenshinImpact.App' threw an exception.
-------- System.InvalidOperationException : 调用线程必须为 STA，因为许多 UI 组件都需要。
  堆栈跟踪:
     at BetterGenshinImpact.Service.Execution.ExecutionScope.Dispose() in E:\Program Files\better-genshin-impact-LCB\BetterGenshinImpact\Service\Execution\ExecutionScope.cs:line 351
   at BetterGenshinImpact.UnitTest.ServiceTests.Instance.TaskTakeoverIncidentTests.TaskStop_WithEpochOnlyLegacyShape_StillPerformsGlobalStop() in E:\Program Files\better-genshin-impact-LCB\Test\BetterGenshinImpact.UnitTest\ServiceTests\Instance\TaskTakeoverIncidentTests.cs:line 742
   at System.RuntimeMethodHandle.InvokeMethod(Object target, Void** arguments, Signature sig, Boolean isConstructor)
   at System.Reflection.MethodBaseInvoker.InvokeWithNoArgs(Object obj, BindingFlags invokeAttr)
----- Inner Stack Trace -----
   at BetterGenshinImpact.App.GetLogger[T]() in E:\Program Files\better-genshin-impact-LCB\BetterGenshinImpact\App.xaml.cs:line 234
   at BetterGenshinImpact.Core.Recognition.RecognitionObjectJsonLoader..cctor() in E:\Program Files\better-genshin-impact-LCB\BetterGenshinImpact\Core\Recognition\RecognitionObjectJsonLoader.cs:line 32
----- Inner Stack Trace -----
   at System.Windows.Input.InputManager..ctor()
   at System.Windows.Input.InputManager.GetCurrentInputManagerImpl()
   at System.Windows.Input.KeyboardNavigation..ctor()
   at System.Windows.FrameworkElement.FrameworkServices..ctor()
   at System.Windows.FrameworkElement.EnsureFrameworkServices()
   at System.Windows.FrameworkElement..ctor()
   at System.Windows.Controls.Control..ctor()
   at System.Windows.Window..ctor()
   at Wpf.Ui.Controls.FluentWindow..ctor()
   at BetterGenshinImpact.View.Windows.ThemedMessageBox..ctor() in E:\Program Files\better-genshin-impact-LCB\BetterGenshinImpact\View\Windows\ThemedMessageBox.xaml.cs:line 35
   at BetterGenshinImpact.View.Windows.ThemedMessageBox.Show(String content, String title, MessageBoxButton button, MessageBoxIcon icon, MessageBoxResult defaultResult, Window owner) in E:\Program Files\better-genshin-impact-LCB\BetterGenshinImpact\View\Windows\ThemedMessageBox.xaml.cs:line 132
   at BetterGenshinImpact.View.Windows.ThemedMessageBox.Warning(String message, String title) in E:\Program Files\better-genshin-impact-LCB\BetterGenshinImpact\View\Windows\ThemedMessageBox.xaml.cs:line 293
   at BetterGenshinImpact.Helpers.RuntimeHelper.CheckIntegration() in E:\Program Files\better-genshin-impact-LCB\BetterGenshinImpact\Helpers\RuntimeHelper.cs:line 159
   at BetterGenshinImpact.Helpers.RuntimeExtension.CheckIntegration(IHostBuilder app) in E:\Program Files\better-genshin-impact-LCB\BetterGenshinImpact\Helpers\RuntimeHelper.cs:line 181
   at BetterGenshinImpact.App..cctor() in E:\Program Files\better-genshin-impact-LCB\BetterGenshinImpact\App.xaml.cs:line 58
  失败 BetterGenshinImpact.UnitTest.ServiceTests.Instance.TaskTakeoverIncidentTests.TaskStatus_ExitReceipt_BrokenParentChainIsUnknownNotZero [< 1 ms]
  错误消息:
   System.TypeInitializationException : The type initializer for 'BetterGenshinImpact.GameTask.Common.TaskControl' threw an exception.
---- System.TypeInitializationException : The type initializer for 'BetterGenshinImpact.App' threw an exception.
-------- System.InvalidOperationException : 调用线程必须为 STA，因为许多 UI 组件都需要。
  堆栈跟踪:
     at BetterGenshinImpact.Service.Execution.ExecutionScope.Dispose() in E:\Program Files\better-genshin-impact-LCB\BetterGenshinImpact\Service\Execution\ExecutionScope.cs:line 351
   at BetterGenshinImpact.UnitTest.ServiceTests.Instance.TaskTakeoverIncidentTests.TaskStatus_ExitReceipt_BrokenParentChainIsUnknownNotZero() in E:\Program Files\better-genshin-impact-LCB\Test\BetterGenshinImpact.UnitTest\ServiceTests\Instance\TaskTakeoverIncidentTests.cs:line 1196
   at System.RuntimeMethodHandle.InvokeMethod(Object target, Void** arguments, Signature sig, Boolean isConstructor)
   at System.Reflection.MethodBaseInvoker.InvokeWithNoArgs(Object obj, BindingFlags invokeAttr)
----- Inner Stack Trace -----
   at BetterGenshinImpact.App.GetLogger[T]() in E:\Program Files\better-genshin-impact-LCB\BetterGenshinImpact\App.xaml.cs:line 234
   at BetterGenshinImpact.Core.Recognition.RecognitionObjectJsonLoader..cctor() in E:\Program Files\better-genshin-impact-LCB\BetterGenshinImpact\Core\Recognition\RecognitionObjectJsonLoader.cs:line 32
----- Inner Stack Trace -----
   at System.Windows.Input.InputManager..ctor()
   at System.Windows.Input.InputManager.GetCurrentInputManagerImpl()
   at System.Windows.Input.KeyboardNavigation..ctor()
   at System.Windows.FrameworkElement.FrameworkServices..ctor()
   at System.Windows.FrameworkElement.EnsureFrameworkServices()
   at System.Windows.FrameworkElement..ctor()
   at System.Windows.Controls.Control..ctor()
   at System.Windows.Window..ctor()
   at Wpf.Ui.Controls.FluentWindow..ctor()
   at BetterGenshinImpact.View.Windows.ThemedMessageBox..ctor() in E:\Program Files\better-genshin-impact-LCB\BetterGenshinImpact\View\Windows\ThemedMessageBox.xaml.cs:line 35
   at BetterGenshinImpact.View.Windows.ThemedMessageBox.Show(String content, String title, MessageBoxButton button, MessageBoxIcon icon, MessageBoxResult defaultResult, Window owner) in E:\Program Files\better-genshin-impact-LCB\BetterGenshinImpact\View\Windows\ThemedMessageBox.xaml.cs:line 132
   at BetterGenshinImpact.View.Windows.ThemedMessageBox.Warning(String message, String title) in E:\Program Files\better-genshin-impact-LCB\BetterGenshinImpact\View\Windows\ThemedMessageBox.xaml.cs:line 293
   at BetterGenshinImpact.Helpers.RuntimeHelper.CheckIntegration() in E:\Program Files\better-genshin-impact-LCB\BetterGenshinImpact\Helpers\RuntimeHelper.cs:line 159
   at BetterGenshinImpact.Helpers.RuntimeExtension.CheckIntegration(IHostBuilder app) in E:\Program Files\better-genshin-impact-LCB\BetterGenshinImpact\Helpers\RuntimeHelper.cs:line 181
   at BetterGenshinImpact.App..cctor() in E:\Program Files\better-genshin-impact-LCB\BetterGenshinImpact\App.xaml.cs:line 58
  失败 BetterGenshinImpact.UnitTest.ServiceTests.Instance.TaskTakeoverIncidentTests.TaskStop_WithMatchingExecutionIdentity_RequestsStopWithoutClaimingExit [1 ms]
  错误消息:
   System.TypeInitializationException : The type initializer for 'BetterGenshinImpact.GameTask.Common.TaskControl' threw an exception.
---- System.TypeInitializationException : The type initializer for 'BetterGenshinImpact.App' threw an exception.
-------- System.InvalidOperationException : 调用线程必须为 STA，因为许多 UI 组件都需要。
  堆栈跟踪:
     at BetterGenshinImpact.Service.Execution.ExecutionScope.Dispose() in E:\Program Files\better-genshin-impact-LCB\BetterGenshinImpact\Service\Execution\ExecutionScope.cs:line 351
   at BetterGenshinImpact.UnitTest.ServiceTests.Instance.TaskTakeoverIncidentTests.TaskStop_WithMatchingExecutionIdentity_RequestsStopWithoutClaimingExit() in E:\Program Files\better-genshin-impact-LCB\Test\BetterGenshinImpact.UnitTest\ServiceTests\Instance\TaskTakeoverIncidentTests.cs:line 412
   at System.RuntimeMethodHandle.InvokeMethod(Object target, Void** arguments, Signature sig, Boolean isConstructor)
   at System.Reflection.MethodBaseInvoker.InvokeWithNoArgs(Object obj, BindingFlags invokeAttr)
----- Inner Stack Trace -----
   at BetterGenshinImpact.App.GetLogger[T]() in E:\Program Files\better-genshin-impact-LCB\BetterGenshinImpact\App.xaml.cs:line 234
   at BetterGenshinImpact.Core.Recognition.RecognitionObjectJsonLoader..cctor() in E:\Program Files\better-genshin-impact-LCB\BetterGenshinImpact\Core\Recognition\RecognitionObjectJsonLoader.cs:line 32
----- Inner Stack Trace -----
   at System.Windows.Input.InputManager..ctor()
   at System.Windows.Input.InputManager.GetCurrentInputManagerImpl()
   at System.Windows.Input.KeyboardNavigation..ctor()
   at System.Windows.FrameworkElement.FrameworkServices..ctor()
   at System.Windows.FrameworkElement.EnsureFrameworkServices()
   at System.Windows.FrameworkElement..ctor()
   at System.Windows.Controls.Control..ctor()
   at System.Windows.Window..ctor()
   at Wpf.Ui.Controls.FluentWindow..ctor()
   at BetterGenshinImpact.View.Windows.ThemedMessageBox..ctor() in E:\Program Files\better-genshin-impact-LCB\BetterGenshinImpact\View\Windows\ThemedMessageBox.xaml.cs:line 35
   at BetterGenshinImpact.View.Windows.ThemedMessageBox.Show(String content, String title, MessageBoxButton button, MessageBoxIcon icon, MessageBoxResult defaultResult, Window owner) in E:\Program Files\better-genshin-impact-LCB\BetterGenshinImpact\View\Windows\ThemedMessageBox.xaml.cs:line 132
   at BetterGenshinImpact.View.Windows.ThemedMessageBox.Warning(String message, String title) in E:\Program Files\better-genshin-impact-LCB\BetterGenshinImpact\View\Windows\ThemedMessageBox.xaml.cs:line 293
   at BetterGenshinImpact.Helpers.RuntimeHelper.CheckIntegration() in E:\Program Files\better-genshin-impact-LCB\BetterGenshinImpact\Helpers\RuntimeHelper.cs:line 159
   at BetterGenshinImpact.Helpers.RuntimeExtension.CheckIntegration(IHostBuilder app) in E:\Program Files\better-genshin-impact-LCB\BetterGenshinImpact\Helpers\RuntimeHelper.cs:line 181
   at BetterGenshinImpact.App..cctor() in E:\Program Files\better-genshin-impact-LCB\BetterGenshinImpact\App.xaml.cs:line 58
  失败 BetterGenshinImpact.UnitTest.ServiceTests.Instance.TaskTakeoverIncidentTests.IdleSuspend_HasNoVictim_AndReleaseIsIdempotent [2 ms]
  错误消息:
   Assert.True() Failure
Expected: True
Actual:   False
  堆栈跟踪:
     at BetterGenshinImpact.UnitTest.ServiceTests.Instance.TaskTakeoverIncidentTests.IdleSuspend_HasNoVictim_AndReleaseIsIdempotent() in E:\Program Files\better-genshin-impact-LCB\Test\BetterGenshinImpact.UnitTest\ServiceTests\Instance\TaskTakeoverIncidentTests.cs:line 237
--- End of stack trace from previous location ---
  失败 BetterGenshinImpact.UnitTest.ServiceTests.Instance.TaskTakeoverIncidentTests.ActiveDragonSuspend_PreservesAncestor_AndDuplicateCannotReplaceVictim [2 ms]
  错误消息:
   System.TypeInitializationException : The type initializer for 'BetterGenshinImpact.GameTask.Common.TaskControl' threw an exception.
---- System.TypeInitializationException : The type initializer for 'BetterGenshinImpact.App' threw an exception.
-------- System.InvalidOperationException : 调用线程必须为 STA，因为许多 UI 组件都需要。
  堆栈跟踪:
     at BetterGenshinImpact.Service.Execution.ExecutionScope.Dispose() in E:\Program Files\better-genshin-impact-LCB\BetterGenshinImpact\Service\Execution\ExecutionScope.cs:line 351
   at BetterGenshinImpact.UnitTest.ServiceTests.Instance.TaskTakeoverIncidentTests.<>c__DisplayClass16_0.<<ActiveDragonSuspend_PreservesAncestor_AndDuplicateCannotReplaceVictim>b__0>d.MoveNext() in E:\Program Files\better-genshin-impact-LCB\Test\BetterGenshinImpact.UnitTest\ServiceTests\Instance\TaskTakeoverIncidentTests.cs:line 258
--- End of stack trace from previous location ---
   at BetterGenshinImpact.UnitTest.ServiceTests.Instance.TaskTakeoverIncidentTests.ActiveDragonSuspend_PreservesAncestor_AndDuplicateCannotReplaceVictim() in E:\Program Files\better-genshin-impact-LCB\Test\BetterGenshinImpact.UnitTest\ServiceTests\Instance\TaskTakeoverIncidentTests.cs:line 263
--- End of stack trace from previous location ---
----- Inner Stack Trace -----
   at BetterGenshinImpact.App.GetLogger[T]() in E:\Program Files\better-genshin-impact-LCB\BetterGenshinImpact\App.xaml.cs:line 234
   at BetterGenshinImpact.Core.Recognition.RecognitionObjectJsonLoader..cctor() in E:\Program Files\better-genshin-impact-LCB\BetterGenshinImpact\Core\Recognition\RecognitionObjectJsonLoader.cs:line 32
----- Inner Stack Trace -----
   at System.Windows.Input.InputManager..ctor()
   at System.Windows.Input.InputManager.GetCurrentInputManagerImpl()
   at System.Windows.Input.KeyboardNavigation..ctor()
   at System.Windows.FrameworkElement.FrameworkServices..ctor()
   at System.Windows.FrameworkElement.EnsureFrameworkServices()
   at System.Windows.FrameworkElement..ctor()
   at System.Windows.Controls.Control..ctor()
   at System.Windows.Window..ctor()
   at Wpf.Ui.Controls.FluentWindow..ctor()
   at BetterGenshinImpact.View.Windows.ThemedMessageBox..ctor() in E:\Program Files\better-genshin-impact-LCB\BetterGenshinImpact\View\Windows\ThemedMessageBox.xaml.cs:line 35
   at BetterGenshinImpact.View.Windows.ThemedMessageBox.Show(String content, String title, MessageBoxButton button, MessageBoxIcon icon, MessageBoxResult defaultResult, Window owner) in E:\Program Files\better-genshin-impact-LCB\BetterGenshinImpact\View\Windows\ThemedMessageBox.xaml.cs:line 132
   at BetterGenshinImpact.View.Windows.ThemedMessageBox.Warning(String message, String title) in E:\Program Files\better-genshin-impact-LCB\BetterGenshinImpact\View\Windows\ThemedMessageBox.xaml.cs:line 293
   at BetterGenshinImpact.Helpers.RuntimeHelper.CheckIntegration() in E:\Program Files\better-genshin-impact-LCB\BetterGenshinImpact\Helpers\RuntimeHelper.cs:line 159
   at BetterGenshinImpact.Helpers.RuntimeExtension.CheckIntegration(IHostBuilder app) in E:\Program Files\better-genshin-impact-LCB\BetterGenshinImpact\Helpers\RuntimeHelper.cs:line 181
   at BetterGenshinImpact.App..cctor() in E:\Program Files\better-genshin-impact-LCB\BetterGenshinImpact\App.xaml.cs:line 58
  失败 BetterGenshinImpact.UnitTest.ServiceTests.Instance.TaskTakeoverIncidentTests.TaskStop_WithUnknownExecutionIdentity_ReportsNotCurrentWithoutExitEvidence [< 1 ms]
  错误消息:
   Assert.Equal() Failure: Strings differ
           ↓ (pos 0)
Expected: "not_current"
Actual:   "task_stop_failed"
           ↑ (pos 0)
  堆栈跟踪:
     at BetterGenshinImpact.UnitTest.ServiceTests.Instance.TaskTakeoverIncidentTests.TaskStop_WithUnknownExecutionIdentity_ReportsNotCurrentWithoutExitEvidence() in E:\Program Files\better-genshin-impact-LCB\Test\BetterGenshinImpact.UnitTest\ServiceTests\Instance\TaskTakeoverIncidentTests.cs:line 510
   at System.RuntimeMethodHandle.InvokeMethod(Object target, Void** arguments, Signature sig, Boolean isConstructor)
   at System.Reflection.MethodBaseInvoker.InvokeWithNoArgs(Object obj, BindingFlags invokeAttr)
  失败 BetterGenshinImpact.UnitTest.ServiceTests.Instance.TaskTakeoverIncidentTests.TaskStop_RepeatedWithRefreshedRevision_StaysStopRequestedWithoutExitConfirmation [< 1 ms]
  错误消息:
   System.TypeInitializationException : The type initializer for 'BetterGenshinImpact.GameTask.Common.TaskControl' threw an exception.
---- System.TypeInitializationException : The type initializer for 'BetterGenshinImpact.App' threw an exception.
-------- System.InvalidOperationException : 调用线程必须为 STA，因为许多 UI 组件都需要。
  堆栈跟踪:
     at BetterGenshinImpact.Service.Execution.ExecutionScope.Dispose() in E:\Program Files\better-genshin-impact-LCB\BetterGenshinImpact\Service\Execution\ExecutionScope.cs:line 351
   at BetterGenshinImpact.UnitTest.ServiceTests.Instance.TaskTakeoverIncidentTests.TaskStop_RepeatedWithRefreshedRevision_StaysStopRequestedWithoutExitConfirmation() in E:\Program Files\better-genshin-impact-LCB\Test\BetterGenshinImpact.UnitTest\ServiceTests\Instance\TaskTakeoverIncidentTests.cs:line 553
   at System.RuntimeMethodHandle.InvokeMethod(Object target, Void** arguments, Signature sig, Boolean isConstructor)
   at System.Reflection.MethodBaseInvoker.InvokeWithNoArgs(Object obj, BindingFlags invokeAttr)
----- Inner Stack Trace -----
   at BetterGenshinImpact.App.GetLogger[T]() in E:\Program Files\better-genshin-impact-LCB\BetterGenshinImpact\App.xaml.cs:line 234
   at BetterGenshinImpact.Core.Recognition.RecognitionObjectJsonLoader..cctor() in E:\Program Files\better-genshin-impact-LCB\BetterGenshinImpact\Core\Recognition\RecognitionObjectJsonLoader.cs:line 32
----- Inner Stack Trace -----
   at System.Windows.Input.InputManager..ctor()
   at System.Windows.Input.InputManager.GetCurrentInputManagerImpl()
   at System.Windows.Input.KeyboardNavigation..ctor()
   at System.Windows.FrameworkElement.FrameworkServices..ctor()
   at System.Windows.FrameworkElement.EnsureFrameworkServices()
   at System.Windows.FrameworkElement..ctor()
   at System.Windows.Controls.Control..ctor()
   at System.Windows.Window..ctor()
   at Wpf.Ui.Controls.FluentWindow..ctor()
   at BetterGenshinImpact.View.Windows.ThemedMessageBox..ctor() in E:\Program Files\better-genshin-impact-LCB\BetterGenshinImpact\View\Windows\ThemedMessageBox.xaml.cs:line 35
   at BetterGenshinImpact.View.Windows.ThemedMessageBox.Show(String content, String title, MessageBoxButton button, MessageBoxIcon icon, MessageBoxResult defaultResult, Window owner) in E:\Program Files\better-genshin-impact-LCB\BetterGenshinImpact\View\Windows\ThemedMessageBox.xaml.cs:line 132
   at BetterGenshinImpact.View.Windows.ThemedMessageBox.Warning(String message, String title) in E:\Program Files\better-genshin-impact-LCB\BetterGenshinImpact\View\Windows\ThemedMessageBox.xaml.cs:line 293
   at BetterGenshinImpact.Helpers.RuntimeHelper.CheckIntegration() in E:\Program Files\better-genshin-impact-LCB\BetterGenshinImpact\Helpers\RuntimeHelper.cs:line 159
   at BetterGenshinImpact.Helpers.RuntimeExtension.CheckIntegration(IHostBuilder app) in E:\Program Files\better-genshin-impact-LCB\BetterGenshinImpact\Helpers\RuntimeHelper.cs:line 181
   at BetterGenshinImpact.App..cctor() in E:\Program Files\better-genshin-impact-LCB\BetterGenshinImpact\App.xaml.cs:line 58
  失败 BetterGenshinImpact.UnitTest.ServiceTests.Instance.TaskTakeoverIncidentTests.TaskStop_WithPartialExecutionIdentity_IsRejectedWithoutGlobalStop(scenario: "executionStateRevision") [< 1 ms]
  错误消息:
   System.TypeInitializationException : The type initializer for 'BetterGenshinImpact.GameTask.Common.TaskControl' threw an exception.
---- System.TypeInitializationException : The type initializer for 'BetterGenshinImpact.App' threw an exception.
-------- System.InvalidOperationException : 调用线程必须为 STA，因为许多 UI 组件都需要。
  堆栈跟踪:
     at BetterGenshinImpact.Service.Execution.ExecutionScope.Dispose() in E:\Program Files\better-genshin-impact-LCB\BetterGenshinImpact\Service\Execution\ExecutionScope.cs:line 351
   at BetterGenshinImpact.UnitTest.ServiceTests.Instance.TaskTakeoverIncidentTests.TaskStop_WithPartialExecutionIdentity_IsRejectedWithoutGlobalStop(String scenario) in E:\Program Files\better-genshin-impact-LCB\Test\BetterGenshinImpact.UnitTest\ServiceTests\Instance\TaskTakeoverIncidentTests.cs:line 600
   at System.RuntimeMethodHandle.InvokeMethod(Object target, Void** arguments, Signature sig, Boolean isConstructor)
   at System.Reflection.MethodBaseInvoker.InvokeDirectByRefWithFewArgs(Object obj, Span`1 copyOfArgs, BindingFlags invokeAttr)
----- Inner Stack Trace -----
   at BetterGenshinImpact.App.GetLogger[T]() in E:\Program Files\better-genshin-impact-LCB\BetterGenshinImpact\App.xaml.cs:line 234
   at BetterGenshinImpact.Core.Recognition.RecognitionObjectJsonLoader..cctor() in E:\Program Files\better-genshin-impact-LCB\BetterGenshinImpact\Core\Recognition\RecognitionObjectJsonLoader.cs:line 32
----- Inner Stack Trace -----
   at System.Windows.Input.InputManager..ctor()
   at System.Windows.Input.InputManager.GetCurrentInputManagerImpl()
   at System.Windows.Input.KeyboardNavigation..ctor()
   at System.Windows.FrameworkElement.FrameworkServices..ctor()
   at System.Windows.FrameworkElement.EnsureFrameworkServices()
   at System.Windows.FrameworkElement..ctor()
   at System.Windows.Controls.Control..ctor()
   at System.Windows.Window..ctor()
   at Wpf.Ui.Controls.FluentWindow..ctor()
   at BetterGenshinImpact.View.Windows.ThemedMessageBox..ctor() in E:\Program Files\better-genshin-impact-LCB\BetterGenshinImpact\View\Windows\ThemedMessageBox.xaml.cs:line 35
   at BetterGenshinImpact.View.Windows.ThemedMessageBox.Show(String content, String title, MessageBoxButton button, MessageBoxIcon icon, MessageBoxResult defaultResult, Window owner) in E:\Program Files\better-genshin-impact-LCB\BetterGenshinImpact\View\Windows\ThemedMessageBox.xaml.cs:line 132
   at BetterGenshinImpact.View.Windows.ThemedMessageBox.Warning(String message, String title) in E:\Program Files\better-genshin-impact-LCB\BetterGenshinImpact\View\Windows\ThemedMessageBox.xaml.cs:line 293
   at BetterGenshinImpact.Helpers.RuntimeHelper.CheckIntegration() in E:\Program Files\better-genshin-impact-LCB\BetterGenshinImpact\Helpers\RuntimeHelper.cs:line 159
   at BetterGenshinImpact.Helpers.RuntimeExtension.CheckIntegration(IHostBuilder app) in E:\Program Files\better-genshin-impact-LCB\BetterGenshinImpact\Helpers\RuntimeHelper.cs:line 181
   at BetterGenshinImpact.App..cctor() in E:\Program Files\better-genshin-impact-LCB\BetterGenshinImpact\App.xaml.cs:line 58
  失败 BetterGenshinImpact.UnitTest.ServiceTests.Instance.TaskTakeoverIncidentTests.TaskStop_WithPartialExecutionIdentity_IsRejectedWithoutGlobalStop(scenario: "executionInstanceId") [< 1 ms]
  错误消息:
   System.TypeInitializationException : The type initializer for 'BetterGenshinImpact.GameTask.Common.TaskControl' threw an exception.
---- System.TypeInitializationException : The type initializer for 'BetterGenshinImpact.App' threw an exception.
-------- System.InvalidOperationException : 调用线程必须为 STA，因为许多 UI 组件都需要。
  堆栈跟踪:
     at BetterGenshinImpact.Service.Execution.ExecutionScope.Dispose() in E:\Program Files\better-genshin-impact-LCB\BetterGenshinImpact\Service\Execution\ExecutionScope.cs:line 351
   at BetterGenshinImpact.UnitTest.ServiceTests.Instance.TaskTakeoverIncidentTests.TaskStop_WithPartialExecutionIdentity_IsRejectedWithoutGlobalStop(String scenario) in E:\Program Files\better-genshin-impact-LCB\Test\BetterGenshinImpact.UnitTest\ServiceTests\Instance\TaskTakeoverIncidentTests.cs:line 600
   at InvokeStub_TaskTakeoverIncidentTests.TaskStop_WithPartialExecutionIdentity_IsRejectedWithoutGlobalStop(Object, Span`1)
   at System.Reflection.MethodBaseInvoker.InvokeWithOneArg(Object obj, BindingFlags invokeAttr, Binder binder, Object[] parameters, CultureInfo culture)
----- Inner Stack Trace -----
   at BetterGenshinImpact.App.GetLogger[T]() in E:\Program Files\better-genshin-impact-LCB\BetterGenshinImpact\App.xaml.cs:line 234
   at BetterGenshinImpact.Core.Recognition.RecognitionObjectJsonLoader..cctor() in E:\Program Files\better-genshin-impact-LCB\BetterGenshinImpact\Core\Recognition\RecognitionObjectJsonLoader.cs:line 32
----- Inner Stack Trace -----
   at System.Windows.Input.InputManager..ctor()
   at System.Windows.Input.InputManager.GetCurrentInputManagerImpl()
   at System.Windows.Input.KeyboardNavigation..ctor()
   at System.Windows.FrameworkElement.FrameworkServices..ctor()
   at System.Windows.FrameworkElement.EnsureFrameworkServices()
   at System.Windows.FrameworkElement..ctor()
   at System.Windows.Controls.Control..ctor()
   at System.Windows.Window..ctor()
   at Wpf.Ui.Controls.FluentWindow..ctor()
   at BetterGenshinImpact.View.Windows.ThemedMessageBox..ctor() in E:\Program Files\better-genshin-impact-LCB\BetterGenshinImpact\View\Windows\ThemedMessageBox.xaml.cs:line 35
   at BetterGenshinImpact.View.Windows.ThemedMessageBox.Show(String content, String title, MessageBoxButton button, MessageBoxIcon icon, MessageBoxResult defaultResult, Window owner) in E:\Program Files\better-genshin-impact-LCB\BetterGenshinImpact\View\Windows\ThemedMessageBox.xaml.cs:line 132
   at BetterGenshinImpact.View.Windows.ThemedMessageBox.Warning(String message, String title) in E:\Program Files\better-genshin-impact-LCB\BetterGenshinImpact\View\Windows\ThemedMessageBox.xaml.cs:line 293
   at BetterGenshinImpact.Helpers.RuntimeHelper.CheckIntegration() in E:\Program Files\better-genshin-impact-LCB\BetterGenshinImpact\Helpers\RuntimeHelper.cs:line 159
   at BetterGenshinImpact.Helpers.RuntimeExtension.CheckIntegration(IHostBuilder app) in E:\Program Files\better-genshin-impact-LCB\BetterGenshinImpact\Helpers\RuntimeHelper.cs:line 181
   at BetterGenshinImpact.App..cctor() in E:\Program Files\better-genshin-impact-LCB\BetterGenshinImpact\App.xaml.cs:line 58
  失败 BetterGenshinImpact.UnitTest.ServiceTests.Instance.TaskTakeoverIncidentTests.TaskStatus_ExitReceipt_RepeatedDispose_DoesNotBumpOrder [< 1 ms]
  错误消息:
   System.TypeInitializationException : The type initializer for 'BetterGenshinImpact.GameTask.Common.TaskControl' threw an exception.
---- System.TypeInitializationException : The type initializer for 'BetterGenshinImpact.App' threw an exception.
-------- System.InvalidOperationException : 调用线程必须为 STA，因为许多 UI 组件都需要。
  堆栈跟踪:
     at BetterGenshinImpact.Service.Execution.ExecutionScope.Dispose() in E:\Program Files\better-genshin-impact-LCB\BetterGenshinImpact\Service\Execution\ExecutionScope.cs:line 351
   at BetterGenshinImpact.UnitTest.ServiceTests.Instance.TaskTakeoverIncidentTests.TaskStatus_ExitReceipt_RepeatedDispose_DoesNotBumpOrder() in E:\Program Files\better-genshin-impact-LCB\Test\BetterGenshinImpact.UnitTest\ServiceTests\Instance\TaskTakeoverIncidentTests.cs:line 1031
   at System.RuntimeMethodHandle.InvokeMethod(Object target, Void** arguments, Signature sig, Boolean isConstructor)
   at System.Reflection.MethodBaseInvoker.InvokeWithNoArgs(Object obj, BindingFlags invokeAttr)
----- Inner Stack Trace -----
   at BetterGenshinImpact.App.GetLogger[T]() in E:\Program Files\better-genshin-impact-LCB\BetterGenshinImpact\App.xaml.cs:line 234
   at BetterGenshinImpact.Core.Recognition.RecognitionObjectJsonLoader..cctor() in E:\Program Files\better-genshin-impact-LCB\BetterGenshinImpact\Core\Recognition\RecognitionObjectJsonLoader.cs:line 32
----- Inner Stack Trace -----
   at System.Windows.Input.InputManager..ctor()
   at System.Windows.Input.InputManager.GetCurrentInputManagerImpl()
   at System.Windows.Input.KeyboardNavigation..ctor()
   at System.Windows.FrameworkElement.FrameworkServices..ctor()
   at System.Windows.FrameworkElement.EnsureFrameworkServices()
   at System.Windows.FrameworkElement..ctor()
   at System.Windows.Controls.Control..ctor()
   at System.Windows.Window..ctor()
   at Wpf.Ui.Controls.FluentWindow..ctor()
   at BetterGenshinImpact.View.Windows.ThemedMessageBox..ctor() in E:\Program Files\better-genshin-impact-LCB\BetterGenshinImpact\View\Windows\ThemedMessageBox.xaml.cs:line 35
   at BetterGenshinImpact.View.Windows.ThemedMessageBox.Show(String content, String title, MessageBoxButton button, MessageBoxIcon icon, MessageBoxResult defaultResult, Window owner) in E:\Program Files\better-genshin-impact-LCB\BetterGenshinImpact\View\Windows\ThemedMessageBox.xaml.cs:line 132
   at BetterGenshinImpact.View.Windows.ThemedMessageBox.Warning(String message, String title) in E:\Program Files\better-genshin-impact-LCB\BetterGenshinImpact\View\Windows\ThemedMessageBox.xaml.cs:line 293
   at BetterGenshinImpact.Helpers.RuntimeHelper.CheckIntegration() in E:\Program Files\better-genshin-impact-LCB\BetterGenshinImpact\Helpers\RuntimeHelper.cs:line 159
   at BetterGenshinImpact.Helpers.RuntimeExtension.CheckIntegration(IHostBuilder app) in E:\Program Files\better-genshin-impact-LCB\BetterGenshinImpact\Helpers\RuntimeHelper.cs:line 181
   at BetterGenshinImpact.App..cctor() in E:\Program Files\better-genshin-impact-LCB\BetterGenshinImpact\App.xaml.cs:line 58
  失败 BetterGenshinImpact.UnitTest.ServiceTests.Instance.TaskTakeoverIncidentTests.TaskStop_WithWrongTypedRevision_IsRejectedAsInvalidRequest [< 1 ms]
  错误消息:
   System.TypeInitializationException : The type initializer for 'BetterGenshinImpact.GameTask.Common.TaskControl' threw an exception.
---- System.TypeInitializationException : The type initializer for 'BetterGenshinImpact.App' threw an exception.
-------- System.InvalidOperationException : 调用线程必须为 STA，因为许多 UI 组件都需要。
  堆栈跟踪:
     at BetterGenshinImpact.Service.Execution.ExecutionScope.Dispose() in E:\Program Files\better-genshin-impact-LCB\BetterGenshinImpact\Service\Execution\ExecutionScope.cs:line 351
   at BetterGenshinImpact.UnitTest.ServiceTests.Instance.TaskTakeoverIncidentTests.TaskStop_WithWrongTypedRevision_IsRejectedAsInvalidRequest() in E:\Program Files\better-genshin-impact-LCB\Test\BetterGenshinImpact.UnitTest\ServiceTests\Instance\TaskTakeoverIncidentTests.cs:line 619
   at System.RuntimeMethodHandle.InvokeMethod(Object target, Void** arguments, Signature sig, Boolean isConstructor)
   at System.Reflection.MethodBaseInvoker.InvokeWithNoArgs(Object obj, BindingFlags invokeAttr)
----- Inner Stack Trace -----
   at BetterGenshinImpact.App.GetLogger[T]() in E:\Program Files\better-genshin-impact-LCB\BetterGenshinImpact\App.xaml.cs:line 234
   at BetterGenshinImpact.Core.Recognition.RecognitionObjectJsonLoader..cctor() in E:\Program Files\better-genshin-impact-LCB\BetterGenshinImpact\Core\Recognition\RecognitionObjectJsonLoader.cs:line 32
----- Inner Stack Trace -----
   at System.Windows.Input.InputManager..ctor()
   at System.Windows.Input.InputManager.GetCurrentInputManagerImpl()
   at System.Windows.Input.KeyboardNavigation..ctor()
   at System.Windows.FrameworkElement.FrameworkServices..ctor()
   at System.Windows.FrameworkElement.EnsureFrameworkServices()
   at System.Windows.FrameworkElement..ctor()
   at System.Windows.Controls.Control..ctor()
   at System.Windows.Window..ctor()
   at Wpf.Ui.Controls.FluentWindow..ctor()
   at BetterGenshinImpact.View.Windows.ThemedMessageBox..ctor() in E:\Program Files\better-genshin-impact-LCB\BetterGenshinImpact\View\Windows\ThemedMessageBox.xaml.cs:line 35
   at BetterGenshinImpact.View.Windows.ThemedMessageBox.Show(String content, String title, MessageBoxButton button, MessageBoxIcon icon, MessageBoxResult defaultResult, Window owner) in E:\Program Files\better-genshin-impact-LCB\BetterGenshinImpact\View\Windows\ThemedMessageBox.xaml.cs:line 132
   at BetterGenshinImpact.View.Windows.ThemedMessageBox.Warning(String message, String title) in E:\Program Files\better-genshin-impact-LCB\BetterGenshinImpact\View\Windows\ThemedMessageBox.xaml.cs:line 293
   at BetterGenshinImpact.Helpers.RuntimeHelper.CheckIntegration() in E:\Program Files\better-genshin-impact-LCB\BetterGenshinImpact\Helpers\RuntimeHelper.cs:line 159
   at BetterGenshinImpact.Helpers.RuntimeExtension.CheckIntegration(IHostBuilder app) in E:\Program Files\better-genshin-impact-LCB\BetterGenshinImpact\Helpers\RuntimeHelper.cs:line 181
   at BetterGenshinImpact.App..cctor() in E:\Program Files\better-genshin-impact-LCB\BetterGenshinImpact\App.xaml.cs:line 58
  失败 BetterGenshinImpact.UnitTest.ServiceTests.Instance.TaskTakeoverIncidentTests.TaskStatus_ExitReceipt_ReportsQueryIdentitySeparatelyFromActiveRoot [< 1 ms]
  错误消息:
   System.TypeInitializationException : The type initializer for 'BetterGenshinImpact.GameTask.Common.TaskControl' threw an exception.
---- System.TypeInitializationException : The type initializer for 'BetterGenshinImpact.App' threw an exception.
-------- System.InvalidOperationException : 调用线程必须为 STA，因为许多 UI 组件都需要。
  堆栈跟踪:
     at BetterGenshinImpact.Service.Execution.ExecutionScope.Dispose() in E:\Program Files\better-genshin-impact-LCB\BetterGenshinImpact\Service\Execution\ExecutionScope.cs:line 351
   at BetterGenshinImpact.UnitTest.ServiceTests.Instance.TaskTakeoverIncidentTests.TaskStatus_ExitReceipt_ReportsQueryIdentitySeparatelyFromActiveRoot() in E:\Program Files\better-genshin-impact-LCB\Test\BetterGenshinImpact.UnitTest\ServiceTests\Instance\TaskTakeoverIncidentTests.cs:line 976
   at System.RuntimeMethodHandle.InvokeMethod(Object target, Void** arguments, Signature sig, Boolean isConstructor)
   at System.Reflection.MethodBaseInvoker.InvokeWithNoArgs(Object obj, BindingFlags invokeAttr)
----- Inner Stack Trace -----
   at BetterGenshinImpact.App.GetLogger[T]() in E:\Program Files\better-genshin-impact-LCB\BetterGenshinImpact\App.xaml.cs:line 234
   at BetterGenshinImpact.Core.Recognition.RecognitionObjectJsonLoader..cctor() in E:\Program Files\better-genshin-impact-LCB\BetterGenshinImpact\Core\Recognition\RecognitionObjectJsonLoader.cs:line 32
----- Inner Stack Trace -----
   at System.Windows.Input.InputManager..ctor()
   at System.Windows.Input.InputManager.GetCurrentInputManagerImpl()
   at System.Windows.Input.KeyboardNavigation..ctor()
   at System.Windows.FrameworkElement.FrameworkServices..ctor()
   at System.Windows.FrameworkElement.EnsureFrameworkServices()
   at System.Windows.FrameworkElement..ctor()
   at System.Windows.Controls.Control..ctor()
   at System.Windows.Window..ctor()
   at Wpf.Ui.Controls.FluentWindow..ctor()
   at BetterGenshinImpact.View.Windows.ThemedMessageBox..ctor() in E:\Program Files\better-genshin-impact-LCB\BetterGenshinImpact\View\Windows\ThemedMessageBox.xaml.cs:line 35
   at BetterGenshinImpact.View.Windows.ThemedMessageBox.Show(String content, String title, MessageBoxButton button, MessageBoxIcon icon, MessageBoxResult defaultResult, Window owner) in E:\Program Files\better-genshin-impact-LCB\BetterGenshinImpact\View\Windows\ThemedMessageBox.xaml.cs:line 132
   at BetterGenshinImpact.View.Windows.ThemedMessageBox.Warning(String message, String title) in E:\Program Files\better-genshin-impact-LCB\BetterGenshinImpact\View\Windows\ThemedMessageBox.xaml.cs:line 293
   at BetterGenshinImpact.Helpers.RuntimeHelper.CheckIntegration() in E:\Program Files\better-genshin-impact-LCB\BetterGenshinImpact\Helpers\RuntimeHelper.cs:line 159
   at BetterGenshinImpact.Helpers.RuntimeExtension.CheckIntegration(IHostBuilder app) in E:\Program Files\better-genshin-impact-LCB\BetterGenshinImpact\Helpers\RuntimeHelper.cs:line 181
   at BetterGenshinImpact.App..cctor() in E:\Program Files\better-genshin-impact-LCB\BetterGenshinImpact\App.xaml.cs:line 58
  失败 BetterGenshinImpact.UnitTest.ServiceTests.Instance.TaskTakeoverIncidentTests.TryRequestPreempt_StopsOnlyMatchingExecutionInstanceAndRevision [< 1 ms]
  错误消息:
   System.TypeInitializationException : The type initializer for 'BetterGenshinImpact.GameTask.Common.TaskControl' threw an exception.
---- System.TypeInitializationException : The type initializer for 'BetterGenshinImpact.App' threw an exception.
-------- System.InvalidOperationException : 调用线程必须为 STA，因为许多 UI 组件都需要。
  堆栈跟踪:
     at BetterGenshinImpact.Service.Execution.ExecutionScope.Dispose() in E:\Program Files\better-genshin-impact-LCB\BetterGenshinImpact\Service\Execution\ExecutionScope.cs:line 351
   at BetterGenshinImpact.UnitTest.ServiceTests.Instance.TaskTakeoverIncidentTests.TryRequestPreempt_StopsOnlyMatchingExecutionInstanceAndRevision() in E:\Program Files\better-genshin-impact-LCB\Test\BetterGenshinImpact.UnitTest\ServiceTests\Instance\TaskTakeoverIncidentTests.cs:line 176
   at System.RuntimeMethodHandle.InvokeMethod(Object target, Void** arguments, Signature sig, Boolean isConstructor)
   at System.Reflection.MethodBaseInvoker.InvokeWithNoArgs(Object obj, BindingFlags invokeAttr)
----- Inner Stack Trace -----
   at BetterGenshinImpact.App.GetLogger[T]() in E:\Program Files\better-genshin-impact-LCB\BetterGenshinImpact\App.xaml.cs:line 234
   at BetterGenshinImpact.Core.Recognition.RecognitionObjectJsonLoader..cctor() in E:\Program Files\better-genshin-impact-LCB\BetterGenshinImpact\Core\Recognition\RecognitionObjectJsonLoader.cs:line 32
----- Inner Stack Trace -----
   at System.Windows.Input.InputManager..ctor()
   at System.Windows.Input.InputManager.GetCurrentInputManagerImpl()
   at System.Windows.Input.KeyboardNavigation..ctor()
   at System.Windows.FrameworkElement.FrameworkServices..ctor()
   at System.Windows.FrameworkElement.EnsureFrameworkServices()
   at System.Windows.FrameworkElement..ctor()
   at System.Windows.Controls.Control..ctor()
   at System.Windows.Window..ctor()
   at Wpf.Ui.Controls.FluentWindow..ctor()
   at BetterGenshinImpact.View.Windows.ThemedMessageBox..ctor() in E:\Program Files\better-genshin-impact-LCB\BetterGenshinImpact\View\Windows\ThemedMessageBox.xaml.cs:line 35
   at BetterGenshinImpact.View.Windows.ThemedMessageBox.Show(String content, String title, MessageBoxButton button, MessageBoxIcon icon, MessageBoxResult defaultResult, Window owner) in E:\Program Files\better-genshin-impact-LCB\BetterGenshinImpact\View\Windows\ThemedMessageBox.xaml.cs:line 132
   at BetterGenshinImpact.View.Windows.ThemedMessageBox.Warning(String message, String title) in E:\Program Files\better-genshin-impact-LCB\BetterGenshinImpact\View\Windows\ThemedMessageBox.xaml.cs:line 293
   at BetterGenshinImpact.Helpers.RuntimeHelper.CheckIntegration() in E:\Program Files\better-genshin-impact-LCB\BetterGenshinImpact\Helpers\RuntimeHelper.cs:line 159
   at BetterGenshinImpact.Helpers.RuntimeExtension.CheckIntegration(IHostBuilder app) in E:\Program Files\better-genshin-impact-LCB\BetterGenshinImpact\Helpers\RuntimeHelper.cs:line 181
   at BetterGenshinImpact.App..cctor() in E:\Program Files\better-genshin-impact-LCB\BetterGenshinImpact\App.xaml.cs:line 58
  失败 BetterGenshinImpact.UnitTest.ServiceTests.Instance.TaskTakeoverIncidentTests.ExtTaskStop_DirectionalRequestWithMalformedClearQueue_IsStillClassifiedWithoutSideEffects [1 ms]
  错误消息:
   Assert.Equal() Failure: Strings differ
           ↓ (pos 0)
Expected: "not_current"
Actual:   "task_stop_failed"
           ↑ (pos 0)
  堆栈跟踪:
     at BetterGenshinImpact.UnitTest.ServiceTests.Instance.TaskTakeoverIncidentTests.ExtTaskStop_DirectionalRequestWithMalformedClearQueue_IsStillClassifiedWithoutSideEffects() in E:\Program Files\better-genshin-impact-LCB\Test\BetterGenshinImpact.UnitTest\ServiceTests\Instance\TaskTakeoverIncidentTests.cs:line 1352
--- End of stack trace from previous location ---
  失败 BetterGenshinImpact.UnitTest.ServiceTests.Instance.TaskTakeoverIncidentTests.TaskStatus_ExitReceipt_ReportsOutstandingRegisteredDescendants_AndDoesNotClaimLeafExit [1 ms]
  错误消息:
   System.TypeInitializationException : The type initializer for 'BetterGenshinImpact.GameTask.Common.TaskControl' threw an exception.
---- System.TypeInitializationException : The type initializer for 'BetterGenshinImpact.App' threw an exception.
-------- System.InvalidOperationException : 调用线程必须为 STA，因为许多 UI 组件都需要。
  堆栈跟踪:
     at BetterGenshinImpact.Service.Execution.ExecutionScope.Dispose() in E:\Program Files\better-genshin-impact-LCB\BetterGenshinImpact\Service\Execution\ExecutionScope.cs:line 351
   at BetterGenshinImpact.UnitTest.ServiceTests.Instance.TaskTakeoverIncidentTests.TaskStatus_ExitReceipt_ReportsOutstandingRegisteredDescendants_AndDoesNotClaimLeafExit() in E:\Program Files\better-genshin-impact-LCB\Test\BetterGenshinImpact.UnitTest\ServiceTests\Instance\TaskTakeoverIncidentTests.cs:line 1056
   at System.RuntimeMethodHandle.InvokeMethod(Object target, Void** arguments, Signature sig, Boolean isConstructor)
   at System.Reflection.MethodBaseInvoker.InvokeWithNoArgs(Object obj, BindingFlags invokeAttr)
----- Inner Stack Trace -----
   at BetterGenshinImpact.App.GetLogger[T]() in E:\Program Files\better-genshin-impact-LCB\BetterGenshinImpact\App.xaml.cs:line 234
   at BetterGenshinImpact.Core.Recognition.RecognitionObjectJsonLoader..cctor() in E:\Program Files\better-genshin-impact-LCB\BetterGenshinImpact\Core\Recognition\RecognitionObjectJsonLoader.cs:line 32
----- Inner Stack Trace -----
   at System.Windows.Input.InputManager..ctor()
   at System.Windows.Input.InputManager.GetCurrentInputManagerImpl()
   at System.Windows.Input.KeyboardNavigation..ctor()
   at System.Windows.FrameworkElement.FrameworkServices..ctor()
   at System.Windows.FrameworkElement.EnsureFrameworkServices()
   at System.Windows.FrameworkElement..ctor()
   at System.Windows.Controls.Control..ctor()
   at System.Windows.Window..ctor()
   at Wpf.Ui.Controls.FluentWindow..ctor()
   at BetterGenshinImpact.View.Windows.ThemedMessageBox..ctor() in E:\Program Files\better-genshin-impact-LCB\BetterGenshinImpact\View\Windows\ThemedMessageBox.xaml.cs:line 35
   at BetterGenshinImpact.View.Windows.ThemedMessageBox.Show(String content, String title, MessageBoxButton button, MessageBoxIcon icon, MessageBoxResult defaultResult, Window owner) in E:\Program Files\better-genshin-impact-LCB\BetterGenshinImpact\View\Windows\ThemedMessageBox.xaml.cs:line 132
   at BetterGenshinImpact.View.Windows.ThemedMessageBox.Warning(String message, String title) in E:\Program Files\better-genshin-impact-LCB\BetterGenshinImpact\View\Windows\ThemedMessageBox.xaml.cs:line 293
   at BetterGenshinImpact.Helpers.RuntimeHelper.CheckIntegration() in E:\Program Files\better-genshin-impact-LCB\BetterGenshinImpact\Helpers\RuntimeHelper.cs:line 159
   at BetterGenshinImpact.Helpers.RuntimeExtension.CheckIntegration(IHostBuilder app) in E:\Program Files\better-genshin-impact-LCB\BetterGenshinImpact\Helpers\RuntimeHelper.cs:line 181
   at BetterGenshinImpact.App..cctor() in E:\Program Files\better-genshin-impact-LCB\BetterGenshinImpact\App.xaml.cs:line 58
  失败 BetterGenshinImpact.UnitTest.ServiceTests.Instance.TaskTakeoverIncidentTests.TaskStop_WithMalformedExecutionIdentity_IsRejectedAsInvalidRequest [< 1 ms]
  错误消息:
   System.TypeInitializationException : The type initializer for 'BetterGenshinImpact.GameTask.Common.TaskControl' threw an exception.
---- System.TypeInitializationException : The type initializer for 'BetterGenshinImpact.App' threw an exception.
-------- System.InvalidOperationException : 调用线程必须为 STA，因为许多 UI 组件都需要。
  堆栈跟踪:
     at BetterGenshinImpact.Service.Execution.ExecutionScope.Dispose() in E:\Program Files\better-genshin-impact-LCB\BetterGenshinImpact\Service\Execution\ExecutionScope.cs:line 351
   at BetterGenshinImpact.UnitTest.ServiceTests.Instance.TaskTakeoverIncidentTests.TaskStop_WithMalformedExecutionIdentity_IsRejectedAsInvalidRequest() in E:\Program Files\better-genshin-impact-LCB\Test\BetterGenshinImpact.UnitTest\ServiceTests\Instance\TaskTakeoverIncidentTests.cs:line 458
   at System.RuntimeMethodHandle.InvokeMethod(Object target, Void** arguments, Signature sig, Boolean isConstructor)
   at System.Reflection.MethodBaseInvoker.InvokeWithNoArgs(Object obj, BindingFlags invokeAttr)
----- Inner Stack Trace -----
   at BetterGenshinImpact.App.GetLogger[T]() in E:\Program Files\better-genshin-impact-LCB\BetterGenshinImpact\App.xaml.cs:line 234
   at BetterGenshinImpact.Core.Recognition.RecognitionObjectJsonLoader..cctor() in E:\Program Files\better-genshin-impact-LCB\BetterGenshinImpact\Core\Recognition\RecognitionObjectJsonLoader.cs:line 32
----- Inner Stack Trace -----
   at System.Windows.Input.InputManager..ctor()
   at System.Windows.Input.InputManager.GetCurrentInputManagerImpl()
   at System.Windows.Input.KeyboardNavigation..ctor()
   at System.Windows.FrameworkElement.FrameworkServices..ctor()
   at System.Windows.FrameworkElement.EnsureFrameworkServices()
   at System.Windows.FrameworkElement..ctor()
   at System.Windows.Controls.Control..ctor()
   at System.Windows.Window..ctor()
   at Wpf.Ui.Controls.FluentWindow..ctor()
   at BetterGenshinImpact.View.Windows.ThemedMessageBox..ctor() in E:\Program Files\better-genshin-impact-LCB\BetterGenshinImpact\View\Windows\ThemedMessageBox.xaml.cs:line 35
   at BetterGenshinImpact.View.Windows.ThemedMessageBox.Show(String content, String title, MessageBoxButton button, MessageBoxIcon icon, MessageBoxResult defaultResult, Window owner) in E:\Program Files\better-genshin-impact-LCB\BetterGenshinImpact\View\Windows\ThemedMessageBox.xaml.cs:line 132
   at BetterGenshinImpact.View.Windows.ThemedMessageBox.Warning(String message, String title) in E:\Program Files\better-genshin-impact-LCB\BetterGenshinImpact\View\Windows\ThemedMessageBox.xaml.cs:line 293
   at BetterGenshinImpact.Helpers.RuntimeHelper.CheckIntegration() in E:\Program Files\better-genshin-impact-LCB\BetterGenshinImpact\Helpers\RuntimeHelper.cs:line 159
   at BetterGenshinImpact.Helpers.RuntimeExtension.CheckIntegration(IHostBuilder app) in E:\Program Files\better-genshin-impact-LCB\BetterGenshinImpact\Helpers\RuntimeHelper.cs:line 181
   at BetterGenshinImpact.App..cctor() in E:\Program Files\better-genshin-impact-LCB\BetterGenshinImpact\App.xaml.cs:line 58
  失败 BetterGenshinImpact.UnitTest.ServiceTests.Instance.TaskTakeoverIncidentTests.TaskStop_WithPreviousProcessEpoch_IsRejectedAsStaleEpoch [< 1 ms]
  错误消息:
   System.TypeInitializationException : The type initializer for 'BetterGenshinImpact.GameTask.Common.TaskControl' threw an exception.
---- System.TypeInitializationException : The type initializer for 'BetterGenshinImpact.App' threw an exception.
-------- System.InvalidOperationException : 调用线程必须为 STA，因为许多 UI 组件都需要。
  堆栈跟踪:
     at BetterGenshinImpact.Service.Execution.ExecutionScope.Dispose() in E:\Program Files\better-genshin-impact-LCB\BetterGenshinImpact\Service\Execution\ExecutionScope.cs:line 351
   at BetterGenshinImpact.UnitTest.ServiceTests.Instance.TaskTakeoverIncidentTests.TaskStop_WithPreviousProcessEpoch_IsRejectedAsStaleEpoch() in E:\Program Files\better-genshin-impact-LCB\Test\BetterGenshinImpact.UnitTest\ServiceTests\Instance\TaskTakeoverIncidentTests.cs:line 429
   at System.RuntimeMethodHandle.InvokeMethod(Object target, Void** arguments, Signature sig, Boolean isConstructor)
   at System.Reflection.MethodBaseInvoker.InvokeWithNoArgs(Object obj, BindingFlags invokeAttr)
----- Inner Stack Trace -----
   at BetterGenshinImpact.App.GetLogger[T]() in E:\Program Files\better-genshin-impact-LCB\BetterGenshinImpact\App.xaml.cs:line 234
   at BetterGenshinImpact.Core.Recognition.RecognitionObjectJsonLoader..cctor() in E:\Program Files\better-genshin-impact-LCB\BetterGenshinImpact\Core\Recognition\RecognitionObjectJsonLoader.cs:line 32
----- Inner Stack Trace -----
   at System.Windows.Input.InputManager..ctor()
   at System.Windows.Input.InputManager.GetCurrentInputManagerImpl()
   at System.Windows.Input.KeyboardNavigation..ctor()
   at System.Windows.FrameworkElement.FrameworkServices..ctor()
   at System.Windows.FrameworkElement.EnsureFrameworkServices()
   at System.Windows.FrameworkElement..ctor()
   at System.Windows.Controls.Control..ctor()
   at System.Windows.Window..ctor()
   at Wpf.Ui.Controls.FluentWindow..ctor()
   at BetterGenshinImpact.View.Windows.ThemedMessageBox..ctor() in E:\Program Files\better-genshin-impact-LCB\BetterGenshinImpact\View\Windows\ThemedMessageBox.xaml.cs:line 35
   at BetterGenshinImpact.View.Windows.ThemedMessageBox.Show(String content, String title, MessageBoxButton button, MessageBoxIcon icon, MessageBoxResult defaultResult, Window owner) in E:\Program Files\better-genshin-impact-LCB\BetterGenshinImpact\View\Windows\ThemedMessageBox.xaml.cs:line 132
   at BetterGenshinImpact.View.Windows.ThemedMessageBox.Warning(String message, String title) in E:\Program Files\better-genshin-impact-LCB\BetterGenshinImpact\View\Windows\ThemedMessageBox.xaml.cs:line 293
   at BetterGenshinImpact.Helpers.RuntimeHelper.CheckIntegration() in E:\Program Files\better-genshin-impact-LCB\BetterGenshinImpact\Helpers\RuntimeHelper.cs:line 159
   at BetterGenshinImpact.Helpers.RuntimeExtension.CheckIntegration(IHostBuilder app) in E:\Program Files\better-genshin-impact-LCB\BetterGenshinImpact\Helpers\RuntimeHelper.cs:line 181
   at BetterGenshinImpact.App..cctor() in E:\Program Files\better-genshin-impact-LCB\BetterGenshinImpact\App.xaml.cs:line 58
  失败 BetterGenshinImpact.UnitTest.ServiceTests.Instance.TaskTakeoverIncidentTests.ExecutionScope_AdmissionCallbackThrowing_DoesNotRecordReceiptNorDisturbPreviousOne [< 1 ms]
  错误消息:
   System.TypeInitializationException : The type initializer for 'BetterGenshinImpact.GameTask.Common.TaskControl' threw an exception.
---- System.TypeInitializationException : The type initializer for 'BetterGenshinImpact.App' threw an exception.
-------- System.InvalidOperationException : 调用线程必须为 STA，因为许多 UI 组件都需要。
  堆栈跟踪:
     at BetterGenshinImpact.Service.Execution.ExecutionScope.Dispose() in E:\Program Files\better-genshin-impact-LCB\BetterGenshinImpact\Service\Execution\ExecutionScope.cs:line 351
   at BetterGenshinImpact.UnitTest.ServiceTests.Instance.TaskTakeoverIncidentTests.ExecutionScope_AdmissionCallbackThrowing_DoesNotRecordReceiptNorDisturbPreviousOne() in E:\Program Files\better-genshin-impact-LCB\Test\BetterGenshinImpact.UnitTest\ServiceTests\Instance\TaskTakeoverIncidentTests.cs:line 901
   at System.RuntimeMethodHandle.InvokeMethod(Object target, Void** arguments, Signature sig, Boolean isConstructor)
   at System.Reflection.MethodBaseInvoker.InvokeWithNoArgs(Object obj, BindingFlags invokeAttr)
----- Inner Stack Trace -----
   at BetterGenshinImpact.App.GetLogger[T]() in E:\Program Files\better-genshin-impact-LCB\BetterGenshinImpact\App.xaml.cs:line 234
   at BetterGenshinImpact.Core.Recognition.RecognitionObjectJsonLoader..cctor() in E:\Program Files\better-genshin-impact-LCB\BetterGenshinImpact\Core\Recognition\RecognitionObjectJsonLoader.cs:line 32
----- Inner Stack Trace -----
   at System.Windows.Input.InputManager..ctor()
   at System.Windows.Input.InputManager.GetCurrentInputManagerImpl()
   at System.Windows.Input.KeyboardNavigation..ctor()
   at System.Windows.FrameworkElement.FrameworkServices..ctor()
   at System.Windows.FrameworkElement.EnsureFrameworkServices()
   at System.Windows.FrameworkElement..ctor()
   at System.Windows.Controls.Control..ctor()
   at System.Windows.Window..ctor()
   at Wpf.Ui.Controls.FluentWindow..ctor()
   at BetterGenshinImpact.View.Windows.ThemedMessageBox..ctor() in E:\Program Files\better-genshin-impact-LCB\BetterGenshinImpact\View\Windows\ThemedMessageBox.xaml.cs:line 35
   at BetterGenshinImpact.View.Windows.ThemedMessageBox.Show(String content, String title, MessageBoxButton button, MessageBoxIcon icon, MessageBoxResult defaultResult, Window owner) in E:\Program Files\better-genshin-impact-LCB\BetterGenshinImpact\View\Windows\ThemedMessageBox.xaml.cs:line 132
   at BetterGenshinImpact.View.Windows.ThemedMessageBox.Warning(String message, String title) in E:\Program Files\better-genshin-impact-LCB\BetterGenshinImpact\View\Windows\ThemedMessageBox.xaml.cs:line 293
   at BetterGenshinImpact.Helpers.RuntimeHelper.CheckIntegration() in E:\Program Files\better-genshin-impact-LCB\BetterGenshinImpact\Helpers\RuntimeHelper.cs:line 159
   at BetterGenshinImpact.Helpers.RuntimeExtension.CheckIntegration(IHostBuilder app) in E:\Program Files\better-genshin-impact-LCB\BetterGenshinImpact\Helpers\RuntimeHelper.cs:line 181
   at BetterGenshinImpact.App..cctor() in E:\Program Files\better-genshin-impact-LCB\BetterGenshinImpact\App.xaml.cs:line 58
  失败 BetterGenshinImpact.UnitTest.ServiceTests.Instance.TaskTakeoverIncidentTests.TaskStatus_AfterRealRootExit_ConfirmsExitForThatInstanceOnly [< 1 ms]
  错误消息:
   System.TypeInitializationException : The type initializer for 'BetterGenshinImpact.GameTask.Common.TaskControl' threw an exception.
---- System.TypeInitializationException : The type initializer for 'BetterGenshinImpact.App' threw an exception.
-------- System.InvalidOperationException : 调用线程必须为 STA，因为许多 UI 组件都需要。
  堆栈跟踪:
     at BetterGenshinImpact.Service.Execution.ExecutionScope.Dispose() in E:\Program Files\better-genshin-impact-LCB\BetterGenshinImpact\Service\Execution\ExecutionScope.cs:line 351
   at BetterGenshinImpact.UnitTest.ServiceTests.Instance.TaskTakeoverIncidentTests.TaskStatus_AfterRealRootExit_ConfirmsExitForThatInstanceOnly() in E:\Program Files\better-genshin-impact-LCB\Test\BetterGenshinImpact.UnitTest\ServiceTests\Instance\TaskTakeoverIncidentTests.cs:line 782
   at System.RuntimeMethodHandle.InvokeMethod(Object target, Void** arguments, Signature sig, Boolean isConstructor)
   at System.Reflection.MethodBaseInvoker.InvokeWithNoArgs(Object obj, BindingFlags invokeAttr)
----- Inner Stack Trace -----
   at BetterGenshinImpact.App.GetLogger[T]() in E:\Program Files\better-genshin-impact-LCB\BetterGenshinImpact\App.xaml.cs:line 234
   at BetterGenshinImpact.Core.Recognition.RecognitionObjectJsonLoader..cctor() in E:\Program Files\better-genshin-impact-LCB\BetterGenshinImpact\Core\Recognition\RecognitionObjectJsonLoader.cs:line 32
----- Inner Stack Trace -----
   at System.Windows.Input.InputManager..ctor()
   at System.Windows.Input.InputManager.GetCurrentInputManagerImpl()
   at System.Windows.Input.KeyboardNavigation..ctor()
   at System.Windows.FrameworkElement.FrameworkServices..ctor()
   at System.Windows.FrameworkElement.EnsureFrameworkServices()
   at System.Windows.FrameworkElement..ctor()
   at System.Windows.Controls.Control..ctor()
   at System.Windows.Window..ctor()
   at Wpf.Ui.Controls.FluentWindow..ctor()
   at BetterGenshinImpact.View.Windows.ThemedMessageBox..ctor() in E:\Program Files\better-genshin-impact-LCB\BetterGenshinImpact\View\Windows\ThemedMessageBox.xaml.cs:line 35
   at BetterGenshinImpact.View.Windows.ThemedMessageBox.Show(String content, String title, MessageBoxButton button, MessageBoxIcon icon, MessageBoxResult defaultResult, Window owner) in E:\Program Files\better-genshin-impact-LCB\BetterGenshinImpact\View\Windows\ThemedMessageBox.xaml.cs:line 132
   at BetterGenshinImpact.View.Windows.ThemedMessageBox.Warning(String message, String title) in E:\Program Files\better-genshin-impact-LCB\BetterGenshinImpact\View\Windows\ThemedMessageBox.xaml.cs:line 293
   at BetterGenshinImpact.Helpers.RuntimeHelper.CheckIntegration() in E:\Program Files\better-genshin-impact-LCB\BetterGenshinImpact\Helpers\RuntimeHelper.cs:line 159
   at BetterGenshinImpact.Helpers.RuntimeExtension.CheckIntegration(IHostBuilder app) in E:\Program Files\better-genshin-impact-LCB\BetterGenshinImpact\Helpers\RuntimeHelper.cs:line 181
   at BetterGenshinImpact.App..cctor() in E:\Program Files\better-genshin-impact-LCB\BetterGenshinImpact\App.xaml.cs:line 58
  失败 BetterGenshinImpact.UnitTest.ServiceTests.Instance.TaskTakeoverIncidentTests.TaskStatus_ExitReceipt_DoesNotCrossGenerations [< 1 ms]
  错误消息:
   System.TypeInitializationException : The type initializer for 'BetterGenshinImpact.GameTask.Common.TaskControl' threw an exception.
---- System.TypeInitializationException : The type initializer for 'BetterGenshinImpact.App' threw an exception.
-------- System.InvalidOperationException : 调用线程必须为 STA，因为许多 UI 组件都需要。
  堆栈跟踪:
     at BetterGenshinImpact.Service.Execution.ExecutionScope.Dispose() in E:\Program Files\better-genshin-impact-LCB\BetterGenshinImpact\Service\Execution\ExecutionScope.cs:line 351
   at BetterGenshinImpact.UnitTest.ServiceTests.Instance.TaskTakeoverIncidentTests.TaskStatus_ExitReceipt_DoesNotCrossGenerations() in E:\Program Files\better-genshin-impact-LCB\Test\BetterGenshinImpact.UnitTest\ServiceTests\Instance\TaskTakeoverIncidentTests.cs:line 808
   at System.RuntimeMethodHandle.InvokeMethod(Object target, Void** arguments, Signature sig, Boolean isConstructor)
   at System.Reflection.MethodBaseInvoker.InvokeWithNoArgs(Object obj, BindingFlags invokeAttr)
----- Inner Stack Trace -----
   at BetterGenshinImpact.App.GetLogger[T]() in E:\Program Files\better-genshin-impact-LCB\BetterGenshinImpact\App.xaml.cs:line 234
   at BetterGenshinImpact.Core.Recognition.RecognitionObjectJsonLoader..cctor() in E:\Program Files\better-genshin-impact-LCB\BetterGenshinImpact\Core\Recognition\RecognitionObjectJsonLoader.cs:line 32
----- Inner Stack Trace -----
   at System.Windows.Input.InputManager..ctor()
   at System.Windows.Input.InputManager.GetCurrentInputManagerImpl()
   at System.Windows.Input.KeyboardNavigation..ctor()
   at System.Windows.FrameworkElement.FrameworkServices..ctor()
   at System.Windows.FrameworkElement.EnsureFrameworkServices()
   at System.Windows.FrameworkElement..ctor()
   at System.Windows.Controls.Control..ctor()
   at System.Windows.Window..ctor()
   at Wpf.Ui.Controls.FluentWindow..ctor()
   at BetterGenshinImpact.View.Windows.ThemedMessageBox..ctor() in E:\Program Files\better-genshin-impact-LCB\BetterGenshinImpact\View\Windows\ThemedMessageBox.xaml.cs:line 35
   at BetterGenshinImpact.View.Windows.ThemedMessageBox.Show(String content, String title, MessageBoxButton button, MessageBoxIcon icon, MessageBoxResult defaultResult, Window owner) in E:\Program Files\better-genshin-impact-LCB\BetterGenshinImpact\View\Windows\ThemedMessageBox.xaml.cs:line 132
   at BetterGenshinImpact.View.Windows.ThemedMessageBox.Warning(String message, String title) in E:\Program Files\better-genshin-impact-LCB\BetterGenshinImpact\View\Windows\ThemedMessageBox.xaml.cs:line 293
   at BetterGenshinImpact.Helpers.RuntimeHelper.CheckIntegration() in E:\Program Files\better-genshin-impact-LCB\BetterGenshinImpact\Helpers\RuntimeHelper.cs:line 159
   at BetterGenshinImpact.Helpers.RuntimeExtension.CheckIntegration(IHostBuilder app) in E:\Program Files\better-genshin-impact-LCB\BetterGenshinImpact\Helpers\RuntimeHelper.cs:line 181
   at BetterGenshinImpact.App..cctor() in E:\Program Files\better-genshin-impact-LCB\BetterGenshinImpact\App.xaml.cs:line 58
  失败 BetterGenshinImpact.UnitTest.ServiceTests.Instance.TaskTakeoverIncidentTests.ExtTaskCancel_WithDirectionalIdentity_LeavesRealQueuedItemUntouched [< 1 ms]
  错误消息:
   System.TypeInitializationException : The type initializer for 'BetterGenshinImpact.GameTask.Common.TaskControl' threw an exception.
---- System.TypeInitializationException : The type initializer for 'BetterGenshinImpact.App' threw an exception.
-------- System.InvalidOperationException : 调用线程必须为 STA，因为许多 UI 组件都需要。
  堆栈跟踪:
     at BetterGenshinImpact.UnitTest.ServiceTests.Instance.TaskTakeoverIncidentTests.ExtTaskCancel_WithDirectionalIdentity_LeavesRealQueuedItemUntouched() in E:\Program Files\better-genshin-impact-LCB\Test\BetterGenshinImpact.UnitTest\ServiceTests\Instance\TaskTakeoverIncidentTests.cs:line 695
--- End of stack trace from previous location ---
----- Inner Stack Trace -----
   at BetterGenshinImpact.App.GetLogger[T]() in E:\Program Files\better-genshin-impact-LCB\BetterGenshinImpact\App.xaml.cs:line 234
   at BetterGenshinImpact.Core.Recognition.RecognitionObjectJsonLoader..cctor() in E:\Program Files\better-genshin-impact-LCB\BetterGenshinImpact\Core\Recognition\RecognitionObjectJsonLoader.cs:line 32
----- Inner Stack Trace -----
   at System.Windows.Input.InputManager..ctor()
   at System.Windows.Input.InputManager.GetCurrentInputManagerImpl()
   at System.Windows.Input.KeyboardNavigation..ctor()
   at System.Windows.FrameworkElement.FrameworkServices..ctor()
   at System.Windows.FrameworkElement.EnsureFrameworkServices()
   at System.Windows.FrameworkElement..ctor()
   at System.Windows.Controls.Control..ctor()
   at System.Windows.Window..ctor()
   at Wpf.Ui.Controls.FluentWindow..ctor()
   at BetterGenshinImpact.View.Windows.ThemedMessageBox..ctor() in E:\Program Files\better-genshin-impact-LCB\BetterGenshinImpact\View\Windows\ThemedMessageBox.xaml.cs:line 35
   at BetterGenshinImpact.View.Windows.ThemedMessageBox.Show(String content, String title, MessageBoxButton button, MessageBoxIcon icon, MessageBoxResult defaultResult, Window owner) in E:\Program Files\better-genshin-impact-LCB\BetterGenshinImpact\View\Windows\ThemedMessageBox.xaml.cs:line 132
   at BetterGenshinImpact.View.Windows.ThemedMessageBox.Warning(String message, String title) in E:\Program Files\better-genshin-impact-LCB\BetterGenshinImpact\View\Windows\ThemedMessageBox.xaml.cs:line 293
   at BetterGenshinImpact.Helpers.RuntimeHelper.CheckIntegration() in E:\Program Files\better-genshin-impact-LCB\BetterGenshinImpact\Helpers\RuntimeHelper.cs:line 159
   at BetterGenshinImpact.Helpers.RuntimeExtension.CheckIntegration(IHostBuilder app) in E:\Program Files\better-genshin-impact-LCB\BetterGenshinImpact\Helpers\RuntimeHelper.cs:line 181
   at BetterGenshinImpact.App..cctor() in E:\Program Files\better-genshin-impact-LCB\BetterGenshinImpact\App.xaml.cs:line 58
  失败 BetterGenshinImpact.UnitTest.ServiceTests.Instance.TaskTakeoverIncidentTests.TaskStatus_BusySemaphoreWithoutExecutionScope_LeavesIdentityUnknown [< 1 ms]
  错误消息:
   System.TypeInitializationException : The type initializer for 'BetterGenshinImpact.GameTask.Common.TaskControl' threw an exception.
---- System.TypeInitializationException : The type initializer for 'BetterGenshinImpact.App' threw an exception.
-------- System.InvalidOperationException : 调用线程必须为 STA，因为许多 UI 组件都需要。
  堆栈跟踪:
     at BetterGenshinImpact.UnitTest.ServiceTests.Instance.TaskTakeoverIncidentTests.TaskStatus_BusySemaphoreWithoutExecutionScope_LeavesIdentityUnknown() in E:\Program Files\better-genshin-impact-LCB\Test\BetterGenshinImpact.UnitTest\ServiceTests\Instance\TaskTakeoverIncidentTests.cs:line 103
--- End of stack trace from previous location ---
----- Inner Stack Trace -----
   at BetterGenshinImpact.App.GetLogger[T]() in E:\Program Files\better-genshin-impact-LCB\BetterGenshinImpact\App.xaml.cs:line 234
   at BetterGenshinImpact.Core.Recognition.RecognitionObjectJsonLoader..cctor() in E:\Program Files\better-genshin-impact-LCB\BetterGenshinImpact\Core\Recognition\RecognitionObjectJsonLoader.cs:line 32
----- Inner Stack Trace -----
   at System.Windows.Input.InputManager..ctor()
   at System.Windows.Input.InputManager.GetCurrentInputManagerImpl()
   at System.Windows.Input.KeyboardNavigation..ctor()
   at System.Windows.FrameworkElement.FrameworkServices..ctor()
   at System.Windows.FrameworkElement.EnsureFrameworkServices()
   at System.Windows.FrameworkElement..ctor()
   at System.Windows.Controls.Control..ctor()
   at System.Windows.Window..ctor()
   at Wpf.Ui.Controls.FluentWindow..ctor()
   at BetterGenshinImpact.View.Windows.ThemedMessageBox..ctor() in E:\Program Files\better-genshin-impact-LCB\BetterGenshinImpact\View\Windows\ThemedMessageBox.xaml.cs:line 35
   at BetterGenshinImpact.View.Windows.ThemedMessageBox.Show(String content, String title, MessageBoxButton button, MessageBoxIcon icon, MessageBoxResult defaultResult, Window owner) in E:\Program Files\better-genshin-impact-LCB\BetterGenshinImpact\View\Windows\ThemedMessageBox.xaml.cs:line 132
   at BetterGenshinImpact.View.Windows.ThemedMessageBox.Warning(String message, String title) in E:\Program Files\better-genshin-impact-LCB\BetterGenshinImpact\View\Windows\ThemedMessageBox.xaml.cs:line 293
   at BetterGenshinImpact.Helpers.RuntimeHelper.CheckIntegration() in E:\Program Files\better-genshin-impact-LCB\BetterGenshinImpact\Helpers\RuntimeHelper.cs:line 159
   at BetterGenshinImpact.Helpers.RuntimeExtension.CheckIntegration(IHostBuilder app) in E:\Program Files\better-genshin-impact-LCB\BetterGenshinImpact\Helpers\RuntimeHelper.cs:line 181
   at BetterGenshinImpact.App..cctor() in E:\Program Files\better-genshin-impact-LCB\BetterGenshinImpact\App.xaml.cs:line 58
  失败 BetterGenshinImpact.UnitTest.ServiceTests.Instance.TaskTakeoverIncidentTests.TaskStop_WithoutExecutionIdentity_KeepsLegacyGlobalStopSemantics [< 1 ms]
  错误消息:
   System.TypeInitializationException : The type initializer for 'BetterGenshinImpact.GameTask.Common.TaskControl' threw an exception.
---- System.TypeInitializationException : The type initializer for 'BetterGenshinImpact.App' threw an exception.
-------- System.InvalidOperationException : 调用线程必须为 STA，因为许多 UI 组件都需要。
  堆栈跟踪:
     at BetterGenshinImpact.Service.Execution.ExecutionScope.Dispose() in E:\Program Files\better-genshin-impact-LCB\BetterGenshinImpact\Service\Execution\ExecutionScope.cs:line 351
   at BetterGenshinImpact.UnitTest.ServiceTests.Instance.TaskTakeoverIncidentTests.TaskStop_WithoutExecutionIdentity_KeepsLegacyGlobalStopSemantics() in E:\Program Files\better-genshin-impact-LCB\Test\BetterGenshinImpact.UnitTest\ServiceTests\Instance\TaskTakeoverIncidentTests.cs:line 502
   at System.RuntimeMethodHandle.InvokeMethod(Object target, Void** arguments, Signature sig, Boolean isConstructor)
   at System.Reflection.MethodBaseInvoker.InvokeWithNoArgs(Object obj, BindingFlags invokeAttr)
----- Inner Stack Trace -----
   at BetterGenshinImpact.App.GetLogger[T]() in E:\Program Files\better-genshin-impact-LCB\BetterGenshinImpact\App.xaml.cs:line 234
   at BetterGenshinImpact.Core.Recognition.RecognitionObjectJsonLoader..cctor() in E:\Program Files\better-genshin-impact-LCB\BetterGenshinImpact\Core\Recognition\RecognitionObjectJsonLoader.cs:line 32
----- Inner Stack Trace -----
   at System.Windows.Input.InputManager..ctor()
   at System.Windows.Input.InputManager.GetCurrentInputManagerImpl()
   at System.Windows.Input.KeyboardNavigation..ctor()
   at System.Windows.FrameworkElement.FrameworkServices..ctor()
   at System.Windows.FrameworkElement.EnsureFrameworkServices()
   at System.Windows.FrameworkElement..ctor()
   at System.Windows.Controls.Control..ctor()
   at System.Windows.Window..ctor()
   at Wpf.Ui.Controls.FluentWindow..ctor()
   at BetterGenshinImpact.View.Windows.ThemedMessageBox..ctor() in E:\Program Files\better-genshin-impact-LCB\BetterGenshinImpact\View\Windows\ThemedMessageBox.xaml.cs:line 35
   at BetterGenshinImpact.View.Windows.ThemedMessageBox.Show(String content, String title, MessageBoxButton button, MessageBoxIcon icon, MessageBoxResult defaultResult, Window owner) in E:\Program Files\better-genshin-impact-LCB\BetterGenshinImpact\View\Windows\ThemedMessageBox.xaml.cs:line 132
   at BetterGenshinImpact.View.Windows.ThemedMessageBox.Warning(String message, String title) in E:\Program Files\better-genshin-impact-LCB\BetterGenshinImpact\View\Windows\ThemedMessageBox.xaml.cs:line 293
   at BetterGenshinImpact.Helpers.RuntimeHelper.CheckIntegration() in E:\Program Files\better-genshin-impact-LCB\BetterGenshinImpact\Helpers\RuntimeHelper.cs:line 159
   at BetterGenshinImpact.Helpers.RuntimeExtension.CheckIntegration(IHostBuilder app) in E:\Program Files\better-genshin-impact-LCB\BetterGenshinImpact\Helpers\RuntimeHelper.cs:line 181
   at BetterGenshinImpact.App..cctor() in E:\Program Files\better-genshin-impact-LCB\BetterGenshinImpact\App.xaml.cs:line 58
  失败 BetterGenshinImpact.UnitTest.ServiceTests.Instance.TaskTakeoverIncidentTests.TaskStatus_ExitReceipt_RunIdentitylessJobsAreOutOfScope_AndDoNotPoisonSameRunVerdict [< 1 ms]
  错误消息:
   System.TypeInitializationException : The type initializer for 'BetterGenshinImpact.GameTask.Common.TaskControl' threw an exception.
---- System.TypeInitializationException : The type initializer for 'BetterGenshinImpact.App' threw an exception.
-------- System.InvalidOperationException : 调用线程必须为 STA，因为许多 UI 组件都需要。
  堆栈跟踪:
     at BetterGenshinImpact.Service.Execution.ExecutionScope.Dispose() in E:\Program Files\better-genshin-impact-LCB\BetterGenshinImpact\Service\Execution\ExecutionScope.cs:line 351
   at BetterGenshinImpact.UnitTest.ServiceTests.Instance.TaskTakeoverIncidentTests.TaskStatus_ExitReceipt_RunIdentitylessJobsAreOutOfScope_AndDoNotPoisonSameRunVerdict() in E:\Program Files\better-genshin-impact-LCB\Test\BetterGenshinImpact.UnitTest\ServiceTests\Instance\TaskTakeoverIncidentTests.cs:line 1098
   at System.RuntimeMethodHandle.InvokeMethod(Object target, Void** arguments, Signature sig, Boolean isConstructor)
   at System.Reflection.MethodBaseInvoker.InvokeWithNoArgs(Object obj, BindingFlags invokeAttr)
----- Inner Stack Trace -----
   at BetterGenshinImpact.App.GetLogger[T]() in E:\Program Files\better-genshin-impact-LCB\BetterGenshinImpact\App.xaml.cs:line 234
   at BetterGenshinImpact.Core.Recognition.RecognitionObjectJsonLoader..cctor() in E:\Program Files\better-genshin-impact-LCB\BetterGenshinImpact\Core\Recognition\RecognitionObjectJsonLoader.cs:line 32
----- Inner Stack Trace -----
   at System.Windows.Input.InputManager..ctor()
   at System.Windows.Input.InputManager.GetCurrentInputManagerImpl()
   at System.Windows.Input.KeyboardNavigation..ctor()
   at System.Windows.FrameworkElement.FrameworkServices..ctor()
   at System.Windows.FrameworkElement.EnsureFrameworkServices()
   at System.Windows.FrameworkElement..ctor()
   at System.Windows.Controls.Control..ctor()
   at System.Windows.Window..ctor()
   at Wpf.Ui.Controls.FluentWindow..ctor()
   at BetterGenshinImpact.View.Windows.ThemedMessageBox..ctor() in E:\Program Files\better-genshin-impact-LCB\BetterGenshinImpact\View\Windows\ThemedMessageBox.xaml.cs:line 35
   at BetterGenshinImpact.View.Windows.ThemedMessageBox.Show(String content, String title, MessageBoxButton button, MessageBoxIcon icon, MessageBoxResult defaultResult, Window owner) in E:\Program Files\better-genshin-impact-LCB\BetterGenshinImpact\View\Windows\ThemedMessageBox.xaml.cs:line 132
   at BetterGenshinImpact.View.Windows.ThemedMessageBox.Warning(String message, String title) in E:\Program Files\better-genshin-impact-LCB\BetterGenshinImpact\View\Windows\ThemedMessageBox.xaml.cs:line 293
   at BetterGenshinImpact.Helpers.RuntimeHelper.CheckIntegration() in E:\Program Files\better-genshin-impact-LCB\BetterGenshinImpact\Helpers\RuntimeHelper.cs:line 159
   at BetterGenshinImpact.Helpers.RuntimeExtension.CheckIntegration(IHostBuilder app) in E:\Program Files\better-genshin-impact-LCB\BetterGenshinImpact\Helpers\RuntimeHelper.cs:line 181
   at BetterGenshinImpact.App..cctor() in E:\Program Files\better-genshin-impact-LCB\BetterGenshinImpact\App.xaml.cs:line 58
  失败 BetterGenshinImpact.UnitTest.ServiceTests.Instance.TaskTakeoverIncidentTests.TaskStatus_ExitReceipt_WithoutRunIdentity_ReportsUnknownInsteadOfZero [< 1 ms]
  错误消息:
   System.TypeInitializationException : The type initializer for 'BetterGenshinImpact.GameTask.Common.TaskControl' threw an exception.
---- System.TypeInitializationException : The type initializer for 'BetterGenshinImpact.App' threw an exception.
-------- System.InvalidOperationException : 调用线程必须为 STA，因为许多 UI 组件都需要。
  堆栈跟踪:
     at BetterGenshinImpact.Service.Execution.ExecutionScope.Dispose() in E:\Program Files\better-genshin-impact-LCB\BetterGenshinImpact\Service\Execution\ExecutionScope.cs:line 351
   at BetterGenshinImpact.UnitTest.ServiceTests.Instance.TaskTakeoverIncidentTests.TaskStatus_ExitReceipt_WithoutRunIdentity_ReportsUnknownInsteadOfZero() in E:\Program Files\better-genshin-impact-LCB\Test\BetterGenshinImpact.UnitTest\ServiceTests\Instance\TaskTakeoverIncidentTests.cs:line 1113
   at System.RuntimeMethodHandle.InvokeMethod(Object target, Void** arguments, Signature sig, Boolean isConstructor)
   at System.Reflection.MethodBaseInvoker.InvokeWithNoArgs(Object obj, BindingFlags invokeAttr)
----- Inner Stack Trace -----
   at BetterGenshinImpact.App.GetLogger[T]() in E:\Program Files\better-genshin-impact-LCB\BetterGenshinImpact\App.xaml.cs:line 234
   at BetterGenshinImpact.Core.Recognition.RecognitionObjectJsonLoader..cctor() in E:\Program Files\better-genshin-impact-LCB\BetterGenshinImpact\Core\Recognition\RecognitionObjectJsonLoader.cs:line 32
----- Inner Stack Trace -----
   at System.Windows.Input.InputManager..ctor()
   at System.Windows.Input.InputManager.GetCurrentInputManagerImpl()
   at System.Windows.Input.KeyboardNavigation..ctor()
   at System.Windows.FrameworkElement.FrameworkServices..ctor()
   at System.Windows.FrameworkElement.EnsureFrameworkServices()
   at System.Windows.FrameworkElement..ctor()
   at System.Windows.Controls.Control..ctor()
   at System.Windows.Window..ctor()
   at Wpf.Ui.Controls.FluentWindow..ctor()
   at BetterGenshinImpact.View.Windows.ThemedMessageBox..ctor() in E:\Program Files\better-genshin-impact-LCB\BetterGenshinImpact\View\Windows\ThemedMessageBox.xaml.cs:line 35
   at BetterGenshinImpact.View.Windows.ThemedMessageBox.Show(String content, String title, MessageBoxButton button, MessageBoxIcon icon, MessageBoxResult defaultResult, Window owner) in E:\Program Files\better-genshin-impact-LCB\BetterGenshinImpact\View\Windows\ThemedMessageBox.xaml.cs:line 132
   at BetterGenshinImpact.View.Windows.ThemedMessageBox.Warning(String message, String title) in E:\Program Files\better-genshin-impact-LCB\BetterGenshinImpact\View\Windows\ThemedMessageBox.xaml.cs:line 293
   at BetterGenshinImpact.Helpers.RuntimeHelper.CheckIntegration() in E:\Program Files\better-genshin-impact-LCB\BetterGenshinImpact\Helpers\RuntimeHelper.cs:line 159
   at BetterGenshinImpact.Helpers.RuntimeExtension.CheckIntegration(IHostBuilder app) in E:\Program Files\better-genshin-impact-LCB\BetterGenshinImpact\Helpers\RuntimeHelper.cs:line 181
   at BetterGenshinImpact.App..cctor() in E:\Program Files\better-genshin-impact-LCB\BetterGenshinImpact\App.xaml.cs:line 58
  失败 BetterGenshinImpact.UnitTest.ServiceTests.Instance.TaskTakeoverIncidentTests.TaskStatus_IncludesCurrentProcessEpoch [< 1 ms]
  错误消息:
   System.NullReferenceException : Object reference not set to an instance of an object.
  堆栈跟踪:
     at BetterGenshinImpact.UnitTest.ServiceTests.Instance.TaskTakeoverIncidentTests.TaskStatus_IncludesCurrentProcessEpoch() in E:\Program Files\better-genshin-impact-LCB\Test\BetterGenshinImpact.UnitTest\ServiceTests\Instance\TaskTakeoverIncidentTests.cs:line 44
   at System.RuntimeMethodHandle.InvokeMethod(Object target, Void** arguments, Signature sig, Boolean isConstructor)
   at System.Reflection.MethodBaseInvoker.InvokeWithNoArgs(Object obj, BindingFlags invokeAttr)
  失败 BetterGenshinImpact.UnitTest.ServiceTests.Instance.TaskTakeoverIncidentTests.TaskStatus_ExitReceipt_ReachesSameRunDescendantThroughIdentitylessAncestor [< 1 ms]
  错误消息:
   System.TypeInitializationException : The type initializer for 'BetterGenshinImpact.GameTask.Common.TaskControl' threw an exception.
---- System.TypeInitializationException : The type initializer for 'BetterGenshinImpact.App' threw an exception.
-------- System.InvalidOperationException : 调用线程必须为 STA，因为许多 UI 组件都需要。
  堆栈跟踪:
     at BetterGenshinImpact.Service.Execution.ExecutionScope.Dispose() in E:\Program Files\better-genshin-impact-LCB\BetterGenshinImpact\Service\Execution\ExecutionScope.cs:line 351
   at BetterGenshinImpact.UnitTest.ServiceTests.Instance.TaskTakeoverIncidentTests.TaskStatus_ExitReceipt_ReachesSameRunDescendantThroughIdentitylessAncestor() in E:\Program Files\better-genshin-impact-LCB\Test\BetterGenshinImpact.UnitTest\ServiceTests\Instance\TaskTakeoverIncidentTests.cs:line 1135
   at System.RuntimeMethodHandle.InvokeMethod(Object target, Void** arguments, Signature sig, Boolean isConstructor)
   at System.Reflection.MethodBaseInvoker.InvokeWithNoArgs(Object obj, BindingFlags invokeAttr)
----- Inner Stack Trace -----
   at BetterGenshinImpact.App.GetLogger[T]() in E:\Program Files\better-genshin-impact-LCB\BetterGenshinImpact\App.xaml.cs:line 234
   at BetterGenshinImpact.Core.Recognition.RecognitionObjectJsonLoader..cctor() in E:\Program Files\better-genshin-impact-LCB\BetterGenshinImpact\Core\Recognition\RecognitionObjectJsonLoader.cs:line 32
----- Inner Stack Trace -----
   at System.Windows.Input.InputManager..ctor()
   at System.Windows.Input.InputManager.GetCurrentInputManagerImpl()
   at System.Windows.Input.KeyboardNavigation..ctor()
   at System.Windows.FrameworkElement.FrameworkServices..ctor()
   at System.Windows.FrameworkElement.EnsureFrameworkServices()
   at System.Windows.FrameworkElement..ctor()
   at System.Windows.Controls.Control..ctor()
   at System.Windows.Window..ctor()
   at Wpf.Ui.Controls.FluentWindow..ctor()
   at BetterGenshinImpact.View.Windows.ThemedMessageBox..ctor() in E:\Program Files\better-genshin-impact-LCB\BetterGenshinImpact\View\Windows\ThemedMessageBox.xaml.cs:line 35
   at BetterGenshinImpact.View.Windows.ThemedMessageBox.Show(String content, String title, MessageBoxButton button, MessageBoxIcon icon, MessageBoxResult defaultResult, Window owner) in E:\Program Files\better-genshin-impact-LCB\BetterGenshinImpact\View\Windows\ThemedMessageBox.xaml.cs:line 132
   at BetterGenshinImpact.View.Windows.ThemedMessageBox.Warning(String message, String title) in E:\Program Files\better-genshin-impact-LCB\BetterGenshinImpact\View\Windows\ThemedMessageBox.xaml.cs:line 293
   at BetterGenshinImpact.Helpers.RuntimeHelper.CheckIntegration() in E:\Program Files\better-genshin-impact-LCB\BetterGenshinImpact\Helpers\RuntimeHelper.cs:line 159
   at BetterGenshinImpact.Helpers.RuntimeExtension.CheckIntegration(IHostBuilder app) in E:\Program Files\better-genshin-impact-LCB\BetterGenshinImpact\Helpers\RuntimeHelper.cs:line 181
   at BetterGenshinImpact.App..cctor() in E:\Program Files\better-genshin-impact-LCB\BetterGenshinImpact\App.xaml.cs:line 58
  失败 BetterGenshinImpact.UnitTest.ServiceTests.Instance.TaskTakeoverIncidentTests.Dispose_FromInheritedExecutionContext_DoesNotSkipParentAmbientRestore [< 1 ms]
  错误消息:
   System.TypeInitializationException : The type initializer for 'BetterGenshinImpact.GameTask.Common.TaskControl' threw an exception.
---- System.TypeInitializationException : The type initializer for 'BetterGenshinImpact.App' threw an exception.
-------- System.InvalidOperationException : 调用线程必须为 STA，因为许多 UI 组件都需要。
  堆栈跟踪:
     at BetterGenshinImpact.Service.Execution.ExecutionScope.Dispose() in E:\Program Files\better-genshin-impact-LCB\BetterGenshinImpact\Service\Execution\ExecutionScope.cs:line 351
   at System.Threading.ExecutionContext.RunFromThreadPoolDispatchLoop(Thread threadPoolThread, ExecutionContext executionContext, ContextCallback callback, Object state)
--- End of stack trace from previous location ---
   at System.Threading.ExecutionContext.RunFromThreadPoolDispatchLoop(Thread threadPoolThread, ExecutionContext executionContext, ContextCallback callback, Object state)
   at System.Threading.Tasks.Task.ExecuteWithThreadLocal(Task& currentTaskSlot, Thread threadPoolThread)
--- End of stack trace from previous location ---
   at BetterGenshinImpact.UnitTest.ServiceTests.Instance.TaskTakeoverIncidentTests.Dispose_FromInheritedExecutionContext_DoesNotSkipParentAmbientRestore() in E:\Program Files\better-genshin-impact-LCB\Test\BetterGenshinImpact.UnitTest\ServiceTests\Instance\TaskTakeoverIncidentTests.cs:line 127
--- End of stack trace from previous location ---
----- Inner Stack Trace -----
   at BetterGenshinImpact.App.GetLogger[T]() in E:\Program Files\better-genshin-impact-LCB\BetterGenshinImpact\App.xaml.cs:line 234
   at BetterGenshinImpact.Core.Recognition.RecognitionObjectJsonLoader..cctor() in E:\Program Files\better-genshin-impact-LCB\BetterGenshinImpact\Core\Recognition\RecognitionObjectJsonLoader.cs:line 32
----- Inner Stack Trace -----
   at System.Windows.Input.InputManager..ctor()
   at System.Windows.Input.InputManager.GetCurrentInputManagerImpl()
   at System.Windows.Input.KeyboardNavigation..ctor()
   at System.Windows.FrameworkElement.FrameworkServices..ctor()
   at System.Windows.FrameworkElement.EnsureFrameworkServices()
   at System.Windows.FrameworkElement..ctor()
   at System.Windows.Controls.Control..ctor()
   at System.Windows.Window..ctor()
   at Wpf.Ui.Controls.FluentWindow..ctor()
   at BetterGenshinImpact.View.Windows.ThemedMessageBox..ctor() in E:\Program Files\better-genshin-impact-LCB\BetterGenshinImpact\View\Windows\ThemedMessageBox.xaml.cs:line 35
   at BetterGenshinImpact.View.Windows.ThemedMessageBox.Show(String content, String title, MessageBoxButton button, MessageBoxIcon icon, MessageBoxResult defaultResult, Window owner) in E:\Program Files\better-genshin-impact-LCB\BetterGenshinImpact\View\Windows\ThemedMessageBox.xaml.cs:line 132
   at BetterGenshinImpact.View.Windows.ThemedMessageBox.Warning(String message, String title) in E:\Program Files\better-genshin-impact-LCB\BetterGenshinImpact\View\Windows\ThemedMessageBox.xaml.cs:line 293
   at BetterGenshinImpact.Helpers.RuntimeHelper.CheckIntegration() in E:\Program Files\better-genshin-impact-LCB\BetterGenshinImpact\Helpers\RuntimeHelper.cs:line 159
   at BetterGenshinImpact.Helpers.RuntimeExtension.CheckIntegration(IHostBuilder app) in E:\Program Files\better-genshin-impact-LCB\BetterGenshinImpact\Helpers\RuntimeHelper.cs:line 181
   at BetterGenshinImpact.App..cctor() in E:\Program Files\better-genshin-impact-LCB\BetterGenshinImpact\App.xaml.cs:line 58
  失败 BetterGenshinImpact.UnitTest.ServiceTests.Instance.TaskTakeoverIncidentTests.ExtTaskStop_WithDirectionalIdentity_DoesNotClearQueueBeforeIdentityCheck [1 ms]
  错误消息:
   Assert.Equal() Failure: Strings differ
           ↓ (pos 0)
Expected: "not_current"
Actual:   "task_stop_failed"
           ↑ (pos 0)
  堆栈跟踪:
     at BetterGenshinImpact.UnitTest.ServiceTests.Instance.TaskTakeoverIncidentTests.ExtTaskStop_WithDirectionalIdentity_DoesNotClearQueueBeforeIdentityCheck() in E:\Program Files\better-genshin-impact-LCB\Test\BetterGenshinImpact.UnitTest\ServiceTests\Instance\TaskTakeoverIncidentTests.cs:line 662
--- End of stack trace from previous location ---
  失败 BetterGenshinImpact.UnitTest.ServiceTests.Instance.TaskTakeoverIncidentTests.TaskStop_WithIdentityWhileSlotBusyWithoutRoot_ReportsIdentityUnavailable [< 1 ms]
  错误消息:
   System.TypeInitializationException : The type initializer for 'BetterGenshinImpact.GameTask.Common.TaskControl' threw an exception.
---- System.TypeInitializationException : The type initializer for 'BetterGenshinImpact.App' threw an exception.
-------- System.InvalidOperationException : 调用线程必须为 STA，因为许多 UI 组件都需要。
  堆栈跟踪:
     at BetterGenshinImpact.UnitTest.ServiceTests.Instance.TaskTakeoverIncidentTests.TaskStop_WithIdentityWhileSlotBusyWithoutRoot_ReportsIdentityUnavailable() in E:\Program Files\better-genshin-impact-LCB\Test\BetterGenshinImpact.UnitTest\ServiceTests\Instance\TaskTakeoverIncidentTests.cs:line 463
--- End of stack trace from previous location ---
----- Inner Stack Trace -----
   at BetterGenshinImpact.App.GetLogger[T]() in E:\Program Files\better-genshin-impact-LCB\BetterGenshinImpact\App.xaml.cs:line 234
   at BetterGenshinImpact.Core.Recognition.RecognitionObjectJsonLoader..cctor() in E:\Program Files\better-genshin-impact-LCB\BetterGenshinImpact\Core\Recognition\RecognitionObjectJsonLoader.cs:line 32
----- Inner Stack Trace -----
   at System.Windows.Input.InputManager..ctor()
   at System.Windows.Input.InputManager.GetCurrentInputManagerImpl()
   at System.Windows.Input.KeyboardNavigation..ctor()
   at System.Windows.FrameworkElement.FrameworkServices..ctor()
   at System.Windows.FrameworkElement.EnsureFrameworkServices()
   at System.Windows.FrameworkElement..ctor()
   at System.Windows.Controls.Control..ctor()
   at System.Windows.Window..ctor()
   at Wpf.Ui.Controls.FluentWindow..ctor()
   at BetterGenshinImpact.View.Windows.ThemedMessageBox..ctor() in E:\Program Files\better-genshin-impact-LCB\BetterGenshinImpact\View\Windows\ThemedMessageBox.xaml.cs:line 35
   at BetterGenshinImpact.View.Windows.ThemedMessageBox.Show(String content, String title, MessageBoxButton button, MessageBoxIcon icon, MessageBoxResult defaultResult, Window owner) in E:\Program Files\better-genshin-impact-LCB\BetterGenshinImpact\View\Windows\ThemedMessageBox.xaml.cs:line 132
   at BetterGenshinImpact.View.Windows.ThemedMessageBox.Warning(String message, String title) in E:\Program Files\better-genshin-impact-LCB\BetterGenshinImpact\View\Windows\ThemedMessageBox.xaml.cs:line 293
   at BetterGenshinImpact.Helpers.RuntimeHelper.CheckIntegration() in E:\Program Files\better-genshin-impact-LCB\BetterGenshinImpact\Helpers\RuntimeHelper.cs:line 159
   at BetterGenshinImpact.Helpers.RuntimeExtension.CheckIntegration(IHostBuilder app) in E:\Program Files\better-genshin-impact-LCB\BetterGenshinImpact\Helpers\RuntimeHelper.cs:line 181
   at BetterGenshinImpact.App..cctor() in E:\Program Files\better-genshin-impact-LCB\BetterGenshinImpact\App.xaml.cs:line 58
  失败 BetterGenshinImpact.UnitTest.ServiceTests.Instance.TaskTakeoverIncidentTests.ExecutionScope_AdmissionCallbackReleasingRoot_DoesNotDeliverDeadScopeNorRecordReceipt [1 ms]
  错误消息:
   System.NullReferenceException : Object reference not set to an instance of an object.
  堆栈跟踪:
     at BetterGenshinImpact.UnitTest.ServiceTests.Instance.TaskTakeoverIncidentTests.ExecutionScope_AdmissionCallbackReleasingRoot_DoesNotDeliverDeadScopeNorRecordReceipt() in E:\Program Files\better-genshin-impact-LCB\Test\BetterGenshinImpact.UnitTest\ServiceTests\Instance\TaskTakeoverIncidentTests.cs:line 893
   at System.RuntimeMethodHandle.InvokeMethod(Object target, Void** arguments, Signature sig, Boolean isConstructor)
   at System.Reflection.MethodBaseInvoker.InvokeWithNoArgs(Object obj, BindingFlags invokeAttr)
  失败 BetterGenshinImpact.UnitTest.ServiceTests.Instance.TaskTakeoverIncidentTests.ExtTaskStop_ProductionWrapper_LeavesCoordinatorUncreatedForDirectionalRequest [< 1 ms]
  错误消息:
   Assert.Equal() Failure: Strings differ
           ↓ (pos 0)
Expected: "not_current"
Actual:   "task_stop_failed"
           ↑ (pos 0)
  堆栈跟踪:
     at BetterGenshinImpact.UnitTest.ServiceTests.Instance.TaskTakeoverIncidentTests.ExtTaskStop_ProductionWrapper_LeavesCoordinatorUncreatedForDirectionalRequest() in E:\Program Files\better-genshin-impact-LCB\Test\BetterGenshinImpact.UnitTest\ServiceTests\Instance\TaskTakeoverIncidentTests.cs:line 1326
   at System.RuntimeMethodHandle.InvokeMethod(Object target, Void** arguments, Signature sig, Boolean isConstructor)
   at System.Reflection.MethodBaseInvoker.InvokeWithNoArgs(Object obj, BindingFlags invokeAttr)
  失败 BetterGenshinImpact.UnitTest.ServiceTests.Instance.TaskTakeoverIncidentTests.TaskStop_WithMissingOrMalformedEpoch_IsRejectedAsInvalidRequest [1 ms]
  错误消息:
   System.TypeInitializationException : The type initializer for 'BetterGenshinImpact.GameTask.Common.TaskControl' threw an exception.
---- System.TypeInitializationException : The type initializer for 'BetterGenshinImpact.App' threw an exception.
-------- System.InvalidOperationException : 调用线程必须为 STA，因为许多 UI 组件都需要。
  堆栈跟踪:
     at BetterGenshinImpact.Service.Execution.ExecutionScope.Dispose() in E:\Program Files\better-genshin-impact-LCB\BetterGenshinImpact\Service\Execution\ExecutionScope.cs:line 351
   at BetterGenshinImpact.UnitTest.ServiceTests.Instance.TaskTakeoverIncidentTests.TaskStop_WithMissingOrMalformedEpoch_IsRejectedAsInvalidRequest() in E:\Program Files\better-genshin-impact-LCB\Test\BetterGenshinImpact.UnitTest\ServiceTests\Instance\TaskTakeoverIncidentTests.cs:line 1257
   at System.RuntimeMethodHandle.InvokeMethod(Object target, Void** arguments, Signature sig, Boolean isConstructor)
   at System.Reflection.MethodBaseInvoker.InvokeWithNoArgs(Object obj, BindingFlags invokeAttr)
----- Inner Stack Trace -----
   at BetterGenshinImpact.App.GetLogger[T]() in E:\Program Files\better-genshin-impact-LCB\BetterGenshinImpact\App.xaml.cs:line 234
   at BetterGenshinImpact.Core.Recognition.RecognitionObjectJsonLoader..cctor() in E:\Program Files\better-genshin-impact-LCB\BetterGenshinImpact\Core\Recognition\RecognitionObjectJsonLoader.cs:line 32
----- Inner Stack Trace -----
   at System.Windows.Input.InputManager..ctor()
   at System.Windows.Input.InputManager.GetCurrentInputManagerImpl()
   at System.Windows.Input.KeyboardNavigation..ctor()
   at System.Windows.FrameworkElement.FrameworkServices..ctor()
   at System.Windows.FrameworkElement.EnsureFrameworkServices()
   at System.Windows.FrameworkElement..ctor()
   at System.Windows.Controls.Control..ctor()
   at System.Windows.Window..ctor()
   at Wpf.Ui.Controls.FluentWindow..ctor()
   at BetterGenshinImpact.View.Windows.ThemedMessageBox..ctor() in E:\Program Files\better-genshin-impact-LCB\BetterGenshinImpact\View\Windows\ThemedMessageBox.xaml.cs:line 35
   at BetterGenshinImpact.View.Windows.ThemedMessageBox.Show(String content, String title, MessageBoxButton button, MessageBoxIcon icon, MessageBoxResult defaultResult, Window owner) in E:\Program Files\better-genshin-impact-LCB\BetterGenshinImpact\View\Windows\ThemedMessageBox.xaml.cs:line 132
   at BetterGenshinImpact.View.Windows.ThemedMessageBox.Warning(String message, String title) in E:\Program Files\better-genshin-impact-LCB\BetterGenshinImpact\View\Windows\ThemedMessageBox.xaml.cs:line 293
   at BetterGenshinImpact.Helpers.RuntimeHelper.CheckIntegration() in E:\Program Files\better-genshin-impact-LCB\BetterGenshinImpact\Helpers\RuntimeHelper.cs:line 159
   at BetterGenshinImpact.Helpers.RuntimeExtension.CheckIntegration(IHostBuilder app) in E:\Program Files\better-genshin-impact-LCB\BetterGenshinImpact\Helpers\RuntimeHelper.cs:line 181
   at BetterGenshinImpact.App..cctor() in E:\Program Files\better-genshin-impact-LCB\BetterGenshinImpact\App.xaml.cs:line 58
  失败 BetterGenshinImpact.UnitTest.ServiceTests.Instance.TaskTakeoverIncidentTests.TaskStatus_ExitReceipt_WithoutRootJobId_ReportsUnknownInsteadOfZero [< 1 ms]
  错误消息:
   System.TypeInitializationException : The type initializer for 'BetterGenshinImpact.GameTask.Common.TaskControl' threw an exception.
---- System.TypeInitializationException : The type initializer for 'BetterGenshinImpact.App' threw an exception.
-------- System.InvalidOperationException : 调用线程必须为 STA，因为许多 UI 组件都需要。
  堆栈跟踪:
     at BetterGenshinImpact.Service.Execution.ExecutionScope.Dispose() in E:\Program Files\better-genshin-impact-LCB\BetterGenshinImpact\Service\Execution\ExecutionScope.cs:line 351
   at BetterGenshinImpact.UnitTest.ServiceTests.Instance.TaskTakeoverIncidentTests.TaskStatus_ExitReceipt_WithoutRootJobId_ReportsUnknownInsteadOfZero() in E:\Program Files\better-genshin-impact-LCB\Test\BetterGenshinImpact.UnitTest\ServiceTests\Instance\TaskTakeoverIncidentTests.cs:line 1152
   at System.RuntimeMethodHandle.InvokeMethod(Object target, Void** arguments, Signature sig, Boolean isConstructor)
   at System.Reflection.MethodBaseInvoker.InvokeWithNoArgs(Object obj, BindingFlags invokeAttr)
----- Inner Stack Trace -----
   at BetterGenshinImpact.App.GetLogger[T]() in E:\Program Files\better-genshin-impact-LCB\BetterGenshinImpact\App.xaml.cs:line 234
   at BetterGenshinImpact.Core.Recognition.RecognitionObjectJsonLoader..cctor() in E:\Program Files\better-genshin-impact-LCB\BetterGenshinImpact\Core\Recognition\RecognitionObjectJsonLoader.cs:line 32
----- Inner Stack Trace -----
   at System.Windows.Input.InputManager..ctor()
   at System.Windows.Input.InputManager.GetCurrentInputManagerImpl()
   at System.Windows.Input.KeyboardNavigation..ctor()
   at System.Windows.FrameworkElement.FrameworkServices..ctor()
   at System.Windows.FrameworkElement.EnsureFrameworkServices()
   at System.Windows.FrameworkElement..ctor()
   at System.Windows.Controls.Control..ctor()
   at System.Windows.Window..ctor()
   at Wpf.Ui.Controls.FluentWindow..ctor()
   at BetterGenshinImpact.View.Windows.ThemedMessageBox..ctor() in E:\Program Files\better-genshin-impact-LCB\BetterGenshinImpact\View\Windows\ThemedMessageBox.xaml.cs:line 35
   at BetterGenshinImpact.View.Windows.ThemedMessageBox.Show(String content, String title, MessageBoxButton button, MessageBoxIcon icon, MessageBoxResult defaultResult, Window owner) in E:\Program Files\better-genshin-impact-LCB\BetterGenshinImpact\View\Windows\ThemedMessageBox.xaml.cs:line 132
   at BetterGenshinImpact.View.Windows.ThemedMessageBox.Warning(String message, String title) in E:\Program Files\better-genshin-impact-LCB\BetterGenshinImpact\View\Windows\ThemedMessageBox.xaml.cs:line 293
   at BetterGenshinImpact.Helpers.RuntimeHelper.CheckIntegration() in E:\Program Files\better-genshin-impact-LCB\BetterGenshinImpact\Helpers\RuntimeHelper.cs:line 159
   at BetterGenshinImpact.Helpers.RuntimeExtension.CheckIntegration(IHostBuilder app) in E:\Program Files\better-genshin-impact-LCB\BetterGenshinImpact\Helpers\RuntimeHelper.cs:line 181
   at BetterGenshinImpact.App..cctor() in E:\Program Files\better-genshin-impact-LCB\BetterGenshinImpact\App.xaml.cs:line 58
  失败 BetterGenshinImpact.UnitTest.ServiceTests.Instance.TaskTakeoverIncidentTests.TaskStatus_ExitReceipt_StopSourceReflectsAttributedEntry_NotDefaultStopReason [< 1 ms]
  错误消息:
   System.TypeInitializationException : The type initializer for 'BetterGenshinImpact.GameTask.Common.TaskControl' threw an exception.
---- System.TypeInitializationException : The type initializer for 'BetterGenshinImpact.App' threw an exception.
-------- System.InvalidOperationException : 调用线程必须为 STA，因为许多 UI 组件都需要。
  堆栈跟踪:
     at BetterGenshinImpact.Service.Execution.ExecutionScope.Dispose() in E:\Program Files\better-genshin-impact-LCB\BetterGenshinImpact\Service\Execution\ExecutionScope.cs:line 351
   at BetterGenshinImpact.UnitTest.ServiceTests.Instance.TaskTakeoverIncidentTests.TaskStatus_ExitReceipt_StopSourceReflectsAttributedEntry_NotDefaultStopReason() in E:\Program Files\better-genshin-impact-LCB\Test\BetterGenshinImpact.UnitTest\ServiceTests\Instance\TaskTakeoverIncidentTests.cs:line 1013
   at System.RuntimeMethodHandle.InvokeMethod(Object target, Void** arguments, Signature sig, Boolean isConstructor)
   at System.Reflection.MethodBaseInvoker.InvokeWithNoArgs(Object obj, BindingFlags invokeAttr)
----- Inner Stack Trace -----
   at BetterGenshinImpact.App.GetLogger[T]() in E:\Program Files\better-genshin-impact-LCB\BetterGenshinImpact\App.xaml.cs:line 234
   at BetterGenshinImpact.Core.Recognition.RecognitionObjectJsonLoader..cctor() in E:\Program Files\better-genshin-impact-LCB\BetterGenshinImpact\Core\Recognition\RecognitionObjectJsonLoader.cs:line 32
----- Inner Stack Trace -----
   at System.Windows.Input.InputManager..ctor()
   at System.Windows.Input.InputManager.GetCurrentInputManagerImpl()
   at System.Windows.Input.KeyboardNavigation..ctor()
   at System.Windows.FrameworkElement.FrameworkServices..ctor()
   at System.Windows.FrameworkElement.EnsureFrameworkServices()
   at System.Windows.FrameworkElement..ctor()
   at System.Windows.Controls.Control..ctor()
   at System.Windows.Window..ctor()
   at Wpf.Ui.Controls.FluentWindow..ctor()
   at BetterGenshinImpact.View.Windows.ThemedMessageBox..ctor() in E:\Program Files\better-genshin-impact-LCB\BetterGenshinImpact\View\Windows\ThemedMessageBox.xaml.cs:line 35
   at BetterGenshinImpact.View.Windows.ThemedMessageBox.Show(String content, String title, MessageBoxButton button, MessageBoxIcon icon, MessageBoxResult defaultResult, Window owner) in E:\Program Files\better-genshin-impact-LCB\BetterGenshinImpact\View\Windows\ThemedMessageBox.xaml.cs:line 132
   at BetterGenshinImpact.View.Windows.ThemedMessageBox.Warning(String message, String title) in E:\Program Files\better-genshin-impact-LCB\BetterGenshinImpact\View\Windows\ThemedMessageBox.xaml.cs:line 293
   at BetterGenshinImpact.Helpers.RuntimeHelper.CheckIntegration() in E:\Program Files\better-genshin-impact-LCB\BetterGenshinImpact\Helpers\RuntimeHelper.cs:line 159
   at BetterGenshinImpact.Helpers.RuntimeExtension.CheckIntegration(IHostBuilder app) in E:\Program Files\better-genshin-impact-LCB\BetterGenshinImpact\Helpers\RuntimeHelper.cs:line 181
   at BetterGenshinImpact.App..cctor() in E:\Program Files\better-genshin-impact-LCB\BetterGenshinImpact\App.xaml.cs:line 58
  失败 BetterGenshinImpact.UnitTest.ServiceTests.Instance.TaskTakeoverIncidentTests.TryRequestPreempt_RunsCallbacksOutsideRootLock_AndCannotCancelReplacement [1 ms]
  错误消息:
   System.TypeInitializationException : The type initializer for 'BetterGenshinImpact.GameTask.Common.TaskControl' threw an exception.
---- System.TypeInitializationException : The type initializer for 'BetterGenshinImpact.App' threw an exception.
-------- System.InvalidOperationException : 调用线程必须为 STA，因为许多 UI 组件都需要。
  堆栈跟踪:
     at BetterGenshinImpact.Service.Execution.ExecutionScope.Dispose() in E:\Program Files\better-genshin-impact-LCB\BetterGenshinImpact\Service\Execution\ExecutionScope.cs:line 351
   at BetterGenshinImpact.UnitTest.ServiceTests.Instance.TaskTakeoverIncidentTests.TryRequestPreempt_RunsCallbacksOutsideRootLock_AndCannotCancelReplacement() in E:\Program Files\better-genshin-impact-LCB\Test\BetterGenshinImpact.UnitTest\ServiceTests\Instance\TaskTakeoverIncidentTests.cs:line 207
--- End of stack trace from previous location ---
----- Inner Stack Trace -----
   at BetterGenshinImpact.App.GetLogger[T]() in E:\Program Files\better-genshin-impact-LCB\BetterGenshinImpact\App.xaml.cs:line 234
   at BetterGenshinImpact.Core.Recognition.RecognitionObjectJsonLoader..cctor() in E:\Program Files\better-genshin-impact-LCB\BetterGenshinImpact\Core\Recognition\RecognitionObjectJsonLoader.cs:line 32
----- Inner Stack Trace -----
   at System.Windows.Input.InputManager..ctor()
   at System.Windows.Input.InputManager.GetCurrentInputManagerImpl()
   at System.Windows.Input.KeyboardNavigation..ctor()
   at System.Windows.FrameworkElement.FrameworkServices..ctor()
   at System.Windows.FrameworkElement.EnsureFrameworkServices()
   at System.Windows.FrameworkElement..ctor()
   at System.Windows.Controls.Control..ctor()
   at System.Windows.Window..ctor()
   at Wpf.Ui.Controls.FluentWindow..ctor()
   at BetterGenshinImpact.View.Windows.ThemedMessageBox..ctor() in E:\Program Files\better-genshin-impact-LCB\BetterGenshinImpact\View\Windows\ThemedMessageBox.xaml.cs:line 35
   at BetterGenshinImpact.View.Windows.ThemedMessageBox.Show(String content, String title, MessageBoxButton button, MessageBoxIcon icon, MessageBoxResult defaultResult, Window owner) in E:\Program Files\better-genshin-impact-LCB\BetterGenshinImpact\View\Windows\ThemedMessageBox.xaml.cs:line 132
   at BetterGenshinImpact.View.Windows.ThemedMessageBox.Warning(String message, String title) in E:\Program Files\better-genshin-impact-LCB\BetterGenshinImpact\View\Windows\ThemedMessageBox.xaml.cs:line 293
   at BetterGenshinImpact.Helpers.RuntimeHelper.CheckIntegration() in E:\Program Files\better-genshin-impact-LCB\BetterGenshinImpact\Helpers\RuntimeHelper.cs:line 159
   at BetterGenshinImpact.Helpers.RuntimeExtension.CheckIntegration(IHostBuilder app) in E:\Program Files\better-genshin-impact-LCB\BetterGenshinImpact\Helpers\RuntimeHelper.cs:line 181
   at BetterGenshinImpact.App..cctor() in E:\Program Files\better-genshin-impact-LCB\BetterGenshinImpact\App.xaml.cs:line 58
  失败 BetterGenshinImpact.UnitTest.ServiceTests.Instance.TaskTakeoverIncidentTests.TaskStatus_ExposesVersionedExecutionIdentity_OnBothStatusChannels [< 1 ms]
  错误消息:
   System.TypeInitializationException : The type initializer for 'BetterGenshinImpact.GameTask.Common.TaskControl' threw an exception.
---- System.TypeInitializationException : The type initializer for 'BetterGenshinImpact.App' threw an exception.
-------- System.InvalidOperationException : 调用线程必须为 STA，因为许多 UI 组件都需要。
  堆栈跟踪:
     at BetterGenshinImpact.Service.Execution.ExecutionScope.Dispose() in E:\Program Files\better-genshin-impact-LCB\BetterGenshinImpact\Service\Execution\ExecutionScope.cs:line 351
   at BetterGenshinImpact.UnitTest.ServiceTests.Instance.TaskTakeoverIncidentTests.TaskStatus_ExposesVersionedExecutionIdentity_OnBothStatusChannels() in E:\Program Files\better-genshin-impact-LCB\Test\BetterGenshinImpact.UnitTest\ServiceTests\Instance\TaskTakeoverIncidentTests.cs:line 98
   at System.RuntimeMethodHandle.InvokeMethod(Object target, Void** arguments, Signature sig, Boolean isConstructor)
   at System.Reflection.MethodBaseInvoker.InvokeWithNoArgs(Object obj, BindingFlags invokeAttr)
----- Inner Stack Trace -----
   at BetterGenshinImpact.App.GetLogger[T]() in E:\Program Files\better-genshin-impact-LCB\BetterGenshinImpact\App.xaml.cs:line 234
   at BetterGenshinImpact.Core.Recognition.RecognitionObjectJsonLoader..cctor() in E:\Program Files\better-genshin-impact-LCB\BetterGenshinImpact\Core\Recognition\RecognitionObjectJsonLoader.cs:line 32
----- Inner Stack Trace -----
   at System.Windows.Input.InputManager..ctor()
   at System.Windows.Input.InputManager.GetCurrentInputManagerImpl()
   at System.Windows.Input.KeyboardNavigation..ctor()
   at System.Windows.FrameworkElement.FrameworkServices..ctor()
   at System.Windows.FrameworkElement.EnsureFrameworkServices()
   at System.Windows.FrameworkElement..ctor()
   at System.Windows.Controls.Control..ctor()
   at System.Windows.Window..ctor()
   at Wpf.Ui.Controls.FluentWindow..ctor()
   at BetterGenshinImpact.View.Windows.ThemedMessageBox..ctor() in E:\Program Files\better-genshin-impact-LCB\BetterGenshinImpact\View\Windows\ThemedMessageBox.xaml.cs:line 35
   at BetterGenshinImpact.View.Windows.ThemedMessageBox.Show(String content, String title, MessageBoxButton button, MessageBoxIcon icon, MessageBoxResult defaultResult, Window owner) in E:\Program Files\better-genshin-impact-LCB\BetterGenshinImpact\View\Windows\ThemedMessageBox.xaml.cs:line 132
   at BetterGenshinImpact.View.Windows.ThemedMessageBox.Warning(String message, String title) in E:\Program Files\better-genshin-impact-LCB\BetterGenshinImpact\View\Windows\ThemedMessageBox.xaml.cs:line 293
   at BetterGenshinImpact.Helpers.RuntimeHelper.CheckIntegration() in E:\Program Files\better-genshin-impact-LCB\BetterGenshinImpact\Helpers\RuntimeHelper.cs:line 159
   at BetterGenshinImpact.Helpers.RuntimeExtension.CheckIntegration(IHostBuilder app) in E:\Program Files\better-genshin-impact-LCB\BetterGenshinImpact\Helpers\RuntimeHelper.cs:line 181
   at BetterGenshinImpact.App..cctor() in E:\Program Files\better-genshin-impact-LCB\BetterGenshinImpact\App.xaml.cs:line 58
  失败 BetterGenshinImpact.UnitTest.ServiceTests.Instance.TaskTakeoverIncidentTests.TaskStatus_ExitQuery_WithMalformedIdentityShape_ReportsInvalidIdentityNotFailure [1 ms]
  错误消息:
   Assert.True() Failure
Expected: True
Actual:   False
  堆栈跟踪:
     at BetterGenshinImpact.UnitTest.ServiceTests.Instance.TaskTakeoverIncidentTests.TaskStatus_ExitQuery_WithMalformedIdentityShape_ReportsInvalidIdentityNotFailure() in E:\Program Files\better-genshin-impact-LCB\Test\BetterGenshinImpact.UnitTest\ServiceTests\Instance\TaskTakeoverIncidentTests.cs:line 964
   at System.RuntimeMethodHandle.InvokeMethod(Object target, Void** arguments, Signature sig, Boolean isConstructor)
   at System.Reflection.MethodBaseInvoker.InvokeWithNoArgs(Object obj, BindingFlags invokeAttr)
  失败 BetterGenshinImpact.UnitTest.ServiceTests.Instance.TaskTakeoverIncidentTests.TaskStatus_ExitReceipt_WithoutRegisteredDescendants_IsNotEvidenceAboutUnregisteredLeaves [< 1 ms]
  错误消息:
   System.TypeInitializationException : The type initializer for 'BetterGenshinImpact.GameTask.Common.TaskControl' threw an exception.
---- System.TypeInitializationException : The type initializer for 'BetterGenshinImpact.App' threw an exception.
-------- System.InvalidOperationException : 调用线程必须为 STA，因为许多 UI 组件都需要。
  堆栈跟踪:
     at BetterGenshinImpact.Service.Execution.ExecutionScope.Dispose() in E:\Program Files\better-genshin-impact-LCB\BetterGenshinImpact\Service\Execution\ExecutionScope.cs:line 351
   at BetterGenshinImpact.UnitTest.ServiceTests.Instance.TaskTakeoverIncidentTests.TaskStatus_ExitReceipt_WithoutRegisteredDescendants_IsNotEvidenceAboutUnregisteredLeaves() in E:\Program Files\better-genshin-impact-LCB\Test\BetterGenshinImpact.UnitTest\ServiceTests\Instance\TaskTakeoverIncidentTests.cs:line 1077
   at System.RuntimeMethodHandle.InvokeMethod(Object target, Void** arguments, Signature sig, Boolean isConstructor)
   at System.Reflection.MethodBaseInvoker.InvokeWithNoArgs(Object obj, BindingFlags invokeAttr)
----- Inner Stack Trace -----
   at BetterGenshinImpact.App.GetLogger[T]() in E:\Program Files\better-genshin-impact-LCB\BetterGenshinImpact\App.xaml.cs:line 234
   at BetterGenshinImpact.Core.Recognition.RecognitionObjectJsonLoader..cctor() in E:\Program Files\better-genshin-impact-LCB\BetterGenshinImpact\Core\Recognition\RecognitionObjectJsonLoader.cs:line 32
----- Inner Stack Trace -----
   at System.Windows.Input.InputManager..ctor()
   at System.Windows.Input.InputManager.GetCurrentInputManagerImpl()
   at System.Windows.Input.KeyboardNavigation..ctor()
   at System.Windows.FrameworkElement.FrameworkServices..ctor()
   at System.Windows.FrameworkElement.EnsureFrameworkServices()
   at System.Windows.FrameworkElement..ctor()
   at System.Windows.Controls.Control..ctor()
   at System.Windows.Window..ctor()
   at Wpf.Ui.Controls.FluentWindow..ctor()
   at BetterGenshinImpact.View.Windows.ThemedMessageBox..ctor() in E:\Program Files\better-genshin-impact-LCB\BetterGenshinImpact\View\Windows\ThemedMessageBox.xaml.cs:line 35
   at BetterGenshinImpact.View.Windows.ThemedMessageBox.Show(String content, String title, MessageBoxButton button, MessageBoxIcon icon, MessageBoxResult defaultResult, Window owner) in E:\Program Files\better-genshin-impact-LCB\BetterGenshinImpact\View\Windows\ThemedMessageBox.xaml.cs:line 132
   at BetterGenshinImpact.View.Windows.ThemedMessageBox.Warning(String message, String title) in E:\Program Files\better-genshin-impact-LCB\BetterGenshinImpact\View\Windows\ThemedMessageBox.xaml.cs:line 293
   at BetterGenshinImpact.Helpers.RuntimeHelper.CheckIntegration() in E:\Program Files\better-genshin-impact-LCB\BetterGenshinImpact\Helpers\RuntimeHelper.cs:line 159
   at BetterGenshinImpact.Helpers.RuntimeExtension.CheckIntegration(IHostBuilder app) in E:\Program Files\better-genshin-impact-LCB\BetterGenshinImpact\Helpers\RuntimeHelper.cs:line 181
   at BetterGenshinImpact.App..cctor() in E:\Program Files\better-genshin-impact-LCB\BetterGenshinImpact\App.xaml.cs:line 58
  失败 BetterGenshinImpact.UnitTest.ServiceTests.Instance.TaskTakeoverIncidentTests.TaskStop_DirectionalRequest_PreservesResumeIntentTicketAndCooldownWindow [< 1 ms]
  错误消息:
   System.TypeInitializationException : The type initializer for 'BetterGenshinImpact.GameTask.Common.TaskControl' threw an exception.
---- System.TypeInitializationException : The type initializer for 'BetterGenshinImpact.App' threw an exception.
-------- System.InvalidOperationException : 调用线程必须为 STA，因为许多 UI 组件都需要。
  堆栈跟踪:
     at BetterGenshinImpact.Service.Execution.ExecutionScope.Dispose() in E:\Program Files\better-genshin-impact-LCB\BetterGenshinImpact\Service\Execution\ExecutionScope.cs:line 351
   at BetterGenshinImpact.UnitTest.ServiceTests.Instance.TaskTakeoverIncidentTests.TaskStop_DirectionalRequest_PreservesResumeIntentTicketAndCooldownWindow() in E:\Program Files\better-genshin-impact-LCB\Test\BetterGenshinImpact.UnitTest\ServiceTests\Instance\TaskTakeoverIncidentTests.cs:line 577
   at System.RuntimeMethodHandle.InvokeMethod(Object target, Void** arguments, Signature sig, Boolean isConstructor)
   at System.Reflection.MethodBaseInvoker.InvokeWithNoArgs(Object obj, BindingFlags invokeAttr)
----- Inner Stack Trace -----
   at BetterGenshinImpact.App.GetLogger[T]() in E:\Program Files\better-genshin-impact-LCB\BetterGenshinImpact\App.xaml.cs:line 234
   at BetterGenshinImpact.Core.Recognition.RecognitionObjectJsonLoader..cctor() in E:\Program Files\better-genshin-impact-LCB\BetterGenshinImpact\Core\Recognition\RecognitionObjectJsonLoader.cs:line 32
----- Inner Stack Trace -----
   at System.Windows.Input.InputManager..ctor()
   at System.Windows.Input.InputManager.GetCurrentInputManagerImpl()
   at System.Windows.Input.KeyboardNavigation..ctor()
   at System.Windows.FrameworkElement.FrameworkServices..ctor()
   at System.Windows.FrameworkElement.EnsureFrameworkServices()
   at System.Windows.FrameworkElement..ctor()
   at System.Windows.Controls.Control..ctor()
   at System.Windows.Window..ctor()
   at Wpf.Ui.Controls.FluentWindow..ctor()
   at BetterGenshinImpact.View.Windows.ThemedMessageBox..ctor() in E:\Program Files\better-genshin-impact-LCB\BetterGenshinImpact\View\Windows\ThemedMessageBox.xaml.cs:line 35
   at BetterGenshinImpact.View.Windows.ThemedMessageBox.Show(String content, String title, MessageBoxButton button, MessageBoxIcon icon, MessageBoxResult defaultResult, Window owner) in E:\Program Files\better-genshin-impact-LCB\BetterGenshinImpact\View\Windows\ThemedMessageBox.xaml.cs:line 132
   at BetterGenshinImpact.View.Windows.ThemedMessageBox.Warning(String message, String title) in E:\Program Files\better-genshin-impact-LCB\BetterGenshinImpact\View\Windows\ThemedMessageBox.xaml.cs:line 293
   at BetterGenshinImpact.Helpers.RuntimeHelper.CheckIntegration() in E:\Program Files\better-genshin-impact-LCB\BetterGenshinImpact\Helpers\RuntimeHelper.cs:line 159
   at BetterGenshinImpact.Helpers.RuntimeExtension.CheckIntegration(IHostBuilder app) in E:\Program Files\better-genshin-impact-LCB\BetterGenshinImpact\Helpers\RuntimeHelper.cs:line 181
   at BetterGenshinImpact.App..cctor() in E:\Program Files\better-genshin-impact-LCB\BetterGenshinImpact\App.xaml.cs:line 58
  失败 BetterGenshinImpact.UnitTest.ServiceTests.Instance.TaskTakeoverIncidentTests.TaskStop_WithStaleExecutionIdentity_DoesNotCancelSuccessorRoot [< 1 ms]
  错误消息:
   System.TypeInitializationException : The type initializer for 'BetterGenshinImpact.GameTask.Common.TaskControl' threw an exception.
---- System.TypeInitializationException : The type initializer for 'BetterGenshinImpact.App' threw an exception.
-------- System.InvalidOperationException : 调用线程必须为 STA，因为许多 UI 组件都需要。
  堆栈跟踪:
     at BetterGenshinImpact.Service.Execution.ExecutionScope.Dispose() in E:\Program Files\better-genshin-impact-LCB\BetterGenshinImpact\Service\Execution\ExecutionScope.cs:line 351
   at BetterGenshinImpact.UnitTest.ServiceTests.Instance.TaskTakeoverIncidentTests.TaskStop_WithStaleExecutionIdentity_DoesNotCancelSuccessorRoot() in E:\Program Files\better-genshin-impact-LCB\Test\BetterGenshinImpact.UnitTest\ServiceTests\Instance\TaskTakeoverIncidentTests.cs:line 369
   at System.RuntimeMethodHandle.InvokeMethod(Object target, Void** arguments, Signature sig, Boolean isConstructor)
   at System.Reflection.MethodBaseInvoker.InvokeWithNoArgs(Object obj, BindingFlags invokeAttr)
----- Inner Stack Trace -----
   at BetterGenshinImpact.App.GetLogger[T]() in E:\Program Files\better-genshin-impact-LCB\BetterGenshinImpact\App.xaml.cs:line 234
   at BetterGenshinImpact.Core.Recognition.RecognitionObjectJsonLoader..cctor() in E:\Program Files\better-genshin-impact-LCB\BetterGenshinImpact\Core\Recognition\RecognitionObjectJsonLoader.cs:line 32
----- Inner Stack Trace -----
   at System.Windows.Input.InputManager..ctor()
   at System.Windows.Input.InputManager.GetCurrentInputManagerImpl()
   at System.Windows.Input.KeyboardNavigation..ctor()
   at System.Windows.FrameworkElement.FrameworkServices..ctor()
   at System.Windows.FrameworkElement.EnsureFrameworkServices()
   at System.Windows.FrameworkElement..ctor()
   at System.Windows.Controls.Control..ctor()
   at System.Windows.Window..ctor()
   at Wpf.Ui.Controls.FluentWindow..ctor()
   at BetterGenshinImpact.View.Windows.ThemedMessageBox..ctor() in E:\Program Files\better-genshin-impact-LCB\BetterGenshinImpact\View\Windows\ThemedMessageBox.xaml.cs:line 35
   at BetterGenshinImpact.View.Windows.ThemedMessageBox.Show(String content, String title, MessageBoxButton button, MessageBoxIcon icon, MessageBoxResult defaultResult, Window owner) in E:\Program Files\better-genshin-impact-LCB\BetterGenshinImpact\View\Windows\ThemedMessageBox.xaml.cs:line 132
   at BetterGenshinImpact.View.Windows.ThemedMessageBox.Warning(String message, String title) in E:\Program Files\better-genshin-impact-LCB\BetterGenshinImpact\View\Windows\ThemedMessageBox.xaml.cs:line 293
   at BetterGenshinImpact.Helpers.RuntimeHelper.CheckIntegration() in E:\Program Files\better-genshin-impact-LCB\BetterGenshinImpact\Helpers\RuntimeHelper.cs:line 159
   at BetterGenshinImpact.Helpers.RuntimeExtension.CheckIntegration(IHostBuilder app) in E:\Program Files\better-genshin-impact-LCB\BetterGenshinImpact\Helpers\RuntimeHelper.cs:line 181
   at BetterGenshinImpact.App..cctor() in E:\Program Files\better-genshin-impact-LCB\BetterGenshinImpact\App.xaml.cs:line 58
  失败 BetterGenshinImpact.UnitTest.ServiceTests.Instance.TaskTakeoverIncidentTests.TaskStatus_ExitReceipt_WithoutObservedOutcome_DoesNotPublishResultOrStopReason [< 1 ms]
  错误消息:
   System.TypeInitializationException : The type initializer for 'BetterGenshinImpact.GameTask.Common.TaskControl' threw an exception.
---- System.TypeInitializationException : The type initializer for 'BetterGenshinImpact.App' threw an exception.
-------- System.InvalidOperationException : 调用线程必须为 STA，因为许多 UI 组件都需要。
  堆栈跟踪:
     at BetterGenshinImpact.Service.Execution.ExecutionScope.Dispose() in E:\Program Files\better-genshin-impact-LCB\BetterGenshinImpact\Service\Execution\ExecutionScope.cs:line 351
   at BetterGenshinImpact.UnitTest.ServiceTests.Instance.TaskTakeoverIncidentTests.TaskStatus_ExitReceipt_WithoutObservedOutcome_DoesNotPublishResultOrStopReason() in E:\Program Files\better-genshin-impact-LCB\Test\BetterGenshinImpact.UnitTest\ServiceTests\Instance\TaskTakeoverIncidentTests.cs:line 995
   at System.RuntimeMethodHandle.InvokeMethod(Object target, Void** arguments, Signature sig, Boolean isConstructor)
   at System.Reflection.MethodBaseInvoker.InvokeWithNoArgs(Object obj, BindingFlags invokeAttr)
----- Inner Stack Trace -----
   at BetterGenshinImpact.App.GetLogger[T]() in E:\Program Files\better-genshin-impact-LCB\BetterGenshinImpact\App.xaml.cs:line 234
   at BetterGenshinImpact.Core.Recognition.RecognitionObjectJsonLoader..cctor() in E:\Program Files\better-genshin-impact-LCB\BetterGenshinImpact\Core\Recognition\RecognitionObjectJsonLoader.cs:line 32
----- Inner Stack Trace -----
   at System.Windows.Input.InputManager..ctor()
   at System.Windows.Input.InputManager.GetCurrentInputManagerImpl()
   at System.Windows.Input.KeyboardNavigation..ctor()
   at System.Windows.FrameworkElement.FrameworkServices..ctor()
   at System.Windows.FrameworkElement.EnsureFrameworkServices()
   at System.Windows.FrameworkElement..ctor()
   at System.Windows.Controls.Control..ctor()
   at System.Windows.Window..ctor()
   at Wpf.Ui.Controls.FluentWindow..ctor()
   at BetterGenshinImpact.View.Windows.ThemedMessageBox..ctor() in E:\Program Files\better-genshin-impact-LCB\BetterGenshinImpact\View\Windows\ThemedMessageBox.xaml.cs:line 35
   at BetterGenshinImpact.View.Windows.ThemedMessageBox.Show(String content, String title, MessageBoxButton button, MessageBoxIcon icon, MessageBoxResult defaultResult, Window owner) in E:\Program Files\better-genshin-impact-LCB\BetterGenshinImpact\View\Windows\ThemedMessageBox.xaml.cs:line 132
   at BetterGenshinImpact.View.Windows.ThemedMessageBox.Warning(String message, String title) in E:\Program Files\better-genshin-impact-LCB\BetterGenshinImpact\View\Windows\ThemedMessageBox.xaml.cs:line 293
   at BetterGenshinImpact.Helpers.RuntimeHelper.CheckIntegration() in E:\Program Files\better-genshin-impact-LCB\BetterGenshinImpact\Helpers\RuntimeHelper.cs:line 159
   at BetterGenshinImpact.Helpers.RuntimeExtension.CheckIntegration(IHostBuilder app) in E:\Program Files\better-genshin-impact-LCB\BetterGenshinImpact\Helpers\RuntimeHelper.cs:line 181
   at BetterGenshinImpact.App..cctor() in E:\Program Files\better-genshin-impact-LCB\BetterGenshinImpact\App.xaml.cs:line 58
  失败 BetterGenshinImpact.UnitTest.ServiceTests.Instance.TaskTakeoverIncidentTests.TaskStatus_ExitReceipt_DetectsDeepOutstandingDescendant [< 1 ms]
  错误消息:
   System.TypeInitializationException : The type initializer for 'BetterGenshinImpact.GameTask.Common.TaskControl' threw an exception.
---- System.TypeInitializationException : The type initializer for 'BetterGenshinImpact.App' threw an exception.
-------- System.InvalidOperationException : 调用线程必须为 STA，因为许多 UI 组件都需要。
  堆栈跟踪:
     at BetterGenshinImpact.Service.Execution.ExecutionScope.Dispose() in E:\Program Files\better-genshin-impact-LCB\BetterGenshinImpact\Service\Execution\ExecutionScope.cs:line 351
   at BetterGenshinImpact.UnitTest.ServiceTests.Instance.TaskTakeoverIncidentTests.TaskStatus_ExitReceipt_DetectsDeepOutstandingDescendant() in E:\Program Files\better-genshin-impact-LCB\Test\BetterGenshinImpact.UnitTest\ServiceTests\Instance\TaskTakeoverIncidentTests.cs:line 1174
   at System.RuntimeMethodHandle.InvokeMethod(Object target, Void** arguments, Signature sig, Boolean isConstructor)
   at System.Reflection.MethodBaseInvoker.InvokeWithNoArgs(Object obj, BindingFlags invokeAttr)
----- Inner Stack Trace -----
   at BetterGenshinImpact.App.GetLogger[T]() in E:\Program Files\better-genshin-impact-LCB\BetterGenshinImpact\App.xaml.cs:line 234
   at BetterGenshinImpact.Core.Recognition.RecognitionObjectJsonLoader..cctor() in E:\Program Files\better-genshin-impact-LCB\BetterGenshinImpact\Core\Recognition\RecognitionObjectJsonLoader.cs:line 32
----- Inner Stack Trace -----
   at System.Windows.Input.InputManager..ctor()
   at System.Windows.Input.InputManager.GetCurrentInputManagerImpl()
   at System.Windows.Input.KeyboardNavigation..ctor()
   at System.Windows.FrameworkElement.FrameworkServices..ctor()
   at System.Windows.FrameworkElement.EnsureFrameworkServices()
   at System.Windows.FrameworkElement..ctor()
   at System.Windows.Controls.Control..ctor()
   at System.Windows.Window..ctor()
   at Wpf.Ui.Controls.FluentWindow..ctor()
   at BetterGenshinImpact.View.Windows.ThemedMessageBox..ctor() in E:\Program Files\better-genshin-impact-LCB\BetterGenshinImpact\View\Windows\ThemedMessageBox.xaml.cs:line 35
   at BetterGenshinImpact.View.Windows.ThemedMessageBox.Show(String content, String title, MessageBoxButton button, MessageBoxIcon icon, MessageBoxResult defaultResult, Window owner) in E:\Program Files\better-genshin-impact-LCB\BetterGenshinImpact\View\Windows\ThemedMessageBox.xaml.cs:line 132
   at BetterGenshinImpact.View.Windows.ThemedMessageBox.Warning(String message, String title) in E:\Program Files\better-genshin-impact-LCB\BetterGenshinImpact\View\Windows\ThemedMessageBox.xaml.cs:line 293
   at BetterGenshinImpact.Helpers.RuntimeHelper.CheckIntegration() in E:\Program Files\better-genshin-impact-LCB\BetterGenshinImpact\Helpers\RuntimeHelper.cs:line 159
   at BetterGenshinImpact.Helpers.RuntimeExtension.CheckIntegration(IHostBuilder app) in E:\Program Files\better-genshin-impact-LCB\BetterGenshinImpact\Helpers\RuntimeHelper.cs:line 181
   at BetterGenshinImpact.App..cctor() in E:\Program Files\better-genshin-impact-LCB\BetterGenshinImpact\App.xaml.cs:line 58
  失败 BetterGenshinImpact.UnitTest.ServiceTests.Instance.TaskTakeoverIncidentTests.RemovedConfiguration_RejectsResumeWithoutConsumingVictim [< 1 ms]
  错误消息:
   Assert.Equal() Failure: Strings differ
           ↓ (pos 0)
Expected: "configuration_changed"
Actual:   "task_resume_failed"
           ↑ (pos 0)
  堆栈跟踪:
     at BetterGenshinImpact.UnitTest.ServiceTests.Instance.TaskTakeoverIncidentTests.RemovedConfiguration_RejectsResumeWithoutConsumingVictim() in E:\Program Files\better-genshin-impact-LCB\Test\BetterGenshinImpact.UnitTest\ServiceTests\Instance\TaskTakeoverIncidentTests.cs:line 302
--- End of stack trace from previous location ---
  失败 BetterGenshinImpact.UnitTest.ServiceTests.Instance.TaskTakeoverIncidentTests.TaskStop_WithNonStringOrOverflowingIdentityFields_IsRejectedAsInvalidRequest [6 ms]
  错误消息:
   System.TypeInitializationException : The type initializer for 'BetterGenshinImpact.GameTask.Common.TaskControl' threw an exception.
---- System.TypeInitializationException : The type initializer for 'BetterGenshinImpact.App' threw an exception.
-------- System.InvalidOperationException : 调用线程必须为 STA，因为许多 UI 组件都需要。
  堆栈跟踪:
     at BetterGenshinImpact.Service.Execution.ExecutionScope.Dispose() in E:\Program Files\better-genshin-impact-LCB\BetterGenshinImpact\Service\Execution\ExecutionScope.cs:line 351
   at BetterGenshinImpact.UnitTest.ServiceTests.Instance.TaskTakeoverIncidentTests.TaskStop_WithNonStringOrOverflowingIdentityFields_IsRejectedAsInvalidRequest() in E:\Program Files\better-genshin-impact-LCB\Test\BetterGenshinImpact.UnitTest\ServiceTests\Instance\TaskTakeoverIncidentTests.cs:line 1309
   at System.RuntimeMethodHandle.InvokeMethod(Object target, Void** arguments, Signature sig, Boolean isConstructor)
   at System.Reflection.MethodBaseInvoker.InvokeWithNoArgs(Object obj, BindingFlags invokeAttr)
----- Inner Stack Trace -----
   at BetterGenshinImpact.App.GetLogger[T]() in E:\Program Files\better-genshin-impact-LCB\BetterGenshinImpact\App.xaml.cs:line 234
   at BetterGenshinImpact.Core.Recognition.RecognitionObjectJsonLoader..cctor() in E:\Program Files\better-genshin-impact-LCB\BetterGenshinImpact\Core\Recognition\RecognitionObjectJsonLoader.cs:line 32
----- Inner Stack Trace -----
   at System.Windows.Input.InputManager..ctor()
   at System.Windows.Input.InputManager.GetCurrentInputManagerImpl()
   at System.Windows.Input.KeyboardNavigation..ctor()
   at System.Windows.FrameworkElement.FrameworkServices..ctor()
   at System.Windows.FrameworkElement.EnsureFrameworkServices()
   at System.Windows.FrameworkElement..ctor()
   at System.Windows.Controls.Control..ctor()
   at System.Windows.Window..ctor()
   at Wpf.Ui.Controls.FluentWindow..ctor()
   at BetterGenshinImpact.View.Windows.ThemedMessageBox..ctor() in E:\Program Files\better-genshin-impact-LCB\BetterGenshinImpact\View\Windows\ThemedMessageBox.xaml.cs:line 35
   at BetterGenshinImpact.View.Windows.ThemedMessageBox.Show(String content, String title, MessageBoxButton button, MessageBoxIcon icon, MessageBoxResult defaultResult, Window owner) in E:\Program Files\better-genshin-impact-LCB\BetterGenshinImpact\View\Windows\ThemedMessageBox.xaml.cs:line 132
   at BetterGenshinImpact.View.Windows.ThemedMessageBox.Warning(String message, String title) in E:\Program Files\better-genshin-impact-LCB\BetterGenshinImpact\View\Windows\ThemedMessageBox.xaml.cs:line 293
   at BetterGenshinImpact.Helpers.RuntimeHelper.CheckIntegration() in E:\Program Files\better-genshin-impact-LCB\BetterGenshinImpact\Helpers\RuntimeHelper.cs:line 159
   at BetterGenshinImpact.Helpers.RuntimeExtension.CheckIntegration(IHostBuilder app) in E:\Program Files\better-genshin-impact-LCB\BetterGenshinImpact\Helpers\RuntimeHelper.cs:line 181
   at BetterGenshinImpact.App..cctor() in E:\Program Files\better-genshin-impact-LCB\BetterGenshinImpact\App.xaml.cs:line 58
  失败 BetterGenshinImpact.UnitTest.ServiceTests.Instance.TaskTakeoverIncidentTests.TaskStatus_ExitReceipt_EvictedTerminalAncestorWithLiveGrandchildIsUnknown [< 1 ms]
  错误消息:
   System.TypeInitializationException : The type initializer for 'BetterGenshinImpact.GameTask.Common.TaskControl' threw an exception.
---- System.TypeInitializationException : The type initializer for 'BetterGenshinImpact.App' threw an exception.
-------- System.InvalidOperationException : 调用线程必须为 STA，因为许多 UI 组件都需要。
  堆栈跟踪:
     at BetterGenshinImpact.Service.Execution.ExecutionScope.Dispose() in E:\Program Files\better-genshin-impact-LCB\BetterGenshinImpact\Service\Execution\ExecutionScope.cs:line 351
   at BetterGenshinImpact.UnitTest.ServiceTests.Instance.TaskTakeoverIncidentTests.TaskStatus_ExitReceipt_EvictedTerminalAncestorWithLiveGrandchildIsUnknown() in E:\Program Files\better-genshin-impact-LCB\Test\BetterGenshinImpact.UnitTest\ServiceTests\Instance\TaskTakeoverIncidentTests.cs:line 1220
   at System.RuntimeMethodHandle.InvokeMethod(Object target, Void** arguments, Signature sig, Boolean isConstructor)
   at System.Reflection.MethodBaseInvoker.InvokeWithNoArgs(Object obj, BindingFlags invokeAttr)
----- Inner Stack Trace -----
   at BetterGenshinImpact.App.GetLogger[T]() in E:\Program Files\better-genshin-impact-LCB\BetterGenshinImpact\App.xaml.cs:line 234
   at BetterGenshinImpact.Core.Recognition.RecognitionObjectJsonLoader..cctor() in E:\Program Files\better-genshin-impact-LCB\BetterGenshinImpact\Core\Recognition\RecognitionObjectJsonLoader.cs:line 32
----- Inner Stack Trace -----
   at System.Windows.Input.InputManager..ctor()
   at System.Windows.Input.InputManager.GetCurrentInputManagerImpl()
   at System.Windows.Input.KeyboardNavigation..ctor()
   at System.Windows.FrameworkElement.FrameworkServices..ctor()
   at System.Windows.FrameworkElement.EnsureFrameworkServices()
   at System.Windows.FrameworkElement..ctor()
   at System.Windows.Controls.Control..ctor()
   at System.Windows.Window..ctor()
   at Wpf.Ui.Controls.FluentWindow..ctor()
   at BetterGenshinImpact.View.Windows.ThemedMessageBox..ctor() in E:\Program Files\better-genshin-impact-LCB\BetterGenshinImpact\View\Windows\ThemedMessageBox.xaml.cs:line 35
   at BetterGenshinImpact.View.Windows.ThemedMessageBox.Show(String content, String title, MessageBoxButton button, MessageBoxIcon icon, MessageBoxResult defaultResult, Window owner) in E:\Program Files\better-genshin-impact-LCB\BetterGenshinImpact\View\Windows\ThemedMessageBox.xaml.cs:line 132
   at BetterGenshinImpact.View.Windows.ThemedMessageBox.Warning(String message, String title) in E:\Program Files\better-genshin-impact-LCB\BetterGenshinImpact\View\Windows\ThemedMessageBox.xaml.cs:line 293
   at BetterGenshinImpact.Helpers.RuntimeHelper.CheckIntegration() in E:\Program Files\better-genshin-impact-LCB\BetterGenshinImpact\Helpers\RuntimeHelper.cs:line 159
   at BetterGenshinImpact.Helpers.RuntimeExtension.CheckIntegration(IHostBuilder app) in E:\Program Files\better-genshin-impact-LCB\BetterGenshinImpact\Helpers\RuntimeHelper.cs:line 181
   at BetterGenshinImpact.App..cctor() in E:\Program Files\better-genshin-impact-LCB\BetterGenshinImpact\App.xaml.cs:line 58
  失败 BetterGenshinImpact.UnitTest.ServiceTests.Execution.ManualStopFenceContractTests.BusyRootBeforeAdmission_IsTypedNoExecutionForTheRejectedJob [< 1 ms]
  错误消息:
   System.TypeInitializationException : The type initializer for 'BetterGenshinImpact.GameTask.Common.TaskControl' threw an exception.
---- System.TypeInitializationException : The type initializer for 'BetterGenshinImpact.App' threw an exception.
-------- System.InvalidOperationException : 调用线程必须为 STA，因为许多 UI 组件都需要。
  堆栈跟踪:
     at BetterGenshinImpact.Service.Execution.ExecutionScope.Dispose() in E:\Program Files\better-genshin-impact-LCB\BetterGenshinImpact\Service\Execution\ExecutionScope.cs:line 351
   at BetterGenshinImpact.UnitTest.ServiceTests.Execution.ManualStopFenceContractTests.BusyRootBeforeAdmission_IsTypedNoExecutionForTheRejectedJob() in E:\Program Files\better-genshin-impact-LCB\Test\BetterGenshinImpact.UnitTest\ServiceTests\Execution\ManualStopFenceContractTests.cs:line 104
   at System.RuntimeMethodHandle.InvokeMethod(Object target, Void** arguments, Signature sig, Boolean isConstructor)
   at System.Reflection.MethodBaseInvoker.InvokeWithNoArgs(Object obj, BindingFlags invokeAttr)
----- Inner Stack Trace -----
   at BetterGenshinImpact.App.GetLogger[T]() in E:\Program Files\better-genshin-impact-LCB\BetterGenshinImpact\App.xaml.cs:line 234
   at BetterGenshinImpact.Core.Recognition.RecognitionObjectJsonLoader..cctor() in E:\Program Files\better-genshin-impact-LCB\BetterGenshinImpact\Core\Recognition\RecognitionObjectJsonLoader.cs:line 32
----- Inner Stack Trace -----
   at System.Windows.Input.InputManager..ctor()
   at System.Windows.Input.InputManager.GetCurrentInputManagerImpl()
   at System.Windows.Input.KeyboardNavigation..ctor()
   at System.Windows.FrameworkElement.FrameworkServices..ctor()
   at System.Windows.FrameworkElement.EnsureFrameworkServices()
   at System.Windows.FrameworkElement..ctor()
   at System.Windows.Controls.Control..ctor()
   at System.Windows.Window..ctor()
   at Wpf.Ui.Controls.FluentWindow..ctor()
   at BetterGenshinImpact.View.Windows.ThemedMessageBox..ctor() in E:\Program Files\better-genshin-impact-LCB\BetterGenshinImpact\View\Windows\ThemedMessageBox.xaml.cs:line 35
   at BetterGenshinImpact.View.Windows.ThemedMessageBox.Show(String content, String title, MessageBoxButton button, MessageBoxIcon icon, MessageBoxResult defaultResult, Window owner) in E:\Program Files\better-genshin-impact-LCB\BetterGenshinImpact\View\Windows\ThemedMessageBox.xaml.cs:line 132
   at BetterGenshinImpact.View.Windows.ThemedMessageBox.Warning(String message, String title) in E:\Program Files\better-genshin-impact-LCB\BetterGenshinImpact\View\Windows\ThemedMessageBox.xaml.cs:line 293
   at BetterGenshinImpact.Helpers.RuntimeHelper.CheckIntegration() in E:\Program Files\better-genshin-impact-LCB\BetterGenshinImpact\Helpers\RuntimeHelper.cs:line 159
   at BetterGenshinImpact.Helpers.RuntimeExtension.CheckIntegration(IHostBuilder app) in E:\Program Files\better-genshin-impact-LCB\BetterGenshinImpact\Helpers\RuntimeHelper.cs:line 181
   at BetterGenshinImpact.App..cctor() in E:\Program Files\better-genshin-impact-LCB\BetterGenshinImpact\App.xaml.cs:line 58
  失败 BetterGenshinImpact.UnitTest.GameTaskTests.AutoHoeingTests.CollectiveSkipAppliedAckClientTests.AppliedAll_WithStaleSkipId_IsIgnored [1 ms]
  错误消息:
   System.TypeInitializationException : The type initializer for 'BetterGenshinImpact.App' threw an exception.
---- System.InvalidOperationException : 调用线程必须为 STA，因为许多 UI 组件都需要。
  堆栈跟踪:
     at BetterGenshinImpact.App.GetLogger[T]() in E:\Program Files\better-genshin-impact-LCB\BetterGenshinImpact\App.xaml.cs:line 234
   at BetterGenshinImpact.GameTask.AutoHoeing.Multiplayer.CoordinatorClient..ctor() in E:\Program Files\better-genshin-impact-LCB\BetterGenshinImpact\GameTask\AutoHoeing\Multiplayer\CoordinatorClient.cs:line 31
   at BetterGenshinImpact.UnitTest.GameTaskTests.AutoHoeingTests.CollectiveSkipAppliedAckClientTests..ctor() in E:\Program Files\better-genshin-impact-LCB\Test\BetterGenshinImpact.UnitTest\GameTaskTests\AutoHoeingTests\CollectiveSkipAppliedAckClientTests.cs:line 46
   at System.RuntimeType.CreateInstanceDefaultCtor(Boolean publicOnly, Boolean wrapExceptions)
----- Inner Stack Trace -----
   at System.Windows.Input.InputManager..ctor()
   at System.Windows.Input.InputManager.GetCurrentInputManagerImpl()
   at System.Windows.Input.KeyboardNavigation..ctor()
   at System.Windows.FrameworkElement.FrameworkServices..ctor()
   at System.Windows.FrameworkElement.EnsureFrameworkServices()
   at System.Windows.FrameworkElement..ctor()
   at System.Windows.Controls.Control..ctor()
   at System.Windows.Window..ctor()
   at Wpf.Ui.Controls.FluentWindow..ctor()
   at BetterGenshinImpact.View.Windows.ThemedMessageBox..ctor() in E:\Program Files\better-genshin-impact-LCB\BetterGenshinImpact\View\Windows\ThemedMessageBox.xaml.cs:line 35
   at BetterGenshinImpact.View.Windows.ThemedMessageBox.Show(String content, String title, MessageBoxButton button, MessageBoxIcon icon, MessageBoxResult defaultResult, Window owner) in E:\Program Files\better-genshin-impact-LCB\BetterGenshinImpact\View\Windows\ThemedMessageBox.xaml.cs:line 132
   at BetterGenshinImpact.View.Windows.ThemedMessageBox.Warning(String message, String title) in E:\Program Files\better-genshin-impact-LCB\BetterGenshinImpact\View\Windows\ThemedMessageBox.xaml.cs:line 293
   at BetterGenshinImpact.Helpers.RuntimeHelper.CheckIntegration() in E:\Program Files\better-genshin-impact-LCB\BetterGenshinImpact\Helpers\RuntimeHelper.cs:line 159
   at BetterGenshinImpact.Helpers.RuntimeExtension.CheckIntegration(IHostBuilder app) in E:\Program Files\better-genshin-impact-LCB\BetterGenshinImpact\Helpers\RuntimeHelper.cs:line 181
   at BetterGenshinImpact.App..cctor() in E:\Program Files\better-genshin-impact-LCB\BetterGenshinImpact\App.xaml.cs:line 58
  失败 BetterGenshinImpact.UnitTest.GameTaskTests.AutoHoeingTests.CollectiveSkipAppliedAckClientTests.RequestWithNewSkipId_WhilePreviousActive_IsAcceptedAsPending_ButNotDoubleConsumed [1 ms]
  错误消息:
   System.TypeInitializationException : The type initializer for 'BetterGenshinImpact.App' threw an exception.
---- System.InvalidOperationException : 调用线程必须为 STA，因为许多 UI 组件都需要。
  堆栈跟踪:
     at BetterGenshinImpact.App.GetLogger[T]() in E:\Program Files\better-genshin-impact-LCB\BetterGenshinImpact\App.xaml.cs:line 234
   at BetterGenshinImpact.GameTask.AutoHoeing.Multiplayer.CoordinatorClient..ctor() in E:\Program Files\better-genshin-impact-LCB\BetterGenshinImpact\GameTask\AutoHoeing\Multiplayer\CoordinatorClient.cs:line 31
   at BetterGenshinImpact.UnitTest.GameTaskTests.AutoHoeingTests.CollectiveSkipAppliedAckClientTests..ctor() in E:\Program Files\better-genshin-impact-LCB\Test\BetterGenshinImpact.UnitTest\GameTaskTests\AutoHoeingTests\CollectiveSkipAppliedAckClientTests.cs:line 46
   at System.RuntimeType.CreateInstanceDefaultCtor(Boolean publicOnly, Boolean wrapExceptions)
----- Inner Stack Trace -----
   at System.Windows.Input.InputManager..ctor()
   at System.Windows.Input.InputManager.GetCurrentInputManagerImpl()
   at System.Windows.Input.KeyboardNavigation..ctor()
   at System.Windows.FrameworkElement.FrameworkServices..ctor()
   at System.Windows.FrameworkElement.EnsureFrameworkServices()
   at System.Windows.FrameworkElement..ctor()
   at System.Windows.Controls.Control..ctor()
   at System.Windows.Window..ctor()
   at Wpf.Ui.Controls.FluentWindow..ctor()
   at BetterGenshinImpact.View.Windows.ThemedMessageBox..ctor() in E:\Program Files\better-genshin-impact-LCB\BetterGenshinImpact\View\Windows\ThemedMessageBox.xaml.cs:line 35
   at BetterGenshinImpact.View.Windows.ThemedMessageBox.Show(String content, String title, MessageBoxButton button, MessageBoxIcon icon, MessageBoxResult defaultResult, Window owner) in E:\Program Files\better-genshin-impact-LCB\BetterGenshinImpact\View\Windows\ThemedMessageBox.xaml.cs:line 132
   at BetterGenshinImpact.View.Windows.ThemedMessageBox.Warning(String message, String title) in E:\Program Files\better-genshin-impact-LCB\BetterGenshinImpact\View\Windows\ThemedMessageBox.xaml.cs:line 293
   at BetterGenshinImpact.Helpers.RuntimeHelper.CheckIntegration() in E:\Program Files\better-genshin-impact-LCB\BetterGenshinImpact\Helpers\RuntimeHelper.cs:line 159
   at BetterGenshinImpact.Helpers.RuntimeExtension.CheckIntegration(IHostBuilder app) in E:\Program Files\better-genshin-impact-LCB\BetterGenshinImpact\Helpers\RuntimeHelper.cs:line 181
   at BetterGenshinImpact.App..cctor() in E:\Program Files\better-genshin-impact-LCB\BetterGenshinImpact\App.xaml.cs:line 58
  失败 BetterGenshinImpact.UnitTest.GameTaskTests.AutoHoeingTests.CollectiveSkipAppliedAckClientTests.ResetForNewRound_ClearsPendingAndActiveSkip [1 ms]
  错误消息:
   System.TypeInitializationException : The type initializer for 'BetterGenshinImpact.App' threw an exception.
---- System.InvalidOperationException : 调用线程必须为 STA，因为许多 UI 组件都需要。
  堆栈跟踪:
     at BetterGenshinImpact.App.GetLogger[T]() in E:\Program Files\better-genshin-impact-LCB\BetterGenshinImpact\App.xaml.cs:line 234
   at BetterGenshinImpact.GameTask.AutoHoeing.Multiplayer.CoordinatorClient..ctor() in E:\Program Files\better-genshin-impact-LCB\BetterGenshinImpact\GameTask\AutoHoeing\Multiplayer\CoordinatorClient.cs:line 31
   at BetterGenshinImpact.UnitTest.GameTaskTests.AutoHoeingTests.CollectiveSkipAppliedAckClientTests..ctor() in E:\Program Files\better-genshin-impact-LCB\Test\BetterGenshinImpact.UnitTest\GameTaskTests\AutoHoeingTests\CollectiveSkipAppliedAckClientTests.cs:line 46
   at System.RuntimeType.CreateInstanceDefaultCtor(Boolean publicOnly, Boolean wrapExceptions)
----- Inner Stack Trace -----
   at System.Windows.Input.InputManager..ctor()
   at System.Windows.Input.InputManager.GetCurrentInputManagerImpl()
   at System.Windows.Input.KeyboardNavigation..ctor()
   at System.Windows.FrameworkElement.FrameworkServices..ctor()
   at System.Windows.FrameworkElement.EnsureFrameworkServices()
   at System.Windows.FrameworkElement..ctor()
   at System.Windows.Controls.Control..ctor()
   at System.Windows.Window..ctor()
   at Wpf.Ui.Controls.FluentWindow..ctor()
   at BetterGenshinImpact.View.Windows.ThemedMessageBox..ctor() in E:\Program Files\better-genshin-impact-LCB\BetterGenshinImpact\View\Windows\ThemedMessageBox.xaml.cs:line 35
   at BetterGenshinImpact.View.Windows.ThemedMessageBox.Show(String content, String title, MessageBoxButton button, MessageBoxIcon icon, MessageBoxResult defaultResult, Window owner) in E:\Program Files\better-genshin-impact-LCB\BetterGenshinImpact\View\Windows\ThemedMessageBox.xaml.cs:line 132
   at BetterGenshinImpact.View.Windows.ThemedMessageBox.Warning(String message, String title) in E:\Program Files\better-genshin-impact-LCB\BetterGenshinImpact\View\Windows\ThemedMessageBox.xaml.cs:line 293
   at BetterGenshinImpact.Helpers.RuntimeHelper.CheckIntegration() in E:\Program Files\better-genshin-impact-LCB\BetterGenshinImpact\Helpers\RuntimeHelper.cs:line 159
   at BetterGenshinImpact.Helpers.RuntimeExtension.CheckIntegration(IHostBuilder app) in E:\Program Files\better-genshin-impact-LCB\BetterGenshinImpact\Helpers\RuntimeHelper.cs:line 181
   at BetterGenshinImpact.App..cctor() in E:\Program Files\better-genshin-impact-LCB\BetterGenshinImpact\App.xaml.cs:line 58
  失败 BetterGenshinImpact.UnitTest.GameTaskTests.AutoHoeingTests.CollectiveSkipAppliedAckClientTests.Request_WakesRemoteSkipGate [1 ms]
  错误消息:
   System.TypeInitializationException : The type initializer for 'BetterGenshinImpact.App' threw an exception.
---- System.InvalidOperationException : 调用线程必须为 STA，因为许多 UI 组件都需要。
  堆栈跟踪:
     at BetterGenshinImpact.App.GetLogger[T]() in E:\Program Files\better-genshin-impact-LCB\BetterGenshinImpact\App.xaml.cs:line 234
   at BetterGenshinImpact.GameTask.AutoHoeing.Multiplayer.CoordinatorClient..ctor() in E:\Program Files\better-genshin-impact-LCB\BetterGenshinImpact\GameTask\AutoHoeing\Multiplayer\CoordinatorClient.cs:line 31
   at BetterGenshinImpact.UnitTest.GameTaskTests.AutoHoeingTests.CollectiveSkipAppliedAckClientTests..ctor() in E:\Program Files\better-genshin-impact-LCB\Test\BetterGenshinImpact.UnitTest\GameTaskTests\AutoHoeingTests\CollectiveSkipAppliedAckClientTests.cs:line 46
   at System.RuntimeType.CreateInstanceDefaultCtor(Boolean publicOnly, Boolean wrapExceptions)
----- Inner Stack Trace -----
   at System.Windows.Input.InputManager..ctor()
   at System.Windows.Input.InputManager.GetCurrentInputManagerImpl()
   at System.Windows.Input.KeyboardNavigation..ctor()
   at System.Windows.FrameworkElement.FrameworkServices..ctor()
   at System.Windows.FrameworkElement.EnsureFrameworkServices()
   at System.Windows.FrameworkElement..ctor()
   at System.Windows.Controls.Control..ctor()
   at System.Windows.Window..ctor()
   at Wpf.Ui.Controls.FluentWindow..ctor()
   at BetterGenshinImpact.View.Windows.ThemedMessageBox..ctor() in E:\Program Files\better-genshin-impact-LCB\BetterGenshinImpact\View\Windows\ThemedMessageBox.xaml.cs:line 35
   at BetterGenshinImpact.View.Windows.ThemedMessageBox.Show(String content, String title, MessageBoxButton button, MessageBoxIcon icon, MessageBoxResult defaultResult, Window owner) in E:\Program Files\better-genshin-impact-LCB\BetterGenshinImpact\View\Windows\ThemedMessageBox.xaml.cs:line 132
   at BetterGenshinImpact.View.Windows.ThemedMessageBox.Warning(String message, String title) in E:\Program Files\better-genshin-impact-LCB\BetterGenshinImpact\View\Windows\ThemedMessageBox.xaml.cs:line 293
   at BetterGenshinImpact.Helpers.RuntimeHelper.CheckIntegration() in E:\Program Files\better-genshin-impact-LCB\BetterGenshinImpact\Helpers\RuntimeHelper.cs:line 159
   at BetterGenshinImpact.Helpers.RuntimeExtension.CheckIntegration(IHostBuilder app) in E:\Program Files\better-genshin-impact-LCB\BetterGenshinImpact\Helpers\RuntimeHelper.cs:line 181
   at BetterGenshinImpact.App..cctor() in E:\Program Files\better-genshin-impact-LCB\BetterGenshinImpact\App.xaml.cs:line 58
  失败 BetterGenshinImpact.UnitTest.GameTaskTests.AutoHoeingTests.CollectiveSkipAppliedAckClientTests.LegacyEvent_StillRaised_ForBackwardCompatibility [1 ms]
  错误消息:
   System.TypeInitializationException : The type initializer for 'BetterGenshinImpact.App' threw an exception.
---- System.InvalidOperationException : 调用线程必须为 STA，因为许多 UI 组件都需要。
  堆栈跟踪:
     at BetterGenshinImpact.App.GetLogger[T]() in E:\Program Files\better-genshin-impact-LCB\BetterGenshinImpact\App.xaml.cs:line 234
   at BetterGenshinImpact.GameTask.AutoHoeing.Multiplayer.CoordinatorClient..ctor() in E:\Program Files\better-genshin-impact-LCB\BetterGenshinImpact\GameTask\AutoHoeing\Multiplayer\CoordinatorClient.cs:line 31
   at BetterGenshinImpact.UnitTest.GameTaskTests.AutoHoeingTests.CollectiveSkipAppliedAckClientTests..ctor() in E:\Program Files\better-genshin-impact-LCB\Test\BetterGenshinImpact.UnitTest\GameTaskTests\AutoHoeingTests\CollectiveSkipAppliedAckClientTests.cs:line 46
   at System.RuntimeType.CreateInstanceDefaultCtor(Boolean publicOnly, Boolean wrapExceptions)
----- Inner Stack Trace -----
   at System.Windows.Input.InputManager..ctor()
   at System.Windows.Input.InputManager.GetCurrentInputManagerImpl()
   at System.Windows.Input.KeyboardNavigation..ctor()
   at System.Windows.FrameworkElement.FrameworkServices..ctor()
   at System.Windows.FrameworkElement.EnsureFrameworkServices()
   at System.Windows.FrameworkElement..ctor()
   at System.Windows.Controls.Control..ctor()
   at System.Windows.Window..ctor()
   at Wpf.Ui.Controls.FluentWindow..ctor()
   at BetterGenshinImpact.View.Windows.ThemedMessageBox..ctor() in E:\Program Files\better-genshin-impact-LCB\BetterGenshinImpact\View\Windows\ThemedMessageBox.xaml.cs:line 35
   at BetterGenshinImpact.View.Windows.ThemedMessageBox.Show(String content, String title, MessageBoxButton button, MessageBoxIcon icon, MessageBoxResult defaultResult, Window owner) in E:\Program Files\better-genshin-impact-LCB\BetterGenshinImpact\View\Windows\ThemedMessageBox.xaml.cs:line 132
   at BetterGenshinImpact.View.Windows.ThemedMessageBox.Warning(String message, String title) in E:\Program Files\better-genshin-impact-LCB\BetterGenshinImpact\View\Windows\ThemedMessageBox.xaml.cs:line 293
   at BetterGenshinImpact.Helpers.RuntimeHelper.CheckIntegration() in E:\Program Files\better-genshin-impact-LCB\BetterGenshinImpact\Helpers\RuntimeHelper.cs:line 159
   at BetterGenshinImpact.Helpers.RuntimeExtension.CheckIntegration(IHostBuilder app) in E:\Program Files\better-genshin-impact-LCB\BetterGenshinImpact\Helpers\RuntimeHelper.cs:line 181
   at BetterGenshinImpact.App..cctor() in E:\Program Files\better-genshin-impact-LCB\BetterGenshinImpact\App.xaml.cs:line 58
  失败 BetterGenshinImpact.UnitTest.GameTaskTests.AutoHoeingTests.CollectiveSkipAppliedAckClientTests.ReportApplied_SentOncePerSkipId [1 ms]
  错误消息:
   System.TypeInitializationException : The type initializer for 'BetterGenshinImpact.App' threw an exception.
---- System.InvalidOperationException : 调用线程必须为 STA，因为许多 UI 组件都需要。
  堆栈跟踪:
     at BetterGenshinImpact.App.GetLogger[T]() in E:\Program Files\better-genshin-impact-LCB\BetterGenshinImpact\App.xaml.cs:line 234
   at BetterGenshinImpact.GameTask.AutoHoeing.Multiplayer.CoordinatorClient..ctor() in E:\Program Files\better-genshin-impact-LCB\BetterGenshinImpact\GameTask\AutoHoeing\Multiplayer\CoordinatorClient.cs:line 31
   at BetterGenshinImpact.UnitTest.GameTaskTests.AutoHoeingTests.CollectiveSkipAppliedAckClientTests..ctor() in E:\Program Files\better-genshin-impact-LCB\Test\BetterGenshinImpact.UnitTest\GameTaskTests\AutoHoeingTests\CollectiveSkipAppliedAckClientTests.cs:line 46
   at System.RuntimeType.CreateInstanceDefaultCtor(Boolean publicOnly, Boolean wrapExceptions)
----- Inner Stack Trace -----
   at System.Windows.Input.InputManager..ctor()
   at System.Windows.Input.InputManager.GetCurrentInputManagerImpl()
   at System.Windows.Input.KeyboardNavigation..ctor()
   at System.Windows.FrameworkElement.FrameworkServices..ctor()
   at System.Windows.FrameworkElement.EnsureFrameworkServices()
   at System.Windows.FrameworkElement..ctor()
   at System.Windows.Controls.Control..ctor()
   at System.Windows.Window..ctor()
   at Wpf.Ui.Controls.FluentWindow..ctor()
   at BetterGenshinImpact.View.Windows.ThemedMessageBox..ctor() in E:\Program Files\better-genshin-impact-LCB\BetterGenshinImpact\View\Windows\ThemedMessageBox.xaml.cs:line 35
   at BetterGenshinImpact.View.Windows.ThemedMessageBox.Show(String content, String title, MessageBoxButton button, MessageBoxIcon icon, MessageBoxResult defaultResult, Window owner) in E:\Program Files\better-genshin-impact-LCB\BetterGenshinImpact\View\Windows\ThemedMessageBox.xaml.cs:line 132
   at BetterGenshinImpact.View.Windows.ThemedMessageBox.Warning(String message, String title) in E:\Program Files\better-genshin-impact-LCB\BetterGenshinImpact\View\Windows\ThemedMessageBox.xaml.cs:line 293
   at BetterGenshinImpact.Helpers.RuntimeHelper.CheckIntegration() in E:\Program Files\better-genshin-impact-LCB\BetterGenshinImpact\Helpers\RuntimeHelper.cs:line 159
   at BetterGenshinImpact.Helpers.RuntimeExtension.CheckIntegration(IHostBuilder app) in E:\Program Files\better-genshin-impact-LCB\BetterGenshinImpact\Helpers\RuntimeHelper.cs:line 181
   at BetterGenshinImpact.App..cctor() in E:\Program Files\better-genshin-impact-LCB\BetterGenshinImpact\App.xaml.cs:line 58
  失败 BetterGenshinImpact.UnitTest.GameTaskTests.AutoHoeingTests.CollectiveSkipAppliedAckClientTests.RequestWithSkipId_ConsumedOnce_ReplayOfSameSkipIdIgnored [1 ms]
  错误消息:
   System.TypeInitializationException : The type initializer for 'BetterGenshinImpact.App' threw an exception.
---- System.InvalidOperationException : 调用线程必须为 STA，因为许多 UI 组件都需要。
  堆栈跟踪:
     at BetterGenshinImpact.App.GetLogger[T]() in E:\Program Files\better-genshin-impact-LCB\BetterGenshinImpact\App.xaml.cs:line 234
   at BetterGenshinImpact.GameTask.AutoHoeing.Multiplayer.CoordinatorClient..ctor() in E:\Program Files\better-genshin-impact-LCB\BetterGenshinImpact\GameTask\AutoHoeing\Multiplayer\CoordinatorClient.cs:line 31
   at BetterGenshinImpact.UnitTest.GameTaskTests.AutoHoeingTests.CollectiveSkipAppliedAckClientTests..ctor() in E:\Program Files\better-genshin-impact-LCB\Test\BetterGenshinImpact.UnitTest\GameTaskTests\AutoHoeingTests\CollectiveSkipAppliedAckClientTests.cs:line 46
   at System.RuntimeType.CreateInstanceDefaultCtor(Boolean publicOnly, Boolean wrapExceptions)
----- Inner Stack Trace -----
   at System.Windows.Input.InputManager..ctor()
   at System.Windows.Input.InputManager.GetCurrentInputManagerImpl()
   at System.Windows.Input.KeyboardNavigation..ctor()
   at System.Windows.FrameworkElement.FrameworkServices..ctor()
   at System.Windows.FrameworkElement.EnsureFrameworkServices()
   at System.Windows.FrameworkElement..ctor()
   at System.Windows.Controls.Control..ctor()
   at System.Windows.Window..ctor()
   at Wpf.Ui.Controls.FluentWindow..ctor()
   at BetterGenshinImpact.View.Windows.ThemedMessageBox..ctor() in E:\Program Files\better-genshin-impact-LCB\BetterGenshinImpact\View\Windows\ThemedMessageBox.xaml.cs:line 35
   at BetterGenshinImpact.View.Windows.ThemedMessageBox.Show(String content, String title, MessageBoxButton button, MessageBoxIcon icon, MessageBoxResult defaultResult, Window owner) in E:\Program Files\better-genshin-impact-LCB\BetterGenshinImpact\View\Windows\ThemedMessageBox.xaml.cs:line 132
   at BetterGenshinImpact.View.Windows.ThemedMessageBox.Warning(String message, String title) in E:\Program Files\better-genshin-impact-LCB\BetterGenshinImpact\View\Windows\ThemedMessageBox.xaml.cs:line 293
   at BetterGenshinImpact.Helpers.RuntimeHelper.CheckIntegration() in E:\Program Files\better-genshin-impact-LCB\BetterGenshinImpact\Helpers\RuntimeHelper.cs:line 159
   at BetterGenshinImpact.Helpers.RuntimeExtension.CheckIntegration(IHostBuilder app) in E:\Program Files\better-genshin-impact-LCB\BetterGenshinImpact\Helpers\RuntimeHelper.cs:line 181
   at BetterGenshinImpact.App..cctor() in E:\Program Files\better-genshin-impact-LCB\BetterGenshinImpact\App.xaml.cs:line 58
  失败 BetterGenshinImpact.UnitTest.GameTaskTests.AutoHoeingTests.CollectiveSkipAppliedAckClientTests.LegacyServerWithoutSkipId_StillSkips_ButNeverReportsApplied [1 ms]
  错误消息:
   System.TypeInitializationException : The type initializer for 'BetterGenshinImpact.App' threw an exception.
---- System.InvalidOperationException : 调用线程必须为 STA，因为许多 UI 组件都需要。
  堆栈跟踪:
     at BetterGenshinImpact.App.GetLogger[T]() in E:\Program Files\better-genshin-impact-LCB\BetterGenshinImpact\App.xaml.cs:line 234
   at BetterGenshinImpact.GameTask.AutoHoeing.Multiplayer.CoordinatorClient..ctor() in E:\Program Files\better-genshin-impact-LCB\BetterGenshinImpact\GameTask\AutoHoeing\Multiplayer\CoordinatorClient.cs:line 31
   at BetterGenshinImpact.UnitTest.GameTaskTests.AutoHoeingTests.CollectiveSkipAppliedAckClientTests..ctor() in E:\Program Files\better-genshin-impact-LCB\Test\BetterGenshinImpact.UnitTest\GameTaskTests\AutoHoeingTests\CollectiveSkipAppliedAckClientTests.cs:line 46
   at System.RuntimeType.CreateInstanceDefaultCtor(Boolean publicOnly, Boolean wrapExceptions)
----- Inner Stack Trace -----
   at System.Windows.Input.InputManager..ctor()
   at System.Windows.Input.InputManager.GetCurrentInputManagerImpl()
   at System.Windows.Input.KeyboardNavigation..ctor()
   at System.Windows.FrameworkElement.FrameworkServices..ctor()
   at System.Windows.FrameworkElement.EnsureFrameworkServices()
   at System.Windows.FrameworkElement..ctor()
   at System.Windows.Controls.Control..ctor()
   at System.Windows.Window..ctor()
   at Wpf.Ui.Controls.FluentWindow..ctor()
   at BetterGenshinImpact.View.Windows.ThemedMessageBox..ctor() in E:\Program Files\better-genshin-impact-LCB\BetterGenshinImpact\View\Windows\ThemedMessageBox.xaml.cs:line 35
   at BetterGenshinImpact.View.Windows.ThemedMessageBox.Show(String content, String title, MessageBoxButton button, MessageBoxIcon icon, MessageBoxResult defaultResult, Window owner) in E:\Program Files\better-genshin-impact-LCB\BetterGenshinImpact\View\Windows\ThemedMessageBox.xaml.cs:line 132
   at BetterGenshinImpact.View.Windows.ThemedMessageBox.Warning(String message, String title) in E:\Program Files\better-genshin-impact-LCB\BetterGenshinImpact\View\Windows\ThemedMessageBox.xaml.cs:line 293
   at BetterGenshinImpact.Helpers.RuntimeHelper.CheckIntegration() in E:\Program Files\better-genshin-impact-LCB\BetterGenshinImpact\Helpers\RuntimeHelper.cs:line 159
   at BetterGenshinImpact.Helpers.RuntimeExtension.CheckIntegration(IHostBuilder app) in E:\Program Files\better-genshin-impact-LCB\BetterGenshinImpact\Helpers\RuntimeHelper.cs:line 181
   at BetterGenshinImpact.App..cctor() in E:\Program Files\better-genshin-impact-LCB\BetterGenshinImpact\App.xaml.cs:line 58
  失败 BetterGenshinImpact.UnitTest.GameTaskTests.AutoHoeingTests.CollectiveSkipAppliedAckClientTests.ReportApplied_WithoutConsumedSkip_DoesNotSend [1 ms]
  错误消息:
   System.TypeInitializationException : The type initializer for 'BetterGenshinImpact.App' threw an exception.
---- System.InvalidOperationException : 调用线程必须为 STA，因为许多 UI 组件都需要。
  堆栈跟踪:
     at BetterGenshinImpact.App.GetLogger[T]() in E:\Program Files\better-genshin-impact-LCB\BetterGenshinImpact\App.xaml.cs:line 234
   at BetterGenshinImpact.GameTask.AutoHoeing.Multiplayer.CoordinatorClient..ctor() in E:\Program Files\better-genshin-impact-LCB\BetterGenshinImpact\GameTask\AutoHoeing\Multiplayer\CoordinatorClient.cs:line 31
   at BetterGenshinImpact.UnitTest.GameTaskTests.AutoHoeingTests.CollectiveSkipAppliedAckClientTests..ctor() in E:\Program Files\better-genshin-impact-LCB\Test\BetterGenshinImpact.UnitTest\GameTaskTests\AutoHoeingTests\CollectiveSkipAppliedAckClientTests.cs:line 46
   at System.RuntimeType.CreateInstanceDefaultCtor(Boolean publicOnly, Boolean wrapExceptions)
----- Inner Stack Trace -----
   at System.Windows.Input.InputManager..ctor()
   at System.Windows.Input.InputManager.GetCurrentInputManagerImpl()
   at System.Windows.Input.KeyboardNavigation..ctor()
   at System.Windows.FrameworkElement.FrameworkServices..ctor()
   at System.Windows.FrameworkElement.EnsureFrameworkServices()
   at System.Windows.FrameworkElement..ctor()
   at System.Windows.Controls.Control..ctor()
   at System.Windows.Window..ctor()
   at Wpf.Ui.Controls.FluentWindow..ctor()
   at BetterGenshinImpact.View.Windows.ThemedMessageBox..ctor() in E:\Program Files\better-genshin-impact-LCB\BetterGenshinImpact\View\Windows\ThemedMessageBox.xaml.cs:line 35
   at BetterGenshinImpact.View.Windows.ThemedMessageBox.Show(String content, String title, MessageBoxButton button, MessageBoxIcon icon, MessageBoxResult defaultResult, Window owner) in E:\Program Files\better-genshin-impact-LCB\BetterGenshinImpact\View\Windows\ThemedMessageBox.xaml.cs:line 132
   at BetterGenshinImpact.View.Windows.ThemedMessageBox.Warning(String message, String title) in E:\Program Files\better-genshin-impact-LCB\BetterGenshinImpact\View\Windows\ThemedMessageBox.xaml.cs:line 293
   at BetterGenshinImpact.Helpers.RuntimeHelper.CheckIntegration() in E:\Program Files\better-genshin-impact-LCB\BetterGenshinImpact\Helpers\RuntimeHelper.cs:line 159
   at BetterGenshinImpact.Helpers.RuntimeExtension.CheckIntegration(IHostBuilder app) in E:\Program Files\better-genshin-impact-LCB\BetterGenshinImpact\Helpers\RuntimeHelper.cs:line 181
   at BetterGenshinImpact.App..cctor() in E:\Program Files\better-genshin-impact-LCB\BetterGenshinImpact\App.xaml.cs:line 58
  失败 BetterGenshinImpact.UnitTest.GameTaskTests.AutoHoeingTests.CollectiveSkipAppliedAckClientTests.ReportApplied_FailureStillSent_WithSuccessFalse [1 ms]
  错误消息:
   System.TypeInitializationException : The type initializer for 'BetterGenshinImpact.App' threw an exception.
---- System.InvalidOperationException : 调用线程必须为 STA，因为许多 UI 组件都需要。
  堆栈跟踪:
     at BetterGenshinImpact.App.GetLogger[T]() in E:\Program Files\better-genshin-impact-LCB\BetterGenshinImpact\App.xaml.cs:line 234
   at BetterGenshinImpact.GameTask.AutoHoeing.Multiplayer.CoordinatorClient..ctor() in E:\Program Files\better-genshin-impact-LCB\BetterGenshinImpact\GameTask\AutoHoeing\Multiplayer\CoordinatorClient.cs:line 31
   at BetterGenshinImpact.UnitTest.GameTaskTests.AutoHoeingTests.CollectiveSkipAppliedAckClientTests..ctor() in E:\Program Files\better-genshin-impact-LCB\Test\BetterGenshinImpact.UnitTest\GameTaskTests\AutoHoeingTests\CollectiveSkipAppliedAckClientTests.cs:line 46
   at System.RuntimeType.CreateInstanceDefaultCtor(Boolean publicOnly, Boolean wrapExceptions)
----- Inner Stack Trace -----
   at System.Windows.Input.InputManager..ctor()
   at System.Windows.Input.InputManager.GetCurrentInputManagerImpl()
   at System.Windows.Input.KeyboardNavigation..ctor()
   at System.Windows.FrameworkElement.FrameworkServices..ctor()
   at System.Windows.FrameworkElement.EnsureFrameworkServices()
   at System.Windows.FrameworkElement..ctor()
   at System.Windows.Controls.Control..ctor()
   at System.Windows.Window..ctor()
   at Wpf.Ui.Controls.FluentWindow..ctor()
   at BetterGenshinImpact.View.Windows.ThemedMessageBox..ctor() in E:\Program Files\better-genshin-impact-LCB\BetterGenshinImpact\View\Windows\ThemedMessageBox.xaml.cs:line 35
   at BetterGenshinImpact.View.Windows.ThemedMessageBox.Show(String content, String title, MessageBoxButton button, MessageBoxIcon icon, MessageBoxResult defaultResult, Window owner) in E:\Program Files\better-genshin-impact-LCB\BetterGenshinImpact\View\Windows\ThemedMessageBox.xaml.cs:line 132
   at BetterGenshinImpact.View.Windows.ThemedMessageBox.Warning(String message, String title) in E:\Program Files\better-genshin-impact-LCB\BetterGenshinImpact\View\Windows\ThemedMessageBox.xaml.cs:line 293
   at BetterGenshinImpact.Helpers.RuntimeHelper.CheckIntegration() in E:\Program Files\better-genshin-impact-LCB\BetterGenshinImpact\Helpers\RuntimeHelper.cs:line 159
   at BetterGenshinImpact.Helpers.RuntimeExtension.CheckIntegration(IHostBuilder app) in E:\Program Files\better-genshin-impact-LCB\BetterGenshinImpact\Helpers\RuntimeHelper.cs:line 181
   at BetterGenshinImpact.App..cctor() in E:\Program Files\better-genshin-impact-LCB\BetterGenshinImpact\App.xaml.cs:line 58
  失败 BetterGenshinImpact.UnitTest.GameTaskTests.AutoHoeingTests.CollectiveSkipAppliedAckClientTests.CollectiveSkipRetryException_IsDedicatedType_NotConfusedWithOtherSkipPaths [1 ms]
  错误消息:
   System.TypeInitializationException : The type initializer for 'BetterGenshinImpact.App' threw an exception.
---- System.InvalidOperationException : 调用线程必须为 STA，因为许多 UI 组件都需要。
  堆栈跟踪:
     at BetterGenshinImpact.App.GetLogger[T]() in E:\Program Files\better-genshin-impact-LCB\BetterGenshinImpact\App.xaml.cs:line 234
   at BetterGenshinImpact.GameTask.AutoHoeing.Multiplayer.CoordinatorClient..ctor() in E:\Program Files\better-genshin-impact-LCB\BetterGenshinImpact\GameTask\AutoHoeing\Multiplayer\CoordinatorClient.cs:line 31
   at BetterGenshinImpact.UnitTest.GameTaskTests.AutoHoeingTests.CollectiveSkipAppliedAckClientTests..ctor() in E:\Program Files\better-genshin-impact-LCB\Test\BetterGenshinImpact.UnitTest\GameTaskTests\AutoHoeingTests\CollectiveSkipAppliedAckClientTests.cs:line 46
   at System.RuntimeType.CreateInstanceDefaultCtor(Boolean publicOnly, Boolean wrapExceptions)
----- Inner Stack Trace -----
   at System.Windows.Input.InputManager..ctor()
   at System.Windows.Input.InputManager.GetCurrentInputManagerImpl()
   at System.Windows.Input.KeyboardNavigation..ctor()
   at System.Windows.FrameworkElement.FrameworkServices..ctor()
   at System.Windows.FrameworkElement.EnsureFrameworkServices()
   at System.Windows.FrameworkElement..ctor()
   at System.Windows.Controls.Control..ctor()
   at System.Windows.Window..ctor()
   at Wpf.Ui.Controls.FluentWindow..ctor()
   at BetterGenshinImpact.View.Windows.ThemedMessageBox..ctor() in E:\Program Files\better-genshin-impact-LCB\BetterGenshinImpact\View\Windows\ThemedMessageBox.xaml.cs:line 35
   at BetterGenshinImpact.View.Windows.ThemedMessageBox.Show(String content, String title, MessageBoxButton button, MessageBoxIcon icon, MessageBoxResult defaultResult, Window owner) in E:\Program Files\better-genshin-impact-LCB\BetterGenshinImpact\View\Windows\ThemedMessageBox.xaml.cs:line 132
   at BetterGenshinImpact.View.Windows.ThemedMessageBox.Warning(String message, String title) in E:\Program Files\better-genshin-impact-LCB\BetterGenshinImpact\View\Windows\ThemedMessageBox.xaml.cs:line 293
   at BetterGenshinImpact.Helpers.RuntimeHelper.CheckIntegration() in E:\Program Files\better-genshin-impact-LCB\BetterGenshinImpact\Helpers\RuntimeHelper.cs:line 159
   at BetterGenshinImpact.Helpers.RuntimeExtension.CheckIntegration(IHostBuilder app) in E:\Program Files\better-genshin-impact-LCB\BetterGenshinImpact\Helpers\RuntimeHelper.cs:line 181
   at BetterGenshinImpact.App..cctor() in E:\Program Files\better-genshin-impact-LCB\BetterGenshinImpact\App.xaml.cs:line 58
  失败 BetterGenshinImpact.UnitTest.GameTaskTests.AutoHoeingTests.CollectiveSkipAppliedAckClientTests.AppliedAll_WithMatchingSkipId_ClearsActiveState [1 ms]
  错误消息:
   System.TypeInitializationException : The type initializer for 'BetterGenshinImpact.App' threw an exception.
---- System.InvalidOperationException : 调用线程必须为 STA，因为许多 UI 组件都需要。
  堆栈跟踪:
     at BetterGenshinImpact.App.GetLogger[T]() in E:\Program Files\better-genshin-impact-LCB\BetterGenshinImpact\App.xaml.cs:line 234
   at BetterGenshinImpact.GameTask.AutoHoeing.Multiplayer.CoordinatorClient..ctor() in E:\Program Files\better-genshin-impact-LCB\BetterGenshinImpact\GameTask\AutoHoeing\Multiplayer\CoordinatorClient.cs:line 31
   at BetterGenshinImpact.UnitTest.GameTaskTests.AutoHoeingTests.CollectiveSkipAppliedAckClientTests..ctor() in E:\Program Files\better-genshin-impact-LCB\Test\BetterGenshinImpact.UnitTest\GameTaskTests\AutoHoeingTests\CollectiveSkipAppliedAckClientTests.cs:line 46
   at System.RuntimeType.CreateInstanceDefaultCtor(Boolean publicOnly, Boolean wrapExceptions)
----- Inner Stack Trace -----
   at System.Windows.Input.InputManager..ctor()
   at System.Windows.Input.InputManager.GetCurrentInputManagerImpl()
   at System.Windows.Input.KeyboardNavigation..ctor()
   at System.Windows.FrameworkElement.FrameworkServices..ctor()
   at System.Windows.FrameworkElement.EnsureFrameworkServices()
   at System.Windows.FrameworkElement..ctor()
   at System.Windows.Controls.Control..ctor()
   at System.Windows.Window..ctor()
   at Wpf.Ui.Controls.FluentWindow..ctor()
   at BetterGenshinImpact.View.Windows.ThemedMessageBox..ctor() in E:\Program Files\better-genshin-impact-LCB\BetterGenshinImpact\View\Windows\ThemedMessageBox.xaml.cs:line 35
   at BetterGenshinImpact.View.Windows.ThemedMessageBox.Show(String content, String title, MessageBoxButton button, MessageBoxIcon icon, MessageBoxResult defaultResult, Window owner) in E:\Program Files\better-genshin-impact-LCB\BetterGenshinImpact\View\Windows\ThemedMessageBox.xaml.cs:line 132
   at BetterGenshinImpact.View.Windows.ThemedMessageBox.Warning(String message, String title) in E:\Program Files\better-genshin-impact-LCB\BetterGenshinImpact\View\Windows\ThemedMessageBox.xaml.cs:line 293
   at BetterGenshinImpact.Helpers.RuntimeHelper.CheckIntegration() in E:\Program Files\better-genshin-impact-LCB\BetterGenshinImpact\Helpers\RuntimeHelper.cs:line 159
   at BetterGenshinImpact.Helpers.RuntimeExtension.CheckIntegration(IHostBuilder app) in E:\Program Files\better-genshin-impact-LCB\BetterGenshinImpact\Helpers\RuntimeHelper.cs:line 181
   at BetterGenshinImpact.App..cctor() in E:\Program Files\better-genshin-impact-LCB\BetterGenshinImpact\App.xaml.cs:line 58
  失败 BetterGenshinImpact.UnitTest.GameTaskTests.AutoHoeingTests.RouteAnchorCollectiveSkipIsolationTests.IsRouteAnchorActive_RequiresBothConfigAndServerCapability [< 1 ms]
  错误消息:
   System.TypeInitializationException : The type initializer for 'BetterGenshinImpact.App' threw an exception.
---- System.InvalidOperationException : 调用线程必须为 STA，因为许多 UI 组件都需要。
  堆栈跟踪:
     at BetterGenshinImpact.App.GetLogger[T]() in E:\Program Files\better-genshin-impact-LCB\BetterGenshinImpact\App.xaml.cs:line 234
   at BetterGenshinImpact.GameTask.AutoHoeing.Multiplayer.CoordinatorClient..ctor() in E:\Program Files\better-genshin-impact-LCB\BetterGenshinImpact\GameTask\AutoHoeing\Multiplayer\CoordinatorClient.cs:line 31
   at BetterGenshinImpact.UnitTest.GameTaskTests.AutoHoeingTests.RouteAnchorCollectiveSkipIsolationTests.Client(Boolean serverSupportsRouteAnchor) in E:\Program Files\better-genshin-impact-LCB\Test\BetterGenshinImpact.UnitTest\GameTaskTests\AutoHoeingTests\RouteAnchorCollectiveSkipIsolationTests.cs:line 40
   at BetterGenshinImpact.UnitTest.GameTaskTests.AutoHoeingTests.RouteAnchorCollectiveSkipIsolationTests.IsRouteAnchorActive_RequiresBothConfigAndServerCapability() in E:\Program Files\better-genshin-impact-LCB\Test\BetterGenshinImpact.UnitTest\GameTaskTests\AutoHoeingTests\RouteAnchorCollectiveSkipIsolationTests.cs:line 72
   at System.RuntimeMethodHandle.InvokeMethod(Object target, Void** arguments, Signature sig, Boolean isConstructor)
   at System.Reflection.MethodBaseInvoker.InvokeWithNoArgs(Object obj, BindingFlags invokeAttr)
----- Inner Stack Trace -----
   at System.Windows.Input.InputManager..ctor()
   at System.Windows.Input.InputManager.GetCurrentInputManagerImpl()
   at System.Windows.Input.KeyboardNavigation..ctor()
   at System.Windows.FrameworkElement.FrameworkServices..ctor()
   at System.Windows.FrameworkElement.EnsureFrameworkServices()
   at System.Windows.FrameworkElement..ctor()
   at System.Windows.Controls.Control..ctor()
   at System.Windows.Window..ctor()
   at Wpf.Ui.Controls.FluentWindow..ctor()
   at BetterGenshinImpact.View.Windows.ThemedMessageBox..ctor() in E:\Program Files\better-genshin-impact-LCB\BetterGenshinImpact\View\Windows\ThemedMessageBox.xaml.cs:line 35
   at BetterGenshinImpact.View.Windows.ThemedMessageBox.Show(String content, String title, MessageBoxButton button, MessageBoxIcon icon, MessageBoxResult defaultResult, Window owner) in E:\Program Files\better-genshin-impact-LCB\BetterGenshinImpact\View\Windows\ThemedMessageBox.xaml.cs:line 132
   at BetterGenshinImpact.View.Windows.ThemedMessageBox.Warning(String message, String title) in E:\Program Files\better-genshin-impact-LCB\BetterGenshinImpact\View\Windows\ThemedMessageBox.xaml.cs:line 293
   at BetterGenshinImpact.Helpers.RuntimeHelper.CheckIntegration() in E:\Program Files\better-genshin-impact-LCB\BetterGenshinImpact\Helpers\RuntimeHelper.cs:line 159
   at BetterGenshinImpact.Helpers.RuntimeExtension.CheckIntegration(IHostBuilder app) in E:\Program Files\better-genshin-impact-LCB\BetterGenshinImpact\Helpers\RuntimeHelper.cs:line 181
   at BetterGenshinImpact.App..cctor() in E:\Program Files\better-genshin-impact-LCB\BetterGenshinImpact\App.xaml.cs:line 58
  失败 BetterGenshinImpact.UnitTest.GameTaskTests.AutoHoeingTests.RouteAnchorCollectiveSkipIsolationTests.ServerWithoutCapability_ClientStillUsesOldCollectiveSkip [< 1 ms]
  错误消息:
   System.TypeInitializationException : The type initializer for 'BetterGenshinImpact.App' threw an exception.
---- System.InvalidOperationException : 调用线程必须为 STA，因为许多 UI 组件都需要。
  堆栈跟踪:
     at BetterGenshinImpact.App.GetLogger[T]() in E:\Program Files\better-genshin-impact-LCB\BetterGenshinImpact\App.xaml.cs:line 234
   at BetterGenshinImpact.GameTask.AutoHoeing.Multiplayer.CoordinatorClient..ctor() in E:\Program Files\better-genshin-impact-LCB\BetterGenshinImpact\GameTask\AutoHoeing\Multiplayer\CoordinatorClient.cs:line 31
   at BetterGenshinImpact.UnitTest.GameTaskTests.AutoHoeingTests.RouteAnchorCollectiveSkipIsolationTests.Client(Boolean serverSupportsRouteAnchor) in E:\Program Files\better-genshin-impact-LCB\Test\BetterGenshinImpact.UnitTest\GameTaskTests\AutoHoeingTests\RouteAnchorCollectiveSkipIsolationTests.cs:line 40
   at BetterGenshinImpact.UnitTest.GameTaskTests.AutoHoeingTests.RouteAnchorCollectiveSkipIsolationTests.ServerWithoutCapability_ClientStillUsesOldCollectiveSkip() in E:\Program Files\better-genshin-impact-LCB\Test\BetterGenshinImpact.UnitTest\GameTaskTests\AutoHoeingTests\RouteAnchorCollectiveSkipIsolationTests.cs:line 124
   at System.RuntimeMethodHandle.InvokeMethod(Object target, Void** arguments, Signature sig, Boolean isConstructor)
   at System.Reflection.MethodBaseInvoker.InvokeWithNoArgs(Object obj, BindingFlags invokeAttr)
----- Inner Stack Trace -----
   at System.Windows.Input.InputManager..ctor()
   at System.Windows.Input.InputManager.GetCurrentInputManagerImpl()
   at System.Windows.Input.KeyboardNavigation..ctor()
   at System.Windows.FrameworkElement.FrameworkServices..ctor()
   at System.Windows.FrameworkElement.EnsureFrameworkServices()
   at System.Windows.FrameworkElement..ctor()
   at System.Windows.Controls.Control..ctor()
   at System.Windows.Window..ctor()
   at Wpf.Ui.Controls.FluentWindow..ctor()
   at BetterGenshinImpact.View.Windows.ThemedMessageBox..ctor() in E:\Program Files\better-genshin-impact-LCB\BetterGenshinImpact\View\Windows\ThemedMessageBox.xaml.cs:line 35
   at BetterGenshinImpact.View.Windows.ThemedMessageBox.Show(String content, String title, MessageBoxButton button, MessageBoxIcon icon, MessageBoxResult defaultResult, Window owner) in E:\Program Files\better-genshin-impact-LCB\BetterGenshinImpact\View\Windows\ThemedMessageBox.xaml.cs:line 132
   at BetterGenshinImpact.View.Windows.ThemedMessageBox.Warning(String message, String title) in E:\Program Files\better-genshin-impact-LCB\BetterGenshinImpact\View\Windows\ThemedMessageBox.xaml.cs:line 293
   at BetterGenshinImpact.Helpers.RuntimeHelper.CheckIntegration() in E:\Program Files\better-genshin-impact-LCB\BetterGenshinImpact\Helpers\RuntimeHelper.cs:line 159
   at BetterGenshinImpact.Helpers.RuntimeExtension.CheckIntegration(IHostBuilder app) in E:\Program Files\better-genshin-impact-LCB\BetterGenshinImpact\Helpers\RuntimeHelper.cs:line 181
   at BetterGenshinImpact.App..cctor() in E:\Program Files\better-genshin-impact-LCB\BetterGenshinImpact\App.xaml.cs:line 58
  失败 BetterGenshinImpact.UnitTest.GameTaskTests.AutoHoeingTests.RouteAnchorCollectiveSkipIsolationTests.AnchorActive_CollectiveSkipCommand_IsIgnored_NoSignalNoWake [< 1 ms]
  错误消息:
   System.TypeInitializationException : The type initializer for 'BetterGenshinImpact.App' threw an exception.
---- System.InvalidOperationException : 调用线程必须为 STA，因为许多 UI 组件都需要。
  堆栈跟踪:
     at BetterGenshinImpact.App.GetLogger[T]() in E:\Program Files\better-genshin-impact-LCB\BetterGenshinImpact\App.xaml.cs:line 234
   at BetterGenshinImpact.GameTask.AutoHoeing.Multiplayer.CoordinatorClient..ctor() in E:\Program Files\better-genshin-impact-LCB\BetterGenshinImpact\GameTask\AutoHoeing\Multiplayer\CoordinatorClient.cs:line 31
   at BetterGenshinImpact.UnitTest.GameTaskTests.AutoHoeingTests.RouteAnchorCollectiveSkipIsolationTests.Client(Boolean serverSupportsRouteAnchor) in E:\Program Files\better-genshin-impact-LCB\Test\BetterGenshinImpact.UnitTest\GameTaskTests\AutoHoeingTests\RouteAnchorCollectiveSkipIsolationTests.cs:line 40
   at BetterGenshinImpact.UnitTest.GameTaskTests.AutoHoeingTests.RouteAnchorCollectiveSkipIsolationTests.AnchorActive_CollectiveSkipCommand_IsIgnored_NoSignalNoWake() in E:\Program Files\better-genshin-impact-LCB\Test\BetterGenshinImpact.UnitTest\GameTaskTests\AutoHoeingTests\RouteAnchorCollectiveSkipIsolationTests.cs:line 88
   at System.RuntimeMethodHandle.InvokeMethod(Object target, Void** arguments, Signature sig, Boolean isConstructor)
   at System.Reflection.MethodBaseInvoker.InvokeWithNoArgs(Object obj, BindingFlags invokeAttr)
----- Inner Stack Trace -----
   at System.Windows.Input.InputManager..ctor()
   at System.Windows.Input.InputManager.GetCurrentInputManagerImpl()
   at System.Windows.Input.KeyboardNavigation..ctor()
   at System.Windows.FrameworkElement.FrameworkServices..ctor()
   at System.Windows.FrameworkElement.EnsureFrameworkServices()
   at System.Windows.FrameworkElement..ctor()
   at System.Windows.Controls.Control..ctor()
   at System.Windows.Window..ctor()
   at Wpf.Ui.Controls.FluentWindow..ctor()
   at BetterGenshinImpact.View.Windows.ThemedMessageBox..ctor() in E:\Program Files\better-genshin-impact-LCB\BetterGenshinImpact\View\Windows\ThemedMessageBox.xaml.cs:line 35
   at BetterGenshinImpact.View.Windows.ThemedMessageBox.Show(String content, String title, MessageBoxButton button, MessageBoxIcon icon, MessageBoxResult defaultResult, Window owner) in E:\Program Files\better-genshin-impact-LCB\BetterGenshinImpact\View\Windows\ThemedMessageBox.xaml.cs:line 132
   at BetterGenshinImpact.View.Windows.ThemedMessageBox.Warning(String message, String title) in E:\Program Files\better-genshin-impact-LCB\BetterGenshinImpact\View\Windows\ThemedMessageBox.xaml.cs:line 293
   at BetterGenshinImpact.Helpers.RuntimeHelper.CheckIntegration() in E:\Program Files\better-genshin-impact-LCB\BetterGenshinImpact\Helpers\RuntimeHelper.cs:line 159
   at BetterGenshinImpact.Helpers.RuntimeExtension.CheckIntegration(IHostBuilder app) in E:\Program Files\better-genshin-impact-LCB\BetterGenshinImpact\Helpers\RuntimeHelper.cs:line 181
   at BetterGenshinImpact.App..cctor() in E:\Program Files\better-genshin-impact-LCB\BetterGenshinImpact\App.xaml.cs:line 58
  失败 BetterGenshinImpact.UnitTest.GameTaskTests.AutoHoeingTests.RouteAnchorCollectiveSkipIsolationTests.AnchorInactive_CollectiveSkipCommand_StillWorksAsBefore [< 1 ms]
  错误消息:
   System.TypeInitializationException : The type initializer for 'BetterGenshinImpact.App' threw an exception.
---- System.InvalidOperationException : 调用线程必须为 STA，因为许多 UI 组件都需要。
  堆栈跟踪:
     at BetterGenshinImpact.App.GetLogger[T]() in E:\Program Files\better-genshin-impact-LCB\BetterGenshinImpact\App.xaml.cs:line 234
   at BetterGenshinImpact.GameTask.AutoHoeing.Multiplayer.CoordinatorClient..ctor() in E:\Program Files\better-genshin-impact-LCB\BetterGenshinImpact\GameTask\AutoHoeing\Multiplayer\CoordinatorClient.cs:line 31
   at BetterGenshinImpact.UnitTest.GameTaskTests.AutoHoeingTests.RouteAnchorCollectiveSkipIsolationTests.Client(Boolean serverSupportsRouteAnchor) in E:\Program Files\better-genshin-impact-LCB\Test\BetterGenshinImpact.UnitTest\GameTaskTests\AutoHoeingTests\RouteAnchorCollectiveSkipIsolationTests.cs:line 40
   at BetterGenshinImpact.UnitTest.GameTaskTests.AutoHoeingTests.RouteAnchorCollectiveSkipIsolationTests.AnchorInactive_CollectiveSkipCommand_StillWorksAsBefore() in E:\Program Files\better-genshin-impact-LCB\Test\BetterGenshinImpact.UnitTest\GameTaskTests\AutoHoeingTests\RouteAnchorCollectiveSkipIsolationTests.cs:line 109
   at System.RuntimeMethodHandle.InvokeMethod(Object target, Void** arguments, Signature sig, Boolean isConstructor)
   at System.Reflection.MethodBaseInvoker.InvokeWithNoArgs(Object obj, BindingFlags invokeAttr)
----- Inner Stack Trace -----
   at System.Windows.Input.InputManager..ctor()
   at System.Windows.Input.InputManager.GetCurrentInputManagerImpl()
   at System.Windows.Input.KeyboardNavigation..ctor()
   at System.Windows.FrameworkElement.FrameworkServices..ctor()
   at System.Windows.FrameworkElement.EnsureFrameworkServices()
   at System.Windows.FrameworkElement..ctor()
   at System.Windows.Controls.Control..ctor()
   at System.Windows.Window..ctor()
   at Wpf.Ui.Controls.FluentWindow..ctor()
   at BetterGenshinImpact.View.Windows.ThemedMessageBox..ctor() in E:\Program Files\better-genshin-impact-LCB\BetterGenshinImpact\View\Windows\ThemedMessageBox.xaml.cs:line 35
   at BetterGenshinImpact.View.Windows.ThemedMessageBox.Show(String content, String title, MessageBoxButton button, MessageBoxIcon icon, MessageBoxResult defaultResult, Window owner) in E:\Program Files\better-genshin-impact-LCB\BetterGenshinImpact\View\Windows\ThemedMessageBox.xaml.cs:line 132
   at BetterGenshinImpact.View.Windows.ThemedMessageBox.Warning(String message, String title) in E:\Program Files\better-genshin-impact-LCB\BetterGenshinImpact\View\Windows\ThemedMessageBox.xaml.cs:line 293
   at BetterGenshinImpact.Helpers.RuntimeHelper.CheckIntegration() in E:\Program Files\better-genshin-impact-LCB\BetterGenshinImpact\Helpers\RuntimeHelper.cs:line 159
   at BetterGenshinImpact.Helpers.RuntimeExtension.CheckIntegration(IHostBuilder app) in E:\Program Files\better-genshin-impact-LCB\BetterGenshinImpact\Helpers\RuntimeHelper.cs:line 181
   at BetterGenshinImpact.App..cctor() in E:\Program Files\better-genshin-impact-LCB\BetterGenshinImpact\App.xaml.cs:line 58
结果文件: E:\Program Files\better-genshin-impact-LCB\_workflow\closeout-01a10cef\single-restored-full\bgi-full.trx

失败!  - 失败:   223，通过:   906，已跳过:     0，总计:  1129，持续时间: 7 s - BetterGenshinImpact.UnitTest.dll (net8.0)
