warning: in the working copy of 'Test/MultiplayerHoeingAssistant.UnitTest/ServiceTests/TaskCenter/LegacyHistoricalSealIntegrityTests.cs', LF will be replaced by CRLF the next time Git touches it
warning: in the working copy of '_workflow/local-wait-admission-gates-20261004/CURRENT-HANDOFF.md', LF will be replaced by CRLF the next time Git touches it
warning: in the working copy of '_workflow/local-wait-admission-gates-20261004/auto-relay-history-seal-certification-20261004-from-01a106ad/CANDIDATE.md', LF will be replaced by CRLF the next time Git touches it
warning: in the working copy of '_workflow/local-wait-admission-gates-20261004/auto-relay-history-seal-certification-20261004-from-01a106ad/LEGACY-SEAL-PLAN.md', LF will be replaced by CRLF the next time Git touches it
warning: in the working copy of '_workflow/local-wait-admission-gates-20261004/auto-relay-history-seal-certification-20261004-from-01a106ad/create-thread-result.json', LF will be replaced by CRLF the next time Git touches it
warning: in the working copy of '_workflow/local-wait-admission-gates-20261004/auto-relay-history-seal-certification-20261004-from-01a106ad/finalize-source-observation.py', LF will be replaced by CRLF the next time Git touches it
warning: in the working copy of '_workflow/local-wait-admission-gates-20261004/auto-relay-history-seal-certification-20261004-from-01a106ad/git-status-before-checkpoint.txt', LF will be replaced by CRLF the next time Git touches it
warning: in the working copy of '_workflow/local-wait-admission-gates-20261004/auto-relay-history-seal-certification-20261004-from-01a106ad/legacy-final/claims-regenerate.trx', LF will be replaced by CRLF the next time Git touches it
warning: in the working copy of '_workflow/local-wait-admission-gates-20261004/auto-relay-history-seal-certification-20261004-from-01a106ad/legacy-final/full.trx', LF will be replaced by CRLF the next time Git touches it
warning: in the working copy of '_workflow/local-wait-admission-gates-20261004/auto-relay-history-seal-certification-20261004-from-01a106ad/legacy-final/history-matrix.trx', LF will be replaced by CRLF the next time Git touches it
warning: in the working copy of '_workflow/local-wait-admission-gates-20261004/auto-relay-history-seal-certification-20261004-from-01a106ad/legacy-final/target.trx', LF will be replaced by CRLF the next time Git touches it
warning: in the working copy of '_workflow/local-wait-admission-gates-20261004/auto-relay-history-seal-certification-20261004-from-01a106ad/legacy-green.trx', LF will be replaced by CRLF the next time Git touches it
warning: in the working copy of '_workflow/local-wait-admission-gates-20261004/auto-relay-history-seal-certification-20261004-from-01a106ad/legacy-mutations/L1-legacy-association/baseline.trx', LF will be replaced by CRLF the next time Git touches it
warning: in the working copy of '_workflow/local-wait-admission-gates-20261004/auto-relay-history-seal-certification-20261004-from-01a106ad/legacy-mutations/L1-legacy-association/mutant.trx', LF will be replaced by CRLF the next time Git touches it
warning: in the working copy of '_workflow/local-wait-admission-gates-20261004/auto-relay-history-seal-certification-20261004-from-01a106ad/legacy-mutations/L1-legacy-association/restored.trx', LF will be replaced by CRLF the next time Git touches it
warning: in the working copy of '_workflow/local-wait-admission-gates-20261004/auto-relay-history-seal-certification-20261004-from-01a106ad/legacy-mutations/L2-legacy-outcome/baseline.trx', LF will be replaced by CRLF the next time Git touches it
warning: in the working copy of '_workflow/local-wait-admission-gates-20261004/auto-relay-history-seal-certification-20261004-from-01a106ad/legacy-mutations/L2-legacy-outcome/mutant.trx', LF will be replaced by CRLF the next time Git touches it
warning: in the working copy of '_workflow/local-wait-admission-gates-20261004/auto-relay-history-seal-certification-20261004-from-01a106ad/legacy-mutations/L2-legacy-outcome/restored.trx', LF will be replaced by CRLF the next time Git touches it
warning: in the working copy of '_workflow/local-wait-admission-gates-20261004/auto-relay-history-seal-certification-20261004-from-01a106ad/legacy-mutations/L3-terminal-correspondence/baseline.trx', LF will be replaced by CRLF the next time Git touches it
warning: in the working copy of '_workflow/local-wait-admission-gates-20261004/auto-relay-history-seal-certification-20261004-from-01a106ad/legacy-mutations/L3-terminal-correspondence/mutant.trx', LF will be replaced by CRLF the next time Git touches it
warning: in the working copy of '_workflow/local-wait-admission-gates-20261004/auto-relay-history-seal-certification-20261004-from-01a106ad/legacy-mutations/L3-terminal-correspondence/restored.trx', LF will be replaced by CRLF the next time Git touches it
warning: in the working copy of '_workflow/local-wait-admission-gates-20261004/auto-relay-history-seal-certification-20261004-from-01a106ad/legacy-red.trx', LF will be replaced by CRLF the next time Git touches it
warning: in the working copy of '_workflow/local-wait-admission-gates-20261004/auto-relay-history-seal-certification-20261004-from-01a106ad/new-goal-readback.json', LF will be replaced by CRLF the next time Git touches it
warning: in the working copy of '_workflow/local-wait-admission-gates-20261004/auto-relay-history-seal-certification-20261004-from-01a106ad/old-goal-paused-readback.json', LF will be replaced by CRLF the next time Git touches it
warning: in the working copy of '_workflow/local-wait-admission-gates-20261004/auto-relay-history-seal-certification-20261004-from-01a106ad/read-current-evidence.py', LF will be replaced by CRLF the next time Git touches it
warning: in the working copy of '_workflow/local-wait-admission-gates-20261004/auto-relay-history-seal-certification-20261004-from-01a106ad/read-original-request-ledgers.py', LF will be replaced by CRLF the next time Git touches it
warning: in the working copy of '_workflow/local-wait-admission-gates-20261004/auto-relay-history-seal-certification-20261004-from-01a106ad/recover-candidate-checkpoint.py', LF will be replaced by CRLF the next time Git touches it
warning: in the working copy of '_workflow/local-wait-admission-gates-20261004/auto-relay-history-seal-certification-20261004-from-01a106ad/save-candidate-checkpoint.py', LF will be replaced by CRLF the next time Git touches it
warning: in the working copy of '_workflow/local-wait-admission-gates-20261004/auto-relay-history-seal-certification-20261004-from-01a106ad/verify-legacy-mutations.py', LF will be replaced by CRLF the next time Git touches it
warning: in the working copy of '_workflow/local-wait-admission-gates-20261004/g10-completion/certified-executions/55fcd1ef82ae4a3f97e4d54fb1ce5033/build-process-identity.json', LF will be replaced by CRLF the next time Git touches it
warning: in the working copy of '_workflow/local-wait-admission-gates-20261004/g10-completion/certified-executions/55fcd1ef82ae4a3f97e4d54fb1ce5033/build-process-request.json', LF will be replaced by CRLF the next time Git touches it
warning: in the working copy of '_workflow/local-wait-admission-gates-20261004/g10-completion/certified-executions/55fcd1ef82ae4a3f97e4d54fb1ce5033/build-process-result.json', LF will be replaced by CRLF the next time Git touches it
warning: in the working copy of '_workflow/local-wait-admission-gates-20261004/g10-completion/certified-executions/55fcd1ef82ae4a3f97e4d54fb1ce5033/build-tree-terminal.json', LF will be replaced by CRLF the next time Git touches it
warning: in the working copy of '_workflow/local-wait-admission-gates-20261004/g10-completion/certified-executions/55fcd1ef82ae4a3f97e4d54fb1ce5033/full.trx', LF will be replaced by CRLF the next time Git touches it
warning: in the working copy of '_workflow/local-wait-admission-gates-20261004/g10-completion/certified-executions/55fcd1ef82ae4a3f97e4d54fb1ce5033/input-snapshot/MultiplayerHoeingAssistant/App.xaml.cs', LF will be replaced by CRLF the next time Git touches it
warning: in the working copy of '_workflow/local-wait-admission-gates-20261004/g10-completion/certified-executions/55fcd1ef82ae4a3f97e4d54fb1ce5033/input-snapshot/MultiplayerHoeingAssistant/Directory.Build.targets', LF will be replaced by CRLF the next time Git touches it
warning: in the working copy of '_workflow/local-wait-admission-gates-20261004/g10-completion/certified-executions/55fcd1ef82ae4a3f97e4d54fb1ce5033/input-snapshot/MultiplayerHoeingAssistant/Helpers/DesktopWidgetWindowGuard.cs', LF will be replaced by CRLF the next time Git touches it
warning: in the working copy of '_workflow/local-wait-admission-gates-20261004/g10-completion/certified-executions/55fcd1ef82ae4a3f97e4d54fb1ce5033/input-snapshot/MultiplayerHoeingAssistant/Models/AssistConfig.cs', LF will be replaced by CRLF the next time Git touches it
warning: in the working copy of '_workflow/local-wait-admission-gates-20261004/g10-completion/certified-executions/55fcd1ef82ae4a3f97e4d54fb1ce5033/input-snapshot/MultiplayerHoeingAssistant/Models/CommandResult.cs', LF will be replaced by CRLF the next time Git touches it
warning: in the working copy of '_workflow/local-wait-admission-gates-20261004/g10-completion/certified-executions/55fcd1ef82ae4a3f97e4d54fb1ce5033/input-snapshot/MultiplayerHoeingAssistant/Models/ControlRoomPlayer.cs', LF will be replaced by CRLF the next time Git touches it
warning: in the working copy of '_workflow/local-wait-admission-gates-20261004/g10-completion/certified-executions/55fcd1ef82ae4a3f97e4d54fb1ce5033/input-snapshot/MultiplayerHoeingAssistant/Models/ControlStatus.cs', LF will be replaced by CRLF the next time Git touches it
warning: in the working copy of '_workflow/local-wait-admission-gates-20261004/g10-completion/certified-executions/55fcd1ef82ae4a3f97e4d54fb1ce5033/input-snapshot/MultiplayerHoeingAssistant/Models/StartupFlowModels.cs', LF will be replaced by CRLF the next time Git touches it
warning: in the working copy of '_workflow/local-wait-admission-gates-20261004/g10-completion/certified-executions/55fcd1ef82ae4a3f97e4d54fb1ce5033/input-snapshot/MultiplayerHoeingAssistant/Models/TaskCenter/AdmissionParentSource.cs', LF will be replaced by CRLF the next time Git touches it
warning: in the working copy of '_workflow/local-wait-admission-gates-20261004/g10-completion/certified-executions/55fcd1ef82ae4a3f97e4d54fb1ce5033/input-snapshot/MultiplayerHoeingAssistant/Models/TaskCenter/ArbitrationModels.cs', LF will be replaced by CRLF the next time Git touches it
warning: in the working copy of '_workflow/local-wait-admission-gates-20261004/g10-completion/certified-executions/55fcd1ef82ae4a3f97e4d54fb1ce5033/input-snapshot/MultiplayerHoeingAssistant/Models/TaskCenter/LocalWaitModels.cs', LF will be replaced by CRLF the next time Git touches it
warning: in the working copy of '_workflow/local-wait-admission-gates-20261004/g10-completion/certified-executions/55fcd1ef82ae4a3f97e4d54fb1ce5033/input-snapshot/MultiplayerHoeingAssistant/Models/TaskCenter/LocalWaitPrerequisiteModels.cs', LF will be replaced by CRLF the next time Git touches it
warning: in the working copy of '_workflow/local-wait-admission-gates-20261004/g10-completion/certified-executions/55fcd1ef82ae4a3f97e4d54fb1ce5033/input-snapshot/MultiplayerHoeingAssistant/Models/TaskCenter/LocalWaitReevaluationModels.cs', LF will be replaced by CRLF the next time Git touches it
warning: in the working copy of '_workflow/local-wait-admission-gates-20261004/g10-completion/certified-executions/55fcd1ef82ae4a3f97e4d54fb1ce5033/input-snapshot/MultiplayerHoeingAssistant/Models/TaskCenter/ResourceCatalogModels.cs', LF will be replaced by CRLF the next time Git touches it
warning: in the working copy of '_workflow/local-wait-admission-gates-20261004/g10-completion/certified-executions/55fcd1ef82ae4a3f97e4d54fb1ce5033/input-snapshot/MultiplayerHoeingAssistant/Models/TaskCenter/RunningOccupantModels.cs', LF will be replaced by CRLF the next time Git touches it
warning: in the working copy of '_workflow/local-wait-admission-gates-20261004/g10-completion/certified-executions/55fcd1ef82ae4a3f97e4d54fb1ce5033/input-snapshot/MultiplayerHoeingAssistant/Models/TaskCenter/StartupHandoffModels.cs', LF will be replaced by CRLF the next time Git touches it
warning: in the working copy of '_workflow/local-wait-admission-gates-20261004/g10-completion/certified-executions/55fcd1ef82ae4a3f97e4d54fb1ce5033/input-snapshot/MultiplayerHoeingAssistant/Models/TaskCenter/StartupSourceIntent.cs', LF will be replaced by CRLF the next time Git touches it
warning: in the working copy of '_workflow/local-wait-admission-gates-20261004/g10-completion/certified-executions/55fcd1ef82ae4a3f97e4d54fb1ce5033/input-snapshot/MultiplayerHoeingAssistant/Models/TaskCenter/WorkflowModels.cs', LF will be replaced by CRLF the next time Git touches it
warning: in the working copy of '_workflow/local-wait-admission-gates-20261004/g10-completion/certified-executions/55fcd1ef82ae4a3f97e4d54fb1ce5033/input-snapshot/MultiplayerHoeingAssistant/Models/TaskConflictPolicy.cs', LF will be replaced by CRLF the next time Git touches it
warning: in the working copy of '_workflow/local-wait-admission-gates-20261004/g10-completion/certified-executions/55fcd1ef82ae4a3f97e4d54fb1ce5033/input-snapshot/MultiplayerHoeingAssistant/Services/BackgroundTriggerLedger.cs', LF will be replaced by CRLF the next time Git touches it
warning: in the working copy of '_workflow/local-wait-admission-gates-20261004/g10-completion/certified-executions/55fcd1ef82ae4a3f97e4d54fb1ce5033/input-snapshot/MultiplayerHoeingAssistant/Services/BatchReconcilePlan.cs', LF will be replaced by CRLF the next time Git touches it
warning: in the working copy of '_workflow/local-wait-admission-gates-20261004/g10-completion/certified-executions/55fcd1ef82ae4a3f97e4d54fb1ce5033/input-snapshot/MultiplayerHoeingAssistant/Services/BgiExternalClient.cs', LF will be replaced by CRLF the next time Git touches it
warning: in the working copy of '_workflow/local-wait-admission-gates-20261004/g10-completion/certified-executions/55fcd1ef82ae4a3f97e4d54fb1ce5033/input-snapshot/MultiplayerHoeingAssistant/Services/BgiOriginalRequestFingerprint.cs', LF will be replaced by CRLF the next time Git touches it
warning: in the working copy of '_workflow/local-wait-admission-gates-20261004/g10-completion/certified-executions/55fcd1ef82ae4a3f97e4d54fb1ce5033/input-snapshot/MultiplayerHoeingAssistant/Services/BgiPackageUpdateService.cs', LF will be replaced by CRLF the next time Git touches it
warning: in the working copy of '_workflow/local-wait-admission-gates-20261004/g10-completion/certified-executions/55fcd1ef82ae4a3f97e4d54fb1ce5033/input-snapshot/MultiplayerHoeingAssistant/Services/BgiProcessMonitor.cs', LF will be replaced by CRLF the next time Git touches it
warning: in the working copy of '_workflow/local-wait-admission-gates-20261004/g10-completion/certified-executions/55fcd1ef82ae4a3f97e4d54fb1ce5033/input-snapshot/MultiplayerHoeingAssistant/Services/BgiRemoteUpdateService.cs', LF will be replaced by CRLF the next time Git touches it
warning: in the working copy of '_workflow/local-wait-admission-gates-20261004/g10-completion/certified-executions/55fcd1ef82ae4a3f97e4d54fb1ce5033/input-snapshot/MultiplayerHoeingAssistant/Services/BgiUpdateDecisions.cs', LF will be replaced by CRLF the next time Git touches it
warning: in the working copy of '_workflow/local-wait-admission-gates-20261004/g10-completion/certified-executions/55fcd1ef82ae4a3f97e4d54fb1ce5033/input-snapshot/MultiplayerHoeingAssistant/Services/BgiVersionResolver.cs', LF will be replaced by CRLF the next time Git touches it
warning: in the working copy of '_workflow/local-wait-admission-gates-20261004/g10-completion/certified-executions/55fcd1ef82ae4a3f97e4d54fb1ce5033/input-snapshot/MultiplayerHoeingAssistant/Services/ConfigTransferService.cs', LF will be replaced by CRLF the next time Git touches it
warning: in the working copy of '_workflow/local-wait-admission-gates-20261004/g10-completion/certified-executions/55fcd1ef82ae4a3f97e4d54fb1ce5033/input-snapshot/MultiplayerHoeingAssistant/Services/CoordinatedBatchOutcome.cs', LF will be replaced by CRLF the next time Git touches it
warning: in the working copy of '_workflow/local-wait-admission-gates-20261004/g10-completion/certified-executions/55fcd1ef82ae4a3f97e4d54fb1ce5033/input-snapshot/MultiplayerHoeingAssistant/Services/CoordinatedBatchReads.cs', LF will be replaced by CRLF the next time Git touches it
warning: in the working copy of '_workflow/local-wait-admission-gates-20261004/g10-completion/certified-executions/55fcd1ef82ae4a3f97e4d54fb1ce5033/input-snapshot/MultiplayerHoeingAssistant/Services/CoordinatedBatchSnapshot.cs', LF will be replaced by CRLF the next time Git touches it
warning: in the working copy of '_workflow/local-wait-admission-gates-20261004/g10-completion/certified-executions/55fcd1ef82ae4a3f97e4d54fb1ce5033/input-snapshot/MultiplayerHoeingAssistant/Services/IpcClient.cs', LF will be replaced by CRLF the next time Git touches it
warning: in the working copy of '_workflow/local-wait-admission-gates-20261004/g10-completion/certified-executions/55fcd1ef82ae4a3f97e4d54fb1ce5033/input-snapshot/MultiplayerHoeingAssistant/Services/LocalConfigEditChannel.cs', LF will be replaced by CRLF the next time Git touches it
warning: in the working copy of '_workflow/local-wait-admission-gates-20261004/g10-completion/certified-executions/55fcd1ef82ae4a3f97e4d54fb1ce5033/input-snapshot/MultiplayerHoeingAssistant/Services/PetAnims.cs', LF will be replaced by CRLF the next time Git touches it
warning: in the working copy of '_workflow/local-wait-admission-gates-20261004/g10-completion/certified-executions/55fcd1ef82ae4a3f97e4d54fb1ce5033/input-snapshot/MultiplayerHoeingAssistant/Services/PetSettingsService.cs', LF will be replaced by CRLF the next time Git touches it
warning: in the working copy of '_workflow/local-wait-admission-gates-20261004/g10-completion/certified-executions/55fcd1ef82ae4a3f97e4d54fb1ce5033/input-snapshot/MultiplayerHoeingAssistant/Services/PetSoundPlayer.cs', LF will be replaced by CRLF the next time Git touches it
warning: in the working copy of '_workflow/local-wait-admission-gates-20261004/g10-completion/certified-executions/55fcd1ef82ae4a3f97e4d54fb1ce5033/input-snapshot/MultiplayerHoeingAssistant/Services/PetStateEngine.cs', LF will be replaced by CRLF the next time Git touches it
warning: in the working copy of '_workflow/local-wait-admission-gates-20261004/g10-completion/certified-executions/55fcd1ef82ae4a3f97e4d54fb1ce5033/input-snapshot/MultiplayerHoeingAssistant/Services/StartupFlowRunner.cs', LF will be replaced by CRLF the next time Git touches it
warning: in the working copy of '_workflow/local-wait-admission-gates-20261004/g10-completion/certified-executions/55fcd1ef82ae4a3f97e4d54fb1ce5033/input-snapshot/MultiplayerHoeingAssistant/Services/StartupFlowSchemeStore.cs', LF will be replaced by CRLF the next time Git touches it
warning: in the working copy of '_workflow/local-wait-admission-gates-20261004/g10-completion/certified-executions/55fcd1ef82ae4a3f97e4d54fb1ce5033/input-snapshot/MultiplayerHoeingAssistant/Services/TaskCenter/Arbitration/ArbitrationLeaseStore.cs', LF will be replaced by CRLF the next time Git touches it
warning: in the working copy of '_workflow/local-wait-admission-gates-20261004/g10-completion/certified-executions/55fcd1ef82ae4a3f97e4d54fb1ce5033/input-snapshot/MultiplayerHoeingAssistant/Services/TaskCenter/Arbitration/ArbitrationOrdering.cs', LF will be replaced by CRLF the next time Git touches it
warning: in the working copy of '_workflow/local-wait-admission-gates-20261004/g10-completion/certified-executions/55fcd1ef82ae4a3f97e4d54fb1ce5033/input-snapshot/MultiplayerHoeingAssistant/Services/TaskCenter/Arbitration/ExternalStartLedger.cs', LF will be replaced by CRLF the next time Git touches it
warning: in the working copy of '_workflow/local-wait-admission-gates-20261004/g10-completion/certified-executions/55fcd1ef82ae4a3f97e4d54fb1ce5033/input-snapshot/MultiplayerHoeingAssistant/Services/TaskCenter/Arbitration/HandoffTransitionPolicy.cs', LF will be replaced by CRLF the next time Git touches it
warning: in the working copy of '_workflow/local-wait-admission-gates-20261004/g10-completion/certified-executions/55fcd1ef82ae4a3f97e4d54fb1ce5033/input-snapshot/MultiplayerHoeingAssistant/Services/TaskCenter/Arbitration/LocalWaitQueuePolicy.cs', LF will be replaced by CRLF the next time Git touches it
warning: in the working copy of '_workflow/local-wait-admission-gates-20261004/g10-completion/certified-executions/55fcd1ef82ae4a3f97e4d54fb1ce5033/input-snapshot/MultiplayerHoeingAssistant/Services/TaskCenter/Arbitration/LocalWaitReevaluationConsumer.cs', LF will be replaced by CRLF the next time Git touches it
warning: in the working copy of '_workflow/local-wait-admission-gates-20261004/g10-completion/certified-executions/55fcd1ef82ae4a3f97e4d54fb1ce5033/input-snapshot/MultiplayerHoeingAssistant/Services/TaskCenter/Arbitration/LocalWaitReevaluationTrigger.cs', LF will be replaced by CRLF the next time Git touches it
warning: in the working copy of '_workflow/local-wait-admission-gates-20261004/g10-completion/certified-executions/55fcd1ef82ae4a3f97e4d54fb1ce5033/input-snapshot/MultiplayerHoeingAssistant/Services/TaskCenter/Arbitration/OccupantLevelResolver.cs', LF will be replaced by CRLF the next time Git touches it
warning: in the working copy of '_workflow/local-wait-admission-gates-20261004/g10-completion/certified-executions/55fcd1ef82ae4a3f97e4d54fb1ce5033/input-snapshot/MultiplayerHoeingAssistant/Services/TaskCenter/Arbitration/RunningOccupancyArbiter.cs', LF will be replaced by CRLF the next time Git touches it
warning: in the working copy of '_workflow/local-wait-admission-gates-20261004/g10-completion/certified-executions/55fcd1ef82ae4a3f97e4d54fb1ce5033/input-snapshot/MultiplayerHoeingAssistant/Services/TaskCenter/Arbitration/SwitchGuardPolicy.cs', LF will be replaced by CRLF the next time Git touches it
warning: in the working copy of '_workflow/local-wait-admission-gates-20261004/g10-completion/certified-executions/55fcd1ef82ae4a3f97e4d54fb1ce5033/input-snapshot/MultiplayerHoeingAssistant/Services/TaskCenter/ArbitrationWorkflowExecutionBoundary.cs', LF will be replaced by CRLF the next time Git touches it
warning: in the working copy of '_workflow/local-wait-admission-gates-20261004/g10-completion/certified-executions/55fcd1ef82ae4a3f97e4d54fb1ce5033/input-snapshot/MultiplayerHoeingAssistant/Services/TaskCenter/BgiJobTerminalPolling.cs', LF will be replaced by CRLF the next time Git touches it
warning: in the working copy of '_workflow/local-wait-admission-gates-20261004/g10-completion/certified-executions/55fcd1ef82ae4a3f97e4d54fb1ce5033/input-snapshot/MultiplayerHoeingAssistant/Services/TaskCenter/BgiSendEvidence.cs', LF will be replaced by CRLF the next time Git touches it
warning: in the working copy of '_workflow/local-wait-admission-gates-20261004/g10-completion/certified-executions/55fcd1ef82ae4a3f97e4d54fb1ce5033/input-snapshot/MultiplayerHoeingAssistant/Services/TaskCenter/BgiWorkflowObservationPersistence.cs', LF will be replaced by CRLF the next time Git touches it
warning: in the working copy of '_workflow/local-wait-admission-gates-20261004/g10-completion/certified-executions/55fcd1ef82ae4a3f97e4d54fb1ce5033/input-snapshot/MultiplayerHoeingAssistant/Services/TaskCenter/BgiWorkflowPrerequisiteAdapter.cs', LF will be replaced by CRLF the next time Git touches it
warning: in the working copy of '_workflow/local-wait-admission-gates-20261004/g10-completion/certified-executions/55fcd1ef82ae4a3f97e4d54fb1ce5033/input-snapshot/MultiplayerHoeingAssistant/Services/TaskCenter/BgiWorkflowTerminalExecutor.cs', LF will be replaced by CRLF the next time Git touches it
warning: in the working copy of '_workflow/local-wait-admission-gates-20261004/g10-completion/certified-executions/55fcd1ef82ae4a3f97e4d54fb1ce5033/input-snapshot/MultiplayerHoeingAssistant/Services/TaskCenter/IBgiExecutionPort.cs', LF will be replaced by CRLF the next time Git touches it
warning: in the working copy of '_workflow/local-wait-admission-gates-20261004/g10-completion/certified-executions/55fcd1ef82ae4a3f97e4d54fb1ce5033/input-snapshot/MultiplayerHoeingAssistant/Services/TaskCenter/LocalNoSendEvidence.cs', LF will be replaced by CRLF the next time Git touches it
warning: in the working copy of '_workflow/local-wait-admission-gates-20261004/g10-completion/certified-executions/55fcd1ef82ae4a3f97e4d54fb1ce5033/input-snapshot/MultiplayerHoeingAssistant/Services/TaskCenter/LocalWaitQueueStore.cs', LF will be replaced by CRLF the next time Git touches it
warning: in the working copy of '_workflow/local-wait-admission-gates-20261004/g10-completion/certified-executions/55fcd1ef82ae4a3f97e4d54fb1ce5033/input-snapshot/MultiplayerHoeingAssistant/Services/TaskCenter/MigrationConsistency.cs', LF will be replaced by CRLF the next time Git touches it
warning: in the working copy of '_workflow/local-wait-admission-gates-20261004/g10-completion/certified-executions/55fcd1ef82ae4a3f97e4d54fb1ce5033/input-snapshot/MultiplayerHoeingAssistant/Services/TaskCenter/MigrationLegacyManifestCodec.cs', LF will be replaced by CRLF the next time Git touches it
warning: in the working copy of '_workflow/local-wait-admission-gates-20261004/g10-completion/certified-executions/55fcd1ef82ae4a3f97e4d54fb1ce5033/input-snapshot/MultiplayerHoeingAssistant/Services/TaskCenter/MigrationOperationJournal.cs', LF will be replaced by CRLF the next time Git touches it
warning: in the working copy of '_workflow/local-wait-admission-gates-20261004/g10-completion/certified-executions/55fcd1ef82ae4a3f97e4d54fb1ce5033/input-snapshot/MultiplayerHoeingAssistant/Services/TaskCenter/MigrationVersionStore.cs', LF will be replaced by CRLF the next time Git touches it
warning: in the working copy of '_workflow/local-wait-admission-gates-20261004/g10-completion/certified-executions/55fcd1ef82ae4a3f97e4d54fb1ce5033/input-snapshot/MultiplayerHoeingAssistant/Services/TaskCenter/PathIdentity.cs', LF will be replaced by CRLF the next time Git touches it
warning: in the working copy of '_workflow/local-wait-admission-gates-20261004/g10-completion/certified-executions/55fcd1ef82ae4a3f97e4d54fb1ce5033/input-snapshot/MultiplayerHoeingAssistant/Services/TaskCenter/ResourceCatalogService.cs', LF will be replaced by CRLF the next time Git touches it
warning: in the working copy of '_workflow/local-wait-admission-gates-20261004/g10-completion/certified-executions/55fcd1ef82ae4a3f97e4d54fb1ce5033/input-snapshot/MultiplayerHoeingAssistant/Services/TaskCenter/RunStoreSendPermit.cs', LF will be replaced by CRLF the next time Git touches it
warning: in the working copy of '_workflow/local-wait-admission-gates-20261004/g10-completion/certified-executions/55fcd1ef82ae4a3f97e4d54fb1ce5033/input-snapshot/MultiplayerHoeingAssistant/Services/TaskCenter/TaskCenterMechanismPolicy.cs', LF will be replaced by CRLF the next time Git touches it
warning: in the working copy of '_workflow/local-wait-admission-gates-20261004/g10-completion/certified-executions/55fcd1ef82ae4a3f97e4d54fb1ce5033/input-snapshot/MultiplayerHoeingAssistant/Services/TaskCenter/WaitDecisionSource.cs', LF will be replaced by CRLF the next time Git touches it
warning: in the working copy of '_workflow/local-wait-admission-gates-20261004/g10-completion/certified-executions/55fcd1ef82ae4a3f97e4d54fb1ce5033/input-snapshot/MultiplayerHoeingAssistant/Services/TaskCenter/WindowsTxfMigrationVersionStore.cs', LF will be replaced by CRLF the next time Git touches it
warning: in the working copy of '_workflow/local-wait-admission-gates-20261004/g10-completion/certified-executions/55fcd1ef82ae4a3f97e4d54fb1ce5033/input-snapshot/MultiplayerHoeingAssistant/Services/TaskCenter/WindowsVssMigrationConsistency.cs', LF will be replaced by CRLF the next time Git touches it
warning: in the working copy of '_workflow/local-wait-admission-gates-20261004/g10-completion/certified-executions/55fcd1ef82ae4a3f97e4d54fb1ce5033/input-snapshot/MultiplayerHoeingAssistant/Services/TaskCenter/WorkflowPlanner.cs', LF will be replaced by CRLF the next time Git touches it
warning: in the working copy of '_workflow/local-wait-admission-gates-20261004/g10-completion/certified-executions/55fcd1ef82ae4a3f97e4d54fb1ce5033/input-snapshot/MultiplayerHoeingAssistant/Services/TaskCenter/WorkflowStopAuthority.cs', LF will be replaced by CRLF the next time Git touches it
warning: in the working copy of '_workflow/local-wait-admission-gates-20261004/g10-completion/certified-executions/55fcd1ef82ae4a3f97e4d54fb1ce5033/input-snapshot/MultiplayerHoeingAssistant/Services/TaskCenter/WorkflowStore.cs', LF will be replaced by CRLF the next time Git touches it
warning: in the working copy of '_workflow/local-wait-admission-gates-20261004/g10-completion/certified-executions/55fcd1ef82ae4a3f97e4d54fb1ce5033/input-snapshot/MultiplayerHoeingAssistant/Services/TaskPolicySyncService.cs', LF will be replaced by CRLF the next time Git touches it
warning: in the working copy of '_workflow/local-wait-admission-gates-20261004/g10-completion/certified-executions/55fcd1ef82ae4a3f97e4d54fb1ce5033/input-snapshot/MultiplayerHoeingAssistant/Services/WindowsSessionIdentity.cs', LF will be replaced by CRLF the next time Git touches it
warning: in the working copy of '_workflow/local-wait-admission-gates-20261004/g10-completion/certified-executions/55fcd1ef82ae4a3f97e4d54fb1ce5033/input-snapshot/MultiplayerHoeingAssistant/ViewModels/DodocoViewModel.cs', LF will be replaced by CRLF the next time Git touches it
warning: in the working copy of '_workflow/local-wait-admission-gates-20261004/g10-completion/certified-executions/55fcd1ef82ae4a3f97e4d54fb1ce5033/input-snapshot/MultiplayerHoeingAssistant/ViewModels/MainViewModel.BgiExternal.cs', LF will be replaced by CRLF the next time Git touches it
warning: in the working copy of '_workflow/local-wait-admission-gates-20261004/g10-completion/certified-executions/55fcd1ef82ae4a3f97e4d54fb1ce5033/input-snapshot/MultiplayerHoeingAssistant/ViewModels/MainViewModel.CoordinatedBatch.cs', LF will be replaced by CRLF the next time Git touches it
warning: in the working copy of '_workflow/local-wait-admission-gates-20261004/g10-completion/certified-executions/55fcd1ef82ae4a3f97e4d54fb1ce5033/input-snapshot/MultiplayerHoeingAssistant/ViewModels/MainViewModel.OnlineBatch.cs', LF will be replaced by CRLF the next time Git touches it
warning: in the working copy of '_workflow/local-wait-admission-gates-20261004/g10-completion/certified-executions/55fcd1ef82ae4a3f97e4d54fb1ce5033/input-snapshot/MultiplayerHoeingAssistant/ViewModels/MainViewModel.RemoteConfig.cs', LF will be replaced by CRLF the next time Git touches it
warning: in the working copy of '_workflow/local-wait-admission-gates-20261004/g10-completion/certified-executions/55fcd1ef82ae4a3f97e4d54fb1ce5033/input-snapshot/MultiplayerHoeingAssistant/ViewModels/MainViewModel.cs', LF will be replaced by CRLF the next time Git touches it
warning: in the working copy of '_workflow/local-wait-admission-gates-20261004/g10-completion/certified-executions/55fcd1ef82ae4a3f97e4d54fb1ce5033/input-snapshot/MultiplayerHoeingAssistant/ViewModels/MistletoeViewModel.cs', LF will be replaced by CRLF the next time Git touches it
warning: in the working copy of '_workflow/local-wait-admission-gates-20261004/g10-completion/certified-executions/55fcd1ef82ae4a3f97e4d54fb1ce5033/input-snapshot/MultiplayerHoeingAssistant/ViewModels/PetViewModel.cs', LF will be replaced by CRLF the next time Git touches it
warning: in the working copy of '_workflow/local-wait-admission-gates-20261004/g10-completion/certified-executions/55fcd1ef82ae4a3f97e4d54fb1ce5033/input-snapshot/MultiplayerHoeingAssistant/ViewModels/TaskCenterPanelViewModel.EditParts.cs', LF will be replaced by CRLF the next time Git touches it
warning: in the working copy of '_workflow/local-wait-admission-gates-20261004/g10-completion/certified-executions/55fcd1ef82ae4a3f97e4d54fb1ce5033/input-snapshot/MultiplayerHoeingAssistant/ViewModels/TaskCenterPanelViewModel.cs', LF will be replaced by CRLF the next time Git touches it
warning: in the working copy of '_workflow/local-wait-admission-gates-20261004/g10-completion/certified-executions/55fcd1ef82ae4a3f97e4d54fb1ce5033/input-snapshot/MultiplayerHoeingAssistant/Views/ConfirmStepWindow.xaml.cs', LF will be replaced by CRLF the next time Git touches it
warning: in the working copy of '_workflow/local-wait-admission-gates-20261004/g10-completion/certified-executions/55fcd1ef82ae4a3f97e4d54fb1ce5033/input-snapshot/MultiplayerHoeingAssistant/Views/DisclaimerWindow.xaml.cs', LF will be replaced by CRLF the next time Git touches it
warning: in the working copy of '_workflow/local-wait-admission-gates-20261004/g10-completion/certified-executions/55fcd1ef82ae4a3f97e4d54fb1ce5033/input-snapshot/MultiplayerHoeingAssistant/Views/DodocoPage.xaml', LF will be replaced by CRLF the next time Git touches it
warning: in the working copy of '_workflow/local-wait-admission-gates-20261004/g10-completion/certified-executions/55fcd1ef82ae4a3f97e4d54fb1ce5033/input-snapshot/MultiplayerHoeingAssistant/Views/FlowChartWindow.xaml.cs', LF will be replaced by CRLF the next time Git touches it
warning: in the working copy of '_workflow/local-wait-admission-gates-20261004/g10-completion/certified-executions/55fcd1ef82ae4a3f97e4d54fb1ce5033/input-snapshot/MultiplayerHoeingAssistant/Views/FlowPreviewWindow.xaml.cs', LF will be replaced by CRLF the next time Git touches it
warning: in the working copy of '_workflow/local-wait-admission-gates-20261004/g10-completion/certified-executions/55fcd1ef82ae4a3f97e4d54fb1ce5033/input-snapshot/MultiplayerHoeingAssistant/Views/ImageZoomWindow.xaml.cs', LF will be replaced by CRLF the next time Git touches it
warning: in the working copy of '_workflow/local-wait-admission-gates-20261004/g10-completion/certified-executions/55fcd1ef82ae4a3f97e4d54fb1ce5033/input-snapshot/MultiplayerHoeingAssistant/Views/IncidentSettingsWindow.xaml.cs', LF will be replaced by CRLF the next time Git touches it
warning: in the working copy of '_workflow/local-wait-admission-gates-20261004/g10-completion/certified-executions/55fcd1ef82ae4a3f97e4d54fb1ce5033/input-snapshot/MultiplayerHoeingAssistant/Views/MistletoePage.xaml', LF will be replaced by CRLF the next time Git touches it
warning: in the working copy of '_workflow/local-wait-admission-gates-20261004/g10-completion/certified-executions/55fcd1ef82ae4a3f97e4d54fb1ce5033/input-snapshot/MultiplayerHoeingAssistant/Views/MistletoePage.xaml.cs', LF will be replaced by CRLF the next time Git touches it
warning: in the working copy of '_workflow/local-wait-admission-gates-20261004/g10-completion/certified-executions/55fcd1ef82ae4a3f97e4d54fb1ce5033/input-snapshot/MultiplayerHoeingAssistant/Views/PasswordSetupWindow.xaml.cs', LF will be replaced by CRLF the next time Git touches it
warning: in the working copy of '_workflow/local-wait-admission-gates-20261004/g10-completion/certified-executions/55fcd1ef82ae4a3f97e4d54fb1ce5033/input-snapshot/MultiplayerHoeingAssistant/Views/PetStatusPanelWindow.xaml', LF will be replaced by CRLF the next time Git touches it
warning: in the working copy of '_workflow/local-wait-admission-gates-20261004/g10-completion/certified-executions/55fcd1ef82ae4a3f97e4d54fb1ce5033/input-snapshot/MultiplayerHoeingAssistant/Views/PetStatusPanelWindow.xaml.cs', LF will be replaced by CRLF the next time Git touches it
warning: in the working copy of '_workflow/local-wait-admission-gates-20261004/g10-completion/certified-executions/55fcd1ef82ae4a3f97e4d54fb1ce5033/input-snapshot/MultiplayerHoeingAssistant/Views/PetWindow.xaml', LF will be replaced by CRLF the next time Git touches it
warning: in the working copy of '_workflow/local-wait-admission-gates-20261004/g10-completion/certified-executions/55fcd1ef82ae4a3f97e4d54fb1ce5033/input-snapshot/MultiplayerHoeingAssistant/Views/PetWindow.xaml.cs', LF will be replaced by CRLF the next time Git touches it
warning: in the working copy of '_workflow/local-wait-admission-gates-20261004/g10-completion/certified-executions/55fcd1ef82ae4a3f97e4d54fb1ce5033/input-snapshot/MultiplayerHoeingAssistant/Views/RemoteConfigGroupSelectWindow.xaml.cs', LF will be replaced by CRLF the next time Git touches it
warning: in the working copy of '_workflow/local-wait-admission-gates-20261004/g10-completion/certified-executions/55fcd1ef82ae4a3f97e4d54fb1ce5033/input-snapshot/MultiplayerHoeingAssistant/Views/SettingsPage.xaml', LF will be replaced by CRLF the next time Git touches it
warning: in the working copy of '_workflow/local-wait-admission-gates-20261004/g10-completion/certified-executions/55fcd1ef82ae4a3f97e4d54fb1ce5033/input-snapshot/MultiplayerHoeingAssistant/Views/SettingsPage.xaml.cs', LF will be replaced by CRLF the next time Git touches it
warning: in the working copy of '_workflow/local-wait-admission-gates-20261004/g10-completion/certified-executions/55fcd1ef82ae4a3f97e4d54fb1ce5033/input-snapshot/MultiplayerHoeingAssistant/Views/SettingsWindow.xaml.cs', LF will be replaced by CRLF the next time Git touches it
warning: in the working copy of '_workflow/local-wait-admission-gates-20261004/g10-completion/certified-executions/55fcd1ef82ae4a3f97e4d54fb1ce5033/input-snapshot/MultiplayerHoeingAssistant/Views/UpdateBgiWindow.xaml', LF will be replaced by CRLF the next time Git touches it
warning: in the working copy of '_workflow/local-wait-admission-gates-20261004/g10-completion/certified-executions/55fcd1ef82ae4a3f97e4d54fb1ce5033/input-snapshot/MultiplayerHoeingAssistant/Views/UpdateBgiWindow.xaml.cs', LF will be replaced by CRLF the next time Git touches it
warning: in the working copy of '_workflow/local-wait-admission-gates-20261004/g10-completion/certified-executions/55fcd1ef82ae4a3f97e4d54fb1ce5033/input-snapshot/Test/MultiplayerHoeingAssistant.UnitTest/CommandContractGuardTests.cs', LF will be replaced by CRLF the next time Git touches it
warning: in the working copy of '_workflow/local-wait-admission-gates-20261004/g10-completion/certified-executions/55fcd1ef82ae4a3f97e4d54fb1ce5033/input-snapshot/Test/MultiplayerHoeingAssistant.UnitTest/ServiceTests/BatchReconcileDeciderTests.cs', LF will be replaced by CRLF the next time Git touches it
warning: in the working copy of '_workflow/local-wait-admission-gates-20261004/g10-completion/certified-executions/55fcd1ef82ae4a3f97e4d54fb1ce5033/input-snapshot/Test/MultiplayerHoeingAssistant.UnitTest/ServiceTests/BatchSubmitRejectionA6Tests.cs', LF will be replaced by CRLF the next time Git touches it
warning: in the working copy of '_workflow/local-wait-admission-gates-20261004/g10-completion/certified-executions/55fcd1ef82ae4a3f97e4d54fb1ce5033/input-snapshot/Test/MultiplayerHoeingAssistant.UnitTest/ServiceTests/BgiPackageUpdateServiceTests.cs', LF will be replaced by CRLF the next time Git touches it
warning: in the working copy of '_workflow/local-wait-admission-gates-20261004/g10-completion/certified-executions/55fcd1ef82ae4a3f97e4d54fb1ce5033/input-snapshot/Test/MultiplayerHoeingAssistant.UnitTest/ServiceTests/BgiRemoteUpdateServiceTests.cs', LF will be replaced by CRLF the next time Git touches it
warning: in the working copy of '_workflow/local-wait-admission-gates-20261004/g10-completion/certified-executions/55fcd1ef82ae4a3f97e4d54fb1ce5033/input-snapshot/Test/MultiplayerHoeingAssistant.UnitTest/ServiceTests/BgiUpdateDecisionsTests.cs', LF will be replaced by CRLF the next time Git touches it
warning: in the working copy of '_workflow/local-wait-admission-gates-20261004/g10-completion/certified-executions/55fcd1ef82ae4a3f97e4d54fb1ce5033/input-snapshot/Test/MultiplayerHoeingAssistant.UnitTest/ServiceTests/BgiUpdateWriteEntryZeroByteTests.cs', LF will be replaced by CRLF the next time Git touches it
warning: in the working copy of '_workflow/local-wait-admission-gates-20261004/g10-completion/certified-executions/55fcd1ef82ae4a3f97e4d54fb1ce5033/input-snapshot/Test/MultiplayerHoeingAssistant.UnitTest/ServiceTests/CommandExecutorExecutionExitProofTests.cs', LF will be replaced by CRLF the next time Git touches it
warning: in the working copy of '_workflow/local-wait-admission-gates-20261004/g10-completion/certified-executions/55fcd1ef82ae4a3f97e4d54fb1ce5033/input-snapshot/Test/MultiplayerHoeingAssistant.UnitTest/ServiceTests/CommandExecutorExternalStartAdmissionTests.cs', LF will be replaced by CRLF the next time Git touches it
warning: in the working copy of '_workflow/local-wait-admission-gates-20261004/g10-completion/certified-executions/55fcd1ef82ae4a3f97e4d54fb1ce5033/input-snapshot/Test/MultiplayerHoeingAssistant.UnitTest/ServiceTests/CoordinatedBatchAdmissionRelationTests.cs', LF will be replaced by CRLF the next time Git touches it
warning: in the working copy of '_workflow/local-wait-admission-gates-20261004/g10-completion/certified-executions/55fcd1ef82ae4a3f97e4d54fb1ce5033/input-snapshot/Test/MultiplayerHoeingAssistant.UnitTest/ServiceTests/MainViewModelTaskStatusParsingTests.cs', LF will be replaced by CRLF the next time Git touches it
warning: in the working copy of '_workflow/local-wait-admission-gates-20261004/g10-completion/certified-executions/55fcd1ef82ae4a3f97e4d54fb1ce5033/input-snapshot/Test/MultiplayerHoeingAssistant.UnitTest/ServiceTests/RemoteConfigEditingTests.cs', LF will be replaced by CRLF the next time Git touches it
warning: in the working copy of '_workflow/local-wait-admission-gates-20261004/g10-completion/certified-executions/55fcd1ef82ae4a3f97e4d54fb1ce5033/input-snapshot/Test/MultiplayerHoeingAssistant.UnitTest/ServiceTests/StartupFlowRunnerHandoffTests.cs', LF will be replaced by CRLF the next time Git touches it
warning: in the working copy of '_workflow/local-wait-admission-gates-20261004/g10-completion/certified-executions/55fcd1ef82ae4a3f97e4d54fb1ce5033/input-snapshot/Test/MultiplayerHoeingAssistant.UnitTest/ServiceTests/StartupFlowSchemeStoreTests.cs', LF will be replaced by CRLF the next time Git touches it
warning: in the working copy of '_workflow/local-wait-admission-gates-20261004/g10-completion/certified-executions/55fcd1ef82ae4a3f97e4d54fb1ce5033/input-snapshot/Test/MultiplayerHoeingAssistant.UnitTest/ServiceTests/StartupSourceStopAuthorityTests.cs', LF will be replaced by CRLF the next time Git touches it
warning: in the working copy of '_workflow/local-wait-admission-gates-20261004/g10-completion/certified-executions/55fcd1ef82ae4a3f97e4d54fb1ce5033/input-snapshot/Test/MultiplayerHoeingAssistant.UnitTest/ServiceTests/TaskCenter/AdapterCancellationObservationTests.cs', LF will be replaced by CRLF the next time Git touches it
warning: in the working copy of '_workflow/local-wait-admission-gates-20261004/g10-completion/certified-executions/55fcd1ef82ae4a3f97e4d54fb1ce5033/input-snapshot/Test/MultiplayerHoeingAssistant.UnitTest/ServiceTests/TaskCenter/AdapterExecutionEvidenceTests.cs', LF will be replaced by CRLF the next time Git touches it
warning: in the working copy of '_workflow/local-wait-admission-gates-20261004/g10-completion/certified-executions/55fcd1ef82ae4a3f97e4d54fb1ce5033/input-snapshot/Test/MultiplayerHoeingAssistant.UnitTest/ServiceTests/TaskCenter/AdapterStopRunnerTests.cs', LF will be replaced by CRLF the next time Git touches it
warning: in the working copy of '_workflow/local-wait-admission-gates-20261004/g10-completion/certified-executions/55fcd1ef82ae4a3f97e4d54fb1ce5033/input-snapshot/Test/MultiplayerHoeingAssistant.UnitTest/ServiceTests/TaskCenter/AdmissionWaitLocallyContractTests.cs', LF will be replaced by CRLF the next time Git touches it
warning: in the working copy of '_workflow/local-wait-admission-gates-20261004/g10-completion/certified-executions/55fcd1ef82ae4a3f97e4d54fb1ce5033/input-snapshot/Test/MultiplayerHoeingAssistant.UnitTest/ServiceTests/TaskCenter/ArbitrationLeaseStoreTests.cs', LF will be replaced by CRLF the next time Git touches it
warning: in the working copy of '_workflow/local-wait-admission-gates-20261004/g10-completion/certified-executions/55fcd1ef82ae4a3f97e4d54fb1ce5033/input-snapshot/Test/MultiplayerHoeingAssistant.UnitTest/ServiceTests/TaskCenter/ArbitrationOrderingTests.cs', LF will be replaced by CRLF the next time Git touches it
warning: in the working copy of '_workflow/local-wait-admission-gates-20261004/g10-completion/certified-executions/55fcd1ef82ae4a3f97e4d54fb1ce5033/input-snapshot/Test/MultiplayerHoeingAssistant.UnitTest/ServiceTests/TaskCenter/ArbitrationWorkflowExecutionBoundaryTests.cs', LF will be replaced by CRLF the next time Git touches it
warning: in the working copy of '_workflow/local-wait-admission-gates-20261004/g10-completion/certified-executions/55fcd1ef82ae4a3f97e4d54fb1ce5033/input-snapshot/Test/MultiplayerHoeingAssistant.UnitTest/ServiceTests/TaskCenter/Batch21WiringRedTests.cs', LF will be replaced by CRLF the next time Git touches it
warning: in the working copy of '_workflow/local-wait-admission-gates-20261004/g10-completion/certified-executions/55fcd1ef82ae4a3f97e4d54fb1ce5033/input-snapshot/Test/MultiplayerHoeingAssistant.UnitTest/ServiceTests/TaskCenter/BgiInstancePipeDouble.cs', LF will be replaced by CRLF the next time Git touches it
warning: in the working copy of '_workflow/local-wait-admission-gates-20261004/g10-completion/certified-executions/55fcd1ef82ae4a3f97e4d54fb1ce5033/input-snapshot/Test/MultiplayerHoeingAssistant.UnitTest/ServiceTests/TaskCenter/BgiJobTerminalPollingTests.cs', LF will be replaced by CRLF the next time Git touches it
warning: in the working copy of '_workflow/local-wait-admission-gates-20261004/g10-completion/certified-executions/55fcd1ef82ae4a3f97e4d54fb1ce5033/input-snapshot/Test/MultiplayerHoeingAssistant.UnitTest/ServiceTests/TaskCenter/ClaimSurfaceGuardTests.cs', LF will be replaced by CRLF the next time Git touches it
warning: in the working copy of '_workflow/local-wait-admission-gates-20261004/g10-completion/certified-executions/55fcd1ef82ae4a3f97e4d54fb1ce5033/input-snapshot/Test/MultiplayerHoeingAssistant.UnitTest/ServiceTests/TaskCenter/DocsFixtureReferenceGuardTests.cs', LF will be replaced by CRLF the next time Git touches it
warning: in the working copy of '_workflow/local-wait-admission-gates-20261004/g10-completion/certified-executions/55fcd1ef82ae4a3f97e4d54fb1ce5033/input-snapshot/Test/MultiplayerHoeingAssistant.UnitTest/ServiceTests/TaskCenter/DurableJobObservationTests.cs', LF will be replaced by CRLF the next time Git touches it
warning: in the working copy of '_workflow/local-wait-admission-gates-20261004/g10-completion/certified-executions/55fcd1ef82ae4a3f97e4d54fb1ce5033/input-snapshot/Test/MultiplayerHoeingAssistant.UnitTest/ServiceTests/TaskCenter/FacadeWaitLocallyConsumerTests.cs', LF will be replaced by CRLF the next time Git touches it
warning: in the working copy of '_workflow/local-wait-admission-gates-20261004/g10-completion/certified-executions/55fcd1ef82ae4a3f97e4d54fb1ce5033/input-snapshot/Test/MultiplayerHoeingAssistant.UnitTest/ServiceTests/TaskCenter/FailureModeCoverageGuardTests.cs', LF will be replaced by CRLF the next time Git touches it
warning: in the working copy of '_workflow/local-wait-admission-gates-20261004/g10-completion/certified-executions/55fcd1ef82ae4a3f97e4d54fb1ce5033/input-snapshot/Test/MultiplayerHoeingAssistant.UnitTest/ServiceTests/TaskCenter/HandoffTransitionPolicyTests.cs', LF will be replaced by CRLF the next time Git touches it
warning: in the working copy of '_workflow/local-wait-admission-gates-20261004/g10-completion/certified-executions/55fcd1ef82ae4a3f97e4d54fb1ce5033/input-snapshot/Test/MultiplayerHoeingAssistant.UnitTest/ServiceTests/TaskCenter/LegacyHistoricalSealIntegrityTests.cs', LF will be replaced by CRLF the next time Git touches it
warning: in the working copy of '_workflow/local-wait-admission-gates-20261004/g10-completion/certified-executions/55fcd1ef82ae4a3f97e4d54fb1ce5033/input-snapshot/Test/MultiplayerHoeingAssistant.UnitTest/ServiceTests/TaskCenter/LegacySchedulerResidueTests.cs', LF will be replaced by CRLF the next time Git touches it
warning: in the working copy of '_workflow/local-wait-admission-gates-20261004/g10-completion/certified-executions/55fcd1ef82ae4a3f97e4d54fb1ce5033/input-snapshot/Test/MultiplayerHoeingAssistant.UnitTest/ServiceTests/TaskCenter/LocalSyntheticWordInventoryTests.cs', LF will be replaced by CRLF the next time Git touches it
warning: in the working copy of '_workflow/local-wait-admission-gates-20261004/g10-completion/certified-executions/55fcd1ef82ae4a3f97e4d54fb1ce5033/input-snapshot/Test/MultiplayerHoeingAssistant.UnitTest/ServiceTests/TaskCenter/LocalWaitFinalizationContractTests.cs', LF will be replaced by CRLF the next time Git touches it
warning: in the working copy of '_workflow/local-wait-admission-gates-20261004/g10-completion/certified-executions/55fcd1ef82ae4a3f97e4d54fb1ce5033/input-snapshot/Test/MultiplayerHoeingAssistant.UnitTest/ServiceTests/TaskCenter/LocalWaitGenerationContractTests.cs', LF will be replaced by CRLF the next time Git touches it
warning: in the working copy of '_workflow/local-wait-admission-gates-20261004/g10-completion/certified-executions/55fcd1ef82ae4a3f97e4d54fb1ce5033/input-snapshot/Test/MultiplayerHoeingAssistant.UnitTest/ServiceTests/TaskCenter/LocalWaitParkingStateContractTests.cs', LF will be replaced by CRLF the next time Git touches it
warning: in the working copy of '_workflow/local-wait-admission-gates-20261004/g10-completion/certified-executions/55fcd1ef82ae4a3f97e4d54fb1ce5033/input-snapshot/Test/MultiplayerHoeingAssistant.UnitTest/ServiceTests/TaskCenter/LocalWaitPrerequisiteContractTests.cs', LF will be replaced by CRLF the next time Git touches it
warning: in the working copy of '_workflow/local-wait-admission-gates-20261004/g10-completion/certified-executions/55fcd1ef82ae4a3f97e4d54fb1ce5033/input-snapshot/Test/MultiplayerHoeingAssistant.UnitTest/ServiceTests/TaskCenter/LocalWaitQueueTests.cs', LF will be replaced by CRLF the next time Git touches it
warning: in the working copy of '_workflow/local-wait-admission-gates-20261004/g10-completion/certified-executions/55fcd1ef82ae4a3f97e4d54fb1ce5033/input-snapshot/Test/MultiplayerHoeingAssistant.UnitTest/ServiceTests/TaskCenter/LocalWaitSnapshotProbeMechanismArchiveTests.cs', LF will be replaced by CRLF the next time Git touches it
warning: in the working copy of '_workflow/local-wait-admission-gates-20261004/g10-completion/certified-executions/55fcd1ef82ae4a3f97e4d54fb1ce5033/input-snapshot/Test/MultiplayerHoeingAssistant.UnitTest/ServiceTests/TaskCenter/OccupantLevelResolverTests.cs', LF will be replaced by CRLF the next time Git touches it
warning: in the working copy of '_workflow/local-wait-admission-gates-20261004/g10-completion/certified-executions/55fcd1ef82ae4a3f97e4d54fb1ce5033/input-snapshot/Test/MultiplayerHoeingAssistant.UnitTest/ServiceTests/TaskCenter/OriginalNodeSendRoundTests.cs', LF will be replaced by CRLF the next time Git touches it
warning: in the working copy of '_workflow/local-wait-admission-gates-20261004/g10-completion/certified-executions/55fcd1ef82ae4a3f97e4d54fb1ce5033/input-snapshot/Test/MultiplayerHoeingAssistant.UnitTest/ServiceTests/TaskCenter/R410ProductionWiringTests.cs', LF will be replaced by CRLF the next time Git touches it
warning: in the working copy of '_workflow/local-wait-admission-gates-20261004/g10-completion/certified-executions/55fcd1ef82ae4a3f97e4d54fb1ce5033/input-snapshot/Test/MultiplayerHoeingAssistant.UnitTest/ServiceTests/TaskCenter/R46Batch3cRunnerTests.cs', LF will be replaced by CRLF the next time Git touches it
warning: in the working copy of '_workflow/local-wait-admission-gates-20261004/g10-completion/certified-executions/55fcd1ef82ae4a3f97e4d54fb1ce5033/input-snapshot/Test/MultiplayerHoeingAssistant.UnitTest/ServiceTests/TaskCenter/R53PrerequisiteBindingTests.cs', LF will be replaced by CRLF the next time Git touches it
warning: in the working copy of '_workflow/local-wait-admission-gates-20261004/g10-completion/certified-executions/55fcd1ef82ae4a3f97e4d54fb1ce5033/input-snapshot/Test/MultiplayerHoeingAssistant.UnitTest/ServiceTests/TaskCenter/R54MechanismSchemaTests.cs', LF will be replaced by CRLF the next time Git touches it
warning: in the working copy of '_workflow/local-wait-admission-gates-20261004/g10-completion/certified-executions/55fcd1ef82ae4a3f97e4d54fb1ce5033/input-snapshot/Test/MultiplayerHoeingAssistant.UnitTest/ServiceTests/TaskCenter/R55BackgroundTriggerLedgerTests.cs', LF will be replaced by CRLF the next time Git touches it
warning: in the working copy of '_workflow/local-wait-admission-gates-20261004/g10-completion/certified-executions/55fcd1ef82ae4a3f97e4d54fb1ce5033/input-snapshot/Test/MultiplayerHoeingAssistant.UnitTest/ServiceTests/TaskCenter/R56MigrationConsistencyTests.cs', LF will be replaced by CRLF the next time Git touches it
warning: in the working copy of '_workflow/local-wait-admission-gates-20261004/g10-completion/certified-executions/55fcd1ef82ae4a3f97e4d54fb1ce5033/input-snapshot/Test/MultiplayerHoeingAssistant.UnitTest/ServiceTests/TaskCenter/R56MigrationRecoveryTests.cs', LF will be replaced by CRLF the next time Git touches it
warning: in the working copy of '_workflow/local-wait-admission-gates-20261004/g10-completion/certified-executions/55fcd1ef82ae4a3f97e4d54fb1ce5033/input-snapshot/Test/MultiplayerHoeingAssistant.UnitTest/ServiceTests/TaskCenter/R56MigrationVersionStoreTests.cs', LF will be replaced by CRLF the next time Git touches it
warning: in the working copy of '_workflow/local-wait-admission-gates-20261004/g10-completion/certified-executions/55fcd1ef82ae4a3f97e4d54fb1ce5033/input-snapshot/Test/MultiplayerHoeingAssistant.UnitTest/ServiceTests/TaskCenter/R58DualRunContestTests.cs', LF will be replaced by CRLF the next time Git touches it
warning: in the working copy of '_workflow/local-wait-admission-gates-20261004/g10-completion/certified-executions/55fcd1ef82ae4a3f97e4d54fb1ce5033/input-snapshot/Test/MultiplayerHoeingAssistant.UnitTest/ServiceTests/TaskCenter/R58MigrationRehearsalHostTests.cs', LF will be replaced by CRLF the next time Git touches it
warning: in the working copy of '_workflow/local-wait-admission-gates-20261004/g10-completion/certified-executions/55fcd1ef82ae4a3f97e4d54fb1ce5033/input-snapshot/Test/MultiplayerHoeingAssistant.UnitTest/ServiceTests/TaskCenter/R58MigrationRehearsalTests.cs', LF will be replaced by CRLF the next time Git touches it
warning: in the working copy of '_workflow/local-wait-admission-gates-20261004/g10-completion/certified-executions/55fcd1ef82ae4a3f97e4d54fb1ce5033/input-snapshot/Test/MultiplayerHoeingAssistant.UnitTest/ServiceTests/TaskCenter/R5CompositionRootAcceptanceTests.cs', LF will be replaced by CRLF the next time Git touches it
warning: in the working copy of '_workflow/local-wait-admission-gates-20261004/g10-completion/certified-executions/55fcd1ef82ae4a3f97e4d54fb1ce5033/input-snapshot/Test/MultiplayerHoeingAssistant.UnitTest/ServiceTests/TaskCenter/ResourceCatalogServiceTests.cs', LF will be replaced by CRLF the next time Git touches it
warning: in the working copy of '_workflow/local-wait-admission-gates-20261004/g10-completion/certified-executions/55fcd1ef82ae4a3f97e4d54fb1ce5033/input-snapshot/Test/MultiplayerHoeingAssistant.UnitTest/ServiceTests/TaskCenter/RunStoreTests.cs', LF will be replaced by CRLF the next time Git touches it
warning: in the working copy of '_workflow/local-wait-admission-gates-20261004/g10-completion/certified-executions/55fcd1ef82ae4a3f97e4d54fb1ce5033/input-snapshot/Test/MultiplayerHoeingAssistant.UnitTest/ServiceTests/TaskCenter/RunningOccupancyArbiterStateTableTests.cs', LF will be replaced by CRLF the next time Git touches it
warning: in the working copy of '_workflow/local-wait-admission-gates-20261004/g10-completion/certified-executions/55fcd1ef82ae4a3f97e4d54fb1ce5033/input-snapshot/Test/MultiplayerHoeingAssistant.UnitTest/ServiceTests/TaskCenter/RunningOccupancyArbiterTests.cs', LF will be replaced by CRLF the next time Git touches it
warning: in the working copy of '_workflow/local-wait-admission-gates-20261004/g10-completion/certified-executions/55fcd1ef82ae4a3f97e4d54fb1ce5033/input-snapshot/Test/MultiplayerHoeingAssistant.UnitTest/ServiceTests/TaskCenter/StartupHandoffHostTests.cs', LF will be replaced by CRLF the next time Git touches it
warning: in the working copy of '_workflow/local-wait-admission-gates-20261004/g10-completion/certified-executions/55fcd1ef82ae4a3f97e4d54fb1ce5033/input-snapshot/Test/MultiplayerHoeingAssistant.UnitTest/ServiceTests/TaskCenter/StopAuthorityPersistenceTests.cs', LF will be replaced by CRLF the next time Git touches it
warning: in the working copy of '_workflow/local-wait-admission-gates-20261004/g10-completion/certified-executions/55fcd1ef82ae4a3f97e4d54fb1ce5033/input-snapshot/Test/MultiplayerHoeingAssistant.UnitTest/ServiceTests/TaskCenter/SubmissionPointInventoryTests.cs', LF will be replaced by CRLF the next time Git touches it
warning: in the working copy of '_workflow/local-wait-admission-gates-20261004/g10-completion/certified-executions/55fcd1ef82ae4a3f97e4d54fb1ce5033/input-snapshot/Test/MultiplayerHoeingAssistant.UnitTest/ServiceTests/TaskCenter/SwitchGuardPolicyTests.cs', LF will be replaced by CRLF the next time Git touches it
warning: in the working copy of '_workflow/local-wait-admission-gates-20261004/g10-completion/certified-executions/55fcd1ef82ae4a3f97e4d54fb1ce5033/input-snapshot/Test/MultiplayerHoeingAssistant.UnitTest/ServiceTests/TaskCenter/TaskCenterEnsureReadyTests.cs', LF will be replaced by CRLF the next time Git touches it
warning: in the working copy of '_workflow/local-wait-admission-gates-20261004/g10-completion/certified-executions/55fcd1ef82ae4a3f97e4d54fb1ce5033/input-snapshot/Test/MultiplayerHoeingAssistant.UnitTest/ServiceTests/TaskCenter/TaskCenterExternalStartAdmissionTests.cs', LF will be replaced by CRLF the next time Git touches it
warning: in the working copy of '_workflow/local-wait-admission-gates-20261004/g10-completion/certified-executions/55fcd1ef82ae4a3f97e4d54fb1ce5033/input-snapshot/Test/MultiplayerHoeingAssistant.UnitTest/ServiceTests/TaskCenter/TaskCenterHostAdmissionTests.cs', LF will be replaced by CRLF the next time Git touches it
warning: in the working copy of '_workflow/local-wait-admission-gates-20261004/g10-completion/certified-executions/55fcd1ef82ae4a3f97e4d54fb1ce5033/input-snapshot/Test/MultiplayerHoeingAssistant.UnitTest/ServiceTests/TaskCenter/TaskCenterHostOccupantLevelResolutionTests.cs', LF will be replaced by CRLF the next time Git touches it
warning: in the working copy of '_workflow/local-wait-admission-gates-20261004/g10-completion/certified-executions/55fcd1ef82ae4a3f97e4d54fb1ce5033/input-snapshot/Test/MultiplayerHoeingAssistant.UnitTest/ServiceTests/TaskCenter/TaskCenterHostRecoveryAdmissionTests.cs', LF will be replaced by CRLF the next time Git touches it
warning: in the working copy of '_workflow/local-wait-admission-gates-20261004/g10-completion/certified-executions/55fcd1ef82ae4a3f97e4d54fb1ce5033/input-snapshot/Test/MultiplayerHoeingAssistant.UnitTest/ServiceTests/TaskCenter/TaskCenterHostTests.cs', LF will be replaced by CRLF the next time Git touches it
warning: in the working copy of '_workflow/local-wait-admission-gates-20261004/g10-completion/certified-executions/55fcd1ef82ae4a3f97e4d54fb1ce5033/input-snapshot/Test/MultiplayerHoeingAssistant.UnitTest/ServiceTests/TaskCenter/TaskCenterPanelViewModelTests.cs', LF will be replaced by CRLF the next time Git touches it
warning: in the working copy of '_workflow/local-wait-admission-gates-20261004/g10-completion/certified-executions/55fcd1ef82ae4a3f97e4d54fb1ce5033/input-snapshot/Test/MultiplayerHoeingAssistant.UnitTest/ServiceTests/TaskCenter/TerminalReleaseFixtureFacts.cs', LF will be replaced by CRLF the next time Git touches it
warning: in the working copy of '_workflow/local-wait-admission-gates-20261004/g10-completion/certified-executions/55fcd1ef82ae4a3f97e4d54fb1ce5033/input-snapshot/Test/MultiplayerHoeingAssistant.UnitTest/ServiceTests/TaskCenter/TerminalReleaseSealTests.cs', LF will be replaced by CRLF the next time Git touches it
warning: in the working copy of '_workflow/local-wait-admission-gates-20261004/g10-completion/certified-executions/55fcd1ef82ae4a3f97e4d54fb1ce5033/input-snapshot/Test/MultiplayerHoeingAssistant.UnitTest/ServiceTests/TaskCenter/TypedAdmissionParentTests.cs', LF will be replaced by CRLF the next time Git touches it
warning: in the working copy of '_workflow/local-wait-admission-gates-20261004/g10-completion/certified-executions/55fcd1ef82ae4a3f97e4d54fb1ce5033/input-snapshot/Test/MultiplayerHoeingAssistant.UnitTest/ServiceTests/TaskCenter/WorkflowStoreTests.cs', LF will be replaced by CRLF the next time Git touches it
warning: in the working copy of '_workflow/local-wait-admission-gates-20261004/g10-completion/certified-executions/55fcd1ef82ae4a3f97e4d54fb1ce5033/input-snapshot/Test/R56ControlledWriterProbe/Program.cs', LF will be replaced by CRLF the next time Git touches it
warning: in the working copy of '_workflow/local-wait-admission-gates-20261004/g10-completion/certified-executions/55fcd1ef82ae4a3f97e4d54fb1ce5033/input-snapshot/Test/R56ControlledWriterProbe/R56ControlledWriterProbe.csproj', LF will be replaced by CRLF the next time Git touches it
warning: in the working copy of '_workflow/local-wait-admission-gates-20261004/g10-completion/certified-executions/55fcd1ef82ae4a3f97e4d54fb1ce5033/receipt.json', LF will be replaced by CRLF the next time Git touches it
warning: in the working copy of '_workflow/local-wait-admission-gates-20261004/g10-completion/certified-executions/55fcd1ef82ae4a3f97e4d54fb1ce5033/run-process-identity.json', LF will be replaced by CRLF the next time Git touches it
warning: in the working copy of '_workflow/local-wait-admission-gates-20261004/g10-completion/certified-executions/55fcd1ef82ae4a3f97e4d54fb1ce5033/run-process-request.json', LF will be replaced by CRLF the next time Git touches it
warning: in the working copy of '_workflow/local-wait-admission-gates-20261004/g10-completion/certified-executions/55fcd1ef82ae4a3f97e4d54fb1ce5033/run-process-result.json', LF will be replaced by CRLF the next time Git touches it
warning: in the working copy of '_workflow/local-wait-admission-gates-20261004/g10-completion/certified-executions/55fcd1ef82ae4a3f97e4d54fb1ce5033/run-tree-terminal.json', LF will be replaced by CRLF the next time Git touches it
Auto packing the repository for optimum performance.
See "git help gc" for manual housekeeping.
warning: There are too many unreachable loose objects; run 'git prune' to remove them.
[main-OldTeaBag-B168 f0830a52e] fix: validate legacy historical run seals and capture execution provenance
 412 files changed, 181179 insertions(+), 10 deletions(-)
 create mode 100644 Test/MultiplayerHoeingAssistant.UnitTest/ServiceTests/TaskCenter/LegacyHistoricalSealIntegrityTests.cs
 create mode 100644 _workflow/local-wait-admission-gates-20261004/auto-relay-history-seal-certification-20261004-from-01a106ad/CANDIDATE.md
 create mode 100644 _workflow/local-wait-admission-gates-20261004/auto-relay-history-seal-certification-20261004-from-01a106ad/HANDOFF-CONFIRMED.json
 create mode 100644 _workflow/local-wait-admission-gates-20261004/auto-relay-history-seal-certification-20261004-from-01a106ad/LEGACY-SEAL-PLAN.md
 create mode 100644 _workflow/local-wait-admission-gates-20261004/auto-relay-history-seal-certification-20261004-from-01a106ad/RunStoreTerminalRelease.before.cs
 create mode 100644 _workflow/local-wait-admission-gates-20261004/auto-relay-history-seal-certification-20261004-from-01a106ad/authenticated-source-observation.json
 create mode 100644 _workflow/local-wait-admission-gates-20261004/auto-relay-history-seal-certification-20261004-from-01a106ad/checkpoint-add-error-exit.txt
 create mode 100644 _workflow/local-wait-admission-gates-20261004/auto-relay-history-seal-certification-20261004-from-01a106ad/checkpoint-add-error.log
 create mode 100644 _workflow/local-wait-admission-gates-20261004/auto-relay-history-seal-certification-20261004-from-01a106ad/checkpoint-preview.json
 create mode 100644 _workflow/local-wait-admission-gates-20261004/auto-relay-history-seal-certification-20261004-from-01a106ad/create-thread-result.json
 create mode 100644 _workflow/local-wait-admission-gates-20261004/auto-relay-history-seal-certification-20261004-from-01a106ad/current-evidence-readback.json
 create mode 100644 _workflow/local-wait-admission-gates-20261004/auto-relay-history-seal-certification-20261004-from-01a106ad/current-full-recipe.json
 create mode 100644 _workflow/local-wait-admission-gates-20261004/auto-relay-history-seal-certification-20261004-from-01a106ad/finalize-source-observation.py
 create mode 100644 _workflow/local-wait-admission-gates-20261004/auto-relay-history-seal-certification-20261004-from-01a106ad/git-status-before-checkpoint.txt
 create mode 100644 _workflow/local-wait-admission-gates-20261004/auto-relay-history-seal-certification-20261004-from-01a106ad/handoff-append-integrity.json
 create mode 100644 _workflow/local-wait-admission-gates-20261004/auto-relay-history-seal-certification-20261004-from-01a106ad/legacy-final/build-exit.txt
 create mode 100644 _workflow/local-wait-admission-gates-20261004/auto-relay-history-seal-certification-20261004-from-01a106ad/legacy-final/build.log
 create mode 100644 _workflow/local-wait-admission-gates-20261004/auto-relay-history-seal-certification-20261004-from-01a106ad/legacy-final/candidate-observation.json
 create mode 100644 _workflow/local-wait-admission-gates-20261004/auto-relay-history-seal-certification-20261004-from-01a106ad/legacy-final/claims-regenerate-exit.txt
 create mode 100644 _workflow/local-wait-admission-gates-20261004/auto-relay-history-seal-certification-20261004-from-01a106ad/legacy-final/claims-regenerate.log
 create mode 100644 _workflow/local-wait-admission-gates-20261004/auto-relay-history-seal-certification-20261004-from-01a106ad/legacy-final/claims-regenerate.trx
 create mode 100644 _workflow/local-wait-admission-gates-20261004/auto-relay-history-seal-certification-20261004-from-01a106ad/legacy-final/full-exit.txt
 create mode 100644 _workflow/local-wait-admission-gates-20261004/auto-relay-history-seal-certification-20261004-from-01a106ad/legacy-final/full.log
 create mode 100644 _workflow/local-wait-admission-gates-20261004/auto-relay-history-seal-certification-20261004-from-01a106ad/legacy-final/full.trx
 create mode 100644 _workflow/local-wait-admission-gates-20261004/auto-relay-history-seal-certification-20261004-from-01a106ad/legacy-final/history-matrix-exit.txt
 create mode 100644 _workflow/local-wait-admission-gates-20261004/auto-relay-history-seal-certification-20261004-from-01a106ad/legacy-final/history-matrix.log
 create mode 100644 _workflow/local-wait-admission-gates-20261004/auto-relay-history-seal-certification-20261004-from-01a106ad/legacy-final/history-matrix.trx
 create mode 100644 _workflow/local-wait-admission-gates-20261004/auto-relay-history-seal-certification-20261004-from-01a106ad/legacy-final/impact-comparison.json
 create mode 100644 _workflow/local-wait-admission-gates-20261004/auto-relay-history-seal-certification-20261004-from-01a106ad/legacy-final/probe-build-exit.txt
 create mode 100644 _workflow/local-wait-admission-gates-20261004/auto-relay-history-seal-certification-20261004-from-01a106ad/legacy-final/probe-build.log
 create mode 100644 _workflow/local-wait-admission-gates-20261004/auto-relay-history-seal-certification-20261004-from-01a106ad/legacy-final/product-observation.json
 create mode 100644 _workflow/local-wait-admission-gates-20261004/auto-relay-history-seal-certification-20261004-from-01a106ad/legacy-final/source-before.json
 create mode 100644 _workflow/local-wait-admission-gates-20261004/auto-relay-history-seal-certification-20261004-from-01a106ad/legacy-final/target-exit.txt
 create mode 100644 _workflow/local-wait-admission-gates-20261004/auto-relay-history-seal-certification-20261004-from-01a106ad/legacy-final/target.log
 create mode 100644 _workflow/local-wait-admission-gates-20261004/auto-relay-history-seal-certification-20261004-from-01a106ad/legacy-final/target.trx
 create mode 100644 _workflow/local-wait-admission-gates-20261004/auto-relay-history-seal-certification-20261004-from-01a106ad/legacy-green-build-exit.txt
 create mode 100644 _workflow/local-wait-admission-gates-20261004/auto-relay-history-seal-certification-20261004-from-01a106ad/legacy-green-build.log
 create mode 100644 _workflow/local-wait-admission-gates-20261004/auto-relay-history-seal-certification-20261004-from-01a106ad/legacy-green-exit.txt
 create mode 100644 _workflow/local-wait-admission-gates-20261004/auto-relay-history-seal-certification-20261004-from-01a106ad/legacy-green.log
 create mode 100644 _workflow/local-wait-admission-gates-20261004/auto-relay-history-seal-certification-20261004-from-01a106ad/legacy-green.trx
 create mode 100644 _workflow/local-wait-admission-gates-20261004/auto-relay-history-seal-certification-20261004-from-01a106ad/legacy-mutation-observations.json
 create mode 100644 _workflow/local-wait-admission-gates-20261004/auto-relay-history-seal-certification-20261004-from-01a106ad/legacy-mutations/L1-legacy-association/baseline-build-exit.txt
 create mode 100644 _workflow/local-wait-admission-gates-20261004/auto-relay-history-seal-certification-20261004-from-01a106ad/legacy-mutations/L1-legacy-association/baseline-build.log
 create mode 100644 _workflow/local-wait-admission-gates-20261004/auto-relay-history-seal-certification-20261004-from-01a106ad/legacy-mutations/L1-legacy-association/baseline-exit.txt
 create mode 100644 _workflow/local-wait-admission-gates-20261004/auto-relay-history-seal-certification-20261004-from-01a106ad/legacy-mutations/L1-legacy-association/baseline.log
 create mode 100644 _workflow/local-wait-admission-gates-20261004/auto-relay-history-seal-certification-20261004-from-01a106ad/legacy-mutations/L1-legacy-association/baseline.trx
 create mode 100644 _workflow/local-wait-admission-gates-20261004/auto-relay-history-seal-certification-20261004-from-01a106ad/legacy-mutations/L1-legacy-association/mutant-build-exit.txt
 create mode 100644 _workflow/local-wait-admission-gates-20261004/auto-relay-history-seal-certification-20261004-from-01a106ad/legacy-mutations/L1-legacy-association/mutant-build.log
 create mode 100644 _workflow/local-wait-admission-gates-20261004/auto-relay-history-seal-certification-20261004-from-01a106ad/legacy-mutations/L1-legacy-association/mutant-exit.txt
 create mode 100644 _workflow/local-wait-admission-gates-20261004/auto-relay-history-seal-certification-20261004-from-01a106ad/legacy-mutations/L1-legacy-association/mutant.log
 create mode 100644 _workflow/local-wait-admission-gates-20261004/auto-relay-history-seal-certification-20261004-from-01a106ad/legacy-mutations/L1-legacy-association/mutant.trx
 create mode 100644 _workflow/local-wait-admission-gates-20261004/auto-relay-history-seal-certification-20261004-from-01a106ad/legacy-mutations/L1-legacy-association/patch.json
 create mode 100644 _workflow/local-wait-admission-gates-20261004/auto-relay-history-seal-certification-20261004-from-01a106ad/legacy-mutations/L1-legacy-association/restored-build-exit.txt
 create mode 100644 _workflow/local-wait-admission-gates-20261004/auto-relay-history-seal-certification-20261004-from-01a106ad/legacy-mutations/L1-legacy-association/restored-build.log
 create mode 100644 _workflow/local-wait-admission-gates-20261004/auto-relay-history-seal-certification-20261004-from-01a106ad/legacy-mutations/L1-legacy-association/restored-exit.txt
 create mode 100644 _workflow/local-wait-admission-gates-20261004/auto-relay-history-seal-certification-20261004-from-01a106ad/legacy-mutations/L1-legacy-association/restored.log
 create mode 100644 _workflow/local-wait-admission-gates-20261004/auto-relay-history-seal-certification-20261004-from-01a106ad/legacy-mutations/L1-legacy-association/restored.trx
 create mode 100644 _workflow/local-wait-admission-gates-20261004/auto-relay-history-seal-certification-20261004-from-01a106ad/legacy-mutations/L2-legacy-outcome/baseline-build-exit.txt
 create mode 100644 _workflow/local-wait-admission-gates-20261004/auto-relay-history-seal-certification-20261004-from-01a106ad/legacy-mutations/L2-legacy-outcome/baseline-build.log
 create mode 100644 _workflow/local-wait-admission-gates-20261004/auto-relay-history-seal-certification-20261004-from-01a106ad/legacy-mutations/L2-legacy-outcome/baseline-exit.txt
 create mode 100644 _workflow/local-wait-admission-gates-20261004/auto-relay-history-seal-certification-20261004-from-01a106ad/legacy-mutations/L2-legacy-outcome/baseline.log
 create mode 100644 _workflow/local-wait-admission-gates-20261004/auto-relay-history-seal-certification-20261004-from-01a106ad/legacy-mutations/L2-legacy-outcome/baseline.trx
 create mode 100644 _workflow/local-wait-admission-gates-20261004/auto-relay-history-seal-certification-20261004-from-01a106ad/legacy-mutations/L2-legacy-outcome/mutant-build-exit.txt
 create mode 100644 _workflow/local-wait-admission-gates-20261004/auto-relay-history-seal-certification-20261004-from-01a106ad/legacy-mutations/L2-legacy-outcome/mutant-build.log
 create mode 100644 _workflow/local-wait-admission-gates-20261004/auto-relay-history-seal-certification-20261004-from-01a106ad/legacy-mutations/L2-legacy-outcome/mutant-exit.txt
 create mode 100644 _workflow/local-wait-admission-gates-20261004/auto-relay-history-seal-certification-20261004-from-01a106ad/legacy-mutations/L2-legacy-outcome/mutant.log
 create mode 100644 _workflow/local-wait-admission-gates-20261004/auto-relay-history-seal-certification-20261004-from-01a106ad/legacy-mutations/L2-legacy-outcome/mutant.trx
 create mode 100644 _workflow/local-wait-admission-gates-20261004/auto-relay-history-seal-certification-20261004-from-01a106ad/legacy-mutations/L2-legacy-outcome/patch.json
 create mode 100644 _workflow/local-wait-admission-gates-20261004/auto-relay-history-seal-certification-20261004-from-01a106ad/legacy-mutations/L2-legacy-outcome/restored-build-exit.txt
 create mode 100644 _workflow/local-wait-admission-gates-20261004/auto-relay-history-seal-certification-20261004-from-01a106ad/legacy-mutations/L2-legacy-outcome/restored-build.log
 create mode 100644 _workflow/local-wait-admission-gates-20261004/auto-relay-history-seal-certification-20261004-from-01a106ad/legacy-mutations/L2-legacy-outcome/restored-exit.txt
 create mode 100644 _workflow/local-wait-admission-gates-20261004/auto-relay-history-seal-certification-20261004-from-01a106ad/legacy-mutations/L2-legacy-outcome/restored.log
 create mode 100644 _workflow/local-wait-admission-gates-20261004/auto-relay-history-seal-certification-20261004-from-01a106ad/legacy-mutations/L2-legacy-outcome/restored.trx
 create mode 100644 _workflow/local-wait-admission-gates-20261004/auto-relay-history-seal-certification-20261004-from-01a106ad/legacy-mutations/L3-terminal-correspondence/baseline-build-exit.txt
 create mode 100644 _workflow/local-wait-admission-gates-20261004/auto-relay-history-seal-certification-20261004-from-01a106ad/legacy-mutations/L3-terminal-correspondence/baseline-build.log
 create mode 100644 _workflow/local-wait-admission-gates-20261004/auto-relay-history-seal-certification-20261004-from-01a106ad/legacy-mutations/L3-terminal-correspondence/baseline-exit.txt
 create mode 100644 _workflow/local-wait-admission-gates-20261004/auto-relay-history-seal-certification-20261004-from-01a106ad/legacy-mutations/L3-terminal-correspondence/baseline.log
 create mode 100644 _workflow/local-wait-admission-gates-20261004/auto-relay-history-seal-certification-20261004-from-01a106ad/legacy-mutations/L3-terminal-correspondence/baseline.trx
 create mode 100644 _workflow/local-wait-admission-gates-20261004/auto-relay-history-seal-certification-20261004-from-01a106ad/legacy-mutations/L3-terminal-correspondence/mutant-build-exit.txt
 create mode 100644 _workflow/local-wait-admission-gates-20261004/auto-relay-history-seal-certification-20261004-from-01a106ad/legacy-mutations/L3-terminal-correspondence/mutant-build.log
 create mode 100644 _workflow/local-wait-admission-gates-20261004/auto-relay-history-seal-certification-20261004-from-01a106ad/legacy-mutations/L3-terminal-correspondence/mutant-exit.txt
 create mode 100644 _workflow/local-wait-admission-gates-20261004/auto-relay-history-seal-certification-20261004-from-01a106ad/legacy-mutations/L3-terminal-correspondence/mutant.log
 create mode 100644 _workflow/local-wait-admission-gates-20261004/auto-relay-history-seal-certification-20261004-from-01a106ad/legacy-mutations/L3-terminal-correspondence/mutant.trx
 create mode 100644 _workflow/local-wait-admission-gates-20261004/auto-relay-history-seal-certification-20261004-from-01a106ad/legacy-mutations/L3-terminal-correspondence/patch.json
 create mode 100644 _workflow/local-wait-admission-gates-20261004/auto-relay-history-seal-certification-20261004-from-01a106ad/legacy-mutations/L3-terminal-correspondence/restored-build-exit.txt
 create mode 100644 _workflow/local-wait-admission-gates-20261004/auto-relay-history-seal-certification-20261004-from-01a106ad/legacy-mutations/L3-terminal-correspondence/restored-build.log
 create mode 100644 _workflow/local-wait-admission-gates-20261004/auto-relay-history-seal-certification-20261004-from-01a106ad/legacy-mutations/L3-terminal-correspondence/restored-exit.txt
 create mode 100644 _workflow/local-wait-admission-gates-20261004/auto-relay-history-seal-certification-20261004-from-01a106ad/legacy-mutations/L3-terminal-correspondence/restored.log
 create mode 100644 _workflow/local-wait-admission-gates-20261004/auto-relay-history-seal-certification-20261004-from-01a106ad/legacy-mutations/L3-terminal-correspondence/restored.trx
 create mode 100644 _workflow/local-wait-admission-gates-20261004/auto-relay-history-seal-certification-20261004-from-01a106ad/legacy-red-build-exit.txt
 create mode 100644 _workflow/local-wait-admission-gates-20261004/auto-relay-history-seal-certification-20261004-from-01a106ad/legacy-red-build.log
 create mode 100644 _workflow/local-wait-admission-gates-20261004/auto-relay-history-seal-certification-20261004-from-01a106ad/legacy-red.trx
 create mode 100644 _workflow/local-wait-admission-gates-20261004/auto-relay-history-seal-certification-20261004-from-01a106ad/legacy-restored-source.json
 create mode 100644 _workflow/local-wait-admission-gates-20261004/auto-relay-history-seal-certification-20261004-from-01a106ad/mechanical-current-review-exit.txt
 create mode 100644 _workflow/local-wait-admission-gates-20261004/auto-relay-history-seal-certification-20261004-from-01a106ad/mechanical-current-review.log
 create mode 100644 _workflow/local-wait-admission-gates-20261004/auto-relay-history-seal-certification-20261004-from-01a106ad/new-goal-readback.json
 create mode 100644 _workflow/local-wait-admission-gates-20261004/auto-relay-history-seal-certification-20261004-from-01a106ad/new-handshake-observation.json
 create mode 100644 _workflow/local-wait-admission-gates-20261004/auto-relay-history-seal-certification-20261004-from-01a106ad/old-goal-paused-readback.json
 create mode 100644 _workflow/local-wait-admission-gates-20261004/auto-relay-history-seal-certification-20261004-from-01a106ad/original-request-ledger-inventory.json
 create mode 100644 _workflow/local-wait-admission-gates-20261004/auto-relay-history-seal-certification-20261004-from-01a106ad/read-current-evidence.py
 create mode 100644 _workflow/local-wait-admission-gates-20261004/auto-relay-history-seal-certification-20261004-from-01a106ad/read-original-request-ledgers.py
 create mode 100644 _workflow/local-wait-admission-gates-20261004/auto-relay-history-seal-certification-20261004-from-01a106ad/recover-candidate-checkpoint.py
 create mode 100644 _workflow/local-wait-admission-gates-20261004/auto-relay-history-seal-certification-20261004-from-01a106ad/run-legacy-final.py
 create mode 100644 _workflow/local-wait-admission-gates-20261004/auto-relay-history-seal-certification-20261004-from-01a106ad/save-candidate-checkpoint.py
 create mode 100644 _workflow/local-wait-admission-gates-20261004/auto-relay-history-seal-certification-20261004-from-01a106ad/source-before.json
 create mode 100644 _workflow/local-wait-admission-gates-20261004/auto-relay-history-seal-certification-20261004-from-01a106ad/verify-legacy-mutations.py
 create mode 100644 _workflow/local-wait-admission-gates-20261004/g10-completion/certified-executions/55fcd1ef82ae4a3f97e4d54fb1ce5033/build-process-identity.json
 create mode 100644 _workflow/local-wait-admission-gates-20261004/g10-completion/certified-executions/55fcd1ef82ae4a3f97e4d54fb1ce5033/build-process-request.json
 create mode 100644 _workflow/local-wait-admission-gates-20261004/g10-completion/certified-executions/55fcd1ef82ae4a3f97e4d54fb1ce5033/build-process-result.json
 create mode 100644 _workflow/local-wait-admission-gates-20261004/g10-completion/certified-executions/55fcd1ef82ae4a3f97e4d54fb1ce5033/build-stderr.log
 create mode 100644 _workflow/local-wait-admission-gates-20261004/g10-completion/certified-executions/55fcd1ef82ae4a3f97e4d54fb1ce5033/build-stdin.txt
 create mode 100644 _workflow/local-wait-admission-gates-20261004/g10-completion/certified-executions/55fcd1ef82ae4a3f97e4d54fb1ce5033/build-stdout.log
 create mode 100644 _workflow/local-wait-admission-gates-20261004/g10-completion/certified-executions/55fcd1ef82ae4a3f97e4d54fb1ce5033/build-tree-terminal.json
 create mode 100644 _workflow/local-wait-admission-gates-20261004/g10-completion/certified-executions/55fcd1ef82ae4a3f97e4d54fb1ce5033/build.log
 create mode 100644 _workflow/local-wait-admission-gates-20261004/g10-completion/certified-executions/55fcd1ef82ae4a3f97e4d54fb1ce5033/controlled-writer-evidence.json
 create mode 100644 _workflow/local-wait-admission-gates-20261004/g10-completion/certified-executions/55fcd1ef82ae4a3f97e4d54fb1ce5033/controlled-writer-processes/process-2822503892cf4d239f9c05a79e832c8e/actor-A.jsonl
 create mode 100644 _workflow/local-wait-admission-gates-20261004/g10-completion/certified-executions/55fcd1ef82ae4a3f97e4d54fb1ce5033/controlled-writer-processes/process-2822503892cf4d239f9c05a79e832c8e/actor-B.jsonl
 create mode 100644 _workflow/local-wait-admission-gates-20261004/g10-completion/certified-executions/55fcd1ef82ae4a3f97e4d54fb1ce5033/fault-0102b01bc26841a9bfb9f6786b4fd4e8.jsonl
 create mode 100644 _workflow/local-wait-admission-gates-20261004/g10-completion/certified-executions/55fcd1ef82ae4a3f97e4d54fb1ce5033/fault-060a86f05db845878785c593a7c2507b.jsonl
 create mode 100644 _workflow/local-wait-admission-gates-20261004/g10-completion/certified-executions/55fcd1ef82ae4a3f97e4d54fb1ce5033/fault-0eea479a5f6346c4b782a9ac6b1791c2.jsonl
 create mode 100644 _workflow/local-wait-admission-gates-20261004/g10-completion/certified-executions/55fcd1ef82ae4a3f97e4d54fb1ce5033/fault-31bc32ca9db04bbdb76162bf931e013f.jsonl
 create mode 100644 _workflow/local-wait-admission-gates-20261004/g10-completion/certified-executions/55fcd1ef82ae4a3f97e4d54fb1ce5033/fault-335ddd36adde45e8b58f13094aa7a95a.jsonl
 create mode 100644 _workflow/local-wait-admission-gates-20261004/g10-completion/certified-executions/55fcd1ef82ae4a3f97e4d54fb1ce5033/fault-561fc65cea9943bda50506a5b40d92ea.jsonl
 create mode 100644 _workflow/local-wait-admission-gates-20261004/g10-completion/certified-executions/55fcd1ef82ae4a3f97e4d54fb1ce5033/fault-6f8cb1d8346e472ba8ee308fde896e93.jsonl
 create mode 100644 _workflow/local-wait-admission-gates-20261004/g10-completion/certified-executions/55fcd1ef82ae4a3f97e4d54fb1ce5033/fault-704a4252ce474404a919696c593178e6.jsonl
 create mode 100644 _workflow/local-wait-admission-gates-20261004/g10-completion/certified-executions/55fcd1ef82ae4a3f97e4d54fb1ce5033/fault-93f736a0615a4b8d92ff41a5d45c2ae6.jsonl
 create mode 100644 _workflow/local-wait-admission-gates-20261004/g10-completion/certified-executions/55fcd1ef82ae4a3f97e4d54fb1ce5033/fault-9d4bd19c3911472da4b1182ed0aa3e29.jsonl
 create mode 100644 _workflow/local-wait-admission-gates-20261004/g10-completion/certified-executions/55fcd1ef82ae4a3f97e4d54fb1ce5033/fault-a5181407ea5d4386bbdd278675a7fa3b.jsonl
 create mode 100644 _workflow/local-wait-admission-gates-20261004/g10-completion/certified-executions/55fcd1ef82ae4a3f97e4d54fb1ce5033/full.trx
 create mode 100644 _workflow/local-wait-admission-gates-20261004/g10-completion/certified-executions/55fcd1ef82ae4a3f97e4d54fb1ce5033/input-snapshot/MultiplayerHoeingAssistant/App.xaml
 create mode 100644 _workflow/local-wait-admission-gates-20261004/g10-completion/certified-executions/55fcd1ef82ae4a3f97e4d54fb1ce5033/input-snapshot/MultiplayerHoeingAssistant/App.xaml.cs
 create mode 100644 _workflow/local-wait-admission-gates-20261004/g10-completion/certified-executions/55fcd1ef82ae4a3f97e4d54fb1ce5033/input-snapshot/MultiplayerHoeingAssistant/Directory.Build.targets
 create mode 100644 _workflow/local-wait-admission-gates-20261004/g10-completion/certified-executions/55fcd1ef82ae4a3f97e4d54fb1ce5033/input-snapshot/MultiplayerHoeingAssistant/Helpers/DesktopWidgetWindowGuard.cs
 create mode 100644 _workflow/local-wait-admission-gates-20261004/g10-completion/certified-executions/55fcd1ef82ae4a3f97e4d54fb1ce5033/input-snapshot/MultiplayerHoeingAssistant/Helpers/DodocoConverters.cs
 create mode 100644 _workflow/local-wait-admission-gates-20261004/g10-completion/certified-executions/55fcd1ef82ae4a3f97e4d54fb1ce5033/input-snapshot/MultiplayerHoeingAssistant/Helpers/DpiAwarenessController.cs
 create mode 100644 _workflow/local-wait-admission-gates-20261004/g10-completion/certified-executions/55fcd1ef82ae4a3f97e4d54fb1ce5033/input-snapshot/MultiplayerHoeingAssistant/Helpers/HangWatchdog.cs
 create mode 100644 _workflow/local-wait-admission-gates-20261004/g10-completion/certified-executions/55fcd1ef82ae4a3f97e4d54fb1ce5033/input-snapshot/MultiplayerHoeingAssistant/Helpers/RuntimeLog.cs
 create mode 100644 _workflow/local-wait-admission-gates-20261004/g10-completion/certified-executions/55fcd1ef82ae4a3f97e4d54fb1ce5033/input-snapshot/MultiplayerHoeingAssistant/Models/AssistConfig.cs
 create mode 100644 _workflow/local-wait-admission-gates-20261004/g10-completion/certified-executions/55fcd1ef82ae4a3f97e4d54fb1ce5033/input-snapshot/MultiplayerHoeingAssistant/Models/CommandResult.cs
 create mode 100644 _workflow/local-wait-admission-gates-20261004/g10-completion/certified-executions/55fcd1ef82ae4a3f97e4d54fb1ce5033/input-snapshot/MultiplayerHoeingAssistant/Models/ControlRoomPlayer.cs
 create mode 100644 _workflow/local-wait-admission-gates-20261004/g10-completion/certified-executions/55fcd1ef82ae4a3f97e4d54fb1ce5033/input-snapshot/MultiplayerHoeingAssistant/Models/ControlRoomPlayersUpdate.cs
 create mode 100644 _workflow/local-wait-admission-gates-20261004/g10-completion/certified-executions/55fcd1ef82ae4a3f97e4d54fb1ce5033/input-snapshot/MultiplayerHoeingAssistant/Models/ControlStatus.cs
 create mode 100644 _workflow/local-wait-admission-gates-20261004/g10-completion/certified-executions/55fcd1ef82ae4a3f97e4d54fb1ce5033/input-snapshot/MultiplayerHoeingAssistant/Models/DailyReportModels.cs
 create mode 100644 _workflow/local-wait-admission-gates-20261004/g10-completion/certified-executions/55fcd1ef82ae4a3f97e4d54fb1ce5033/input-snapshot/MultiplayerHoeingAssistant/Models/DodocoLogModels.cs
 create mode 100644 _workflow/local-wait-admission-gates-20261004/g10-completion/certified-executions/55fcd1ef82ae4a3f97e4d54fb1ce5033/input-snapshot/MultiplayerHoeingAssistant/Models/DodocoStatsModels.cs
 create mode 100644 _workflow/local-wait-admission-gates-20261004/g10-completion/certified-executions/55fcd1ef82ae4a3f97e4d54fb1ce5033/input-snapshot/MultiplayerHoeingAssistant/Models/IpcRequest.cs
 create mode 100644 _workflow/local-wait-admission-gates-20261004/g10-completion/certified-executions/55fcd1ef82ae4a3f97e4d54fb1ce5033/input-snapshot/MultiplayerHoeingAssistant/Models/IpcResponse.cs
 create mode 100644 _workflow/local-wait-admission-gates-20261004/g10-completion/certified-executions/55fcd1ef82ae4a3f97e4d54fb1ce5033/input-snapshot/MultiplayerHoeingAssistant/Models/MemberConfigCache.cs
 create mode 100644 _workflow/local-wait-admission-gates-20261004/g10-completion/certified-executions/55fcd1ef82ae4a3f97e4d54fb1ce5033/input-snapshot/MultiplayerHoeingAssistant/Models/RemoteCommand.cs
 create mode 100644 _workflow/local-wait-admission-gates-20261004/g10-completion/certified-executions/55fcd1ef82ae4a3f97e4d54fb1ce5033/input-snapshot/MultiplayerHoeingAssistant/Models/RemoteCommandResult.cs
 create mode 100644 _workflow/local-wait-admission-gates-20261004/g10-completion/certified-executions/55fcd1ef82ae4a3f97e4d54fb1ce5033/input-snapshot/MultiplayerHoeingAssistant/Models/StartupFlowModels.cs
 create mode 100644 _workflow/local-wait-admission-gates-20261004/g10-completion/certified-executions/55fcd1ef82ae4a3f97e4d54fb1ce5033/input-snapshot/MultiplayerHoeingAssistant/Models/TaskCenter/AdmissionParentSource.cs
 create mode 100644 _workflow/local-wait-admission-gates-20261004/g10-completion/certified-executions/55fcd1ef82ae4a3f97e4d54fb1ce5033/input-snapshot/MultiplayerHoeingAssistant/Models/TaskCenter/ArbitrationModels.cs
 create mode 100644 _workflow/local-wait-admission-gates-20261004/g10-completion/certified-executions/55fcd1ef82ae4a3f97e4d54fb1ce5033/input-snapshot/MultiplayerHoeingAssistant/Models/TaskCenter/LocalWaitModels.cs
 create mode 100644 _workflow/local-wait-admission-gates-20261004/g10-completion/certified-executions/55fcd1ef82ae4a3f97e4d54fb1ce5033/input-snapshot/MultiplayerHoeingAssistant/Models/TaskCenter/LocalWaitPrerequisiteModels.cs
 create mode 100644 _workflow/local-wait-admission-gates-20261004/g10-completion/certified-executions/55fcd1ef82ae4a3f97e4d54fb1ce5033/input-snapshot/MultiplayerHoeingAssistant/Models/TaskCenter/LocalWaitReevaluationModels.cs
 create mode 100644 _workflow/local-wait-admission-gates-20261004/g10-completion/certified-executions/55fcd1ef82ae4a3f97e4d54fb1ce5033/input-snapshot/MultiplayerHoeingAssistant/Models/TaskCenter/ResourceCatalogModels.cs
 create mode 100644 _workflow/local-wait-admission-gates-20261004/g10-completion/certified-executions/55fcd1ef82ae4a3f97e4d54fb1ce5033/input-snapshot/MultiplayerHoeingAssistant/Models/TaskCenter/RunningOccupantModels.cs
 create mode 100644 _workflow/local-wait-admission-gates-20261004/g10-completion/certified-executions/55fcd1ef82ae4a3f97e4d54fb1ce5033/input-snapshot/MultiplayerHoeingAssistant/Models/TaskCenter/StartupHandoffModels.cs
 create mode 100644 _workflow/local-wait-admission-gates-20261004/g10-completion/certified-executions/55fcd1ef82ae4a3f97e4d54fb1ce5033/input-snapshot/MultiplayerHoeingAssistant/Models/TaskCenter/StartupSourceIntent.cs
 create mode 100644 _workflow/local-wait-admission-gates-20261004/g10-completion/certified-executions/55fcd1ef82ae4a3f97e4d54fb1ce5033/input-snapshot/MultiplayerHoeingAssistant/Models/TaskCenter/WorkflowModels.cs
 create mode 100644 _workflow/local-wait-admission-gates-20261004/g10-completion/certified-executions/55fcd1ef82ae4a3f97e4d54fb1ce5033/input-snapshot/MultiplayerHoeingAssistant/Models/TaskCenter/WorkflowRunModels.cs
 create mode 100644 _workflow/local-wait-admission-gates-20261004/g10-completion/certified-executions/55fcd1ef82ae4a3f97e4d54fb1ce5033/input-snapshot/MultiplayerHoeingAssistant/Models/TaskConflictPolicy.cs
 create mode 100644 _workflow/local-wait-admission-gates-20261004/g10-completion/certified-executions/55fcd1ef82ae4a3f97e4d54fb1ce5033/input-snapshot/MultiplayerHoeingAssistant/MultiplayerHoeingAssistant.csproj
 create mode 100644 _workflow/local-wait-admission-gates-20261004/g10-completion/certified-executions/55fcd1ef82ae4a3f97e4d54fb1ce5033/input-snapshot/MultiplayerHoeingAssistant/Services/AssistConfigManager.cs
 create mode 100644 _workflow/local-wait-admission-gates-20261004/g10-completion/certified-executions/55fcd1ef82ae4a3f97e4d54fb1ce5033/input-snapshot/MultiplayerHoeingAssistant/Services/BackgroundTriggerLedger.cs
 create mode 100644 _workflow/local-wait-admission-gates-20261004/g10-completion/certified-executions/55fcd1ef82ae4a3f97e4d54fb1ce5033/input-snapshot/MultiplayerHoeingAssistant/Services/BatchReconcilePlan.cs
 create mode 100644 _workflow/local-wait-admission-gates-20261004/g10-completion/certified-executions/55fcd1ef82ae4a3f97e4d54fb1ce5033/input-snapshot/MultiplayerHoeingAssistant/Services/BgiExternalClient.cs
 create mode 100644 _workflow/local-wait-admission-gates-20261004/g10-completion/certified-executions/55fcd1ef82ae4a3f97e4d54fb1ce5033/input-snapshot/MultiplayerHoeingAssistant/Services/BgiLogTailService.cs
 create mode 100644 _workflow/local-wait-admission-gates-20261004/g10-completion/certified-executions/55fcd1ef82ae4a3f97e4d54fb1ce5033/input-snapshot/MultiplayerHoeingAssistant/Services/BgiOriginalRequestFingerprint.cs
 create mode 100644 _workflow/local-wait-admission-gates-20261004/g10-completion/certified-executions/55fcd1ef82ae4a3f97e4d54fb1ce5033/input-snapshot/MultiplayerHoeingAssistant/Services/BgiPackageUpdateService.cs
 create mode 100644 _workflow/local-wait-admission-gates-20261004/g10-completion/certified-executions/55fcd1ef82ae4a3f97e4d54fb1ce5033/input-snapshot/MultiplayerHoeingAssistant/Services/BgiProcessMonitor.cs
 create mode 100644 _workflow/local-wait-admission-gates-20261004/g10-completion/certified-executions/55fcd1ef82ae4a3f97e4d54fb1ce5033/input-snapshot/MultiplayerHoeingAssistant/Services/BgiRemoteUpdateService.cs
 create mode 100644 _workflow/local-wait-admission-gates-20261004/g10-completion/certified-executions/55fcd1ef82ae4a3f97e4d54fb1ce5033/input-snapshot/MultiplayerHoeingAssistant/Services/BgiUpdateDecisions.cs
 create mode 100644 _workflow/local-wait-admission-gates-20261004/g10-completion/certified-executions/55fcd1ef82ae4a3f97e4d54fb1ce5033/input-snapshot/MultiplayerHoeingAssistant/Services/BgiVersionResolver.cs
 create mode 100644 _workflow/local-wait-admission-gates-20261004/g10-completion/certified-executions/55fcd1ef82ae4a3f97e4d54fb1ce5033/input-snapshot/MultiplayerHoeingAssistant/Services/CommandExecutor.cs
 create mode 100644 _workflow/local-wait-admission-gates-20261004/g10-completion/certified-executions/55fcd1ef82ae4a3f97e4d54fb1ce5033/input-snapshot/MultiplayerHoeingAssistant/Services/ConfigTransferService.cs
 create mode 100644 _workflow/local-wait-admission-gates-20261004/g10-completion/certified-executions/55fcd1ef82ae4a3f97e4d54fb1ce5033/input-snapshot/MultiplayerHoeingAssistant/Services/CoordinatedBatchOutcome.cs
 create mode 100644 _workflow/local-wait-admission-gates-20261004/g10-completion/certified-executions/55fcd1ef82ae4a3f97e4d54fb1ce5033/input-snapshot/MultiplayerHoeingAssistant/Services/CoordinatedBatchReads.cs
 create mode 100644 _workflow/local-wait-admission-gates-20261004/g10-completion/certified-executions/55fcd1ef82ae4a3f97e4d54fb1ce5033/input-snapshot/MultiplayerHoeingAssistant/Services/CoordinatedBatchSnapshot.cs
 create mode 100644 _workflow/local-wait-admission-gates-20261004/g10-completion/certified-executions/55fcd1ef82ae4a3f97e4d54fb1ce5033/input-snapshot/MultiplayerHoeingAssistant/Services/DailyReportService.cs
 create mode 100644 _workflow/local-wait-admission-gates-20261004/g10-completion/certified-executions/55fcd1ef82ae4a3f97e4d54fb1ce5033/input-snapshot/MultiplayerHoeingAssistant/Services/DiagnosticPackageService.cs
 create mode 100644 _workflow/local-wait-admission-gates-20261004/g10-completion/certified-executions/55fcd1ef82ae4a3f97e4d54fb1ce5033/input-snapshot/MultiplayerHoeingAssistant/Services/DodocoSettingsService.cs
 create mode 100644 _workflow/local-wait-admission-gates-20261004/g10-completion/certified-executions/55fcd1ef82ae4a3f97e4d54fb1ce5033/input-snapshot/MultiplayerHoeingAssistant/Services/Gateway/GatewayEnvelope.cs
 create mode 100644 _workflow/local-wait-admission-gates-20261004/g10-completion/certified-executions/55fcd1ef82ae4a3f97e4d54fb1ce5033/input-snapshot/MultiplayerHoeingAssistant/Services/Gateway/GatewayProtocol.cs
 create mode 100644 _workflow/local-wait-admission-gates-20261004/g10-completion/certified-executions/55fcd1ef82ae4a3f97e4d54fb1ce5033/input-snapshot/MultiplayerHoeingAssistant/Services/Gateway/MhaGatewayClient.cs
 create mode 100644 _workflow/local-wait-admission-gates-20261004/g10-completion/certified-executions/55fcd1ef82ae4a3f97e4d54fb1ce5033/input-snapshot/MultiplayerHoeingAssistant/Services/HoeingStatsService.cs
 create mode 100644 _workflow/local-wait-admission-gates-20261004/g10-completion/certified-executions/55fcd1ef82ae4a3f97e4d54fb1ce5033/input-snapshot/MultiplayerHoeingAssistant/Services/IncidentSnapshotService.cs
 create mode 100644 _workflow/local-wait-admission-gates-20261004/g10-completion/certified-executions/55fcd1ef82ae4a3f97e4d54fb1ce5033/input-snapshot/MultiplayerHoeingAssistant/Services/IpcClient.cs
 create mode 100644 _workflow/local-wait-admission-gates-20261004/g10-completion/certified-executions/55fcd1ef82ae4a3f97e4d54fb1ce5033/input-snapshot/MultiplayerHoeingAssistant/Services/KeywordWatchService.cs
 create mode 100644 _workflow/local-wait-admission-gates-20261004/g10-completion/certified-executions/55fcd1ef82ae4a3f97e4d54fb1ce5033/input-snapshot/MultiplayerHoeingAssistant/Services/LocalConfigEditChannel.cs
 create mode 100644 _workflow/local-wait-admission-gates-20261004/g10-completion/certified-executions/55fcd1ef82ae4a3f97e4d54fb1ce5033/input-snapshot/MultiplayerHoeingAssistant/Services/LocalPeerSyncService.cs
 create mode 100644 _workflow/local-wait-admission-gates-20261004/g10-completion/certified-executions/55fcd1ef82ae4a3f97e4d54fb1ce5033/input-snapshot/MultiplayerHoeingAssistant/Services/LogFileBrowser.cs
 create mode 100644 _workflow/local-wait-admission-gates-20261004/g10-completion/certified-executions/55fcd1ef82ae4a3f97e4d54fb1ce5033/input-snapshot/MultiplayerHoeingAssistant/Services/MemberConfigCacheManager.cs
 create mode 100644 _workflow/local-wait-admission-gates-20261004/g10-completion/certified-executions/55fcd1ef82ae4a3f97e4d54fb1ce5033/input-snapshot/MultiplayerHoeingAssistant/Services/MemberLogRelayService.cs
 create mode 100644 _workflow/local-wait-admission-gates-20261004/g10-completion/certified-executions/55fcd1ef82ae4a3f97e4d54fb1ce5033/input-snapshot/MultiplayerHoeingAssistant/Services/MemberLogShareService.cs
 create mode 100644 _workflow/local-wait-admission-gates-20261004/g10-completion/certified-executions/55fcd1ef82ae4a3f97e4d54fb1ce5033/input-snapshot/MultiplayerHoeingAssistant/Services/MemberScreenshotRelayService.cs
 create mode 100644 _workflow/local-wait-admission-gates-20261004/g10-completion/certified-executions/55fcd1ef82ae4a3f97e4d54fb1ce5033/input-snapshot/MultiplayerHoeingAssistant/Services/OnlineHoeingBatch.cs
 create mode 100644 _workflow/local-wait-admission-gates-20261004/g10-completion/certified-executions/55fcd1ef82ae4a3f97e4d54fb1ce5033/input-snapshot/MultiplayerHoeingAssistant/Services/OnlineIntentLifecycle.cs
 create mode 100644 _workflow/local-wait-admission-gates-20261004/g10-completion/certified-executions/55fcd1ef82ae4a3f97e4d54fb1ce5033/input-snapshot/MultiplayerHoeingAssistant/Services/PetAnims.cs
 create mode 100644 _workflow/local-wait-admission-gates-20261004/g10-completion/certified-executions/55fcd1ef82ae4a3f97e4d54fb1ce5033/input-snapshot/MultiplayerHoeingAssistant/Services/PetSettingsService.cs
 create mode 100644 _workflow/local-wait-admission-gates-20261004/g10-completion/certified-executions/55fcd1ef82ae4a3f97e4d54fb1ce5033/input-snapshot/MultiplayerHoeingAssistant/Services/PetSoundPlayer.cs
 create mode 100644 _workflow/local-wait-admission-gates-20261004/g10-completion/certified-executions/55fcd1ef82ae4a3f97e4d54fb1ce5033/input-snapshot/MultiplayerHoeingAssistant/Services/PetStateEngine.cs
 create mode 100644 _workflow/local-wait-admission-gates-20261004/g10-completion/certified-executions/55fcd1ef82ae4a3f97e4d54fb1ce5033/input-snapshot/MultiplayerHoeingAssistant/Services/RemoteConfigEditService.cs
 create mode 100644 _workflow/local-wait-admission-gates-20261004/g10-completion/certified-executions/55fcd1ef82ae4a3f97e4d54fb1ce5033/input-snapshot/MultiplayerHoeingAssistant/Services/ScreenshotService.cs
 create mode 100644 _workflow/local-wait-admission-gates-20261004/g10-completion/certified-executions/55fcd1ef82ae4a3f97e4d54fb1ce5033/input-snapshot/MultiplayerHoeingAssistant/Services/SignalRClient.cs
 create mode 100644 _workflow/local-wait-admission-gates-20261004/g10-completion/certified-executions/55fcd1ef82ae4a3f97e4d54fb1ce5033/input-snapshot/MultiplayerHoeingAssistant/Services/StartupFlowRunner.cs
 create mode 100644 _workflow/local-wait-admission-gates-20261004/g10-completion/certified-executions/55fcd1ef82ae4a3f97e4d54fb1ce5033/input-snapshot/MultiplayerHoeingAssistant/Services/StartupFlowSchemeStore.cs
 create mode 100644 _workflow/local-wait-admission-gates-20261004/g10-completion/certified-executions/55fcd1ef82ae4a3f97e4d54fb1ce5033/input-snapshot/MultiplayerHoeingAssistant/Services/StartupFlowStore.cs
 create mode 100644 _workflow/local-wait-admission-gates-20261004/g10-completion/certified-executions/55fcd1ef82ae4a3f97e4d54fb1ce5033/input-snapshot/MultiplayerHoeingAssistant/Services/StartupSessionBindings.cs
 create mode 100644 _workflow/local-wait-admission-gates-20261004/g10-completion/certified-executions/55fcd1ef82ae4a3f97e4d54fb1ce5033/input-snapshot/MultiplayerHoeingAssistant/Services/TaskCenter/Arbitration/ArbitrationAdmissionService.cs
 create mode 100644 _workflow/local-wait-admission-gates-20261004/g10-completion/certified-executions/55fcd1ef82ae4a3f97e4d54fb1ce5033/input-snapshot/MultiplayerHoeingAssistant/Services/TaskCenter/Arbitration/ArbitrationLeaseStore.cs
 create mode 100644 _workflow/local-wait-admission-gates-20261004/g10-completion/certified-executions/55fcd1ef82ae4a3f97e4d54fb1ce5033/input-snapshot/MultiplayerHoeingAssistant/Services/TaskCenter/Arbitration/ArbitrationOrdering.cs
 create mode 100644 _workflow/local-wait-admission-gates-20261004/g10-completion/certified-executions/55fcd1ef82ae4a3f97e4d54fb1ce5033/input-snapshot/MultiplayerHoeingAssistant/Services/TaskCenter/Arbitration/ExternalStartLedger.cs
 create mode 100644 _workflow/local-wait-admission-gates-20261004/g10-completion/certified-executions/55fcd1ef82ae4a3f97e4d54fb1ce5033/input-snapshot/MultiplayerHoeingAssistant/Services/TaskCenter/Arbitration/HandoffTransitionPolicy.cs
 create mode 100644 _workflow/local-wait-admission-gates-20261004/g10-completion/certified-executions/55fcd1ef82ae4a3f97e4d54fb1ce5033/input-snapshot/MultiplayerHoeingAssistant/Services/TaskCenter/Arbitration/LocalWaitIdentityTranslation.cs
 create mode 100644 _workflow/local-wait-admission-gates-20261004/g10-completion/certified-executions/55fcd1ef82ae4a3f97e4d54fb1ce5033/input-snapshot/MultiplayerHoeingAssistant/Services/TaskCenter/Arbitration/LocalWaitQueuePolicy.cs
 create mode 100644 _workflow/local-wait-admission-gates-20261004/g10-completion/certified-executions/55fcd1ef82ae4a3f97e4d54fb1ce5033/input-snapshot/MultiplayerHoeingAssistant/Services/TaskCenter/Arbitration/LocalWaitReevaluationConsumer.cs
 create mode 100644 _workflow/local-wait-admission-gates-20261004/g10-completion/certified-executions/55fcd1ef82ae4a3f97e4d54fb1ce5033/input-snapshot/MultiplayerHoeingAssistant/Services/TaskCenter/Arbitration/LocalWaitReevaluationTrigger.cs
 create mode 100644 _workflow/local-wait-admission-gates-20261004/g10-completion/certified-executions/55fcd1ef82ae4a3f97e4d54fb1ce5033/input-snapshot/MultiplayerHoeingAssistant/Services/TaskCenter/Arbitration/OccupantLevelResolver.cs
 create mode 100644 _workflow/local-wait-admission-gates-20261004/g10-completion/certified-executions/55fcd1ef82ae4a3f97e4d54fb1ce5033/input-snapshot/MultiplayerHoeingAssistant/Services/TaskCenter/Arbitration/RunningOccupancyArbiter.cs
 create mode 100644 _workflow/local-wait-admission-gates-20261004/g10-completion/certified-executions/55fcd1ef82ae4a3f97e4d54fb1ce5033/input-snapshot/MultiplayerHoeingAssistant/Services/TaskCenter/Arbitration/SwitchGuardPolicy.cs
 create mode 100644 _workflow/local-wait-admission-gates-20261004/g10-completion/certified-executions/55fcd1ef82ae4a3f97e4d54fb1ce5033/input-snapshot/MultiplayerHoeingAssistant/Services/TaskCenter/ArbitrationWorkflowExecutionBoundary.cs
 create mode 100644 _workflow/local-wait-admission-gates-20261004/g10-completion/certified-executions/55fcd1ef82ae4a3f97e4d54fb1ce5033/input-snapshot/MultiplayerHoeingAssistant/Services/TaskCenter/BgiJobTerminalPolling.cs
 create mode 100644 _workflow/local-wait-admission-gates-20261004/g10-completion/certified-executions/55fcd1ef82ae4a3f97e4d54fb1ce5033/input-snapshot/MultiplayerHoeingAssistant/Services/TaskCenter/BgiSendEvidence.cs
 create mode 100644 _workflow/local-wait-admission-gates-20261004/g10-completion/certified-executions/55fcd1ef82ae4a3f97e4d54fb1ce5033/input-snapshot/MultiplayerHoeingAssistant/Services/TaskCenter/BgiWorkflowExecutionBoundary.cs
 create mode 100644 _workflow/local-wait-admission-gates-20261004/g10-completion/certified-executions/55fcd1ef82ae4a3f97e4d54fb1ce5033/input-snapshot/MultiplayerHoeingAssistant/Services/TaskCenter/BgiWorkflowObservationPersistence.cs
 create mode 100644 _workflow/local-wait-admission-gates-20261004/g10-completion/certified-executions/55fcd1ef82ae4a3f97e4d54fb1ce5033/input-snapshot/MultiplayerHoeingAssistant/Services/TaskCenter/BgiWorkflowPrerequisiteAdapter.cs
 create mode 100644 _workflow/local-wait-admission-gates-20261004/g10-completion/certified-executions/55fcd1ef82ae4a3f97e4d54fb1ce5033/input-snapshot/MultiplayerHoeingAssistant/Services/TaskCenter/BgiWorkflowTerminalExecutor.cs
 create mode 100644 _workflow/local-wait-admission-gates-20261004/g10-completion/certified-executions/55fcd1ef82ae4a3f97e4d54fb1ce5033/input-snapshot/MultiplayerHoeingAssistant/Services/TaskCenter/ExternalStartAdmission.cs
 create mode 100644 _workflow/local-wait-admission-gates-20261004/g10-completion/certified-executions/55fcd1ef82ae4a3f97e4d54fb1ce5033/input-snapshot/MultiplayerHoeingAssistant/Services/TaskCenter/IBgiExecutionPort.cs
 create mode 100644 _workflow/local-wait-admission-gates-20261004/g10-completion/certified-executions/55fcd1ef82ae4a3f97e4d54fb1ce5033/input-snapshot/MultiplayerHoeingAssistant/Services/TaskCenter/LocalNoSendEvidence.cs
 create mode 100644 _workflow/local-wait-admission-gates-20261004/g10-completion/certified-executions/55fcd1ef82ae4a3f97e4d54fb1ce5033/input-snapshot/MultiplayerHoeingAssistant/Services/TaskCenter/LocalWaitQueueStore.cs
 create mode 100644 _workflow/local-wait-admission-gates-20261004/g10-completion/certified-executions/55fcd1ef82ae4a3f97e4d54fb1ce5033/input-snapshot/MultiplayerHoeingAssistant/Services/TaskCenter/MigrationConsistency.cs
 create mode 100644 _workflow/local-wait-admission-gates-20261004/g10-completion/certified-executions/55fcd1ef82ae4a3f97e4d54fb1ce5033/input-snapshot/MultiplayerHoeingAssistant/Services/TaskCenter/MigrationLegacyManifestCodec.cs
 create mode 100644 _workflow/local-wait-admission-gates-20261004/g10-completion/certified-executions/55fcd1ef82ae4a3f97e4d54fb1ce5033/input-snapshot/MultiplayerHoeingAssistant/Services/TaskCenter/MigrationOperationJournal.cs
 create mode 100644 _workflow/local-wait-admission-gates-20261004/g10-completion/certified-executions/55fcd1ef82ae4a3f97e4d54fb1ce5033/input-snapshot/MultiplayerHoeingAssistant/Services/TaskCenter/MigrationReferenceActivation.cs
 create mode 100644 _workflow/local-wait-admission-gates-20261004/g10-completion/certified-executions/55fcd1ef82ae4a3f97e4d54fb1ce5033/input-snapshot/MultiplayerHoeingAssistant/Services/TaskCenter/MigrationRehearsal.cs
 create mode 100644 _workflow/local-wait-admission-gates-20261004/g10-completion/certified-executions/55fcd1ef82ae4a3f97e4d54fb1ce5033/input-snapshot/MultiplayerHoeingAssistant/Services/TaskCenter/MigrationSwitchTransaction.cs
 create mode 100644 _workflow/local-wait-admission-gates-20261004/g10-completion/certified-executions/55fcd1ef82ae4a3f97e4d54fb1ce5033/input-snapshot/MultiplayerHoeingAssistant/Services/TaskCenter/MigrationVersionStore.cs
 create mode 100644 _workflow/local-wait-admission-gates-20261004/g10-completion/certified-executions/55fcd1ef82ae4a3f97e4d54fb1ce5033/input-snapshot/MultiplayerHoeingAssistant/Services/TaskCenter/PathIdentity.cs
 create mode 100644 _workflow/local-wait-admission-gates-20261004/g10-completion/certified-executions/55fcd1ef82ae4a3f97e4d54fb1ce5033/input-snapshot/MultiplayerHoeingAssistant/Services/TaskCenter/ResourceCatalogService.cs
 create mode 100644 _workflow/local-wait-admission-gates-20261004/g10-completion/certified-executions/55fcd1ef82ae4a3f97e4d54fb1ce5033/input-snapshot/MultiplayerHoeingAssistant/Services/TaskCenter/RunStore.cs
 create mode 100644 _workflow/local-wait-admission-gates-20261004/g10-completion/certified-executions/55fcd1ef82ae4a3f97e4d54fb1ce5033/input-snapshot/MultiplayerHoeingAssistant/Services/TaskCenter/RunStoreEvidenceGuard.cs
 create mode 100644 _workflow/local-wait-admission-gates-20261004/g10-completion/certified-executions/55fcd1ef82ae4a3f97e4d54fb1ce5033/input-snapshot/MultiplayerHoeingAssistant/Services/TaskCenter/RunStoreSendPermit.cs
 create mode 100644 _workflow/local-wait-admission-gates-20261004/g10-completion/certified-executions/55fcd1ef82ae4a3f97e4d54fb1ce5033/input-snapshot/MultiplayerHoeingAssistant/Services/TaskCenter/RunStoreTerminalRelease.cs
 create mode 100644 _workflow/local-wait-admission-gates-20261004/g10-completion/certified-executions/55fcd1ef82ae4a3f97e4d54fb1ce5033/input-snapshot/MultiplayerHoeingAssistant/Services/TaskCenter/TaskCenterHost.Admission.cs
 create mode 100644 _workflow/local-wait-admission-gates-20261004/g10-completion/certified-executions/55fcd1ef82ae4a3f97e4d54fb1ce5033/input-snapshot/MultiplayerHoeingAssistant/Services/TaskCenter/TaskCenterHost.cs
 create mode 100644 _workflow/local-wait-admission-gates-20261004/g10-completion/certified-executions/55fcd1ef82ae4a3f97e4d54fb1ce5033/input-snapshot/MultiplayerHoeingAssistant/Services/TaskCenter/TaskCenterMechanismPolicy.cs
 create mode 100644 _workflow/local-wait-admission-gates-20261004/g10-completion/certified-executions/55fcd1ef82ae4a3f97e4d54fb1ce5033/input-snapshot/MultiplayerHoeingAssistant/Services/TaskCenter/WaitDecisionSource.cs
 create mode 100644 _workflow/local-wait-admission-gates-20261004/g10-completion/certified-executions/55fcd1ef82ae4a3f97e4d54fb1ce5033/input-snapshot/MultiplayerHoeingAssistant/Services/TaskCenter/WindowsTxfMigrationVersionStore.cs
 create mode 100644 _workflow/local-wait-admission-gates-20261004/g10-completion/certified-executions/55fcd1ef82ae4a3f97e4d54fb1ce5033/input-snapshot/MultiplayerHoeingAssistant/Services/TaskCenter/WindowsVssMigrationConsistency.cs
 create mode 100644 _workflow/local-wait-admission-gates-20261004/g10-completion/certified-executions/55fcd1ef82ae4a3f97e4d54fb1ce5033/input-snapshot/MultiplayerHoeingAssistant/Services/TaskCenter/WorkflowPlanner.cs
 create mode 100644 _workflow/local-wait-admission-gates-20261004/g10-completion/certified-executions/55fcd1ef82ae4a3f97e4d54fb1ce5033/input-snapshot/MultiplayerHoeingAssistant/Services/TaskCenter/WorkflowRunner.cs
 create mode 100644 _workflow/local-wait-admission-gates-20261004/g10-completion/certified-executions/55fcd1ef82ae4a3f97e4d54fb1ce5033/input-snapshot/MultiplayerHoeingAssistant/Services/TaskCenter/WorkflowStopAuthority.cs
 create mode 100644 _workflow/local-wait-admission-gates-20261004/g10-completion/certified-executions/55fcd1ef82ae4a3f97e4d54fb1ce5033/input-snapshot/MultiplayerHoeingAssistant/Services/TaskCenter/WorkflowStore.cs
 create mode 100644 _workflow/local-wait-admission-gates-20261004/g10-completion/certified-executions/55fcd1ef82ae4a3f97e4d54fb1ce5033/input-snapshot/MultiplayerHoeingAssistant/Services/TaskPolicySyncService.cs
 create mode 100644 _workflow/local-wait-admission-gates-20261004/g10-completion/certified-executions/55fcd1ef82ae4a3f97e4d54fb1ce5033/input-snapshot/MultiplayerHoeingAssistant/Services/WindowsSessionIdentity.cs
 create mode 100644 _workflow/local-wait-admission-gates-20261004/g10-completion/certified-executions/55fcd1ef82ae4a3f97e4d54fb1ce5033/input-snapshot/MultiplayerHoeingAssistant/ViewModels/AppPage.cs
 create mode 100644 _workflow/local-wait-admission-gates-20261004/g10-completion/certified-executions/55fcd1ef82ae4a3f97e4d54fb1ce5033/input-snapshot/MultiplayerHoeingAssistant/ViewModels/DailyReportViewModel.cs
 create mode 100644 _workflow/local-wait-admission-gates-20261004/g10-completion/certified-executions/55fcd1ef82ae4a3f97e4d54fb1ce5033/input-snapshot/MultiplayerHoeingAssistant/ViewModels/DodocoViewModel.cs
 create mode 100644 _workflow/local-wait-admission-gates-20261004/g10-completion/certified-executions/55fcd1ef82ae4a3f97e4d54fb1ce5033/input-snapshot/MultiplayerHoeingAssistant/ViewModels/ExceptionWatchViewModel.cs
 create mode 100644 _workflow/local-wait-admission-gates-20261004/g10-completion/certified-executions/55fcd1ef82ae4a3f97e4d54fb1ce5033/input-snapshot/MultiplayerHoeingAssistant/ViewModels/HoeingStatsViewModel.cs
 create mode 100644 _workflow/local-wait-admission-gates-20261004/g10-completion/certified-executions/55fcd1ef82ae4a3f97e4d54fb1ce5033/input-snapshot/MultiplayerHoeingAssistant/ViewModels/LogBrowserViewModel.cs
 create mode 100644 _workflow/local-wait-admission-gates-20261004/g10-completion/certified-executions/55fcd1ef82ae4a3f97e4d54fb1ce5033/input-snapshot/MultiplayerHoeingAssistant/ViewModels/MainViewModel.BgiExternal.cs
 create mode 100644 _workflow/local-wait-admission-gates-20261004/g10-completion/certified-executions/55fcd1ef82ae4a3f97e4d54fb1ce5033/input-snapshot/MultiplayerHoeingAssistant/ViewModels/MainViewModel.CoordinatedBatch.cs
 create mode 100644 _workflow/local-wait-admission-gates-20261004/g10-completion/certified-executions/55fcd1ef82ae4a3f97e4d54fb1ce5033/input-snapshot/MultiplayerHoeingAssistant/ViewModels/MainViewModel.OnlineBatch.cs
 create mode 100644 _workflow/local-wait-admission-gates-20261004/g10-completion/certified-executions/55fcd1ef82ae4a3f97e4d54fb1ce5033/input-snapshot/MultiplayerHoeingAssistant/ViewModels/MainViewModel.RemoteConfig.cs
 create mode 100644 _workflow/local-wait-admission-gates-20261004/g10-completion/certified-executions/55fcd1ef82ae4a3f97e4d54fb1ce5033/input-snapshot/MultiplayerHoeingAssistant/ViewModels/MainViewModel.SignalR.cs
 create mode 100644 _workflow/local-wait-admission-gates-20261004/g10-completion/certified-executions/55fcd1ef82ae4a3f97e4d54fb1ce5033/input-snapshot/MultiplayerHoeingAssistant/ViewModels/MainViewModel.cs
 create mode 100644 _workflow/local-wait-admission-gates-20261004/g10-completion/certified-executions/55fcd1ef82ae4a3f97e4d54fb1ce5033/input-snapshot/MultiplayerHoeingAssistant/ViewModels/MistletoeViewModel.cs
 create mode 100644 _workflow/local-wait-admission-gates-20261004/g10-completion/certified-executions/55fcd1ef82ae4a3f97e4d54fb1ce5033/input-snapshot/MultiplayerHoeingAssistant/ViewModels/PetViewModel.cs
 create mode 100644 _workflow/local-wait-admission-gates-20261004/g10-completion/certified-executions/55fcd1ef82ae4a3f97e4d54fb1ce5033/input-snapshot/MultiplayerHoeingAssistant/ViewModels/ScreenshotViewModel.cs
 create mode 100644 _workflow/local-wait-admission-gates-20261004/g10-completion/certified-executions/55fcd1ef82ae4a3f97e4d54fb1ce5033/input-snapshot/MultiplayerHoeingAssistant/ViewModels/TaskCenterPanelViewModel.EditParts.cs
 create mode 100644 _workflow/local-wait-admission-gates-20261004/g10-completion/certified-executions/55fcd1ef82ae4a3f97e4d54fb1ce5033/input-snapshot/MultiplayerHoeingAssistant/ViewModels/TaskCenterPanelViewModel.cs
 create mode 100644 _workflow/local-wait-admission-gates-20261004/g10-completion/certified-executions/55fcd1ef82ae4a3f97e4d54fb1ce5033/input-snapshot/MultiplayerHoeingAssistant/Views/AdaptiveBranchPanel.cs
 create mode 100644 _workflow/local-wait-admission-gates-20261004/g10-completion/certified-executions/55fcd1ef82ae4a3f97e4d54fb1ce5033/input-snapshot/MultiplayerHoeingAssistant/Views/ConfirmStepWindow.xaml
 create mode 100644 _workflow/local-wait-admission-gates-20261004/g10-completion/certified-executions/55fcd1ef82ae4a3f97e4d54fb1ce5033/input-snapshot/MultiplayerHoeingAssistant/Views/ConfirmStepWindow.xaml.cs
 create mode 100644 _workflow/local-wait-admission-gates-20261004/g10-completion/certified-executions/55fcd1ef82ae4a3f97e4d54fb1ce5033/input-snapshot/MultiplayerHoeingAssistant/Views/DisclaimerWindow.xaml
 create mode 100644 _workflow/local-wait-admission-gates-20261004/g10-completion/certified-executions/55fcd1ef82ae4a3f97e4d54fb1ce5033/input-snapshot/MultiplayerHoeingAssistant/Views/DisclaimerWindow.xaml.cs
 create mode 100644 _workflow/local-wait-admission-gates-20261004/g10-completion/certified-executions/55fcd1ef82ae4a3f97e4d54fb1ce5033/input-snapshot/MultiplayerHoeingAssistant/Views/DodocoPage.xaml
 create mode 100644 _workflow/local-wait-admission-gates-20261004/g10-completion/certified-executions/55fcd1ef82ae4a3f97e4d54fb1ce5033/input-snapshot/MultiplayerHoeingAssistant/Views/DodocoPage.xaml.cs
 create mode 100644 _workflow/local-wait-admission-gates-20261004/g10-completion/certified-executions/55fcd1ef82ae4a3f97e4d54fb1ce5033/input-snapshot/MultiplayerHoeingAssistant/Views/FlowChartWindow.xaml
 create mode 100644 _workflow/local-wait-admission-gates-20261004/g10-completion/certified-executions/55fcd1ef82ae4a3f97e4d54fb1ce5033/input-snapshot/MultiplayerHoeingAssistant/Views/FlowChartWindow.xaml.cs
 create mode 100644 _workflow/local-wait-admission-gates-20261004/g10-completion/certified-executions/55fcd1ef82ae4a3f97e4d54fb1ce5033/input-snapshot/MultiplayerHoeingAssistant/Views/FlowPreviewWindow.xaml
 create mode 100644 _workflow/local-wait-admission-gates-20261004/g10-completion/certified-executions/55fcd1ef82ae4a3f97e4d54fb1ce5033/input-snapshot/MultiplayerHoeingAssistant/Views/FlowPreviewWindow.xaml.cs
 create mode 100644 _workflow/local-wait-admission-gates-20261004/g10-completion/certified-executions/55fcd1ef82ae4a3f97e4d54fb1ce5033/input-snapshot/MultiplayerHoeingAssistant/Views/HighlightTextBlock.cs
 create mode 100644 _workflow/local-wait-admission-gates-20261004/g10-completion/certified-executions/55fcd1ef82ae4a3f97e4d54fb1ce5033/input-snapshot/MultiplayerHoeingAssistant/Views/ImageZoomWindow.xaml
 create mode 100644 _workflow/local-wait-admission-gates-20261004/g10-completion/certified-executions/55fcd1ef82ae4a3f97e4d54fb1ce5033/input-snapshot/MultiplayerHoeingAssistant/Views/ImageZoomWindow.xaml.cs
 create mode 100644 _workflow/local-wait-admission-gates-20261004/g10-completion/certified-executions/55fcd1ef82ae4a3f97e4d54fb1ce5033/input-snapshot/MultiplayerHoeingAssistant/Views/IncidentSettingsWindow.xaml
 create mode 100644 _workflow/local-wait-admission-gates-20261004/g10-completion/certified-executions/55fcd1ef82ae4a3f97e4d54fb1ce5033/input-snapshot/MultiplayerHoeingAssistant/Views/IncidentSettingsWindow.xaml.cs
 create mode 100644 _workflow/local-wait-admission-gates-20261004/g10-completion/certified-executions/55fcd1ef82ae4a3f97e4d54fb1ce5033/input-snapshot/MultiplayerHoeingAssistant/Views/MainWindow.xaml
 create mode 100644 _workflow/local-wait-admission-gates-20261004/g10-completion/certified-executions/55fcd1ef82ae4a3f97e4d54fb1ce5033/input-snapshot/MultiplayerHoeingAssistant/Views/MainWindow.xaml.cs
 create mode 100644 _workflow/local-wait-admission-gates-20261004/g10-completion/certified-executions/55fcd1ef82ae4a3f97e4d54fb1ce5033/input-snapshot/MultiplayerHoeingAssistant/Views/MistletoePage.xaml
 create mode 100644 _workflow/local-wait-admission-gates-20261004/g10-completion/certified-executions/55fcd1ef82ae4a3f97e4d54fb1ce5033/input-snapshot/MultiplayerHoeingAssistant/Views/MistletoePage.xaml.cs
 create mode 100644 _workflow/local-wait-admission-gates-20261004/g10-completion/certified-executions/55fcd1ef82ae4a3f97e4d54fb1ce5033/input-snapshot/MultiplayerHoeingAssistant/Views/PasswordSetupWindow.xaml
 create mode 100644 _workflow/local-wait-admission-gates-20261004/g10-completion/certified-executions/55fcd1ef82ae4a3f97e4d54fb1ce5033/input-snapshot/MultiplayerHoeingAssistant/Views/PasswordSetupWindow.xaml.cs
 create mode 100644 _workflow/local-wait-admission-gates-20261004/g10-completion/certified-executions/55fcd1ef82ae4a3f97e4d54fb1ce5033/input-snapshot/MultiplayerHoeingAssistant/Views/PetStatusPanelWindow.xaml
 create mode 100644 _workflow/local-wait-admission-gates-20261004/g10-completion/certified-executions/55fcd1ef82ae4a3f97e4d54fb1ce5033/input-snapshot/MultiplayerHoeingAssistant/Views/PetStatusPanelWindow.xaml.cs
 create mode 100644 _workflow/local-wait-admission-gates-20261004/g10-completion/certified-executions/55fcd1ef82ae4a3f97e4d54fb1ce5033/input-snapshot/MultiplayerHoeingAssistant/Views/PetWindow.xaml
 create mode 100644 _workflow/local-wait-admission-gates-20261004/g10-completion/certified-executions/55fcd1ef82ae4a3f97e4d54fb1ce5033/input-snapshot/MultiplayerHoeingAssistant/Views/PetWindow.xaml.cs
 create mode 100644 _workflow/local-wait-admission-gates-20261004/g10-completion/certified-executions/55fcd1ef82ae4a3f97e4d54fb1ce5033/input-snapshot/MultiplayerHoeingAssistant/Views/RemoteConfigGroupSelectWindow.xaml
 create mode 100644 _workflow/local-wait-admission-gates-20261004/g10-completion/certified-executions/55fcd1ef82ae4a3f97e4d54fb1ce5033/input-snapshot/MultiplayerHoeingAssistant/Views/RemoteConfigGroupSelectWindow.xaml.cs
 create mode 100644 _workflow/local-wait-admission-gates-20261004/g10-completion/certified-executions/55fcd1ef82ae4a3f97e4d54fb1ce5033/input-snapshot/MultiplayerHoeingAssistant/Views/SettingsPage.xaml
 create mode 100644 _workflow/local-wait-admission-gates-20261004/g10-completion/certified-executions/55fcd1ef82ae4a3f97e4d54fb1ce5033/input-snapshot/MultiplayerHoeingAssistant/Views/SettingsPage.xaml.cs
 create mode 100644 _workflow/local-wait-admission-gates-20261004/g10-completion/certified-executions/55fcd1ef82ae4a3f97e4d54fb1ce5033/input-snapshot/MultiplayerHoeingAssistant/Views/SettingsWindow.xaml
 create mode 100644 _workflow/local-wait-admission-gates-20261004/g10-completion/certified-executions/55fcd1ef82ae4a3f97e4d54fb1ce5033/input-snapshot/MultiplayerHoeingAssistant/Views/SettingsWindow.xaml.cs
 create mode 100644 _workflow/local-wait-admission-gates-20261004/g10-completion/certified-executions/55fcd1ef82ae4a3f97e4d54fb1ce5033/input-snapshot/MultiplayerHoeingAssistant/Views/TimeOfDayPicker.xaml
 create mode 100644 _workflow/local-wait-admission-gates-20261004/g10-completion/certified-executions/55fcd1ef82ae4a3f97e4d54fb1ce5033/input-snapshot/MultiplayerHoeingAssistant/Views/TimeOfDayPicker.xaml.cs
 create mode 100644 _workflow/local-wait-admission-gates-20261004/g10-completion/certified-executions/55fcd1ef82ae4a3f97e4d54fb1ce5033/input-snapshot/MultiplayerHoeingAssistant/Views/UpdateBgiWindow.xaml
 create mode 100644 _workflow/local-wait-admission-gates-20261004/g10-completion/certified-executions/55fcd1ef82ae4a3f97e4d54fb1ce5033/input-snapshot/MultiplayerHoeingAssistant/Views/UpdateBgiWindow.xaml.cs
 create mode 100644 _workflow/local-wait-admission-gates-20261004/g10-completion/certified-executions/55fcd1ef82ae4a3f97e4d54fb1ce5033/input-snapshot/Test/MultiplayerHoeingAssistant.UnitTest/CommandContractGuardTests.cs
 create mode 100644 _workflow/local-wait-admission-gates-20261004/g10-completion/certified-executions/55fcd1ef82ae4a3f97e4d54fb1ce5033/input-snapshot/Test/MultiplayerHoeingAssistant.UnitTest/MultiplayerHoeingAssistant.UnitTest.csproj
 create mode 100644 _workflow/local-wait-admission-gates-20261004/g10-completion/certified-executions/55fcd1ef82ae4a3f97e4d54fb1ce5033/input-snapshot/Test/MultiplayerHoeingAssistant.UnitTest/ServiceTests/BatchReconcileDeciderTests.cs
 create mode 100644 _workflow/local-wait-admission-gates-20261004/g10-completion/certified-executions/55fcd1ef82ae4a3f97e4d54fb1ce5033/input-snapshot/Test/MultiplayerHoeingAssistant.UnitTest/ServiceTests/BatchSubmitRejectionA6Tests.cs
 create mode 100644 _workflow/local-wait-admission-gates-20261004/g10-completion/certified-executions/55fcd1ef82ae4a3f97e4d54fb1ce5033/input-snapshot/Test/MultiplayerHoeingAssistant.UnitTest/ServiceTests/BgiPackageUpdateServiceTests.cs
 create mode 100644 _workflow/local-wait-admission-gates-20261004/g10-completion/certified-executions/55fcd1ef82ae4a3f97e4d54fb1ce5033/input-snapshot/Test/MultiplayerHoeingAssistant.UnitTest/ServiceTests/BgiRemoteUpdateServiceTests.cs
 create mode 100644 _workflow/local-wait-admission-gates-20261004/g10-completion/certified-executions/55fcd1ef82ae4a3f97e4d54fb1ce5033/input-snapshot/Test/MultiplayerHoeingAssistant.UnitTest/ServiceTests/BgiUpdateDecisionsTests.cs
 create mode 100644 _workflow/local-wait-admission-gates-20261004/g10-completion/certified-executions/55fcd1ef82ae4a3f97e4d54fb1ce5033/input-snapshot/Test/MultiplayerHoeingAssistant.UnitTest/ServiceTests/BgiUpdateWriteEntryZeroByteTests.cs
 create mode 100644 _workflow/local-wait-admission-gates-20261004/g10-completion/certified-executions/55fcd1ef82ae4a3f97e4d54fb1ce5033/input-snapshot/Test/MultiplayerHoeingAssistant.UnitTest/ServiceTests/CommandExecutorExecutionExitProofTests.cs
 create mode 100644 _workflow/local-wait-admission-gates-20261004/g10-completion/certified-executions/55fcd1ef82ae4a3f97e4d54fb1ce5033/input-snapshot/Test/MultiplayerHoeingAssistant.UnitTest/ServiceTests/CommandExecutorExternalStartAdmissionTests.cs
 create mode 100644 _workflow/local-wait-admission-gates-20261004/g10-completion/certified-executions/55fcd1ef82ae4a3f97e4d54fb1ce5033/input-snapshot/Test/MultiplayerHoeingAssistant.UnitTest/ServiceTests/CoordinatedBatchAdmissionRelationTests.cs
 create mode 100644 _workflow/local-wait-admission-gates-20261004/g10-completion/certified-executions/55fcd1ef82ae4a3f97e4d54fb1ce5033/input-snapshot/Test/MultiplayerHoeingAssistant.UnitTest/ServiceTests/MainViewModelTaskStatusParsingTests.cs
 create mode 100644 _workflow/local-wait-admission-gates-20261004/g10-completion/certified-executions/55fcd1ef82ae4a3f97e4d54fb1ce5033/input-snapshot/Test/MultiplayerHoeingAssistant.UnitTest/ServiceTests/RemoteConfigEditingTests.cs
 create mode 100644 _workflow/local-wait-admission-gates-20261004/g10-completion/certified-executions/55fcd1ef82ae4a3f97e4d54fb1ce5033/input-snapshot/Test/MultiplayerHoeingAssistant.UnitTest/ServiceTests/StartupFlowRunnerHandoffTests.cs
 create mode 100644 _workflow/local-wait-admission-gates-20261004/g10-completion/certified-executions/55fcd1ef82ae4a3f97e4d54fb1ce5033/input-snapshot/Test/MultiplayerHoeingAssistant.UnitTest/ServiceTests/StartupFlowSchemeStoreTests.cs
 create mode 100644 _workflow/local-wait-admission-gates-20261004/g10-completion/certified-executions/55fcd1ef82ae4a3f97e4d54fb1ce5033/input-snapshot/Test/MultiplayerHoeingAssistant.UnitTest/ServiceTests/StartupSourceStopAuthorityTests.cs
 create mode 100644 _workflow/local-wait-admission-gates-20261004/g10-completion/certified-executions/55fcd1ef82ae4a3f97e4d54fb1ce5033/input-snapshot/Test/MultiplayerHoeingAssistant.UnitTest/ServiceTests/TaskCenter/AdapterCancellationObservationTests.cs
 create mode 100644 _workflow/local-wait-admission-gates-20261004/g10-completion/certified-executions/55fcd1ef82ae4a3f97e4d54fb1ce5033/input-snapshot/Test/MultiplayerHoeingAssistant.UnitTest/ServiceTests/TaskCenter/AdapterExecutionEvidenceTests.cs
 create mode 100644 _workflow/local-wait-admission-gates-20261004/g10-completion/certified-executions/55fcd1ef82ae4a3f97e4d54fb1ce5033/input-snapshot/Test/MultiplayerHoeingAssistant.UnitTest/ServiceTests/TaskCenter/AdapterStopRunnerTests.cs
 create mode 100644 _workflow/local-wait-admission-gates-20261004/g10-completion/certified-executions/55fcd1ef82ae4a3f97e4d54fb1ce5033/input-snapshot/Test/MultiplayerHoeingAssistant.UnitTest/ServiceTests/TaskCenter/AdmissionWaitLocallyContractTests.cs
 create mode 100644 _workflow/local-wait-admission-gates-20261004/g10-completion/certified-executions/55fcd1ef82ae4a3f97e4d54fb1ce5033/input-snapshot/Test/MultiplayerHoeingAssistant.UnitTest/ServiceTests/TaskCenter/ArbitrationAdmissionServiceTests.cs
 create mode 100644 _workflow/local-wait-admission-gates-20261004/g10-completion/certified-executions/55fcd1ef82ae4a3f97e4d54fb1ce5033/input-snapshot/Test/MultiplayerHoeingAssistant.UnitTest/ServiceTests/TaskCenter/ArbitrationLeaseStoreTests.cs
 create mode 100644 _workflow/local-wait-admission-gates-20261004/g10-completion/certified-executions/55fcd1ef82ae4a3f97e4d54fb1ce5033/input-snapshot/Test/MultiplayerHoeingAssistant.UnitTest/ServiceTests/TaskCenter/ArbitrationOrderingTests.cs
 create mode 100644 _workflow/local-wait-admission-gates-20261004/g10-completion/certified-executions/55fcd1ef82ae4a3f97e4d54fb1ce5033/input-snapshot/Test/MultiplayerHoeingAssistant.UnitTest/ServiceTests/TaskCenter/ArbitrationWorkflowExecutionBoundaryTests.cs
 create mode 100644 _workflow/local-wait-admission-gates-20261004/g10-completion/certified-executions/55fcd1ef82ae4a3f97e4d54fb1ce5033/input-snapshot/Test/MultiplayerHoeingAssistant.UnitTest/ServiceTests/TaskCenter/Batch21WiringRedTests.cs
 create mode 100644 _workflow/local-wait-admission-gates-20261004/g10-completion/certified-executions/55fcd1ef82ae4a3f97e4d54fb1ce5033/input-snapshot/Test/MultiplayerHoeingAssistant.UnitTest/ServiceTests/TaskCenter/BgiInstancePipeDouble.cs
 create mode 100644 _workflow/local-wait-admission-gates-20261004/g10-completion/certified-executions/55fcd1ef82ae4a3f97e4d54fb1ce5033/input-snapshot/Test/MultiplayerHoeingAssistant.UnitTest/ServiceTests/TaskCenter/BgiJobTerminalPollingTests.cs
 create mode 100644 _workflow/local-wait-admission-gates-20261004/g10-completion/certified-executions/55fcd1ef82ae4a3f97e4d54fb1ce5033/input-snapshot/Test/MultiplayerHoeingAssistant.UnitTest/ServiceTests/TaskCenter/BgiWorkflowExecutionBoundaryPortSeamTests.cs
 create mode 100644 _workflow/local-wait-admission-gates-20261004/g10-completion/certified-executions/55fcd1ef82ae4a3f97e4d54fb1ce5033/input-snapshot/Test/MultiplayerHoeingAssistant.UnitTest/ServiceTests/TaskCenter/BgiWorkflowExecutionBoundaryTests.cs
 create mode 100644 _workflow/local-wait-admission-gates-20261004/g10-completion/certified-executions/55fcd1ef82ae4a3f97e4d54fb1ce5033/input-snapshot/Test/MultiplayerHoeingAssistant.UnitTest/ServiceTests/TaskCenter/ClaimSurfaceGuardTests.cs
 create mode 100644 _workflow/local-wait-admission-gates-20261004/g10-completion/certified-executions/55fcd1ef82ae4a3f97e4d54fb1ce5033/input-snapshot/Test/MultiplayerHoeingAssistant.UnitTest/ServiceTests/TaskCenter/ConcurrentGateRunner.cs
 create mode 100644 _workflow/local-wait-admission-gates-20261004/g10-completion/certified-executions/55fcd1ef82ae4a3f97e4d54fb1ce5033/input-snapshot/Test/MultiplayerHoeingAssistant.UnitTest/ServiceTests/TaskCenter/DocsFixtureReferenceGuardTests.cs
 create mode 100644 _workflow/local-wait-admission-gates-20261004/g10-completion/certified-executions/55fcd1ef82ae4a3f97e4d54fb1ce5033/input-snapshot/Test/MultiplayerHoeingAssistant.UnitTest/ServiceTests/TaskCenter/DurableJobObservationTests.cs
 create mode 100644 _workflow/local-wait-admission-gates-20261004/g10-completion/certified-executions/55fcd1ef82ae4a3f97e4d54fb1ce5033/input-snapshot/Test/MultiplayerHoeingAssistant.UnitTest/ServiceTests/TaskCenter/FacadeWaitLocallyConsumerTests.cs
 create mode 100644 _workflow/local-wait-admission-gates-20261004/g10-completion/certified-executions/55fcd1ef82ae4a3f97e4d54fb1ce5033/input-snapshot/Test/MultiplayerHoeingAssistant.UnitTest/ServiceTests/TaskCenter/FailureModeCoverageGuardTests.cs
 create mode 100644 _workflow/local-wait-admission-gates-20261004/g10-completion/certified-executions/55fcd1ef82ae4a3f97e4d54fb1ce5033/input-snapshot/Test/MultiplayerHoeingAssistant.UnitTest/ServiceTests/TaskCenter/HandoffTransitionPolicyTests.cs
 create mode 100644 _workflow/local-wait-admission-gates-20261004/g10-completion/certified-executions/55fcd1ef82ae4a3f97e4d54fb1ce5033/input-snapshot/Test/MultiplayerHoeingAssistant.UnitTest/ServiceTests/TaskCenter/HistoricalExecutionObservationTests.cs
 create mode 100644 _workflow/local-wait-admission-gates-20261004/g10-completion/certified-executions/55fcd1ef82ae4a3f97e4d54fb1ce5033/input-snapshot/Test/MultiplayerHoeingAssistant.UnitTest/ServiceTests/TaskCenter/LegacyHistoricalSealIntegrityTests.cs
 create mode 100644 _workflow/local-wait-admission-gates-20261004/g10-completion/certified-executions/55fcd1ef82ae4a3f97e4d54fb1ce5033/input-snapshot/Test/MultiplayerHoeingAssistant.UnitTest/ServiceTests/TaskCenter/LegacySchedulerResidueTests.cs
 create mode 100644 _workflow/local-wait-admission-gates-20261004/g10-completion/certified-executions/55fcd1ef82ae4a3f97e4d54fb1ce5033/input-snapshot/Test/MultiplayerHoeingAssistant.UnitTest/ServiceTests/TaskCenter/LocalSyntheticWordInventoryTests.cs
 create mode 100644 _workflow/local-wait-admission-gates-20261004/g10-completion/certified-executions/55fcd1ef82ae4a3f97e4d54fb1ce5033/input-snapshot/Test/MultiplayerHoeingAssistant.UnitTest/ServiceTests/TaskCenter/LocalWaitFinalizationContractTests.cs
 create mode 100644 _workflow/local-wait-admission-gates-20261004/g10-completion/certified-executions/55fcd1ef82ae4a3f97e4d54fb1ce5033/input-snapshot/Test/MultiplayerHoeingAssistant.UnitTest/ServiceTests/TaskCenter/LocalWaitGenerationContractTests.cs
 create mode 100644 _workflow/local-wait-admission-gates-20261004/g10-completion/certified-executions/55fcd1ef82ae4a3f97e4d54fb1ce5033/input-snapshot/Test/MultiplayerHoeingAssistant.UnitTest/ServiceTests/TaskCenter/LocalWaitIdentityTranslationTests.cs
 create mode 100644 _workflow/local-wait-admission-gates-20261004/g10-completion/certified-executions/55fcd1ef82ae4a3f97e4d54fb1ce5033/input-snapshot/Test/MultiplayerHoeingAssistant.UnitTest/ServiceTests/TaskCenter/LocalWaitParkingStateContractTests.cs
 create mode 100644 _workflow/local-wait-admission-gates-20261004/g10-completion/certified-executions/55fcd1ef82ae4a3f97e4d54fb1ce5033/input-snapshot/Test/MultiplayerHoeingAssistant.UnitTest/ServiceTests/TaskCenter/LocalWaitPrerequisiteContractTests.cs
 create mode 100644 _workflow/local-wait-admission-gates-20261004/g10-completion/certified-executions/55fcd1ef82ae4a3f97e4d54fb1ce5033/input-snapshot/Test/MultiplayerHoeingAssistant.UnitTest/ServiceTests/TaskCenter/LocalWaitQueueTests.cs
 create mode 100644 _workflow/local-wait-admission-gates-20261004/g10-completion/certified-executions/55fcd1ef82ae4a3f97e4d54fb1ce5033/input-snapshot/Test/MultiplayerHoeingAssistant.UnitTest/ServiceTests/TaskCenter/LocalWaitReevaluationTriggerTests.cs
 create mode 100644 _workflow/local-wait-admission-gates-20261004/g10-completion/certified-executions/55fcd1ef82ae4a3f97e4d54fb1ce5033/input-snapshot/Test/MultiplayerHoeingAssistant.UnitTest/ServiceTests/TaskCenter/LocalWaitSnapshotProbeMechanismArchiveTests.cs
 create mode 100644 _workflow/local-wait-admission-gates-20261004/g10-completion/certified-executions/55fcd1ef82ae4a3f97e4d54fb1ce5033/input-snapshot/Test/MultiplayerHoeingAssistant.UnitTest/ServiceTests/TaskCenter/OccupantLevelResolverTests.cs
 create mode 100644 _workflow/local-wait-admission-gates-20261004/g10-completion/certified-executions/55fcd1ef82ae4a3f97e4d54fb1ce5033/input-snapshot/Test/MultiplayerHoeingAssistant.UnitTest/ServiceTests/TaskCenter/OriginalNodeSendRoundTests.cs
 create mode 100644 _workflow/local-wait-admission-gates-20261004/g10-completion/certified-executions/55fcd1ef82ae4a3f97e4d54fb1ce5033/input-snapshot/Test/MultiplayerHoeingAssistant.UnitTest/ServiceTests/TaskCenter/R410ProductionWiringTests.cs
 create mode 100644 _workflow/local-wait-admission-gates-20261004/g10-completion/certified-executions/55fcd1ef82ae4a3f97e4d54fb1ce5033/input-snapshot/Test/MultiplayerHoeingAssistant.UnitTest/ServiceTests/TaskCenter/R46Batch3cRunnerTests.cs
 create mode 100644 _workflow/local-wait-admission-gates-20261004/g10-completion/certified-executions/55fcd1ef82ae4a3f97e4d54fb1ce5033/input-snapshot/Test/MultiplayerHoeingAssistant.UnitTest/ServiceTests/TaskCenter/R53PrerequisiteBindingTests.cs
 create mode 100644 _workflow/local-wait-admission-gates-20261004/g10-completion/certified-executions/55fcd1ef82ae4a3f97e4d54fb1ce5033/input-snapshot/Test/MultiplayerHoeingAssistant.UnitTest/ServiceTests/TaskCenter/R54MechanismSchemaTests.cs
 create mode 100644 _workflow/local-wait-admission-gates-20261004/g10-completion/certified-executions/55fcd1ef82ae4a3f97e4d54fb1ce5033/input-snapshot/Test/MultiplayerHoeingAssistant.UnitTest/ServiceTests/TaskCenter/R55BackgroundTriggerLedgerTests.cs
 create mode 100644 _workflow/local-wait-admission-gates-20261004/g10-completion/certified-executions/55fcd1ef82ae4a3f97e4d54fb1ce5033/input-snapshot/Test/MultiplayerHoeingAssistant.UnitTest/ServiceTests/TaskCenter/R56LegacyManifestTests.cs
 create mode 100644 _workflow/local-wait-admission-gates-20261004/g10-completion/certified-executions/55fcd1ef82ae4a3f97e4d54fb1ce5033/input-snapshot/Test/MultiplayerHoeingAssistant.UnitTest/ServiceTests/TaskCenter/R56MigrationConsistencyTests.cs
 create mode 100644 _workflow/local-wait-admission-gates-20261004/g10-completion/certified-executions/55fcd1ef82ae4a3f97e4d54fb1ce5033/input-snapshot/Test/MultiplayerHoeingAssistant.UnitTest/ServiceTests/TaskCenter/R56MigrationRecoveryTests.cs
 create mode 100644 _workflow/local-wait-admission-gates-20261004/g10-completion/certified-executions/55fcd1ef82ae4a3f97e4d54fb1ce5033/input-snapshot/Test/MultiplayerHoeingAssistant.UnitTest/ServiceTests/TaskCenter/R56MigrationSwitchTransactionTests.cs
 create mode 100644 _workflow/local-wait-admission-gates-20261004/g10-completion/certified-executions/55fcd1ef82ae4a3f97e4d54fb1ce5033/input-snapshot/Test/MultiplayerHoeingAssistant.UnitTest/ServiceTests/TaskCenter/R56MigrationVersionStoreTests.cs
 create mode 100644 _workflow/local-wait-admission-gates-20261004/g10-completion/certified-executions/55fcd1ef82ae4a3f97e4d54fb1ce5033/input-snapshot/Test/MultiplayerHoeingAssistant.UnitTest/ServiceTests/TaskCenter/R56ReferenceActivationWiringTests.cs
 create mode 100644 _workflow/local-wait-admission-gates-20261004/g10-completion/certified-executions/55fcd1ef82ae4a3f97e4d54fb1ce5033/input-snapshot/Test/MultiplayerHoeingAssistant.UnitTest/ServiceTests/TaskCenter/R58DualRunContestTests.cs
 create mode 100644 _workflow/local-wait-admission-gates-20261004/g10-completion/certified-executions/55fcd1ef82ae4a3f97e4d54fb1ce5033/input-snapshot/Test/MultiplayerHoeingAssistant.UnitTest/ServiceTests/TaskCenter/R58MigrationRehearsalHostTests.cs
 create mode 100644 _workflow/local-wait-admission-gates-20261004/g10-completion/certified-executions/55fcd1ef82ae4a3f97e4d54fb1ce5033/input-snapshot/Test/MultiplayerHoeingAssistant.UnitTest/ServiceTests/TaskCenter/R58MigrationRehearsalTests.cs
 create mode 100644 _workflow/local-wait-admission-gates-20261004/g10-completion/certified-executions/55fcd1ef82ae4a3f97e4d54fb1ce5033/input-snapshot/Test/MultiplayerHoeingAssistant.UnitTest/ServiceTests/TaskCenter/R5CompositionRootAcceptanceTests.cs
 create mode 100644 _workflow/local-wait-admission-gates-20261004/g10-completion/certified-executions/55fcd1ef82ae4a3f97e4d54fb1ce5033/input-snapshot/Test/MultiplayerHoeingAssistant.UnitTest/ServiceTests/TaskCenter/ResourceCatalogServiceTests.cs
 create mode 100644 _workflow/local-wait-admission-gates-20261004/g10-completion/certified-executions/55fcd1ef82ae4a3f97e4d54fb1ce5033/input-snapshot/Test/MultiplayerHoeingAssistant.UnitTest/ServiceTests/TaskCenter/RunStoreTests.cs
 create mode 100644 _workflow/local-wait-admission-gates-20261004/g10-completion/certified-executions/55fcd1ef82ae4a3f97e4d54fb1ce5033/input-snapshot/Test/MultiplayerHoeingAssistant.UnitTest/ServiceTests/TaskCenter/RunningOccupancyArbiterStateTableTests.cs
 create mode 100644 _workflow/local-wait-admission-gates-20261004/g10-completion/certified-executions/55fcd1ef82ae4a3f97e4d54fb1ce5033/input-snapshot/Test/MultiplayerHoeingAssistant.UnitTest/ServiceTests/TaskCenter/RunningOccupancyArbiterTests.cs
 create mode 100644 _workflow/local-wait-admission-gates-20261004/g10-completion/certified-executions/55fcd1ef82ae4a3f97e4d54fb1ce5033/input-snapshot/Test/MultiplayerHoeingAssistant.UnitTest/ServiceTests/TaskCenter/StartupHandoffHostTests.cs
 create mode 100644 _workflow/local-wait-admission-gates-20261004/g10-completion/certified-executions/55fcd1ef82ae4a3f97e4d54fb1ce5033/input-snapshot/Test/MultiplayerHoeingAssistant.UnitTest/ServiceTests/TaskCenter/StopAuthorityPersistenceTests.cs
 create mode 100644 _workflow/local-wait-admission-gates-20261004/g10-completion/certified-executions/55fcd1ef82ae4a3f97e4d54fb1ce5033/input-snapshot/Test/MultiplayerHoeingAssistant.UnitTest/ServiceTests/TaskCenter/SubmissionPointInventoryTests.cs
 create mode 100644 _workflow/local-wait-admission-gates-20261004/g10-completion/certified-executions/55fcd1ef82ae4a3f97e4d54fb1ce5033/input-snapshot/Test/MultiplayerHoeingAssistant.UnitTest/ServiceTests/TaskCenter/SwitchGuardPolicyTests.cs
 create mode 100644 _workflow/local-wait-admission-gates-20261004/g10-completion/certified-executions/55fcd1ef82ae4a3f97e4d54fb1ce5033/input-snapshot/Test/MultiplayerHoeingAssistant.UnitTest/ServiceTests/TaskCenter/TaskCenterEnsureReadyTests.cs
 create mode 100644 _workflow/local-wait-admission-gates-20261004/g10-completion/certified-executions/55fcd1ef82ae4a3f97e4d54fb1ce5033/input-snapshot/Test/MultiplayerHoeingAssistant.UnitTest/ServiceTests/TaskCenter/TaskCenterExternalStartAdmissionTests.cs
 create mode 100644 _workflow/local-wait-admission-gates-20261004/g10-completion/certified-executions/55fcd1ef82ae4a3f97e4d54fb1ce5033/input-snapshot/Test/MultiplayerHoeingAssistant.UnitTest/ServiceTests/TaskCenter/TaskCenterHostAdmissionTests.cs
 create mode 100644 _workflow/local-wait-admission-gates-20261004/g10-completion/certified-executions/55fcd1ef82ae4a3f97e4d54fb1ce5033/input-snapshot/Test/MultiplayerHoeingAssistant.UnitTest/ServiceTests/TaskCenter/TaskCenterHostOccupantLevelResolutionTests.cs
 create mode 100644 _workflow/local-wait-admission-gates-20261004/g10-completion/certified-executions/55fcd1ef82ae4a3f97e4d54fb1ce5033/input-snapshot/Test/MultiplayerHoeingAssistant.UnitTest/ServiceTests/TaskCenter/TaskCenterHostRecoveryAdmissionTests.cs
 create mode 100644 _workflow/local-wait-admission-gates-20261004/g10-completion/certified-executions/55fcd1ef82ae4a3f97e4d54fb1ce5033/input-snapshot/Test/MultiplayerHoeingAssistant.UnitTest/ServiceTests/TaskCenter/TaskCenterHostTests.cs
 create mode 100644 _workflow/local-wait-admission-gates-20261004/g10-completion/certified-executions/55fcd1ef82ae4a3f97e4d54fb1ce5033/input-snapshot/Test/MultiplayerHoeingAssistant.UnitTest/ServiceTests/TaskCenter/TaskCenterPanelViewModelTests.cs
 create mode 100644 _workflow/local-wait-admission-gates-20261004/g10-completion/certified-executions/55fcd1ef82ae4a3f97e4d54fb1ce5033/input-snapshot/Test/MultiplayerHoeingAssistant.UnitTest/ServiceTests/TaskCenter/TaskCenterSuccessorPathGateTests.cs
 create mode 100644 _workflow/local-wait-admission-gates-20261004/g10-completion/certified-executions/55fcd1ef82ae4a3f97e4d54fb1ce5033/input-snapshot/Test/MultiplayerHoeingAssistant.UnitTest/ServiceTests/TaskCenter/TerminalReleaseFixtureFacts.cs
 create mode 100644 _workflow/local-wait-admission-gates-20261004/g10-completion/certified-executions/55fcd1ef82ae4a3f97e4d54fb1ce5033/input-snapshot/Test/MultiplayerHoeingAssistant.UnitTest/ServiceTests/TaskCenter/TerminalReleaseSealTests.cs
 create mode 100644 _workflow/local-wait-admission-gates-20261004/g10-completion/certified-executions/55fcd1ef82ae4a3f97e4d54fb1ce5033/input-snapshot/Test/MultiplayerHoeingAssistant.UnitTest/ServiceTests/TaskCenter/TypedAdmissionParentTests.cs
 create mode 100644 _workflow/local-wait-admission-gates-20261004/g10-completion/certified-executions/55fcd1ef82ae4a3f97e4d54fb1ce5033/input-snapshot/Test/MultiplayerHoeingAssistant.UnitTest/ServiceTests/TaskCenter/WorkflowPlannerTests.cs
 create mode 100644 _workflow/local-wait-admission-gates-20261004/g10-completion/certified-executions/55fcd1ef82ae4a3f97e4d54fb1ce5033/input-snapshot/Test/MultiplayerHoeingAssistant.UnitTest/ServiceTests/TaskCenter/WorkflowRunnerTests.cs
 create mode 100644 _workflow/local-wait-admission-gates-20261004/g10-completion/certified-executions/55fcd1ef82ae4a3f97e4d54fb1ce5033/input-snapshot/Test/MultiplayerHoeingAssistant.UnitTest/ServiceTests/TaskCenter/WorkflowStoreTests.cs
 create mode 100644 _workflow/local-wait-admission-gates-20261004/g10-completion/certified-executions/55fcd1ef82ae4a3f97e4d54fb1ce5033/input-snapshot/Test/R56ControlledWriterProbe/Program.cs
 create mode 100644 _workflow/local-wait-admission-gates-20261004/g10-completion/certified-executions/55fcd1ef82ae4a3f97e4d54fb1ce5033/input-snapshot/Test/R56ControlledWriterProbe/R56ControlledWriterProbe.csproj
 create mode 100644 _workflow/local-wait-admission-gates-20261004/g10-completion/certified-executions/55fcd1ef82ae4a3f97e4d54fb1ce5033/migration-fault-evidence.jsonl
 create mode 100644 _workflow/local-wait-admission-gates-20261004/g10-completion/certified-executions/55fcd1ef82ae4a3f97e4d54fb1ce5033/receipt.json
 create mode 100644 _workflow/local-wait-admission-gates-20261004/g10-completion/certified-executions/55fcd1ef82ae4a3f97e4d54fb1ce5033/run-process-identity.json
 create mode 100644 _workflow/local-wait-admission-gates-20261004/g10-completion/certified-executions/55fcd1ef82ae4a3f97e4d54fb1ce5033/run-process-request.json
 create mode 100644 _workflow/local-wait-admission-gates-20261004/g10-completion/certified-executions/55fcd1ef82ae4a3f97e4d54fb1ce5033/run-process-result.json
 create mode 100644 _workflow/local-wait-admission-gates-20261004/g10-completion/certified-executions/55fcd1ef82ae4a3f97e4d54fb1ce5033/run-stderr.log
 create mode 100644 _workflow/local-wait-admission-gates-20261004/g10-completion/certified-executions/55fcd1ef82ae4a3f97e4d54fb1ce5033/run-stdin.txt
 create mode 100644 _workflow/local-wait-admission-gates-20261004/g10-completion/certified-executions/55fcd1ef82ae4a3f97e4d54fb1ce5033/run-stdout.log
 create mode 100644 _workflow/local-wait-admission-gates-20261004/g10-completion/certified-executions/55fcd1ef82ae4a3f97e4d54fb1ce5033/run-tree-terminal.json
 create mode 100644 _workflow/local-wait-admission-gates-20261004/g10-completion/certified-executions/55fcd1ef82ae4a3f97e4d54fb1ce5033/run.log
