  正在确定要还原的项目…
E:\Program Files\better-genshin-impact-LCB\Test\BetterGenshinImpact.UnitTest\BetterGenshinImpact.UnitTest.csproj : warning NU1504: 已找到重复 "PackageReference" 项。删除重复项或使用更新功能来确保一致的还原行为。重复 "PackageReference" 项为: coverlet.collector 6.0.0, coverlet.collector 6.0.0; Microsoft.Extensions.Configuration.Json 9.0.4, Microsoft.Extensions.Configuration.Json 9.0.4; Microsoft.Extensions.TimeProvider.Testing 9.2.0, Microsoft.Extensions.TimeProvider.Testing 9.2.0; Microsoft.NET.Test.Sdk 17.8.0, Microsoft.NET.Test.Sdk 17.8.0; xunit 2.5.3, xunit 2.5.3; xunit.runner.visualstudio 2.5.3, xunit.runner.visualstudio 2.5.3。
E:\Program Files\better-genshin-impact-LCB\MultiplayerHoeingAssistant\MultiplayerHoeingAssistant.csproj : warning NU1902: 包 "SharpCompress" 0.38.0 具有已知的 中 严重性漏洞，https://github.com/advisories/GHSA-6c8g-7p36-r338 [E:\Program Files\better-genshin-impact-LCB\Test\BetterGenshinImpact.UnitTest\BetterGenshinImpact.UnitTest.csproj]
E:\Program Files\better-genshin-impact-LCB\BetterGenshinImpact\BetterGenshinImpact.csproj : warning NU1902: 包 "SharpCompress" 0.38.0 具有已知的 中 严重性漏洞，https://github.com/advisories/GHSA-6c8g-7p36-r338 [E:\Program Files\better-genshin-impact-LCB\Test\BetterGenshinImpact.UnitTest\BetterGenshinImpact.UnitTest.csproj]
  所有项目均是最新的，无法还原。
E:\Program Files\better-genshin-impact-LCB\Test\BetterGenshinImpact.UnitTest\BetterGenshinImpact.UnitTest.csproj : warning NU1504: 已找到重复 "PackageReference" 项。删除重复项或使用更新功能来确保一致的还原行为。重复 "PackageReference" 项为: coverlet.collector 6.0.0, coverlet.collector 6.0.0; Microsoft.Extensions.Configuration.Json 9.0.4, Microsoft.Extensions.Configuration.Json 9.0.4; Microsoft.Extensions.TimeProvider.Testing 9.2.0, Microsoft.Extensions.TimeProvider.Testing 9.2.0; Microsoft.NET.Test.Sdk 17.8.0, Microsoft.NET.Test.Sdk 17.8.0; xunit 2.5.3, xunit 2.5.3; xunit.runner.visualstudio 2.5.3, xunit.runner.visualstudio 2.5.3。
E:\Program Files\better-genshin-impact-LCB\Fischless.GameCapture\Graphics\Helpers\WinRT.cs(61,27): warning CS0618: “ObjectReference<IActivationFactoryVftbl>.Attach(ref nint)”已过时:“This method is deprecated and will be removed in a future release.” [E:\Program Files\better-genshin-impact-LCB\Fischless.GameCapture\Fischless.GameCapture.csproj]
  Fischless.GameCapture -> E:\BgiVersionCheck-01a10954\c17-products\Fischless.GameCapture.dll
  Fischless.HotkeyCapture -> E:\BgiVersionCheck-01a10954\c17-products\Fischless.HotkeyCapture.dll
  Fischless.WindowsInput -> E:\BgiVersionCheck-01a10954\c17-products\Fischless.WindowsInput.dll
E:\Program Files\better-genshin-impact-LCB\BetterGenshinImpact\BetterGenshinImpact_lzryyj0u_wpftmp.csproj : warning NU1902: 包 "SharpCompress" 0.38.0 具有已知的 中 严重性漏洞，https://github.com/advisories/GHSA-6c8g-7p36-r338
CSC : warning CS9057: 分析器程序集“C:\Users\Administrator\.nuget\packages\wpf-ui.violeta\4.3.0.3\analyzers\dotnet\cs\Wpf.Ui.DependencyPropertyGenerator.dll”引用了编译器的版本“4.14.0.0”，该版本高于当前正在运行的版本“4.11.0.0”。 [E:\Program Files\better-genshin-impact-LCB\BetterGenshinImpact\BetterGenshinImpact_lzryyj0u_wpftmp.csproj]
E:\Program Files\better-genshin-impact-LCB\BetterGenshinImpact\Core\Config\PathingPartyConfig.cs(11,7): warning CS0105: “CommunityToolkit.Mvvm.ComponentModel”的 using 指令以前在此命名空间中出现过 [E:\Program Files\better-genshin-impact-LCB\BetterGenshinImpact\BetterGenshinImpact_lzryyj0u_wpftmp.csproj]
E:\Program Files\better-genshin-impact-LCB\BetterGenshinImpact\Core\Config\PathingPartyConfig.cs(12,7): warning CS0105: “System”的 using 指令以前在此命名空间中出现过 [E:\Program Files\better-genshin-impact-LCB\BetterGenshinImpact\BetterGenshinImpact_lzryyj0u_wpftmp.csproj]
E:\Program Files\better-genshin-impact-LCB\BetterGenshinImpact\Core\Config\PathingPartyConfig.cs(14,7): warning CS0105: “System.Text.Json.Serialization”的 using 指令以前在此命名空间中出现过 [E:\Program Files\better-genshin-impact-LCB\BetterGenshinImpact\BetterGenshinImpact_lzryyj0u_wpftmp.csproj]
E:\Program Files\better-genshin-impact-LCB\BetterGenshinImpact\Core\Script\Dependence\Dispatcher.cs(36,7): warning CS0105: “Microsoft.Extensions.Logging”的 using 指令以前在此命名空间中出现过 [E:\Program Files\better-genshin-impact-LCB\BetterGenshinImpact\BetterGenshinImpact_lzryyj0u_wpftmp.csproj]
E:\Program Files\better-genshin-impact-LCB\BetterGenshinImpact\Core\Script\Dependence\Dispatcher.cs(37,7): warning CS0105: “System”的 using 指令以前在此命名空间中出现过 [E:\Program Files\better-genshin-impact-LCB\BetterGenshinImpact\BetterGenshinImpact_lzryyj0u_wpftmp.csproj]
E:\Program Files\better-genshin-impact-LCB\BetterGenshinImpact\Core\Script\Dependence\Dispatcher.cs(38,7): warning CS0105: “System.Collections.Generic”的 using 指令以前在此命名空间中出现过 [E:\Program Files\better-genshin-impact-LCB\BetterGenshinImpact\BetterGenshinImpact_lzryyj0u_wpftmp.csproj]
E:\Program Files\better-genshin-impact-LCB\BetterGenshinImpact\Core\Script\Dependence\Dispatcher.cs(40,7): warning CS0105: “System.Linq”的 using 指令以前在此命名空间中出现过 [E:\Program Files\better-genshin-impact-LCB\BetterGenshinImpact\BetterGenshinImpact_lzryyj0u_wpftmp.csproj]
E:\Program Files\better-genshin-impact-LCB\BetterGenshinImpact\Core\Script\Dependence\Dispatcher.cs(41,7): warning CS0105: “System.Threading”的 using 指令以前在此命名空间中出现过 [E:\Program Files\better-genshin-impact-LCB\BetterGenshinImpact\BetterGenshinImpact_lzryyj0u_wpftmp.csproj]
E:\Program Files\better-genshin-impact-LCB\BetterGenshinImpact\Core\Script\Dependence\Dispatcher.cs(42,7): warning CS0105: “System.Threading.Tasks”的 using 指令以前在此命名空间中出现过 [E:\Program Files\better-genshin-impact-LCB\BetterGenshinImpact\BetterGenshinImpact_lzryyj0u_wpftmp.csproj]
E:\Program Files\better-genshin-impact-LCB\BetterGenshinImpact\Core\Script\Dependence\Dispatcher.cs(52,7): warning CS0105: “BetterGenshinImpact.GameTask.Common.Job”的 using 指令以前在此命名空间中出现过 [E:\Program Files\better-genshin-impact-LCB\BetterGenshinImpact\BetterGenshinImpact_lzryyj0u_wpftmp.csproj]
E:\Program Files\better-genshin-impact-LCB\BetterGenshinImpact\Core\Script\Dependence\Dispatcher.cs(56,7): warning CS0105: “BetterGenshinImpact.GameTask.Common”的 using 指令以前在此命名空间中出现过 [E:\Program Files\better-genshin-impact-LCB\BetterGenshinImpact\BetterGenshinImpact_lzryyj0u_wpftmp.csproj]
E:\Program Files\better-genshin-impact-LCB\BetterGenshinImpact\GameTask\AutoDomain\AutoDomainTask.cs(46,7): warning CS0105: “BetterGenshinImpact.Core.Config”的 using 指令以前在此命名空间中出现过 [E:\Program Files\better-genshin-impact-LCB\BetterGenshinImpact\BetterGenshinImpact_lzryyj0u_wpftmp.csproj]
E:\Program Files\better-genshin-impact-LCB\BetterGenshinImpact\GameTask\AutoDomain\AutoDomainTask.cs(52,7): warning CS0105: “BetterGenshinImpact.Core.Config”的 using 指令以前在此命名空间中出现过 [E:\Program Files\better-genshin-impact-LCB\BetterGenshinImpact\BetterGenshinImpact_lzryyj0u_wpftmp.csproj]
E:\Program Files\better-genshin-impact-LCB\BetterGenshinImpact\GameTask\AutoDomain\AutoDomainTask.cs(53,7): warning CS0105: “BetterGenshinImpact.Core.Recognition.OCR”的 using 指令以前在此命名空间中出现过 [E:\Program Files\better-genshin-impact-LCB\BetterGenshinImpact\BetterGenshinImpact_lzryyj0u_wpftmp.csproj]
E:\Program Files\better-genshin-impact-LCB\BetterGenshinImpact\GameTask\AutoDomain\AutoDomainTask.cs(54,7): warning CS0105: “BetterGenshinImpact.Core.Recognition.ONNX”的 using 指令以前在此命名空间中出现过 [E:\Program Files\better-genshin-impact-LCB\BetterGenshinImpact\BetterGenshinImpact_lzryyj0u_wpftmp.csproj]
E:\Program Files\better-genshin-impact-LCB\BetterGenshinImpact\GameTask\AutoDomain\AutoDomainTask.cs(55,7): warning CS0105: “BetterGenshinImpact.Core.Simulator”的 using 指令以前在此命名空间中出现过 [E:\Program Files\better-genshin-impact-LCB\BetterGenshinImpact\BetterGenshinImpact_lzryyj0u_wpftmp.csproj]
E:\Program Files\better-genshin-impact-LCB\BetterGenshinImpact\GameTask\AutoDomain\AutoDomainTask.cs(56,7): warning CS0105: “BetterGenshinImpact.Core.Simulator.Extensions”的 using 指令以前在此命名空间中出现过 [E:\Program Files\better-genshin-impact-LCB\BetterGenshinImpact\BetterGenshinImpact_lzryyj0u_wpftmp.csproj]
E:\Program Files\better-genshin-impact-LCB\BetterGenshinImpact\GameTask\AutoDomain\AutoDomainTask.cs(57,7): warning CS0105: “BetterGenshinImpact.GameTask.AutoFight.Assets”的 using 指令以前在此命名空间中出现过 [E:\Program Files\better-genshin-impact-LCB\BetterGenshinImpact\BetterGenshinImpact_lzryyj0u_wpftmp.csproj]
E:\Program Files\better-genshin-impact-LCB\BetterGenshinImpact\GameTask\AutoDomain\AutoDomainTask.cs(58,7): warning CS0105: “BetterGenshinImpact.GameTask.AutoFight.Model”的 using 指令以前在此命名空间中出现过 [E:\Program Files\better-genshin-impact-LCB\BetterGenshinImpact\BetterGenshinImpact_lzryyj0u_wpftmp.csproj]
E:\Program Files\better-genshin-impact-LCB\BetterGenshinImpact\GameTask\AutoDomain\AutoDomainTask.cs(59,7): warning CS0105: “BetterGenshinImpact.GameTask.AutoFight.Script”的 using 指令以前在此命名空间中出现过 [E:\Program Files\better-genshin-impact-LCB\BetterGenshinImpact\BetterGenshinImpact_lzryyj0u_wpftmp.csproj]
E:\Program Files\better-genshin-impact-LCB\BetterGenshinImpact\GameTask\AutoDomain\AutoDomainTask.cs(60,7): warning CS0105: “BetterGenshinImpact.GameTask.AutoGeniusInvokation.Exception”的 using 指令以前在此命名空间中出现过 [E:\Program Files\better-genshin-impact-LCB\BetterGenshinImpact\BetterGenshinImpact_lzryyj0u_wpftmp.csproj]
E:\Program Files\better-genshin-impact-LCB\BetterGenshinImpact\GameTask\AutoDomain\AutoDomainTask.cs(61,7): warning CS0105: “BetterGenshinImpact.GameTask.AutoPick.Assets”的 using 指令以前在此命名空间中出现过 [E:\Program Files\better-genshin-impact-LCB\BetterGenshinImpact\BetterGenshinImpact_lzryyj0u_wpftmp.csproj]
E:\Program Files\better-genshin-impact-LCB\BetterGenshinImpact\GameTask\AutoDomain\AutoDomainTask.cs(62,7): warning CS0105: “BetterGenshinImpact.GameTask.Common.Map”的 using 指令以前在此命名空间中出现过 [E:\Program Files\better-genshin-impact-LCB\BetterGenshinImpact\BetterGenshinImpact_lzryyj0u_wpftmp.csproj]
E:\Program Files\better-genshin-impact-LCB\BetterGenshinImpact\GameTask\AutoDomain\AutoDomainTask.cs(63,7): warning CS0105: “BetterGenshinImpact.GameTask.Model.Area”的 using 指令以前在此命名空间中出现过 [E:\Program Files\better-genshin-impact-LCB\BetterGenshinImpact\BetterGenshinImpact_lzryyj0u_wpftmp.csproj]
E:\Program Files\better-genshin-impact-LCB\BetterGenshinImpact\GameTask\AutoDomain\AutoDomainTask.cs(64,7): warning CS0105: “BetterGenshinImpact.Helpers”的 using 指令以前在此命名空间中出现过 [E:\Program Files\better-genshin-impact-LCB\BetterGenshinImpact\BetterGenshinImpact_lzryyj0u_wpftmp.csproj]
E:\Program Files\better-genshin-impact-LCB\BetterGenshinImpact\GameTask\AutoDomain\AutoDomainTask.cs(65,7): warning CS0105: “BetterGenshinImpact.Service.Notification”的 using 指令以前在此命名空间中出现过 [E:\Program Files\better-genshin-impact-LCB\BetterGenshinImpact\BetterGenshinImpact_lzryyj0u_wpftmp.csproj]
E:\Program Files\better-genshin-impact-LCB\BetterGenshinImpact\GameTask\AutoDomain\AutoDomainTask.cs(66,7): warning CS0105: “BetterGenshinImpact.View.Drawable”的 using 指令以前在此命名空间中出现过 [E:\Program Files\better-genshin-impact-LCB\BetterGenshinImpact\BetterGenshinImpact_lzryyj0u_wpftmp.csproj]
E:\Program Files\better-genshin-impact-LCB\BetterGenshinImpact\GameTask\AutoDomain\AutoDomainTask.cs(67,7): warning CS0105: “Microsoft.Extensions.Logging”的 using 指令以前在此命名空间中出现过 [E:\Program Files\better-genshin-impact-LCB\BetterGenshinImpact\BetterGenshinImpact_lzryyj0u_wpftmp.csproj]
E:\Program Files\better-genshin-impact-LCB\BetterGenshinImpact\GameTask\AutoDomain\AutoDomainTask.cs(68,7): warning CS0105: “OpenCvSharp”的 using 指令以前在此命名空间中出现过 [E:\Program Files\better-genshin-impact-LCB\BetterGenshinImpact\BetterGenshinImpact_lzryyj0u_wpftmp.csproj]
E:\Program Files\better-genshin-impact-LCB\BetterGenshinImpact\GameTask\AutoDomain\AutoDomainTask.cs(69,7): warning CS0105: “System”的 using 指令以前在此命名空间中出现过 [E:\Program Files\better-genshin-impact-LCB\BetterGenshinImpact\BetterGenshinImpact_lzryyj0u_wpftmp.csproj]
E:\Program Files\better-genshin-impact-LCB\BetterGenshinImpact\GameTask\AutoDomain\AutoDomainTask.cs(70,7): warning CS0105: “System.Collections.Generic”的 using 指令以前在此命名空间中出现过 [E:\Program Files\better-genshin-impact-LCB\BetterGenshinImpact\BetterGenshinImpact_lzryyj0u_wpftmp.csproj]
E:\Program Files\better-genshin-impact-LCB\BetterGenshinImpact\GameTask\AutoDomain\AutoDomainTask.cs(71,7): warning CS0105: “System.Diagnostics”的 using 指令以前在此命名空间中出现过 [E:\Program Files\better-genshin-impact-LCB\BetterGenshinImpact\BetterGenshinImpact_lzryyj0u_wpftmp.csproj]
E:\Program Files\better-genshin-impact-LCB\BetterGenshinImpact\GameTask\AutoDomain\AutoDomainTask.cs(72,7): warning CS0105: “System.Linq”的 using 指令以前在此命名空间中出现过 [E:\Program Files\better-genshin-impact-LCB\BetterGenshinImpact\BetterGenshinImpact_lzryyj0u_wpftmp.csproj]
E:\Program Files\better-genshin-impact-LCB\BetterGenshinImpact\GameTask\AutoDomain\AutoDomainTask.cs(73,7): warning CS0105: “System.Threading”的 using 指令以前在此命名空间中出现过 [E:\Program Files\better-genshin-impact-LCB\BetterGenshinImpact\BetterGenshinImpact_lzryyj0u_wpftmp.csproj]
E:\Program Files\better-genshin-impact-LCB\BetterGenshinImpact\GameTask\AutoDomain\AutoDomainTask.cs(74,7): warning CS0105: “System.Threading.Tasks”的 using 指令以前在此命名空间中出现过 [E:\Program Files\better-genshin-impact-LCB\BetterGenshinImpact\BetterGenshinImpact_lzryyj0u_wpftmp.csproj]
E:\Program Files\better-genshin-impact-LCB\BetterGenshinImpact\GameTask\AutoDomain\AutoDomainTask.cs(75,7): warning CS0105: “BetterGenshinImpact.Core.Recognition”的 using 指令以前在此命名空间中出现过 [E:\Program Files\better-genshin-impact-LCB\BetterGenshinImpact\BetterGenshinImpact_lzryyj0u_wpftmp.csproj]
E:\Program Files\better-genshin-impact-LCB\BetterGenshinImpact\GameTask\AutoDomain\AutoDomainTask.cs(76,7): warning CS0105: “BetterGenshinImpact.GameTask.AutoTrackPath”的 using 指令以前在此命名空间中出现过 [E:\Program Files\better-genshin-impact-LCB\BetterGenshinImpact\BetterGenshinImpact_lzryyj0u_wpftmp.csproj]
E:\Program Files\better-genshin-impact-LCB\BetterGenshinImpact\GameTask\AutoDomain\AutoDomainTask.cs(77,7): warning CS0105: “BetterGenshinImpact.GameTask.Common.BgiVision”的 using 指令以前在此命名空间中出现过 [E:\Program Files\better-genshin-impact-LCB\BetterGenshinImpact\BetterGenshinImpact_lzryyj0u_wpftmp.csproj]
E:\Program Files\better-genshin-impact-LCB\BetterGenshinImpact\GameTask\AutoDomain\AutoDomainTask.cs(78,7): warning CS0105: “BetterGenshinImpact.GameTask.Common.Element.Assets”的 using 指令以前在此命名空间中出现过 [E:\Program Files\better-genshin-impact-LCB\BetterGenshinImpact\BetterGenshinImpact_lzryyj0u_wpftmp.csproj]
E:\Program Files\better-genshin-impact-LCB\BetterGenshinImpact\GameTask\AutoDomain\AutoDomainTask.cs(79,7): warning CS0105: “BetterGenshinImpact.GameTask.Common.Job”的 using 指令以前在此命名空间中出现过 [E:\Program Files\better-genshin-impact-LCB\BetterGenshinImpact\BetterGenshinImpact_lzryyj0u_wpftmp.csproj]
E:\Program Files\better-genshin-impact-LCB\BetterGenshinImpact\GameTask\AutoDomain\AutoDomainTask.cs(80,7): warning CS0105: “BetterGenshinImpact.Service.Notification.Model.Enum”的 using 指令以前在此命名空间中出现过 [E:\Program Files\better-genshin-impact-LCB\BetterGenshinImpact\BetterGenshinImpact_lzryyj0u_wpftmp.csproj]
E:\Program Files\better-genshin-impact-LCB\BetterGenshinImpact\GameTask\AutoDomain\AutoDomainTask.cs(81,14): warning CS0105: “TaskControl”的 using 指令以前在此命名空间中出现过 [E:\Program Files\better-genshin-impact-LCB\BetterGenshinImpact\BetterGenshinImpact_lzryyj0u_wpftmp.csproj]
E:\Program Files\better-genshin-impact-LCB\BetterGenshinImpact\GameTask\AutoDomain\AutoDomainTask.cs(82,14): warning CS0105: “Kernel32”的 using 指令以前在此命名空间中出现过 [E:\Program Files\better-genshin-impact-LCB\BetterGenshinImpact\BetterGenshinImpact_lzryyj0u_wpftmp.csproj]
E:\Program Files\better-genshin-impact-LCB\BetterGenshinImpact\GameTask\AutoDomain\AutoDomainTask.cs(83,14): warning CS0105: “User32”的 using 指令以前在此命名空间中出现过 [E:\Program Files\better-genshin-impact-LCB\BetterGenshinImpact\BetterGenshinImpact_lzryyj0u_wpftmp.csproj]
E:\Program Files\better-genshin-impact-LCB\BetterGenshinImpact\GameTask\AutoDomain\AutoDomainTask.cs(84,7): warning CS0105: “Microsoft.Extensions.Localization”的 using 指令以前在此命名空间中出现过 [E:\Program Files\better-genshin-impact-LCB\BetterGenshinImpact\BetterGenshinImpact_lzryyj0u_wpftmp.csproj]
E:\Program Files\better-genshin-impact-LCB\BetterGenshinImpact\GameTask\AutoDomain\AutoDomainTask.cs(85,7): warning CS0105: “System.Globalization”的 using 指令以前在此命名空间中出现过 [E:\Program Files\better-genshin-impact-LCB\BetterGenshinImpact\BetterGenshinImpact_lzryyj0u_wpftmp.csproj]
E:\Program Files\better-genshin-impact-LCB\BetterGenshinImpact\GameTask\AutoDomain\AutoDomainTask.cs(86,7): warning CS0105: “System.Text.RegularExpressions”的 using 指令以前在此命名空间中出现过 [E:\Program Files\better-genshin-impact-LCB\BetterGenshinImpact\BetterGenshinImpact_lzryyj0u_wpftmp.csproj]
E:\Program Files\better-genshin-impact-LCB\BetterGenshinImpact\GameTask\AutoDomain\AutoDomainTask.cs(87,7): warning CS0105: “BetterGenshinImpact.GameTask.AutoArtifactSalvage”的 using 指令以前在此命名空间中出现过 [E:\Program Files\better-genshin-impact-LCB\BetterGenshinImpact\BetterGenshinImpact_lzryyj0u_wpftmp.csproj]
E:\Program Files\better-genshin-impact-LCB\BetterGenshinImpact\GameTask\AutoDomain\AutoDomainTask.cs(88,7): warning CS0105: “System.Collections.ObjectModel”的 using 指令以前在此命名空间中出现过 [E:\Program Files\better-genshin-impact-LCB\BetterGenshinImpact\BetterGenshinImpact_lzryyj0u_wpftmp.csproj]
E:\Program Files\better-genshin-impact-LCB\BetterGenshinImpact\GameTask\AutoDomain\AutoDomainTask.cs(89,7): warning CS0105: “BetterGenshinImpact.Core.Script.Dependence”的 using 指令以前在此命名空间中出现过 [E:\Program Files\better-genshin-impact-LCB\BetterGenshinImpact\BetterGenshinImpact_lzryyj0u_wpftmp.csproj]
E:\Program Files\better-genshin-impact-LCB\BetterGenshinImpact\GameTask\AutoDomain\AutoDomainTask.cs(90,7): warning CS0105: “BetterGenshinImpact.GameTask.AutoDomain.Model”的 using 指令以前在此命名空间中出现过 [E:\Program Files\better-genshin-impact-LCB\BetterGenshinImpact\BetterGenshinImpact_lzryyj0u_wpftmp.csproj]
E:\Program Files\better-genshin-impact-LCB\BetterGenshinImpact\GameTask\AutoDomain\AutoDomainTask.cs(91,7): warning CS0105: “BetterGenshinImpact.GameTask.Common”的 using 指令以前在此命名空间中出现过 [E:\Program Files\better-genshin-impact-LCB\BetterGenshinImpact\BetterGenshinImpact_lzryyj0u_wpftmp.csproj]
E:\Program Files\better-genshin-impact-LCB\BetterGenshinImpact\GameTask\AutoDomain\AutoDomainTask.cs(93,7): warning CS0105: “Compunet.YoloSharp”的 using 指令以前在此命名空间中出现过 [E:\Program Files\better-genshin-impact-LCB\BetterGenshinImpact\BetterGenshinImpact_lzryyj0u_wpftmp.csproj]
E:\Program Files\better-genshin-impact-LCB\BetterGenshinImpact\GameTask\AutoDomain\AutoDomainTask.cs(94,7): warning CS0105: “Microsoft.Extensions.DependencyInjection”的 using 指令以前在此命名空间中出现过 [E:\Program Files\better-genshin-impact-LCB\BetterGenshinImpact\BetterGenshinImpact_lzryyj0u_wpftmp.csproj]
E:\Program Files\better-genshin-impact-LCB\BetterGenshinImpact\GameTask\AutoDomain\AutoDomainTask.cs(95,7): warning CS0105: “BetterGenshinImpact.GameTask.AutoFight”的 using 指令以前在此命名空间中出现过 [E:\Program Files\better-genshin-impact-LCB\BetterGenshinImpact\BetterGenshinImpact_lzryyj0u_wpftmp.csproj]
E:\Program Files\better-genshin-impact-LCB\BetterGenshinImpact\GameTask\AutoFightOfficial\AutoFightSeek.cs(17,8): warning CS0105: “OpenCvSharp”的 using 指令以前在此命名空间中出现过 [E:\Program Files\better-genshin-impact-LCB\BetterGenshinImpact\BetterGenshinImpact_lzryyj0u_wpftmp.csproj]
E:\Program Files\better-genshin-impact-LCB\BetterGenshinImpact\GameTask\AutoFightOfficial\Model\CombatScenes.cs(27,7): warning CS0105: “BetterGenshinImpact.Core.Recognition”的 using 指令以前在此命名空间中出现过 [E:\Program Files\better-genshin-impact-LCB\BetterGenshinImpact\BetterGenshinImpact_lzryyj0u_wpftmp.csproj]
E:\Program Files\better-genshin-impact-LCB\BetterGenshinImpact\GameTask\AutoFight\AutoFightParam.cs(3,7): warning CS0105: “BetterGenshinImpact.GameTask.Model”的 using 指令以前在此命名空间中出现过 [E:\Program Files\better-genshin-impact-LCB\BetterGenshinImpact\BetterGenshinImpact_lzryyj0u_wpftmp.csproj]
E:\Program Files\better-genshin-impact-LCB\BetterGenshinImpact\GameTask\AutoFight\AutoFightSeek.cs(25,7): warning CS0105: “Microsoft.Extensions.Logging”的 using 指令以前在此命名空间中出现过 [E:\Program Files\better-genshin-impact-LCB\BetterGenshinImpact\BetterGenshinImpact_lzryyj0u_wpftmp.csproj]
E:\Program Files\better-genshin-impact-LCB\BetterGenshinImpact\GameTask\AutoFight\AutoFightSeek.cs(26,7): warning CS0105: “OpenCvSharp”的 using 指令以前在此命名空间中出现过 [E:\Program Files\better-genshin-impact-LCB\BetterGenshinImpact\BetterGenshinImpact_lzryyj0u_wpftmp.csproj]
E:\Program Files\better-genshin-impact-LCB\BetterGenshinImpact\GameTask\AutoFight\AutoFightSeek.cs(27,7): warning CS0105: “System”的 using 指令以前在此命名空间中出现过 [E:\Program Files\better-genshin-impact-LCB\BetterGenshinImpact\BetterGenshinImpact_lzryyj0u_wpftmp.csproj]
E:\Program Files\better-genshin-impact-LCB\BetterGenshinImpact\GameTask\AutoFight\AutoFightSeek.cs(28,7): warning CS0105: “System.Collections.Generic”的 using 指令以前在此命名空间中出现过 [E:\Program Files\better-genshin-impact-LCB\BetterGenshinImpact\BetterGenshinImpact_lzryyj0u_wpftmp.csproj]
E:\Program Files\better-genshin-impact-LCB\BetterGenshinImpact\GameTask\AutoFight\AutoFightSeek.cs(32,7): warning CS0105: “System.Linq”的 using 指令以前在此命名空间中出现过 [E:\Program Files\better-genshin-impact-LCB\BetterGenshinImpact\BetterGenshinImpact_lzryyj0u_wpftmp.csproj]
E:\Program Files\better-genshin-impact-LCB\BetterGenshinImpact\GameTask\AutoFight\AutoFightSeek.cs(33,7): warning CS0105: “System.Threading”的 using 指令以前在此命名空间中出现过 [E:\Program Files\better-genshin-impact-LCB\BetterGenshinImpact\BetterGenshinImpact_lzryyj0u_wpftmp.csproj]
E:\Program Files\better-genshin-impact-LCB\BetterGenshinImpact\GameTask\AutoFight\AutoFightSeek.cs(34,7): warning CS0105: “System.Threading.Tasks”的 using 指令以前在此命名空间中出现过 [E:\Program Files\better-genshin-impact-LCB\BetterGenshinImpact\BetterGenshinImpact_lzryyj0u_wpftmp.csproj]
E:\Program Files\better-genshin-impact-LCB\BetterGenshinImpact\GameTask\AutoFight\AutoFightSeek.cs(37,7): warning CS0105: “BetterGenshinImpact.Core.Recognition.OpenCv”的 using 指令以前在此命名空间中出现过 [E:\Program Files\better-genshin-impact-LCB\BetterGenshinImpact\BetterGenshinImpact_lzryyj0u_wpftmp.csproj]
E:\Program Files\better-genshin-impact-LCB\BetterGenshinImpact\GameTask\AutoFight\AutoFightSeek.cs(38,7): warning CS0105: “BetterGenshinImpact.Core.Script.Dependence”的 using 指令以前在此命名空间中出现过 [E:\Program Files\better-genshin-impact-LCB\BetterGenshinImpact\BetterGenshinImpact_lzryyj0u_wpftmp.csproj]
E:\Program Files\better-genshin-impact-LCB\BetterGenshinImpact\GameTask\AutoFight\AutoFightSeek.cs(39,7): warning CS0105: “BetterGenshinImpact.Core.Simulator”的 using 指令以前在此命名空间中出现过 [E:\Program Files\better-genshin-impact-LCB\BetterGenshinImpact\BetterGenshinImpact_lzryyj0u_wpftmp.csproj]
E:\Program Files\better-genshin-impact-LCB\BetterGenshinImpact\GameTask\AutoFight\AutoFightSeek.cs(40,7): warning CS0105: “BetterGenshinImpact.Core.Simulator.Extensions”的 using 指令以前在此命名空间中出现过 [E:\Program Files\better-genshin-impact-LCB\BetterGenshinImpact\BetterGenshinImpact_lzryyj0u_wpftmp.csproj]
E:\Program Files\better-genshin-impact-LCB\BetterGenshinImpact\GameTask\AutoFight\AutoFightSeek.cs(42,7): warning CS0105: “BetterGenshinImpact.GameTask.Model.Area”的 using 指令以前在此命名空间中出现过 [E:\Program Files\better-genshin-impact-LCB\BetterGenshinImpact\BetterGenshinImpact_lzryyj0u_wpftmp.csproj]
E:\Program Files\better-genshin-impact-LCB\BetterGenshinImpact\GameTask\AutoFight\AutoFightSeek.cs(44,7): warning CS0105: “Microsoft.Extensions.Logging”的 using 指令以前在此命名空间中出现过 [E:\Program Files\better-genshin-impact-LCB\BetterGenshinImpact\BetterGenshinImpact_lzryyj0u_wpftmp.csproj]
E:\Program Files\better-genshin-impact-LCB\BetterGenshinImpact\GameTask\AutoFight\AutoFightSeek.cs(45,7): warning CS0105: “OpenCvSharp”的 using 指令以前在此命名空间中出现过 [E:\Program Files\better-genshin-impact-LCB\BetterGenshinImpact\BetterGenshinImpact_lzryyj0u_wpftmp.csproj]
E:\Program Files\better-genshin-impact-LCB\BetterGenshinImpact\GameTask\AutoFight\AutoFightSeek.cs(46,7): warning CS0105: “System”的 using 指令以前在此命名空间中出现过 [E:\Program Files\better-genshin-impact-LCB\BetterGenshinImpact\BetterGenshinImpact_lzryyj0u_wpftmp.csproj]
E:\Program Files\better-genshin-impact-LCB\BetterGenshinImpact\GameTask\AutoFight\AutoFightSeek.cs(47,7): warning CS0105: “System.Linq”的 using 指令以前在此命名空间中出现过 [E:\Program Files\better-genshin-impact-LCB\BetterGenshinImpact\BetterGenshinImpact_lzryyj0u_wpftmp.csproj]
E:\Program Files\better-genshin-impact-LCB\BetterGenshinImpact\GameTask\AutoFight\AutoFightSeek.cs(48,7): warning CS0105: “System.Threading”的 using 指令以前在此命名空间中出现过 [E:\Program Files\better-genshin-impact-LCB\BetterGenshinImpact\BetterGenshinImpact_lzryyj0u_wpftmp.csproj]
E:\Program Files\better-genshin-impact-LCB\BetterGenshinImpact\GameTask\AutoFight\AutoFightSeek.cs(49,7): warning CS0105: “System.Threading.Tasks”的 using 指令以前在此命名空间中出现过 [E:\Program Files\better-genshin-impact-LCB\BetterGenshinImpact\BetterGenshinImpact_lzryyj0u_wpftmp.csproj]
E:\Program Files\better-genshin-impact-LCB\BetterGenshinImpact\GameTask\AutoFight\AutoFightSeek.cs(52,7): warning CS0105: “BetterGenshinImpact.GameTask.Common.BgiVision”的 using 指令以前在此命名空间中出现过 [E:\Program Files\better-genshin-impact-LCB\BetterGenshinImpact\BetterGenshinImpact_lzryyj0u_wpftmp.csproj]
E:\Program Files\better-genshin-impact-LCB\BetterGenshinImpact\GameTask\AutoFight\AutoFightSeek.cs(54,14): warning CS0105: “TaskControl”的 using 指令以前在此命名空间中出现过 [E:\Program Files\better-genshin-impact-LCB\BetterGenshinImpact\BetterGenshinImpact_lzryyj0u_wpftmp.csproj]
E:\Program Files\better-genshin-impact-LCB\BetterGenshinImpact\GameTask\AutoFight\AutoFightSeek.cs(56,7): warning CS0105: “BetterGenshinImpact.GameTask.AutoFight.Assets”的 using 指令以前在此命名空间中出现过 [E:\Program Files\better-genshin-impact-LCB\BetterGenshinImpact\BetterGenshinImpact_lzryyj0u_wpftmp.csproj]
E:\Program Files\better-genshin-impact-LCB\BetterGenshinImpact\GameTask\AutoFight\Config\DefaultAutoFightConfig.cs(7,7): warning CS0105: “System”的 using 指令以前在此命名空间中出现过 [E:\Program Files\better-genshin-impact-LCB\BetterGenshinImpact\BetterGenshinImpact_lzryyj0u_wpftmp.csproj]
E:\Program Files\better-genshin-impact-LCB\BetterGenshinImpact\GameTask\AutoFight\Config\DefaultAutoFightConfig.cs(15,7): warning CS0105: “System.Linq”的 using 指令以前在此命名空间中出现过 [E:\Program Files\better-genshin-impact-LCB\BetterGenshinImpact\BetterGenshinImpact_lzryyj0u_wpftmp.csproj]
E:\Program Files\better-genshin-impact-LCB\BetterGenshinImpact\GameTask\AutoFight\Config\DefaultAutoFightConfig.cs(16,7): warning CS0105: “System.Collections.Generic”的 using 指令以前在此命名空间中出现过 [E:\Program Files\better-genshin-impact-LCB\BetterGenshinImpact\BetterGenshinImpact_lzryyj0u_wpftmp.csproj]
E:\Program Files\better-genshin-impact-LCB\BetterGenshinImpact\GameTask\AutoFight\Model\CombatScenes.cs(27,7): warning CS0105: “BetterGenshinImpact.Core.Config”的 using 指令以前在此命名空间中出现过 [E:\Program Files\better-genshin-impact-LCB\BetterGenshinImpact\BetterGenshinImpact_lzryyj0u_wpftmp.csproj]
E:\Program Files\better-genshin-impact-LCB\BetterGenshinImpact\GameTask\AutoFight\Model\CombatScenes.cs(28,7): warning CS0105: “BetterGenshinImpact.Core.Simulator”的 using 指令以前在此命名空间中出现过 [E:\Program Files\better-genshin-impact-LCB\BetterGenshinImpact\BetterGenshinImpact_lzryyj0u_wpftmp.csproj]
E:\Program Files\better-genshin-impact-LCB\BetterGenshinImpact\GameTask\AutoFight\Model\CombatScenes.cs(29,7): warning CS0105: “BetterGenshinImpact.GameTask.Common.Element.Assets”的 using 指令以前在此命名空间中出现过 [E:\Program Files\better-genshin-impact-LCB\BetterGenshinImpact\BetterGenshinImpact_lzryyj0u_wpftmp.csproj]
E:\Program Files\better-genshin-impact-LCB\BetterGenshinImpact\GameTask\AutoFight\Model\CombatScenes.cs(30,7): warning CS0105: “Compunet.YoloSharp”的 using 指令以前在此命名空间中出现过 [E:\Program Files\better-genshin-impact-LCB\BetterGenshinImpact\BetterGenshinImpact_lzryyj0u_wpftmp.csproj]
E:\Program Files\better-genshin-impact-LCB\BetterGenshinImpact\GameTask\AutoFight\Model\CombatScenes.cs(31,7): warning CS0105: “Compunet.YoloSharp.Data”的 using 指令以前在此命名空间中出现过 [E:\Program Files\better-genshin-impact-LCB\BetterGenshinImpact\BetterGenshinImpact_lzryyj0u_wpftmp.csproj]
E:\Program Files\better-genshin-impact-LCB\BetterGenshinImpact\GameTask\AutoFight\Model\CombatScenes.cs(32,7): warning CS0105: “SixLabors.ImageSharp”的 using 指令以前在此命名空间中出现过 [E:\Program Files\better-genshin-impact-LCB\BetterGenshinImpact\BetterGenshinImpact_lzryyj0u_wpftmp.csproj]
E:\Program Files\better-genshin-impact-LCB\BetterGenshinImpact\GameTask\AutoFight\Model\CombatScenes.cs(33,7): warning CS0105: “SixLabors.ImageSharp.PixelFormats”的 using 指令以前在此命名空间中出现过 [E:\Program Files\better-genshin-impact-LCB\BetterGenshinImpact\BetterGenshinImpact_lzryyj0u_wpftmp.csproj]
E:\Program Files\better-genshin-impact-LCB\BetterGenshinImpact\GameTask\AutoFight\Model\CombatScenes.cs(35,7): warning CS0105: “Microsoft.Extensions.DependencyInjection”的 using 指令以前在此命名空间中出现过 [E:\Program Files\better-genshin-impact-LCB\BetterGenshinImpact\BetterGenshinImpact_lzryyj0u_wpftmp.csproj]
E:\Program Files\better-genshin-impact-LCB\BetterGenshinImpact\GameTask\AutoFight\Model\CombatScenes.cs(36,7): warning CS0105: “BetterGenshinImpact.GameTask.AutoFight.Config”的 using 指令以前在此命名空间中出现过 [E:\Program Files\better-genshin-impact-LCB\BetterGenshinImpact\BetterGenshinImpact_lzryyj0u_wpftmp.csproj]
E:\Program Files\better-genshin-impact-LCB\BetterGenshinImpact\GameTask\AutoFight\Model\CombatScenes.cs(37,7): warning CS0105: “BetterGenshinImpact.Core.Config”的 using 指令以前在此命名空间中出现过 [E:\Program Files\better-genshin-impact-LCB\BetterGenshinImpact\BetterGenshinImpact_lzryyj0u_wpftmp.csproj]
E:\Program Files\better-genshin-impact-LCB\BetterGenshinImpact\GameTask\AutoFight\Model\CombatScenes.cs(39,7): warning CS0105: “OpenCvSharp”的 using 指令以前在此命名空间中出现过 [E:\Program Files\better-genshin-impact-LCB\BetterGenshinImpact\BetterGenshinImpact_lzryyj0u_wpftmp.csproj]
E:\Program Files\better-genshin-impact-LCB\BetterGenshinImpact\GameTask\AutoFight\Model\CombatScenes.cs(42,7): warning CS0105: “BetterGenshinImpact.GameTask.Model.Area”的 using 指令以前在此命名空间中出现过 [E:\Program Files\better-genshin-impact-LCB\BetterGenshinImpact\BetterGenshinImpact_lzryyj0u_wpftmp.csproj]
E:\Program Files\better-genshin-impact-LCB\BetterGenshinImpact\GameTask\AutoFight\Model\CombatScenes.cs(43,7): warning CS0105: “BetterGenshinImpact.Core.Recognition”的 using 指令以前在此命名空间中出现过 [E:\Program Files\better-genshin-impact-LCB\BetterGenshinImpact\BetterGenshinImpact_lzryyj0u_wpftmp.csproj]
E:\Program Files\better-genshin-impact-LCB\BetterGenshinImpact\GameTask\AutoFight\Script\CombatCommand.cs(11,7): warning CS0105: “Vanara.PInvoke”的 using 指令以前在此命名空间中出现过 [E:\Program Files\better-genshin-impact-LCB\BetterGenshinImpact\BetterGenshinImpact_lzryyj0u_wpftmp.csproj]
E:\Program Files\better-genshin-impact-LCB\BetterGenshinImpact\GameTask\AutoPathing\PathExecutor.cs(46,7): warning CS0105: “BetterGenshinImpact.GameTask.Common.Job”的 using 指令以前在此命名空间中出现过 [E:\Program Files\better-genshin-impact-LCB\BetterGenshinImpact\BetterGenshinImpact_lzryyj0u_wpftmp.csproj]
E:\Program Files\better-genshin-impact-LCB\BetterGenshinImpact\GameTask\AutoTrackPath\TpTaskFastDrag.cs(38,7): warning CS0105: “System”的 using 指令以前在此命名空间中出现过 [E:\Program Files\better-genshin-impact-LCB\BetterGenshinImpact\BetterGenshinImpact_lzryyj0u_wpftmp.csproj]
E:\Program Files\better-genshin-impact-LCB\BetterGenshinImpact\GameTask\AutoWood\AutoWoodConfig.cs(13,7): warning CS0105: “System”的 using 指令以前在此命名空间中出现过 [E:\Program Files\better-genshin-impact-LCB\BetterGenshinImpact\BetterGenshinImpact_lzryyj0u_wpftmp.csproj]
E:\Program Files\better-genshin-impact-LCB\BetterGenshinImpact\GameTask\AutoWood\AutoWoodConfig.cs(28,7): warning CS0105: “BetterGenshinImpact.GameTask.Model.Area”的 using 指令以前在此命名空间中出现过 [E:\Program Files\better-genshin-impact-LCB\BetterGenshinImpact\BetterGenshinImpact_lzryyj0u_wpftmp.csproj]
E:\Program Files\better-genshin-impact-LCB\BetterGenshinImpact\GameTask\Common\BgiVision\BvStatus.cs(14,7): warning CS0105: “System.Threading.Tasks”的 using 指令以前在此命名空间中出现过 [E:\Program Files\better-genshin-impact-LCB\BetterGenshinImpact\BetterGenshinImpact_lzryyj0u_wpftmp.csproj]
E:\Program Files\better-genshin-impact-LCB\BetterGenshinImpact\GameTask\Common\BgiVision\BvStatus.cs(15,7): warning CS0105: “BetterGenshinImpact.Core.Recognition”的 using 指令以前在此命名空间中出现过 [E:\Program Files\better-genshin-impact-LCB\BetterGenshinImpact\BetterGenshinImpact_lzryyj0u_wpftmp.csproj]
E:\Program Files\better-genshin-impact-LCB\BetterGenshinImpact\GameTask\Common\BgiVision\BvStatus.cs(16,7): warning CS0105: “System.Threading”的 using 指令以前在此命名空间中出现过 [E:\Program Files\better-genshin-impact-LCB\BetterGenshinImpact\BetterGenshinImpact_lzryyj0u_wpftmp.csproj]
E:\Program Files\better-genshin-impact-LCB\BetterGenshinImpact\GameTask\Common\BgiVision\BvStatus.cs(18,7): warning CS0105: “BetterGenshinImpact.GameTask.AutoFight.Assets”的 using 指令以前在此命名空间中出现过 [E:\Program Files\better-genshin-impact-LCB\BetterGenshinImpact\BetterGenshinImpact_lzryyj0u_wpftmp.csproj]
E:\Program Files\better-genshin-impact-LCB\BetterGenshinImpact\GameTask\Common\BgiVision\BvStatus.cs(22,7): warning CS0105: “System.Threading”的 using 指令以前在此命名空间中出现过 [E:\Program Files\better-genshin-impact-LCB\BetterGenshinImpact\BetterGenshinImpact_lzryyj0u_wpftmp.csproj]
E:\Program Files\better-genshin-impact-LCB\BetterGenshinImpact\GameTask\Common\BgiVision\BvStatus.cs(23,7): warning CS0105: “System.Threading.Tasks”的 using 指令以前在此命名空间中出现过 [E:\Program Files\better-genshin-impact-LCB\BetterGenshinImpact\BetterGenshinImpact_lzryyj0u_wpftmp.csproj]
E:\Program Files\better-genshin-impact-LCB\BetterGenshinImpact\GameTask\Common\Job\GoToSereniteaPotTask.cs(24,7): warning CS0105: “System.Globalization”的 using 指令以前在此命名空间中出现过 [E:\Program Files\better-genshin-impact-LCB\BetterGenshinImpact\BetterGenshinImpact_lzryyj0u_wpftmp.csproj]
E:\Program Files\better-genshin-impact-LCB\BetterGenshinImpact\GameTask\Common\Job\GoToSereniteaPotTask.cs(26,7): warning CS0105: “Newtonsoft.Json”的 using 指令以前在此命名空间中出现过 [E:\Program Files\better-genshin-impact-LCB\BetterGenshinImpact\BetterGenshinImpact_lzryyj0u_wpftmp.csproj]
E:\Program Files\better-genshin-impact-LCB\BetterGenshinImpact\GameTask\Common\Job\GoToSereniteaPotTask.cs(27,7): warning CS0105: “BetterGenshinImpact.GameTask.QuickSereniteaPot”的 using 指令以前在此命名空间中出现过 [E:\Program Files\better-genshin-impact-LCB\BetterGenshinImpact\BetterGenshinImpact_lzryyj0u_wpftmp.csproj]
E:\Program Files\better-genshin-impact-LCB\BetterGenshinImpact\GameTask\Common\Job\GoToSereniteaPotTask.cs(29,7): warning CS0105: “System.Linq”的 using 指令以前在此命名空间中出现过 [E:\Program Files\better-genshin-impact-LCB\BetterGenshinImpact\BetterGenshinImpact_lzryyj0u_wpftmp.csproj]
E:\Program Files\better-genshin-impact-LCB\BetterGenshinImpact\GameTask\Common\Job\GoToSereniteaPotTask.cs(30,7): warning CS0105: “System.Threading”的 using 指令以前在此命名空间中出现过 [E:\Program Files\better-genshin-impact-LCB\BetterGenshinImpact\BetterGenshinImpact_lzryyj0u_wpftmp.csproj]
E:\Program Files\better-genshin-impact-LCB\BetterGenshinImpact\GameTask\Common\Job\GoToSereniteaPotTask.cs(31,7): warning CS0105: “System.Threading.Tasks”的 using 指令以前在此命名空间中出现过 [E:\Program Files\better-genshin-impact-LCB\BetterGenshinImpact\BetterGenshinImpact_lzryyj0u_wpftmp.csproj]
E:\Program Files\better-genshin-impact-LCB\BetterGenshinImpact\GameTask\Common\Job\GoToSereniteaPotTask.cs(32,14): warning CS0105: “TaskControl”的 using 指令以前在此命名空间中出现过 [E:\Program Files\better-genshin-impact-LCB\BetterGenshinImpact\BetterGenshinImpact_lzryyj0u_wpftmp.csproj]
E:\Program Files\better-genshin-impact-LCB\BetterGenshinImpact\GameTask\Common\Job\SwitchPartyTask.cs(16,7): warning CS0105: “BetterGenshinImpact.GameTask.Common.Exceptions”的 using 指令以前在此命名空间中出现过 [E:\Program Files\better-genshin-impact-LCB\BetterGenshinImpact\BetterGenshinImpact_lzryyj0u_wpftmp.csproj]
E:\Program Files\better-genshin-impact-LCB\BetterGenshinImpact\GameTask\Common\Job\SwitchPartyTask.cs(19,7): warning CS0105: “System.Text.RegularExpressions”的 using 指令以前在此命名空间中出现过 [E:\Program Files\better-genshin-impact-LCB\BetterGenshinImpact\BetterGenshinImpact_lzryyj0u_wpftmp.csproj]
E:\Program Files\better-genshin-impact-LCB\BetterGenshinImpact\GameTask\Common\TaskControl.cs(15,7): warning CS0105: “System.Threading”的 using 指令以前在此命名空间中出现过 [E:\Program Files\better-genshin-impact-LCB\BetterGenshinImpact\BetterGenshinImpact_lzryyj0u_wpftmp.csproj]
E:\Program Files\better-genshin-impact-LCB\BetterGenshinImpact\GameTask\Common\TaskControl.cs(16,7): warning CS0105: “System.Threading.Tasks”的 using 指令以前在此命名空间中出现过 [E:\Program Files\better-genshin-impact-LCB\BetterGenshinImpact\BetterGenshinImpact_lzryyj0u_wpftmp.csproj]
E:\Program Files\better-genshin-impact-LCB\BetterGenshinImpact\GameTask\Common\TaskControl.cs(19,7): warning CS0105: “BetterGenshinImpact.GameTask.Model.Area”的 using 指令以前在此命名空间中出现过 [E:\Program Files\better-genshin-impact-LCB\BetterGenshinImpact\BetterGenshinImpact_lzryyj0u_wpftmp.csproj]
E:\Program Files\better-genshin-impact-LCB\BetterGenshinImpact\GameTask\Common\TaskControl.cs(24,7): warning CS0105: “Microsoft.Extensions.Logging”的 using 指令以前在此命名空间中出现过 [E:\Program Files\better-genshin-impact-LCB\BetterGenshinImpact\BetterGenshinImpact_lzryyj0u_wpftmp.csproj]
E:\Program Files\better-genshin-impact-LCB\BetterGenshinImpact\GameTask\GameTaskManager.cs(22,7): warning CS0105: “BetterGenshinImpact.Core.Config”的 using 指令以前在此命名空间中出现过 [E:\Program Files\better-genshin-impact-LCB\BetterGenshinImpact\BetterGenshinImpact_lzryyj0u_wpftmp.csproj]
E:\Program Files\better-genshin-impact-LCB\BetterGenshinImpact\GameTask\GameTaskManager.cs(28,7): warning CS0105: “OpenCvSharp”的 using 指令以前在此命名空间中出现过 [E:\Program Files\better-genshin-impact-LCB\BetterGenshinImpact\BetterGenshinImpact_lzryyj0u_wpftmp.csproj]
E:\Program Files\better-genshin-impact-LCB\BetterGenshinImpact\GameTask\GameTaskManager.cs(30,7): warning CS0105: “System.Collections.Generic”的 using 指令以前在此命名空间中出现过 [E:\Program Files\better-genshin-impact-LCB\BetterGenshinImpact\BetterGenshinImpact_lzryyj0u_wpftmp.csproj]
E:\Program Files\better-genshin-impact-LCB\BetterGenshinImpact\GameTask\GameTaskManager.cs(32,7): warning CS0105: “System.IO”的 using 指令以前在此命名空间中出现过 [E:\Program Files\better-genshin-impact-LCB\BetterGenshinImpact\BetterGenshinImpact_lzryyj0u_wpftmp.csproj]
E:\Program Files\better-genshin-impact-LCB\BetterGenshinImpact\GameTask\GameTaskManager.cs(33,7): warning CS0105: “System.Linq”的 using 指令以前在此命名空间中出现过 [E:\Program Files\better-genshin-impact-LCB\BetterGenshinImpact\BetterGenshinImpact_lzryyj0u_wpftmp.csproj]
E:\Program Files\better-genshin-impact-LCB\BetterGenshinImpact\GameTask\GameTaskManager.cs(37,7): warning CS0105: “BetterGenshinImpact.GameTask.GameLoading”的 using 指令以前在此命名空间中出现过 [E:\Program Files\better-genshin-impact-LCB\BetterGenshinImpact\BetterGenshinImpact_lzryyj0u_wpftmp.csproj]
E:\Program Files\better-genshin-impact-LCB\BetterGenshinImpact\GameTask\GameTaskManager.cs(44,7): warning CS0105: “System”的 using 指令以前在此命名空间中出现过 [E:\Program Files\better-genshin-impact-LCB\BetterGenshinImpact\BetterGenshinImpact_lzryyj0u_wpftmp.csproj]
E:\Program Files\better-genshin-impact-LCB\BetterGenshinImpact\GameTask\SystemControl.cs(14,7): warning CS0105: “System.Text”的 using 指令以前在此命名空间中出现过 [E:\Program Files\better-genshin-impact-LCB\BetterGenshinImpact\BetterGenshinImpact_lzryyj0u_wpftmp.csproj]
E:\Program Files\better-genshin-impact-LCB\BetterGenshinImpact\GameTask\SystemControl.cs(18,7): warning CS0105: “Microsoft.Extensions.Logging”的 using 指令以前在此命名空间中出现过 [E:\Program Files\better-genshin-impact-LCB\BetterGenshinImpact\BetterGenshinImpact_lzryyj0u_wpftmp.csproj]
E:\Program Files\better-genshin-impact-LCB\BetterGenshinImpact\GameTask\UseRedeemCode\UseRedemptionCodeTask.cs(14,7): warning CS0105: “BetterGenshinImpact.Helpers.Extensions”的 using 指令以前在此命名空间中出现过 [E:\Program Files\better-genshin-impact-LCB\BetterGenshinImpact\BetterGenshinImpact_lzryyj0u_wpftmp.csproj]
E:\Program Files\better-genshin-impact-LCB\BetterGenshinImpact\Service\ScriptService.cs(29,7): warning CS0105: “BetterGenshinImpact.Core.Config”的 using 指令以前在此命名空间中出现过 [E:\Program Files\better-genshin-impact-LCB\BetterGenshinImpact\BetterGenshinImpact_lzryyj0u_wpftmp.csproj]
E:\Program Files\better-genshin-impact-LCB\BetterGenshinImpact\ViewModel\Pages\TaskSettingsPageViewModel.cs(50,7): warning CS0105: “BetterGenshinImpact.GameTask.AutoFriendship”的 using 指令以前在此命名空间中出现过 [E:\Program Files\better-genshin-impact-LCB\BetterGenshinImpact\BetterGenshinImpact_lzryyj0u_wpftmp.csproj]
E:\Program Files\better-genshin-impact-LCB\BetterGenshinImpact\View\Pages\OneDragonFlowPage.xaml.cs(2,7): warning CS0105: “BetterGenshinImpact.ViewModel.Pages”的 using 指令以前在此命名空间中出现过 [E:\Program Files\better-genshin-impact-LCB\BetterGenshinImpact\BetterGenshinImpact_lzryyj0u_wpftmp.csproj]
E:\Program Files\better-genshin-impact-LCB\BetterGenshinImpact\GameTask\AutoFriendship\Assets\AutoFriendshipAssets.cs(11,37): warning CS0612: “BaseAssets<AutoFriendshipAssets>”已过时 [E:\Program Files\better-genshin-impact-LCB\BetterGenshinImpact\BetterGenshinImpact_lzryyj0u_wpftmp.csproj]
E:\Program Files\better-genshin-impact-LCB\BetterGenshinImpact\GameTask\AutoPathing\Model\WaypointForTrack.cs(27,30): warning CS0108: “WaypointForTrack.Misidentification”隐藏继承的成员“Waypoint.Misidentification”。如果是有意隐藏，请使用关键字 new。 [E:\Program Files\better-genshin-impact-LCB\BetterGenshinImpact\BetterGenshinImpact_lzryyj0u_wpftmp.csproj]
E:\Program Files\better-genshin-impact-LCB\BetterGenshinImpact\Helpers\Security\MD5Helper.cs(14,71): warning CS8625: 无法将 null 字面量转换为非 null 的引用类型。 [E:\Program Files\better-genshin-impact-LCB\BetterGenshinImpact\BetterGenshinImpact_lzryyj0u_wpftmp.csproj]
E:\Program Files\better-genshin-impact-LCB\BetterGenshinImpact\GameTask\Common\Element\Assets\ElementAssets.cs(10,30): warning CS0612: “BaseAssets<ElementAssets>”已过时 [E:\Program Files\better-genshin-impact-LCB\BetterGenshinImpact\BetterGenshinImpact_lzryyj0u_wpftmp.csproj]
E:\Program Files\better-genshin-impact-LCB\BetterGenshinImpact\View\Behavior\ResponsiveTitleBarBehavior.cs(103,18): warning CS0108: “ResponsiveTitleBarBehavior.Detach()”隐藏继承的成员“Behavior.Detach()”。如果是有意隐藏，请使用关键字 new。 [E:\Program Files\better-genshin-impact-LCB\BetterGenshinImpact\BetterGenshinImpact_lzryyj0u_wpftmp.csproj]
E:\Program Files\better-genshin-impact-LCB\BetterGenshinImpact\GameTask\AutoWood\Assets\AutoWoodAssets.cs(7,31): warning CS0612: “BaseAssets<AutoWoodAssets>”已过时 [E:\Program Files\better-genshin-impact-LCB\BetterGenshinImpact\BetterGenshinImpact_lzryyj0u_wpftmp.csproj]
E:\Program Files\better-genshin-impact-LCB\BetterGenshinImpact\GameTask\LogParse\YsHttp.cs(228,115): warning CS8625: 无法将 null 字面量转换为非 null 的引用类型。 [E:\Program Files\better-genshin-impact-LCB\BetterGenshinImpact\BetterGenshinImpact_lzryyj0u_wpftmp.csproj]
E:\Program Files\better-genshin-impact-LCB\BetterGenshinImpact\Service\Notifier\BarkNotifier.cs(129,35): warning CS8625: 无法将 null 字面量转换为非 null 的引用类型。 [E:\Program Files\better-genshin-impact-LCB\BetterGenshinImpact\BetterGenshinImpact_lzryyj0u_wpftmp.csproj]
E:\Program Files\better-genshin-impact-LCB\BetterGenshinImpact\View\Windows\PictureInPictureWindow.xaml.cs(23,26): warning CS0108: “PictureInPictureWindow.MinWidth”隐藏继承的成员“FrameworkElement.MinWidth”。如果是有意隐藏，请使用关键字 new。 [E:\Program Files\better-genshin-impact-LCB\BetterGenshinImpact\BetterGenshinImpact_lzryyj0u_wpftmp.csproj]
E:\Program Files\better-genshin-impact-LCB\BetterGenshinImpact\View\Windows\PictureInPictureWindow.xaml.cs(24,26): warning CS0108: “PictureInPictureWindow.MaxWidth”隐藏继承的成员“FrameworkElement.MaxWidth”。如果是有意隐藏，请使用关键字 new。 [E:\Program Files\better-genshin-impact-LCB\BetterGenshinImpact\BetterGenshinImpact_lzryyj0u_wpftmp.csproj]
E:\Program Files\better-genshin-impact-LCB\BetterGenshinImpact\Helpers\Win32\MirrorChyanHelper.cs(98,9): warning CS4014: 由于此调用不会等待，因此在此调用完成之前将会继续执行当前方法。请考虑将 "await" 运算符应用于调用结果。 [E:\Program Files\better-genshin-impact-LCB\BetterGenshinImpact\BetterGenshinImpact_lzryyj0u_wpftmp.csproj]
E:\Program Files\better-genshin-impact-LCB\BetterGenshinImpact\Helpers\Win32\ConsoleHelper.cs(91,28): warning CS0618: “FileStream.FileStream(nint, FileAccess)”已过时:“This constructor has been deprecated. Use FileStream(SafeFileHandle handle, FileAccess access) instead.” [E:\Program Files\better-genshin-impact-LCB\BetterGenshinImpact\BetterGenshinImpact_lzryyj0u_wpftmp.csproj]
E:\Program Files\better-genshin-impact-LCB\BetterGenshinImpact\Helpers\Win32\ConsoleHelper.cs(97,28): warning CS0618: “FileStream.FileStream(nint, FileAccess)”已过时:“This constructor has been deprecated. Use FileStream(SafeFileHandle handle, FileAccess access) instead.” [E:\Program Files\better-genshin-impact-LCB\BetterGenshinImpact\BetterGenshinImpact_lzryyj0u_wpftmp.csproj]
E:\Program Files\better-genshin-impact-LCB\BetterGenshinImpact\Helpers\Win32\ConsoleHelper.cs(103,27): warning CS0618: “FileStream.FileStream(nint, FileAccess)”已过时:“This constructor has been deprecated. Use FileStream(SafeFileHandle handle, FileAccess access) instead.” [E:\Program Files\better-genshin-impact-LCB\BetterGenshinImpact\BetterGenshinImpact_lzryyj0u_wpftmp.csproj]
E:\Program Files\better-genshin-impact-LCB\BetterGenshinImpact\GameTask\AutoBoss\AutoBossTask.cs(97,64): warning CS8604: “CombatScriptBag CombatScriptParser.ReadAndParse(string path)”中的形参“path”可能传入 null 引用实参。 [E:\Program Files\better-genshin-impact-LCB\BetterGenshinImpact\BetterGenshinImpact_lzryyj0u_wpftmp.csproj]
E:\Program Files\better-genshin-impact-LCB\BetterGenshinImpact\Core\Config\PathingPartyTaskCycleConfig.cs(57,26): warning CS0168: 声明了变量“e”，但从未使用过 [E:\Program Files\better-genshin-impact-LCB\BetterGenshinImpact\BetterGenshinImpact_lzryyj0u_wpftmp.csproj]
E:\Program Files\better-genshin-impact-LCB\BetterGenshinImpact\View\Windows\WelcomeDialog.xaml.cs(40,9): warning CS4014: 由于此调用不会等待，因此在此调用完成之前将会继续执行当前方法。请考虑将 "await" 运算符应用于调用结果。 [E:\Program Files\better-genshin-impact-LCB\BetterGenshinImpact\BetterGenshinImpact_lzryyj0u_wpftmp.csproj]
E:\Program Files\better-genshin-impact-LCB\BetterGenshinImpact\Core\Recognition\RecognitionObjectJsonLoader.cs(377,20): warning CS8603: 可能返回 null 引用。 [E:\Program Files\better-genshin-impact-LCB\BetterGenshinImpact\BetterGenshinImpact_lzryyj0u_wpftmp.csproj]
E:\Program Files\better-genshin-impact-LCB\BetterGenshinImpact\Core\Recognition\OpenCv\TemplateMatch\TemplateMatchNormalizer.cs(128,60): warning CS8604: “InputArray.implicit operator InputArray(Mat mat)”中的形参“mat”可能传入 null 引用实参。 [E:\Program Files\better-genshin-impact-LCB\BetterGenshinImpact\BetterGenshinImpact_lzryyj0u_wpftmp.csproj]
E:\Program Files\better-genshin-impact-LCB\BetterGenshinImpact\Core\Recognition\OpenCv\TemplateMatch\TemplateMatchNormalizer.cs(134,59): warning CS8604: “InputArray.implicit operator InputArray(Mat mat)”中的形参“mat”可能传入 null 引用实参。 [E:\Program Files\better-genshin-impact-LCB\BetterGenshinImpact\BetterGenshinImpact_lzryyj0u_wpftmp.csproj]
E:\Program Files\better-genshin-impact-LCB\BetterGenshinImpact\Core\Recognition\OpenCv\TemplateMatch\TemplateMatchNormalizer.cs(141,82): warning CS8604: “InputArray.implicit operator InputArray(Mat mat)”中的形参“mat”可能传入 null 引用实参。 [E:\Program Files\better-genshin-impact-LCB\BetterGenshinImpact\BetterGenshinImpact_lzryyj0u_wpftmp.csproj]
E:\Program Files\better-genshin-impact-LCB\BetterGenshinImpact\Core\Recognition\OpenCv\TemplateMatch\TemplateMatchHelper.cs(9,59): warning CS8604: “InputArray.implicit operator InputArray(Mat mat)”中的形参“mat”可能传入 null 引用实参。 [E:\Program Files\better-genshin-impact-LCB\BetterGenshinImpact\BetterGenshinImpact_lzryyj0u_wpftmp.csproj]
E:\Program Files\better-genshin-impact-LCB\BetterGenshinImpact\Core\Recognition\OpenCv\TemplateMatch\TemplateMatchHelper.cs(33,59): warning CS8604: “InputArray.implicit operator InputArray(Mat mat)”中的形参“mat”可能传入 null 引用实参。 [E:\Program Files\better-genshin-impact-LCB\BetterGenshinImpact\BetterGenshinImpact_lzryyj0u_wpftmp.csproj]
E:\Program Files\better-genshin-impact-LCB\BetterGenshinImpact\Helpers\Ui\FileTreeNodeHelper.cs(93,60): warning CS8620: 由于引用类型的可为 null 性差异，List<string?> 类型的实参不能用于 ObservableCollection<FileTreeNode<T>> FilterNodes(ObservableCollection<FileTreeNode<T>> inputNodes, List<string> paths) 中 List<string> 类型的形参 paths。 [E:\Program Files\better-genshin-impact-LCB\BetterGenshinImpact\BetterGenshinImpact_lzryyj0u_wpftmp.csproj]
E:\Program Files\better-genshin-impact-LCB\BetterGenshinImpact\GameTask\UseRedeemCode\GetLiveRedeemCode.cs(129,20): warning CS8619: 类型“(string?, string?)”的值中引用类型的为 Null 性与目标类型“(string codeVer, string title)”不匹配。 [E:\Program Files\better-genshin-impact-LCB\BetterGenshinImpact\BetterGenshinImpact_lzryyj0u_wpftmp.csproj]
E:\Program Files\better-genshin-impact-LCB\BetterGenshinImpact\GameTask\UseRedeemCode\GetLiveRedeemCode.cs(132,37): warning CS8619: 类型“(string?, string?)”的值中引用类型的为 Null 性与目标类型“(string codeVer, string title)”不匹配。 [E:\Program Files\better-genshin-impact-LCB\BetterGenshinImpact\BetterGenshinImpact_lzryyj0u_wpftmp.csproj]
E:\Program Files\better-genshin-impact-LCB\BetterGenshinImpact\GameTask\UseRedeemCode\GetLiveRedeemCode.cs(134,26): warning CS8600: 将 null 文本或可能的 null 值转换为不可为 null 类型。 [E:\Program Files\better-genshin-impact-LCB\BetterGenshinImpact\BetterGenshinImpact_lzryyj0u_wpftmp.csproj]
E:\Program Files\better-genshin-impact-LCB\BetterGenshinImpact\GameTask\UseRedeemCode\GetLiveRedeemCode.cs(135,24): warning CS8600: 将 null 文本或可能的 null 值转换为不可为 null 类型。 [E:\Program Files\better-genshin-impact-LCB\BetterGenshinImpact\BetterGenshinImpact_lzryyj0u_wpftmp.csproj]
E:\Program Files\better-genshin-impact-LCB\BetterGenshinImpact\GameTask\UseRedeemCode\GetLiveRedeemCode.cs(136,16): warning CS8619: 类型“(string? codeVer, string? title)”的值中引用类型的为 Null 性与目标类型“(string codeVer, string title)”不匹配。 [E:\Program Files\better-genshin-impact-LCB\BetterGenshinImpact\BetterGenshinImpact_lzryyj0u_wpftmp.csproj]
E:\Program Files\better-genshin-impact-LCB\BetterGenshinImpact\Core\Recognition\OpenCv\TemplateMatch\MatchContext.cs(23,12): warning CS8618: 在退出构造函数时，不可为 null 的 字段 "MaskedMiniMapRoughs" 必须包含非 null 值。请考虑添加 "required" 修饰符或将该 字段 声明为可为 null。 [E:\Program Files\better-genshin-impact-LCB\BetterGenshinImpact\BetterGenshinImpact_lzryyj0u_wpftmp.csproj]
E:\Program Files\better-genshin-impact-LCB\BetterGenshinImpact\Core\Recognition\OpenCv\TemplateMatch\MatchContext.cs(23,12): warning CS8618: 在退出构造函数时，不可为 null 的 字段 "MaskRoughF" 必须包含非 null 值。请考虑添加 "required" 修饰符或将该 字段 声明为可为 null。 [E:\Program Files\better-genshin-impact-LCB\BetterGenshinImpact\BetterGenshinImpact_lzryyj0u_wpftmp.csproj]
E:\Program Files\better-genshin-impact-LCB\BetterGenshinImpact\Core\Recognition\OpenCv\TemplateMatch\MatchContext.cs(23,12): warning CS8618: 在退出构造函数时，不可为 null 的 字段 "NormalizerRough" 必须包含非 null 值。请考虑添加 "required" 修饰符或将该 字段 声明为可为 null。 [E:\Program Files\better-genshin-impact-LCB\BetterGenshinImpact\BetterGenshinImpact_lzryyj0u_wpftmp.csproj]
E:\Program Files\better-genshin-impact-LCB\BetterGenshinImpact\Core\Recognition\OpenCv\TemplateMatch\MatchContext.cs(23,12): warning CS8618: 在退出构造函数时，不可为 null 的 字段 "NormalizerRoughChan" 必须包含非 null 值。请考虑添加 "required" 修饰符或将该 字段 声明为可为 null。 [E:\Program Files\better-genshin-impact-LCB\BetterGenshinImpact\BetterGenshinImpact_lzryyj0u_wpftmp.csproj]
E:\Program Files\better-genshin-impact-LCB\BetterGenshinImpact\Core\Recognition\OpenCv\TemplateMatch\MatchContext.cs(23,12): warning CS8618: 在退出构造函数时，不可为 null 的 字段 "NormalizerExact" 必须包含非 null 值。请考虑添加 "required" 修饰符或将该 字段 声明为可为 null。 [E:\Program Files\better-genshin-impact-LCB\BetterGenshinImpact\BetterGenshinImpact_lzryyj0u_wpftmp.csproj]
E:\Program Files\better-genshin-impact-LCB\BetterGenshinImpact\GameTask\UseRedeemCode\GetLiveRedeemCode.cs(153,27): warning CS8600: 将 null 文本或可能的 null 值转换为不可为 null 类型。 [E:\Program Files\better-genshin-impact-LCB\BetterGenshinImpact\BetterGenshinImpact_lzryyj0u_wpftmp.csproj]
E:\Program Files\better-genshin-impact-LCB\BetterGenshinImpact\Genshin\Settings2\GenshinGameSettings.cs(17,19): warning CS8618: 在退出构造函数时，不可为 null 的 属性 "DeviceUUID" 必须包含非 null 值。请考虑添加 "required" 修饰符或将该 属性 声明为可为 null。 [E:\Program Files\better-genshin-impact-LCB\BetterGenshinImpact\BetterGenshinImpact_lzryyj0u_wpftmp.csproj]
E:\Program Files\better-genshin-impact-LCB\BetterGenshinImpact\Genshin\Settings2\GenshinGameSettings.cs(20,19): warning CS8618: 在退出构造函数时，不可为 null 的 属性 "UserLocalDataVersionId" 必须包含非 null 值。请考虑添加 "required" 修饰符或将该 属性 声明为可为 null。 [E:\Program Files\better-genshin-impact-LCB\BetterGenshinImpact\BetterGenshinImpact_lzryyj0u_wpftmp.csproj]
E:\Program Files\better-genshin-impact-LCB\BetterGenshinImpact\Genshin\Settings2\GenshinGameSettings.cs(29,19): warning CS8618: 在退出构造函数时，不可为 null 的 属性 "SelectedServerName" 必须包含非 null 值。请考虑添加 "required" 修饰符或将该 属性 声明为可为 null。 [E:\Program Files\better-genshin-impact-LCB\BetterGenshinImpact\BetterGenshinImpact_lzryyj0u_wpftmp.csproj]
E:\Program Files\better-genshin-impact-LCB\BetterGenshinImpact\Genshin\Settings2\GenshinGameSettings.cs(35,19): warning CS8618: 在退出构造函数时，不可为 null 的 属性 "DeviceID" 必须包含非 null 值。请考虑添加 "required" 修饰符或将该 属性 声明为可为 null。 [E:\Program Files\better-genshin-impact-LCB\BetterGenshinImpact\BetterGenshinImpact_lzryyj0u_wpftmp.csproj]
E:\Program Files\better-genshin-impact-LCB\BetterGenshinImpact\Genshin\Settings2\GenshinGameSettings.cs(38,19): warning CS8618: 在退出构造函数时，不可为 null 的 属性 "TargetUID" 必须包含非 null 值。请考虑添加 "required" 修饰符或将该 属性 声明为可为 null。 [E:\Program Files\better-genshin-impact-LCB\BetterGenshinImpact\BetterGenshinImpact_lzryyj0u_wpftmp.csproj]
E:\Program Files\better-genshin-impact-LCB\BetterGenshinImpact\Genshin\Settings2\GenshinGameSettings.cs(41,19): warning CS8618: 在退出构造函数时，不可为 null 的 属性 "CurAccountName" 必须包含非 null 值。请考虑添加 "required" 修饰符或将该 属性 声明为可为 null。 [E:\Program Files\better-genshin-impact-LCB\BetterGenshinImpact\BetterGenshinImpact_lzryyj0u_wpftmp.csproj]
E:\Program Files\better-genshin-impact-LCB\BetterGenshinImpact\Genshin\Settings2\GenshinGameSettings.cs(44,19): warning CS8618: 在退出构造函数时，不可为 null 的 属性 "UiSaveData" 必须包含非 null 值。请考虑添加 "required" 修饰符或将该 属性 声明为可为 null。 [E:\Program Files\better-genshin-impact-LCB\BetterGenshinImpact\BetterGenshinImpact_lzryyj0u_wpftmp.csproj]
E:\Program Files\better-genshin-impact-LCB\BetterGenshinImpact\Genshin\Settings2\GenshinGameSettings.cs(47,19): warning CS8618: 在退出构造函数时，不可为 null 的 属性 "InputData" 必须包含非 null 值。请考虑添加 "required" 修饰符或将该 属性 声明为可为 null。 [E:\Program Files\better-genshin-impact-LCB\BetterGenshinImpact\BetterGenshinImpact_lzryyj0u_wpftmp.csproj]
E:\Program Files\better-genshin-impact-LCB\BetterGenshinImpact\Genshin\Settings2\GenshinGameSettings.cs(50,19): warning CS8618: 在退出构造函数时，不可为 null 的 属性 "GraphicsData" 必须包含非 null 值。请考虑添加 "required" 修饰符或将该 属性 声明为可为 null。 [E:\Program Files\better-genshin-impact-LCB\BetterGenshinImpact\BetterGenshinImpact_lzryyj0u_wpftmp.csproj]
E:\Program Files\better-genshin-impact-LCB\BetterGenshinImpact\Genshin\Settings2\GenshinGameSettings.cs(53,19): warning CS8618: 在退出构造函数时，不可为 null 的 属性 "GlobalPerfData" 必须包含非 null 值。请考虑添加 "required" 修饰符或将该 属性 声明为可为 null。 [E:\Program Files\better-genshin-impact-LCB\BetterGenshinImpact\BetterGenshinImpact_lzryyj0u_wpftmp.csproj]
E:\Program Files\better-genshin-impact-LCB\BetterGenshinImpact\Genshin\Settings2\GenshinGameSettings.cs(164,19): warning CS8618: 在退出构造函数时，不可为 null 的 属性 "GammaValue" 必须包含非 null 值。请考虑添加 "required" 修饰符或将该 属性 声明为可为 null。 [E:\Program Files\better-genshin-impact-LCB\BetterGenshinImpact\BetterGenshinImpact_lzryyj0u_wpftmp.csproj]
E:\Program Files\better-genshin-impact-LCB\BetterGenshinImpact\Genshin\Settings2\GenshinGameSettings.cs(170,25): warning CS8618: 在退出构造函数时，不可为 null 的 属性 "OverrideControllerMapKeyList" 必须包含非 null 值。请考虑添加 "required" 修饰符或将该 属性 声明为可为 null。 [E:\Program Files\better-genshin-impact-LCB\BetterGenshinImpact\BetterGenshinImpact_lzryyj0u_wpftmp.csproj]
E:\Program Files\better-genshin-impact-LCB\BetterGenshinImpact\Genshin\Settings2\GenshinGameSettings.cs(173,25): warning CS8618: 在退出构造函数时，不可为 null 的 属性 "OverrideControllerMapValueList" 必须包含非 null 值。请考虑添加 "required" 修饰符或将该 属性 声明为可为 null。 [E:\Program Files\better-genshin-impact-LCB\BetterGenshinImpact\BetterGenshinImpact_lzryyj0u_wpftmp.csproj]
E:\Program Files\better-genshin-impact-LCB\BetterGenshinImpact\Genshin\Settings2\GenshinGameSettings.cs(176,25): warning CS8618: 在退出构造函数时，不可为 null 的 属性 "RewiredMapMigrateRecord" 必须包含非 null 值。请考虑添加 "required" 修饰符或将该 属性 声明为可为 null。 [E:\Program Files\better-genshin-impact-LCB\BetterGenshinImpact\BetterGenshinImpact_lzryyj0u_wpftmp.csproj]
E:\Program Files\better-genshin-impact-LCB\BetterGenshinImpact\Genshin\Settings2\GenshinGameSettings.cs(197,22): warning CS8618: 在退出构造函数时，不可为 null 的 属性 "ConflictKeyBindingElementId" 必须包含非 null 值。请考虑添加 "required" 修饰符或将该 属性 声明为可为 null。 [E:\Program Files\better-genshin-impact-LCB\BetterGenshinImpact\BetterGenshinImpact_lzryyj0u_wpftmp.csproj]
E:\Program Files\better-genshin-impact-LCB\BetterGenshinImpact\Genshin\Settings2\GenshinGameSettings.cs(200,22): warning CS8618: 在退出构造函数时，不可为 null 的 属性 "ConflictKeyBindingActionId" 必须包含非 null 值。请考虑添加 "required" 修饰符或将该 属性 声明为可为 null。 [E:\Program Files\better-genshin-impact-LCB\BetterGenshinImpact\BetterGenshinImpact_lzryyj0u_wpftmp.csproj]
E:\Program Files\better-genshin-impact-LCB\BetterGenshinImpact\Genshin\Settings2\GenshinGameSettings.cs(206,19): warning CS8618: 在退出构造函数时，不可为 null 的 属性 "LastSeenSettingResourceTabScriptVersion" 必须包含非 null 值。请考虑添加 "required" 修饰符或将该 属性 声明为可为 null。 [E:\Program Files\better-genshin-impact-LCB\BetterGenshinImpact\BetterGenshinImpact_lzryyj0u_wpftmp.csproj]
E:\Program Files\better-genshin-impact-LCB\BetterGenshinImpact\Genshin\Settings2\GenshinGameSettings.cs(251,25): warning CS8618: 在退出构造函数时，不可为 null 的 属性 "MtrBanReasons" 必须包含非 null 值。请考虑添加 "required" 修饰符或将该 属性 声明为可为 null。 [E:\Program Files\better-genshin-impact-LCB\BetterGenshinImpact\BetterGenshinImpact_lzryyj0u_wpftmp.csproj]
E:\Program Files\better-genshin-impact-LCB\BetterGenshinImpact\Genshin\Settings2\GenshinGameSettings.cs(254,25): warning CS8618: 在退出构造函数时，不可为 null 的 属性 "CustomDataKeyList" 必须包含非 null 值。请考虑添加 "required" 修饰符或将该 属性 声明为可为 null。 [E:\Program Files\better-genshin-impact-LCB\BetterGenshinImpact\BetterGenshinImpact_lzryyj0u_wpftmp.csproj]
E:\Program Files\better-genshin-impact-LCB\BetterGenshinImpact\Genshin\Settings2\GenshinGameSettings.cs(257,25): warning CS8618: 在退出构造函数时，不可为 null 的 属性 "CustomDataValueList" 必须包含非 null 值。请考虑添加 "required" 修饰符或将该 属性 声明为可为 null。 [E:\Program Files\better-genshin-impact-LCB\BetterGenshinImpact\BetterGenshinImpact_lzryyj0u_wpftmp.csproj]
E:\Program Files\better-genshin-impact-LCB\BetterGenshinImpact\Genshin\Settings2\GenshinGameSettings.cs(260,22): warning CS8618: 在退出构造函数时，不可为 null 的 属性 "SerializedCodeSwitches" 必须包含非 null 值。请考虑添加 "required" 修饰符或将该 属性 声明为可为 null。 [E:\Program Files\better-genshin-impact-LCB\BetterGenshinImpact\BetterGenshinImpact_lzryyj0u_wpftmp.csproj]
E:\Program Files\better-genshin-impact-LCB\BetterGenshinImpact\Genshin\Settings2\GenshinGameSettings.cs(290,25): warning CS8618: 在退出构造函数时，不可为 null 的 属性 "UrlCheckBanReasons" 必须包含非 null 值。请考虑添加 "required" 修饰符或将该 属性 声明为可为 null。 [E:\Program Files\better-genshin-impact-LCB\BetterGenshinImpact\BetterGenshinImpact_lzryyj0u_wpftmp.csproj]
E:\Program Files\better-genshin-impact-LCB\BetterGenshinImpact\Genshin\Settings2\GenshinGameSettings.cs(296,19): warning CS8618: 在退出构造函数时，不可为 null 的 属性 "GreyTestDeviceUniqueId" 必须包含非 null 值。请考虑添加 "required" 修饰符或将该 属性 声明为可为 null。 [E:\Program Files\better-genshin-impact-LCB\BetterGenshinImpact\BetterGenshinImpact_lzryyj0u_wpftmp.csproj]
E:\Program Files\better-genshin-impact-LCB\BetterGenshinImpact\Genshin\Settings2\GenshinGameInputSettings.cs(8,19): warning CS8618: 在退出构造函数时，不可为 null 的 属性 "ScriptVersion" 必须包含非 null 值。请考虑添加 "required" 修饰符或将该 属性 声明为可为 null。 [E:\Program Files\better-genshin-impact-LCB\BetterGenshinImpact\BetterGenshinImpact_lzryyj0u_wpftmp.csproj]
E:\Program Files\better-genshin-impact-LCB\BetterGenshinImpact\Genshin\Settings2\GenshinGameInputSettings.cs(11,19): warning CS8618: 在退出构造函数时，不可为 null 的 属性 "MouseSensitivity" 必须包含非 null 值。请考虑添加 "required" 修饰符或将该 属性 声明为可为 null。 [E:\Program Files\better-genshin-impact-LCB\BetterGenshinImpact\BetterGenshinImpact_lzryyj0u_wpftmp.csproj]
E:\Program Files\better-genshin-impact-LCB\BetterGenshinImpact\GameTask\AutoDomain\AutoDomainTask.cs(168,64): warning CS8604: “CombatScriptBag CombatScriptParser.ReadAndParse(string path)”中的形参“path”可能传入 null 引用实参。 [E:\Program Files\better-genshin-impact-LCB\BetterGenshinImpact\BetterGenshinImpact_lzryyj0u_wpftmp.csproj]
E:\Program Files\better-genshin-impact-LCB\BetterGenshinImpact\Core\Recognition\OpenCv\TemplateMatchStabilityDetector.cs(95,25): warning CS8625: 无法将 null 字面量转换为非 null 的引用类型。 [E:\Program Files\better-genshin-impact-LCB\BetterGenshinImpact\BetterGenshinImpact_lzryyj0u_wpftmp.csproj]
E:\Program Files\better-genshin-impact-LCB\BetterGenshinImpact\Core\Recognition\OpenCv\TemplateMatchStabilityDetector.cs(101,25): warning CS8625: 无法将 null 字面量转换为非 null 的引用类型。 [E:\Program Files\better-genshin-impact-LCB\BetterGenshinImpact\BetterGenshinImpact_lzryyj0u_wpftmp.csproj]
E:\Program Files\better-genshin-impact-LCB\BetterGenshinImpact\Core\Recognition\OpenCv\TemplateMatchStabilityDetector.cs(9,17): warning CS8618: 在退出构造函数时，不可为 null 的 字段 "previousFrame" 必须包含非 null 值。请考虑添加 "required" 修饰符或将该 字段 声明为可为 null。 [E:\Program Files\better-genshin-impact-LCB\BetterGenshinImpact\BetterGenshinImpact_lzryyj0u_wpftmp.csproj]
E:\Program Files\better-genshin-impact-LCB\BetterGenshinImpact\GameTask\AutoEat\AutoEatTask.cs(101,39): warning CS8600: 将 null 文本或可能的 null 值转换为不可为 null 类型。 [E:\Program Files\better-genshin-impact-LCB\BetterGenshinImpact\BetterGenshinImpact_lzryyj0u_wpftmp.csproj]
E:\Program Files\better-genshin-impact-LCB\BetterGenshinImpact\Core\Script\WebView\FileAccessBridge.cs(12,19): warning CS8618: 在退出构造函数时，不可为 null 的 属性 "Name" 必须包含非 null 值。请考虑添加 "required" 修饰符或将该 属性 声明为可为 null。 [E:\Program Files\better-genshin-impact-LCB\BetterGenshinImpact\BetterGenshinImpact_lzryyj0u_wpftmp.csproj]
E:\Program Files\better-genshin-impact-LCB\BetterGenshinImpact\Core\Script\WebView\FileAccessBridge.cs(13,19): warning CS8618: 在退出构造函数时，不可为 null 的 属性 "RelativePath" 必须包含非 null 值。请考虑添加 "required" 修饰符或将该 属性 声明为可为 null。 [E:\Program Files\better-genshin-impact-LCB\BetterGenshinImpact\BetterGenshinImpact_lzryyj0u_wpftmp.csproj]
E:\Program Files\better-genshin-impact-LCB\BetterGenshinImpact\Core\Script\Utils\JsonMerger.cs(53,35): warning CS8604: “JObject? JsonMerger.GetRefFile(JObject jObject, string filePath)”中的形参“jObject”可能传入 null 引用实参。 [E:\Program Files\better-genshin-impact-LCB\BetterGenshinImpact\BetterGenshinImpact_lzryyj0u_wpftmp.csproj]
E:\Program Files\better-genshin-impact-LCB\BetterGenshinImpact\Core\Script\Utils\JsonMerger.cs(72,41): warning CS8604: “string Path.Combine(string path1, string path2)”中的形参“path1”可能传入 null 引用实参。 [E:\Program Files\better-genshin-impact-LCB\BetterGenshinImpact\BetterGenshinImpact_lzryyj0u_wpftmp.csproj]
E:\Program Files\better-genshin-impact-LCB\BetterGenshinImpact\Core\Script\Utils\JsonMerger.cs(89,31): warning CS8600: 将 null 文本或可能的 null 值转换为不可为 null 类型。 [E:\Program Files\better-genshin-impact-LCB\BetterGenshinImpact\BetterGenshinImpact_lzryyj0u_wpftmp.csproj]
E:\Program Files\better-genshin-impact-LCB\BetterGenshinImpact\Core\Script\Utils\JsonMerger.cs(91,49): warning CS8604: “string Path.Combine(string path1, string path2)”中的形参“path1”可能传入 null 引用实参。 [E:\Program Files\better-genshin-impact-LCB\BetterGenshinImpact\BetterGenshinImpact_lzryyj0u_wpftmp.csproj]
E:\Program Files\better-genshin-impact-LCB\BetterGenshinImpact\Core\Script\Utils\JsonMerger.cs(123,30): warning CS8600: 将 null 文本或可能的 null 值转换为不可为 null 类型。 [E:\Program Files\better-genshin-impact-LCB\BetterGenshinImpact\BetterGenshinImpact_lzryyj0u_wpftmp.csproj]
E:\Program Files\better-genshin-impact-LCB\BetterGenshinImpact\Core\Script\Utils\JsonMerger.cs(130,27): warning CS8600: 将 null 文本或可能的 null 值转换为不可为 null 类型。 [E:\Program Files\better-genshin-impact-LCB\BetterGenshinImpact\BetterGenshinImpact_lzryyj0u_wpftmp.csproj]
E:\Program Files\better-genshin-impact-LCB\BetterGenshinImpact\Core\Script\Utils\JsonMerger.cs(137,36): warning CS8600: 将 null 文本或可能的 null 值转换为不可为 null 类型。 [E:\Program Files\better-genshin-impact-LCB\BetterGenshinImpact\BetterGenshinImpact_lzryyj0u_wpftmp.csproj]
E:\Program Files\better-genshin-impact-LCB\BetterGenshinImpact\View\Windows\SkillCdConfigWindow.xaml.cs(64,31): warning CS8601: 可能的 null 引用赋值。 [E:\Program Files\better-genshin-impact-LCB\BetterGenshinImpact\BetterGenshinImpact_lzryyj0u_wpftmp.csproj]
E:\Program Files\better-genshin-impact-LCB\BetterGenshinImpact\Core\Script\Utils\JsonMerger.cs(165,34): warning CS8600: 将 null 文本或可能的 null 值转换为不可为 null 类型。 [E:\Program Files\better-genshin-impact-LCB\BetterGenshinImpact\BetterGenshinImpact_lzryyj0u_wpftmp.csproj]
E:\Program Files\better-genshin-impact-LCB\BetterGenshinImpact\Core\Script\Utils\JsonMerger.cs(196,26): warning CS8600: 将 null 文本或可能的 null 值转换为不可为 null 类型。 [E:\Program Files\better-genshin-impact-LCB\BetterGenshinImpact\BetterGenshinImpact_lzryyj0u_wpftmp.csproj]
E:\Program Files\better-genshin-impact-LCB\BetterGenshinImpact\Core\Script\Utils\JsonMerger.cs(204,40): warning CS8602: 解引用可能出现空引用。 [E:\Program Files\better-genshin-impact-LCB\BetterGenshinImpact\BetterGenshinImpact_lzryyj0u_wpftmp.csproj]
E:\Program Files\better-genshin-impact-LCB\BetterGenshinImpact\Core\Script\Utils\JsonMerger.cs(212,25): warning CS8600: 将 null 文本或可能的 null 值转换为不可为 null 类型。 [E:\Program Files\better-genshin-impact-LCB\BetterGenshinImpact\BetterGenshinImpact_lzryyj0u_wpftmp.csproj]
E:\Program Files\better-genshin-impact-LCB\BetterGenshinImpact\Core\Script\Utils\JsonMerger.cs(218,39): warning CS8600: 将 null 文本或可能的 null 值转换为不可为 null 类型。 [E:\Program Files\better-genshin-impact-LCB\BetterGenshinImpact\BetterGenshinImpact_lzryyj0u_wpftmp.csproj]
E:\Program Files\better-genshin-impact-LCB\BetterGenshinImpact\Core\Script\Utils\JsonMerger.cs(222,42): warning CS8600: 将 null 文本或可能的 null 值转换为不可为 null 类型。 [E:\Program Files\better-genshin-impact-LCB\BetterGenshinImpact\BetterGenshinImpact_lzryyj0u_wpftmp.csproj]
E:\Program Files\better-genshin-impact-LCB\BetterGenshinImpact\Core\Recognition\OpenCv\MatchTemplateHelper.cs(73,16): warning CS0612: “MatchTemplateHelper.MatchTemplateMulti(Mat, Mat, Mat?, double, int)”已过时 [E:\Program Files\better-genshin-impact-LCB\BetterGenshinImpact\BetterGenshinImpact_lzryyj0u_wpftmp.csproj]
E:\Program Files\better-genshin-impact-LCB\BetterGenshinImpact\View\Windows\ScriptRepoWindow.xaml.cs(85,12): warning CS8618: 在退出构造函数时，不可为 null 的 字段 "_repoChannels" 必须包含非 null 值。请考虑添加 "required" 修饰符或将该 字段 声明为可为 null。 [E:\Program Files\better-genshin-impact-LCB\BetterGenshinImpact\BetterGenshinImpact_lzryyj0u_wpftmp.csproj]
E:\Program Files\better-genshin-impact-LCB\BetterGenshinImpact\GameTask\UseRedeemCode\AutoRedeemCodeChecker.cs(279,30): warning CS8604: “IEnumerable<RedeemCode> Enumerable.Select<string, RedeemCode>(IEnumerable<string> source, Func<string, RedeemCode> selector)”中的形参“source”可能传入 null 引用实参。 [E:\Program Files\better-genshin-impact-LCB\BetterGenshinImpact\BetterGenshinImpact_lzryyj0u_wpftmp.csproj]
E:\Program Files\better-genshin-impact-LCB\BetterGenshinImpact\Core\Recognition\OCR\OcrFactory.cs(80,26): warning CS0168: 声明了变量“e”，但从未使用过 [E:\Program Files\better-genshin-impact-LCB\BetterGenshinImpact\BetterGenshinImpact_lzryyj0u_wpftmp.csproj]
E:\Program Files\better-genshin-impact-LCB\BetterGenshinImpact\GameTask\TaskTriggerDispatcher.cs(74,16): warning CS8618: 在退出构造函数时，不可为 null 的 字段 "_winEventProc" 必须包含非 null 值。请考虑添加 "required" 修饰符或将该 字段 声明为可为 null。 [E:\Program Files\better-genshin-impact-LCB\BetterGenshinImpact\BetterGenshinImpact_lzryyj0u_wpftmp.csproj]
E:\Program Files\better-genshin-impact-LCB\BetterGenshinImpact\Core\Recognition\OpenCv\MatchTemplateHelper.cs(215,68): warning CS8604: “InputArray.implicit operator InputArray(Mat mat)”中的形参“mat”可能传入 null 引用实参。 [E:\Program Files\better-genshin-impact-LCB\BetterGenshinImpact\BetterGenshinImpact_lzryyj0u_wpftmp.csproj]
E:\Program Files\better-genshin-impact-LCB\BetterGenshinImpact\Core\Script\EngineExtend.cs(51,59): warning CS8604: “Dispatcher.Dispatcher(object config)”中的形参“config”可能传入 null 引用实参。 [E:\Program Files\better-genshin-impact-LCB\BetterGenshinImpact\BetterGenshinImpact_lzryyj0u_wpftmp.csproj]
E:\Program Files\better-genshin-impact-LCB\BetterGenshinImpact\Core\Script\Dependence\Dispatcher.cs(183,81): warning CS8600: 将 null 文本或可能的 null 值转换为不可为 null 类型。 [E:\Program Files\better-genshin-impact-LCB\BetterGenshinImpact\BetterGenshinImpact_lzryyj0u_wpftmp.csproj]
E:\Program Files\better-genshin-impact-LCB\BetterGenshinImpact\Core\Script\Dependence\Dispatcher.cs(183,81): warning CS8604: “string ScriptObjectConverter.GetValue<string>(ScriptObject source, string propertyName, string defaultValue)”中的形参“source”可能传入 null 引用实参。 [E:\Program Files\better-genshin-impact-LCB\BetterGenshinImpact\BetterGenshinImpact_lzryyj0u_wpftmp.csproj]
E:\Program Files\better-genshin-impact-LCB\BetterGenshinImpact\GameTask\AutoDomain\AutoDomainTask.cs(783,30): warning CS8602: 解引用可能出现空引用。 [E:\Program Files\better-genshin-impact-LCB\BetterGenshinImpact\BetterGenshinImpact_lzryyj0u_wpftmp.csproj]
E:\Program Files\better-genshin-impact-LCB\BetterGenshinImpact\GameTask\AutoDomain\AutoDomainTask.cs(784,48): warning CS8602: 解引用可能出现空引用。 [E:\Program Files\better-genshin-impact-LCB\BetterGenshinImpact\BetterGenshinImpact_lzryyj0u_wpftmp.csproj]
E:\Program Files\better-genshin-impact-LCB\BetterGenshinImpact\Core\Script\Group\ScriptGroupProject.cs(258,39): warning CS8601: 可能的 null 引用赋值。 [E:\Program Files\better-genshin-impact-LCB\BetterGenshinImpact\BetterGenshinImpact_lzryyj0u_wpftmp.csproj]
E:\Program Files\better-genshin-impact-LCB\BetterGenshinImpact\Core\Script\Dependence\GlobalMethod.cs(291,13): warning CS4014: 由于此调用不会等待，因此在此调用完成之前将会继续执行当前方法。请考虑将 "await" 运算符应用于调用结果。 [E:\Program Files\better-genshin-impact-LCB\BetterGenshinImpact\BetterGenshinImpact_lzryyj0u_wpftmp.csproj]
E:\Program Files\better-genshin-impact-LCB\BetterGenshinImpact\Core\Script\Dependence\GlobalMethod.cs(293,13): warning CS4014: 由于此调用不会等待，因此在此调用完成之前将会继续执行当前方法。请考虑将 "await" 运算符应用于调用结果。 [E:\Program Files\better-genshin-impact-LCB\BetterGenshinImpact\BetterGenshinImpact_lzryyj0u_wpftmp.csproj]
E:\Program Files\better-genshin-impact-LCB\BetterGenshinImpact\Core\Script\Dependence\GlobalMethod.cs(297,13): warning CS4014: 由于此调用不会等待，因此在此调用完成之前将会继续执行当前方法。请考虑将 "await" 运算符应用于调用结果。 [E:\Program Files\better-genshin-impact-LCB\BetterGenshinImpact\BetterGenshinImpact_lzryyj0u_wpftmp.csproj]
E:\Program Files\better-genshin-impact-LCB\BetterGenshinImpact\Core\Script\Dependence\KeyMouseHook.cs(144,42): warning CS0168: 声明了变量“ex”，但从未使用过 [E:\Program Files\better-genshin-impact-LCB\BetterGenshinImpact\BetterGenshinImpact_lzryyj0u_wpftmp.csproj]
E:\Program Files\better-genshin-impact-LCB\BetterGenshinImpact\Service\UpdateService.cs(131,25): warning CS0162: 检测到无法访问的代码 [E:\Program Files\better-genshin-impact-LCB\BetterGenshinImpact\BetterGenshinImpact_lzryyj0u_wpftmp.csproj]
E:\Program Files\better-genshin-impact-LCB\BetterGenshinImpact\GameTask\AutoBoss\AutoBossTask.cs(857,30): warning CS8602: 解引用可能出现空引用。 [E:\Program Files\better-genshin-impact-LCB\BetterGenshinImpact\BetterGenshinImpact_lzryyj0u_wpftmp.csproj]
E:\Program Files\better-genshin-impact-LCB\BetterGenshinImpact\GameTask\AutoBoss\AutoBossTask.cs(858,13): warning CS8602: 解引用可能出现空引用。 [E:\Program Files\better-genshin-impact-LCB\BetterGenshinImpact\BetterGenshinImpact_lzryyj0u_wpftmp.csproj]
E:\Program Files\better-genshin-impact-LCB\BetterGenshinImpact\GameTask\AutoFightOfficial\Script\ConditionEvaluator.cs(590,42): warning CS0612: “AutoFightSkill.AvatarQSkillAsync(ImageRegion?, List<int>?, int?)”已过时 [E:\Program Files\better-genshin-impact-LCB\BetterGenshinImpact\BetterGenshinImpact_lzryyj0u_wpftmp.csproj]
E:\Program Files\better-genshin-impact-LCB\BetterGenshinImpact\GameTask\AutoFightOfficial\Script\ConditionEvaluator.cs(598,39): warning CS0612: “AutoFightSkill.AvatarQSkillAsync(ImageRegion?, List<int>?, int?)”已过时 [E:\Program Files\better-genshin-impact-LCB\BetterGenshinImpact\BetterGenshinImpact_lzryyj0u_wpftmp.csproj]
E:\Program Files\better-genshin-impact-LCB\BetterGenshinImpact\GameTask\AutoFight\AllExpDetector.cs(93,51): warning CS8604: “InputArray.implicit operator InputArray(Mat mat)”中的形参“mat”可能传入 null 引用实参。 [E:\Program Files\better-genshin-impact-LCB\BetterGenshinImpact\BetterGenshinImpact_lzryyj0u_wpftmp.csproj]
E:\Program Files\better-genshin-impact-LCB\BetterGenshinImpact\GameTask\AutoFightOfficial\AutoFightParam.cs(115,12): warning CS8618: 在退出构造函数时，不可为 null 的 属性 "CombatStrategyPath" 必须包含非 null 值。请考虑添加 "required" 修饰符或将该 属性 声明为可为 null。 [E:\Program Files\better-genshin-impact-LCB\BetterGenshinImpact\BetterGenshinImpact_lzryyj0u_wpftmp.csproj]
E:\Program Files\better-genshin-impact-LCB\BetterGenshinImpact\GameTask\AutoFightOfficial\AutoFightParam.cs(115,12): warning CS8618: 在退出构造函数时，不可为 null 的 字段 "KazuhaPartyName" 必须包含非 null 值。请考虑添加 "required" 修饰符或将该 字段 声明为可为 null。 [E:\Program Files\better-genshin-impact-LCB\BetterGenshinImpact\BetterGenshinImpact_lzryyj0u_wpftmp.csproj]
E:\Program Files\better-genshin-impact-LCB\BetterGenshinImpact\GameTask\AutoFishing\Behaviours.PartII.cs(480,47): warning CS1998: 此异步方法缺少 "await" 运算符，将以同步方式运行。请考虑使用 "await" 运算符等待非阻止的 API 调用，或者使用 "await Task.Run(...)" 在后台线程上执行占用大量 CPU 的工作。 [E:\Program Files\better-genshin-impact-LCB\BetterGenshinImpact\BetterGenshinImpact_lzryyj0u_wpftmp.csproj]
E:\Program Files\better-genshin-impact-LCB\BetterGenshinImpact\GameTask\AutoFishing\Behaviours.PartII.cs(445,47): warning CS1998: 此异步方法缺少 "await" 运算符，将以同步方式运行。请考虑使用 "await" 运算符等待非阻止的 API 调用，或者使用 "await Task.Run(...)" 在后台线程上执行占用大量 CPU 的工作。 [E:\Program Files\better-genshin-impact-LCB\BetterGenshinImpact\BetterGenshinImpact_lzryyj0u_wpftmp.csproj]
E:\Program Files\better-genshin-impact-LCB\BetterGenshinImpact\GameTask\AutoFishing\Behaviours.PartII.cs(414,47): warning CS1998: 此异步方法缺少 "await" 运算符，将以同步方式运行。请考虑使用 "await" 运算符等待非阻止的 API 调用，或者使用 "await Task.Run(...)" 在后台线程上执行占用大量 CPU 的工作。 [E:\Program Files\better-genshin-impact-LCB\BetterGenshinImpact\BetterGenshinImpact_lzryyj0u_wpftmp.csproj]
E:\Program Files\better-genshin-impact-LCB\BetterGenshinImpact\GameTask\AutoFightOfficial\Script\CombatScriptExecutor.cs(24,30): warning CS1998: 此异步方法缺少 "await" 运算符，将以同步方式运行。请考虑使用 "await" 运算符等待非阻止的 API 调用，或者使用 "await Task.Run(...)" 在后台线程上执行占用大量 CPU 的工作。 [E:\Program Files\better-genshin-impact-LCB\BetterGenshinImpact\BetterGenshinImpact_lzryyj0u_wpftmp.csproj]
E:\Program Files\better-genshin-impact-LCB\BetterGenshinImpact\GameTask\AutoFishing\Behaviours.PartII.cs(380,47): warning CS1998: 此异步方法缺少 "await" 运算符，将以同步方式运行。请考虑使用 "await" 运算符等待非阻止的 API 调用，或者使用 "await Task.Run(...)" 在后台线程上执行占用大量 CPU 的工作。 [E:\Program Files\better-genshin-impact-LCB\BetterGenshinImpact\BetterGenshinImpact_lzryyj0u_wpftmp.csproj]
E:\Program Files\better-genshin-impact-LCB\BetterGenshinImpact\GameTask\AutoFightOfficial\AutoFightSeek.cs(294,29): warning CS4014: 由于此调用不会等待，因此在此调用完成之前将会继续执行当前方法。请考虑将 "await" 运算符应用于调用结果。 [E:\Program Files\better-genshin-impact-LCB\BetterGenshinImpact\BetterGenshinImpact_lzryyj0u_wpftmp.csproj]
E:\Program Files\better-genshin-impact-LCB\BetterGenshinImpact\GameTask\AutoFightOfficial\AutoFightSeek.cs(403,29): warning CS4014: 由于此调用不会等待，因此在此调用完成之前将会继续执行当前方法。请考虑将 "await" 运算符应用于调用结果。 [E:\Program Files\better-genshin-impact-LCB\BetterGenshinImpact\BetterGenshinImpact_lzryyj0u_wpftmp.csproj]
E:\Program Files\better-genshin-impact-LCB\BetterGenshinImpact\GameTask\AutoFishing\Behaviours.PartII.cs(328,47): warning CS1998: 此异步方法缺少 "await" 运算符，将以同步方式运行。请考虑使用 "await" 运算符等待非阻止的 API 调用，或者使用 "await Task.Run(...)" 在后台线程上执行占用大量 CPU 的工作。 [E:\Program Files\better-genshin-impact-LCB\BetterGenshinImpact\BetterGenshinImpact_lzryyj0u_wpftmp.csproj]
E:\Program Files\better-genshin-impact-LCB\BetterGenshinImpact\GameTask\AutoFightOfficial\Script\CombatCommand.cs(22,12): warning CS8618: 在退出构造函数时，不可为 null 的 属性 "ActivatingRound" 必须包含非 null 值。请考虑添加 "required" 修饰符或将该 属性 声明为可为 null。 [E:\Program Files\better-genshin-impact-LCB\BetterGenshinImpact\BetterGenshinImpact_lzryyj0u_wpftmp.csproj]
E:\Program Files\better-genshin-impact-LCB\BetterGenshinImpact\GameTask\AutoFightOfficial\Script\CombatCommand.cs(122,17): warning CS8604: “void CombatCommand.Execute(Avatar avatar)”中的形参“avatar”可能传入 null 引用实参。 [E:\Program Files\better-genshin-impact-LCB\BetterGenshinImpact\BetterGenshinImpact_lzryyj0u_wpftmp.csproj]
E:\Program Files\better-genshin-impact-LCB\BetterGenshinImpact\GameTask\AutoFishing\Behaviours.PartII.cs(238,47): warning CS1998: 此异步方法缺少 "await" 运算符，将以同步方式运行。请考虑使用 "await" 运算符等待非阻止的 API 调用，或者使用 "await Task.Run(...)" 在后台线程上执行占用大量 CPU 的工作。 [E:\Program Files\better-genshin-impact-LCB\BetterGenshinImpact\BetterGenshinImpact_lzryyj0u_wpftmp.csproj]
E:\Program Files\better-genshin-impact-LCB\BetterGenshinImpact\Model\KeyBindingSettingModel.cs(36,12): warning CS8618: 在退出构造函数时，不可为 null 的 属性 "ConfigPropertyName" 必须包含非 null 值。请考虑添加 "required" 修饰符或将该 属性 声明为可为 null。 [E:\Program Files\better-genshin-impact-LCB\BetterGenshinImpact\BetterGenshinImpact_lzryyj0u_wpftmp.csproj]
E:\Program Files\better-genshin-impact-LCB\BetterGenshinImpact\GameTask\AutoFishing\Behaviours.PartII.cs(136,47): warning CS1998: 此异步方法缺少 "await" 运算符，将以同步方式运行。请考虑使用 "await" 运算符等待非阻止的 API 调用，或者使用 "await Task.Run(...)" 在后台线程上执行占用大量 CPU 的工作。 [E:\Program Files\better-genshin-impact-LCB\BetterGenshinImpact\BetterGenshinImpact_lzryyj0u_wpftmp.csproj]
E:\Program Files\better-genshin-impact-LCB\BetterGenshinImpact\GameTask\AutoFightOfficial\AutoFightTask.cs(181,12): warning CS8618: 在退出构造函数时，不可为 null 的 字段 "_predictor" 必须包含非 null 值。请考虑添加 "required" 修饰符或将该 字段 声明为可为 null。 [E:\Program Files\better-genshin-impact-LCB\BetterGenshinImpact\BetterGenshinImpact_lzryyj0u_wpftmp.csproj]
E:\Program Files\better-genshin-impact-LCB\BetterGenshinImpact\GameTask\AutoFishing\Behaviours.PartII.cs(99,47): warning CS1998: 此异步方法缺少 "await" 运算符，将以同步方式运行。请考虑使用 "await" 运算符等待非阻止的 API 调用，或者使用 "await Task.Run(...)" 在后台线程上执行占用大量 CPU 的工作。 [E:\Program Files\better-genshin-impact-LCB\BetterGenshinImpact\BetterGenshinImpact_lzryyj0u_wpftmp.csproj]
E:\Program Files\better-genshin-impact-LCB\BetterGenshinImpact\GameTask\AutoFightOfficial\AutoFightJsonTask.cs(74,27): warning CS8618: 在退出构造函数时，不可为 null 的 属性 "Action" 必须包含非 null 值。请考虑添加 "required" 修饰符或将该 属性 声明为可为 null。 [E:\Program Files\better-genshin-impact-LCB\BetterGenshinImpact\BetterGenshinImpact_lzryyj0u_wpftmp.csproj]
E:\Program Files\better-genshin-impact-LCB\BetterGenshinImpact\GameTask\AutoFightOfficial\AutoFightJsonTask.cs(75,23): warning CS8618: 在退出构造函数时，不可为 null 的 属性 "Expression" 必须包含非 null 值。请考虑添加 "required" 修饰符或将该 属性 声明为可为 null。 [E:\Program Files\better-genshin-impact-LCB\BetterGenshinImpact\BetterGenshinImpact_lzryyj0u_wpftmp.csproj]
E:\Program Files\better-genshin-impact-LCB\BetterGenshinImpact\GameTask\AutoFishing\Behaviours.PartII.cs(60,47): warning CS1998: 此异步方法缺少 "await" 运算符，将以同步方式运行。请考虑使用 "await" 运算符等待非阻止的 API 调用，或者使用 "await Task.Run(...)" 在后台线程上执行占用大量 CPU 的工作。 [E:\Program Files\better-genshin-impact-LCB\BetterGenshinImpact\BetterGenshinImpact_lzryyj0u_wpftmp.csproj]
E:\Program Files\better-genshin-impact-LCB\BetterGenshinImpact\Model\HotKeySettingModel.cs(70,12): warning CS8618: 在退出构造函数时，不可为 null 的 字段 "_hotKeyTypeName" 必须包含非 null 值。请考虑添加 "required" 修饰符或将该 字段 声明为可为 null。 [E:\Program Files\better-genshin-impact-LCB\BetterGenshinImpact\BetterGenshinImpact_lzryyj0u_wpftmp.csproj]
E:\Program Files\better-genshin-impact-LCB\BetterGenshinImpact\Model\HotKeySettingModel.cs(70,12): warning CS8618: 在退出构造函数时，不可为 null 的 属性 "ConfigPropertyName" 必须包含非 null 值。请考虑添加 "required" 修饰符或将该 属性 声明为可为 null。 [E:\Program Files\better-genshin-impact-LCB\BetterGenshinImpact\BetterGenshinImpact_lzryyj0u_wpftmp.csproj]
E:\Program Files\better-genshin-impact-LCB\BetterGenshinImpact\GameTask\AutoFishing\Behaviours.cs(1417,47): warning CS1998: 此异步方法缺少 "await" 运算符，将以同步方式运行。请考虑使用 "await" 运算符等待非阻止的 API 调用，或者使用 "await Task.Run(...)" 在后台线程上执行占用大量 CPU 的工作。 [E:\Program Files\better-genshin-impact-LCB\BetterGenshinImpact\BetterGenshinImpact_lzryyj0u_wpftmp.csproj]
E:\Program Files\better-genshin-impact-LCB\BetterGenshinImpact\GameTask\AutoFishing\Behaviours.cs(1374,47): warning CS1998: 此异步方法缺少 "await" 运算符，将以同步方式运行。请考虑使用 "await" 运算符等待非阻止的 API 调用，或者使用 "await Task.Run(...)" 在后台线程上执行占用大量 CPU 的工作。 [E:\Program Files\better-genshin-impact-LCB\BetterGenshinImpact\BetterGenshinImpact_lzryyj0u_wpftmp.csproj]
E:\Program Files\better-genshin-impact-LCB\BetterGenshinImpact\GameTask\AutoFishing\Behaviours.cs(1197,47): warning CS1998: 此异步方法缺少 "await" 运算符，将以同步方式运行。请考虑使用 "await" 运算符等待非阻止的 API 调用，或者使用 "await Task.Run(...)" 在后台线程上执行占用大量 CPU 的工作。 [E:\Program Files\better-genshin-impact-LCB\BetterGenshinImpact\BetterGenshinImpact_lzryyj0u_wpftmp.csproj]
E:\Program Files\better-genshin-impact-LCB\BetterGenshinImpact\GameTask\AutoFightOfficial\ExperienceDetector.cs(117,82): warning CS8602: 解引用可能出现空引用。 [E:\Program Files\better-genshin-impact-LCB\BetterGenshinImpact\BetterGenshinImpact_lzryyj0u_wpftmp.csproj]
E:\Program Files\better-genshin-impact-LCB\BetterGenshinImpact\GameTask\SystemControl.cs(452,26): warning CS8602: 解引用可能出现空引用。 [E:\Program Files\better-genshin-impact-LCB\BetterGenshinImpact\BetterGenshinImpact_lzryyj0u_wpftmp.csproj]
E:\Program Files\better-genshin-impact-LCB\BetterGenshinImpact\GameTask\AutoFishing\Behaviours.cs(1094,47): warning CS1998: 此异步方法缺少 "await" 运算符，将以同步方式运行。请考虑使用 "await" 运算符等待非阻止的 API 调用，或者使用 "await Task.Run(...)" 在后台线程上执行占用大量 CPU 的工作。 [E:\Program Files\better-genshin-impact-LCB\BetterGenshinImpact\BetterGenshinImpact_lzryyj0u_wpftmp.csproj]
E:\Program Files\better-genshin-impact-LCB\BetterGenshinImpact\View\Controls\CascadeSelector.xaml.cs(229,9): warning CS8602: 解引用可能出现空引用。 [E:\Program Files\better-genshin-impact-LCB\BetterGenshinImpact\BetterGenshinImpact_lzryyj0u_wpftmp.csproj]
E:\Program Files\better-genshin-impact-LCB\BetterGenshinImpact\GameTask\AutoFishing\Behaviours.cs(1036,47): warning CS1998: 此异步方法缺少 "await" 运算符，将以同步方式运行。请考虑使用 "await" 运算符等待非阻止的 API 调用，或者使用 "await Task.Run(...)" 在后台线程上执行占用大量 CPU 的工作。 [E:\Program Files\better-genshin-impact-LCB\BetterGenshinImpact\BetterGenshinImpact_lzryyj0u_wpftmp.csproj]
E:\Program Files\better-genshin-impact-LCB\BetterGenshinImpact\GameTask\AutoFishing\Behaviours.cs(948,47): warning CS1998: 此异步方法缺少 "await" 运算符，将以同步方式运行。请考虑使用 "await" 运算符等待非阻止的 API 调用，或者使用 "await Task.Run(...)" 在后台线程上执行占用大量 CPU 的工作。 [E:\Program Files\better-genshin-impact-LCB\BetterGenshinImpact\BetterGenshinImpact_lzryyj0u_wpftmp.csproj]
E:\Program Files\better-genshin-impact-LCB\BetterGenshinImpact\GameTask\AutoFishing\Behaviours.cs(899,47): warning CS1998: 此异步方法缺少 "await" 运算符，将以同步方式运行。请考虑使用 "await" 运算符等待非阻止的 API 调用，或者使用 "await Task.Run(...)" 在后台线程上执行占用大量 CPU 的工作。 [E:\Program Files\better-genshin-impact-LCB\BetterGenshinImpact\BetterGenshinImpact_lzryyj0u_wpftmp.csproj]
E:\Program Files\better-genshin-impact-LCB\BetterGenshinImpact\Model\EnumItem.cs(8,14): warning CS8618: 在退出构造函数时，不可为 null 的 属性 "Value" 必须包含非 null 值。请考虑添加 "required" 修饰符或将该 属性 声明为可为 null。 [E:\Program Files\better-genshin-impact-LCB\BetterGenshinImpact\BetterGenshinImpact_lzryyj0u_wpftmp.csproj]
E:\Program Files\better-genshin-impact-LCB\BetterGenshinImpact\Model\EnumItem.cs(9,19): warning CS8618: 在退出构造函数时，不可为 null 的 属性 "DisplayName" 必须包含非 null 值。请考虑添加 "required" 修饰符或将该 属性 声明为可为 null。 [E:\Program Files\better-genshin-impact-LCB\BetterGenshinImpact\BetterGenshinImpact_lzryyj0u_wpftmp.csproj]
E:\Program Files\better-genshin-impact-LCB\BetterGenshinImpact\GameTask\AutoFishing\Behaviours.cs(844,47): warning CS1998: 此异步方法缺少 "await" 运算符，将以同步方式运行。请考虑使用 "await" 运算符等待非阻止的 API 调用，或者使用 "await Task.Run(...)" 在后台线程上执行占用大量 CPU 的工作。 [E:\Program Files\better-genshin-impact-LCB\BetterGenshinImpact\BetterGenshinImpact_lzryyj0u_wpftmp.csproj]
E:\Program Files\better-genshin-impact-LCB\BetterGenshinImpact\GameTask\AutoFishing\Behaviours.cs(791,47): warning CS1998: 此异步方法缺少 "await" 运算符，将以同步方式运行。请考虑使用 "await" 运算符等待非阻止的 API 调用，或者使用 "await Task.Run(...)" 在后台线程上执行占用大量 CPU 的工作。 [E:\Program Files\better-genshin-impact-LCB\BetterGenshinImpact\BetterGenshinImpact_lzryyj0u_wpftmp.csproj]
E:\Program Files\better-genshin-impact-LCB\BetterGenshinImpact\GameTask\AutoFishing\Behaviours.cs(748,47): warning CS1998: 此异步方法缺少 "await" 运算符，将以同步方式运行。请考虑使用 "await" 运算符等待非阻止的 API 调用，或者使用 "await Task.Run(...)" 在后台线程上执行占用大量 CPU 的工作。 [E:\Program Files\better-genshin-impact-LCB\BetterGenshinImpact\BetterGenshinImpact_lzryyj0u_wpftmp.csproj]
E:\Program Files\better-genshin-impact-LCB\BetterGenshinImpact\GameTask\AutoFight\Script\ConditionEvaluator.cs(607,42): warning CS0612: “AutoFightSkill.AvatarQSkillAsync(ImageRegion?, List<int>?, int?)”已过时 [E:\Program Files\better-genshin-impact-LCB\BetterGenshinImpact\BetterGenshinImpact_lzryyj0u_wpftmp.csproj]
E:\Program Files\better-genshin-impact-LCB\BetterGenshinImpact\GameTask\AutoFight\Script\ConditionEvaluator.cs(615,39): warning CS0612: “AutoFightSkill.AvatarQSkillAsync(ImageRegion?, List<int>?, int?)”已过时 [E:\Program Files\better-genshin-impact-LCB\BetterGenshinImpact\BetterGenshinImpact_lzryyj0u_wpftmp.csproj]
E:\Program Files\better-genshin-impact-LCB\BetterGenshinImpact\View\Behavior\RightClickSelectBehavior.cs(42,57): warning CS8604: “TreeViewItem RightClickSelectBehavior.VisualUpwardSearch<TreeViewItem>(DependencyObject source)”中的形参“source”可能传入 null 引用实参。 [E:\Program Files\better-genshin-impact-LCB\BetterGenshinImpact\BetterGenshinImpact_lzryyj0u_wpftmp.csproj]
E:\Program Files\better-genshin-impact-LCB\BetterGenshinImpact\View\Behavior\RightClickSelectBehavior.cs(57,16): warning CS8603: 可能返回 null 引用。 [E:\Program Files\better-genshin-impact-LCB\BetterGenshinImpact\BetterGenshinImpact_lzryyj0u_wpftmp.csproj]
E:\Program Files\better-genshin-impact-LCB\BetterGenshinImpact\GameTask\AutoFightOfficial\AutoFightJsonTask.cs(643,17): warning CS4014: 由于此调用不会等待，因此在此调用完成之前将会继续执行当前方法。请考虑将 "await" 运算符应用于调用结果。 [E:\Program Files\better-genshin-impact-LCB\BetterGenshinImpact\BetterGenshinImpact_lzryyj0u_wpftmp.csproj]
E:\Program Files\better-genshin-impact-LCB\BetterGenshinImpact\GameTask\AutoFightOfficial\AutoFightTask.cs(311,21): warning CS4014: 由于此调用不会等待，因此在此调用完成之前将会继续执行当前方法。请考虑将 "await" 运算符应用于调用结果。 [E:\Program Files\better-genshin-impact-LCB\BetterGenshinImpact\BetterGenshinImpact_lzryyj0u_wpftmp.csproj]
E:\Program Files\better-genshin-impact-LCB\BetterGenshinImpact\GameTask\AutoFightOfficial\AutoFightTask.cs(772,37): warning CS4014: 由于此调用不会等待，因此在此调用完成之前将会继续执行当前方法。请考虑将 "await" 运算符应用于调用结果。 [E:\Program Files\better-genshin-impact-LCB\BetterGenshinImpact\BetterGenshinImpact_lzryyj0u_wpftmp.csproj]
E:\Program Files\better-genshin-impact-LCB\BetterGenshinImpact\GameTask\AutoFightOfficial\AutoFightTask.cs(354,81): warning CS8604: “Task AutoFightSkill.EnsureGuardianSkill(Avatar guardianAvatar, CombatCommand command, string lastFightName, string guardianAvatarName, bool guardianAvatarHold, int retryCount, CancellationToken ct, bool guardianCombatSkip = false, bool burstEnabled = false)”中的形参“guardianAvatar”可能传入 null 引用实参。 [E:\Program Files\better-genshin-impact-LCB\BetterGenshinImpact\BetterGenshinImpact_lzryyj0u_wpftmp.csproj]
E:\Program Files\better-genshin-impact-LCB\BetterGenshinImpact\GameTask\AutoFightOfficial\AutoFightTask.cs(432,141): warning CS8602: 解引用可能出现空引用。 [E:\Program Files\better-genshin-impact-LCB\BetterGenshinImpact\BetterGenshinImpact_lzryyj0u_wpftmp.csproj]
E:\Program Files\better-genshin-impact-LCB\BetterGenshinImpact\GameTask\AutoFightOfficial\AutoFightTask.cs(701,34): warning CS0168: 声明了变量“e”，但从未使用过 [E:\Program Files\better-genshin-impact-LCB\BetterGenshinImpact\BetterGenshinImpact_lzryyj0u_wpftmp.csproj]
E:\Program Files\better-genshin-impact-LCB\BetterGenshinImpact\GameTask\AutoFightOfficial\AutoFightTask.cs(836,34): warning CS0168: 声明了变量“e”，但从未使用过 [E:\Program Files\better-genshin-impact-LCB\BetterGenshinImpact\BetterGenshinImpact_lzryyj0u_wpftmp.csproj]
E:\Program Files\better-genshin-impact-LCB\BetterGenshinImpact\GameTask\AutoFishing\Behaviours.cs(490,47): warning CS1998: 此异步方法缺少 "await" 运算符，将以同步方式运行。请考虑使用 "await" 运算符等待非阻止的 API 调用，或者使用 "await Task.Run(...)" 在后台线程上执行占用大量 CPU 的工作。 [E:\Program Files\better-genshin-impact-LCB\BetterGenshinImpact\BetterGenshinImpact_lzryyj0u_wpftmp.csproj]
E:\Program Files\better-genshin-impact-LCB\BetterGenshinImpact\GameTask\AutoFight\Script\CombatScriptExecutor.cs(24,30): warning CS1998: 此异步方法缺少 "await" 运算符，将以同步方式运行。请考虑使用 "await" 运算符等待非阻止的 API 调用，或者使用 "await Task.Run(...)" 在后台线程上执行占用大量 CPU 的工作。 [E:\Program Files\better-genshin-impact-LCB\BetterGenshinImpact\BetterGenshinImpact_lzryyj0u_wpftmp.csproj]
E:\Program Files\better-genshin-impact-LCB\BetterGenshinImpact\GameTask\AutoFightOfficial\AutoFightTask.cs(992,25): warning CS4014: 由于此调用不会等待，因此在此调用完成之前将会继续执行当前方法。请考虑将 "await" 运算符应用于调用结果。 [E:\Program Files\better-genshin-impact-LCB\BetterGenshinImpact\BetterGenshinImpact_lzryyj0u_wpftmp.csproj]
E:\Program Files\better-genshin-impact-LCB\BetterGenshinImpact\ViewModel\Windows\MapViewerViewModel.cs(45,12): warning CS8618: 在退出构造函数时，不可为 null 的 字段 "_mapImage" 必须包含非 null 值。请考虑添加 "required" 修饰符或将该 字段 声明为可为 null。 [E:\Program Files\better-genshin-impact-LCB\BetterGenshinImpact\BetterGenshinImpact_lzryyj0u_wpftmp.csproj]
E:\Program Files\better-genshin-impact-LCB\BetterGenshinImpact\GameTask\AutoFishing\Behaviours.cs(362,47): warning CS1998: 此异步方法缺少 "await" 运算符，将以同步方式运行。请考虑使用 "await" 运算符等待非阻止的 API 调用，或者使用 "await Task.Run(...)" 在后台线程上执行占用大量 CPU 的工作。 [E:\Program Files\better-genshin-impact-LCB\BetterGenshinImpact\BetterGenshinImpact_lzryyj0u_wpftmp.csproj]
E:\Program Files\better-genshin-impact-LCB\BetterGenshinImpact\GameTask\SkillCd\SkillCdConfig.cs(147,20): warning CS8618: 在退出构造函数时，不可为 null 的 字段 "_roleName" 必须包含非 null 值。请考虑添加 "required" 修饰符或将该 字段 声明为可为 null。 [E:\Program Files\better-genshin-impact-LCB\BetterGenshinImpact\BetterGenshinImpact_lzryyj0u_wpftmp.csproj]
E:\Program Files\better-genshin-impact-LCB\BetterGenshinImpact\GameTask\SkillCd\SkillCdConfig.cs(150,20): warning CS8618: 在退出构造函数时，不可为 null 的 字段 "_cdValueText" 必须包含非 null 值。请考虑添加 "required" 修饰符或将该 字段 声明为可为 null。 [E:\Program Files\better-genshin-impact-LCB\BetterGenshinImpact\BetterGenshinImpact_lzryyj0u_wpftmp.csproj]
E:\Program Files\better-genshin-impact-LCB\BetterGenshinImpact\GameTask\AutoGeniusInvokation\Model\Duel.cs(292,38): warning CS0168: 声明了变量“ex”，但从未使用过 [E:\Program Files\better-genshin-impact-LCB\BetterGenshinImpact\BetterGenshinImpact_lzryyj0u_wpftmp.csproj]
E:\Program Files\better-genshin-impact-LCB\BetterGenshinImpact\GameTask\AutoGeniusInvokation\Model\Duel.cs(296,35): warning CS0168: 声明了变量“ex”，但从未使用过 [E:\Program Files\better-genshin-impact-LCB\BetterGenshinImpact\BetterGenshinImpact_lzryyj0u_wpftmp.csproj]
E:\Program Files\better-genshin-impact-LCB\BetterGenshinImpact\GameTask\AutoFight\Script\CombatCommand.cs(25,12): warning CS8618: 在退出构造函数时，不可为 null 的 属性 "ActivatingRound" 必须包含非 null 值。请考虑添加 "required" 修饰符或将该 属性 声明为可为 null。 [E:\Program Files\better-genshin-impact-LCB\BetterGenshinImpact\BetterGenshinImpact_lzryyj0u_wpftmp.csproj]
E:\Program Files\better-genshin-impact-LCB\BetterGenshinImpact\GameTask\AutoFight\Script\CombatCommand.cs(125,17): warning CS8604: “void CombatCommand.Execute(Avatar avatar)”中的形参“avatar”可能传入 null 引用实参。 [E:\Program Files\better-genshin-impact-LCB\BetterGenshinImpact\BetterGenshinImpact_lzryyj0u_wpftmp.csproj]
E:\Program Files\better-genshin-impact-LCB\BetterGenshinImpact\View\Controls\PointsCanvas.cs(195,44): warning CS8622: “void PointsCanvas.OnPointPropertyChanged(object sender, PropertyChangedEventArgs e)”的参数“sender”类型中引用类型的为 Null 性与目标委托“PropertyChangedEventHandler”不匹配(可能是由于为 Null 性特性)。 [E:\Program Files\better-genshin-impact-LCB\BetterGenshinImpact\BetterGenshinImpact_lzryyj0u_wpftmp.csproj]
E:\Program Files\better-genshin-impact-LCB\BetterGenshinImpact\View\Controls\PointsCanvas.cs(203,44): warning CS8622: “void PointsCanvas.OnPointPropertyChanged(object sender, PropertyChangedEventArgs e)”的参数“sender”类型中引用类型的为 Null 性与目标委托“PropertyChangedEventHandler”不匹配(可能是由于为 Null 性特性)。 [E:\Program Files\better-genshin-impact-LCB\BetterGenshinImpact\BetterGenshinImpact_lzryyj0u_wpftmp.csproj]
E:\Program Files\better-genshin-impact-LCB\BetterGenshinImpact\Service\ScriptService.cs(243,48): warning CS8602: 解引用可能出现空引用。 [E:\Program Files\better-genshin-impact-LCB\BetterGenshinImpact\BetterGenshinImpact_lzryyj0u_wpftmp.csproj]
E:\Program Files\better-genshin-impact-LCB\BetterGenshinImpact\Service\ScriptService.cs(354,66): warning CS8604: “void TaskProgressManager.SaveTaskProgress(TaskProgress taskProgress)”中的形参“taskProgress”可能传入 null 引用实参。 [E:\Program Files\better-genshin-impact-LCB\BetterGenshinImpact\BetterGenshinImpact_lzryyj0u_wpftmp.csproj]
E:\Program Files\better-genshin-impact-LCB\BetterGenshinImpact\Service\ScriptService.cs(450,70): warning CS8604: “void TaskProgressManager.SaveTaskProgress(TaskProgress taskProgress)”中的形参“taskProgress”可能传入 null 引用实参。 [E:\Program Files\better-genshin-impact-LCB\BetterGenshinImpact\BetterGenshinImpact_lzryyj0u_wpftmp.csproj]
E:\Program Files\better-genshin-impact-LCB\BetterGenshinImpact\Service\ScriptService.cs(397,55): warning CS0168: 声明了变量“e”，但从未使用过 [E:\Program Files\better-genshin-impact-LCB\BetterGenshinImpact\BetterGenshinImpact_lzryyj0u_wpftmp.csproj]
E:\Program Files\better-genshin-impact-LCB\BetterGenshinImpact\GameTask\AutoFishing\Behaviours.cs(191,47): warning CS1998: 此异步方法缺少 "await" 运算符，将以同步方式运行。请考虑使用 "await" 运算符等待非阻止的 API 调用，或者使用 "await Task.Run(...)" 在后台线程上执行占用大量 CPU 的工作。 [E:\Program Files\better-genshin-impact-LCB\BetterGenshinImpact\BetterGenshinImpact_lzryyj0u_wpftmp.csproj]
E:\Program Files\better-genshin-impact-LCB\BetterGenshinImpact\GameTask\RunnerContext.cs(154,18): warning CS8602: 解引用可能出现空引用。 [E:\Program Files\better-genshin-impact-LCB\BetterGenshinImpact\BetterGenshinImpact_lzryyj0u_wpftmp.csproj]
E:\Program Files\better-genshin-impact-LCB\BetterGenshinImpact\GameTask\AutoFightOfficial\AutoFightJsonTask.cs(888,37): warning CS4014: 由于此调用不会等待，因此在此调用完成之前将会继续执行当前方法。请考虑将 "await" 运算符应用于调用结果。 [E:\Program Files\better-genshin-impact-LCB\BetterGenshinImpact\BetterGenshinImpact_lzryyj0u_wpftmp.csproj]
E:\Program Files\better-genshin-impact-LCB\BetterGenshinImpact\GameTask\AutoFishing\Behaviours.cs(86,47): warning CS1998: 此异步方法缺少 "await" 运算符，将以同步方式运行。请考虑使用 "await" 运算符等待非阻止的 API 调用，或者使用 "await Task.Run(...)" 在后台线程上执行占用大量 CPU 的工作。 [E:\Program Files\better-genshin-impact-LCB\BetterGenshinImpact\BetterGenshinImpact_lzryyj0u_wpftmp.csproj]
E:\Program Files\better-genshin-impact-LCB\BetterGenshinImpact\GameTask\AutoFishing\AutoFishingTrigger.cs(367,47): warning CS1998: 此异步方法缺少 "await" 运算符，将以同步方式运行。请考虑使用 "await" 运算符等待非阻止的 API 调用，或者使用 "await Task.Run(...)" 在后台线程上执行占用大量 CPU 的工作。 [E:\Program Files\better-genshin-impact-LCB\BetterGenshinImpact\BetterGenshinImpact_lzryyj0u_wpftmp.csproj]
E:\Program Files\better-genshin-impact-LCB\BetterGenshinImpact\View\Controls\PointsCanvas.cs(513,20): warning CS8603: 可能返回 null 引用。 [E:\Program Files\better-genshin-impact-LCB\BetterGenshinImpact\BetterGenshinImpact_lzryyj0u_wpftmp.csproj]
E:\Program Files\better-genshin-impact-LCB\BetterGenshinImpact\View\Controls\PointsCanvas.cs(549,16): warning CS8603: 可能返回 null 引用。 [E:\Program Files\better-genshin-impact-LCB\BetterGenshinImpact\BetterGenshinImpact_lzryyj0u_wpftmp.csproj]
E:\Program Files\better-genshin-impact-LCB\BetterGenshinImpact\View\Controls\PointsCanvas.cs(564,42): warning CS8622: “void PointsCanvas.OnPointsCollectionChanged(object sender, NotifyCollectionChangedEventArgs e)”的参数“sender”类型中引用类型的为 Null 性与目标委托“NotifyCollectionChangedEventHandler”不匹配(可能是由于为 Null 性特性)。 [E:\Program Files\better-genshin-impact-LCB\BetterGenshinImpact\BetterGenshinImpact_lzryyj0u_wpftmp.csproj]
E:\Program Files\better-genshin-impact-LCB\BetterGenshinImpact\View\Controls\PointsCanvas.cs(575,42): warning CS8622: “void PointsCanvas.OnPointsCollectionChanged(object sender, NotifyCollectionChangedEventArgs e)”的参数“sender”类型中引用类型的为 Null 性与目标委托“NotifyCollectionChangedEventHandler”不匹配(可能是由于为 Null 性特性)。 [E:\Program Files\better-genshin-impact-LCB\BetterGenshinImpact\BetterGenshinImpact_lzryyj0u_wpftmp.csproj]
E:\Program Files\better-genshin-impact-LCB\BetterGenshinImpact\GameTask\AutoFight\Model\PartyAvatarSideIndexHelper.cs(105,64): warning CS8602: 解引用可能出现空引用。 [E:\Program Files\better-genshin-impact-LCB\BetterGenshinImpact\BetterGenshinImpact_lzryyj0u_wpftmp.csproj]
E:\Program Files\better-genshin-impact-LCB\BetterGenshinImpact\View\Controls\Drawer\DrawerViewModel.cs(27,26): warning CS8618: 在退出构造函数时，不可为 null 的 字段 "_onDrawerOpenedCommand" 必须包含非 null 值。请考虑添加 "required" 修饰符或将该 字段 声明为可为 null。 [E:\Program Files\better-genshin-impact-LCB\BetterGenshinImpact\BetterGenshinImpact_lzryyj0u_wpftmp.csproj]
E:\Program Files\better-genshin-impact-LCB\BetterGenshinImpact\View\Controls\Drawer\DrawerViewModel.cs(30,43): warning CS8618: 在退出构造函数时，不可为 null 的 字段 "_onDrawerClosingCommand" 必须包含非 null 值。请考虑添加 "required" 修饰符或将该 字段 声明为可为 null。 [E:\Program Files\better-genshin-impact-LCB\BetterGenshinImpact\BetterGenshinImpact_lzryyj0u_wpftmp.csproj]
E:\Program Files\better-genshin-impact-LCB\BetterGenshinImpact\View\Controls\Drawer\CustomDrawer.cs(137,12): warning CS8618: 在退出构造函数时，不可为 null 的 事件 "Opened" 必须包含非 null 值。请考虑添加 "required" 修饰符或将该 事件 声明为可为 null。 [E:\Program Files\better-genshin-impact-LCB\BetterGenshinImpact\BetterGenshinImpact_lzryyj0u_wpftmp.csproj]
E:\Program Files\better-genshin-impact-LCB\BetterGenshinImpact\View\Controls\Drawer\CustomDrawer.cs(137,12): warning CS8618: 在退出构造函数时，不可为 null 的 事件 "Closing" 必须包含非 null 值。请考虑添加 "required" 修饰符或将该 事件 声明为可为 null。 [E:\Program Files\better-genshin-impact-LCB\BetterGenshinImpact\BetterGenshinImpact_lzryyj0u_wpftmp.csproj]
E:\Program Files\better-genshin-impact-LCB\BetterGenshinImpact\View\Controls\Drawer\CustomDrawer.cs(137,12): warning CS8618: 在退出构造函数时，不可为 null 的 字段 "_backgroundOverlay" 必须包含非 null 值。请考虑添加 "required" 修饰符或将该 字段 声明为可为 null。 [E:\Program Files\better-genshin-impact-LCB\BetterGenshinImpact\BetterGenshinImpact_lzryyj0u_wpftmp.csproj]
E:\Program Files\better-genshin-impact-LCB\BetterGenshinImpact\View\Controls\Drawer\CustomDrawer.cs(137,12): warning CS8618: 在退出构造函数时，不可为 null 的 字段 "_drawerContainer" 必须包含非 null 值。请考虑添加 "required" 修饰符或将该 字段 声明为可为 null。 [E:\Program Files\better-genshin-impact-LCB\BetterGenshinImpact\BetterGenshinImpact_lzryyj0u_wpftmp.csproj]
E:\Program Files\better-genshin-impact-LCB\BetterGenshinImpact\View\Controls\Drawer\CustomDrawer.cs(137,12): warning CS8618: 在退出构造函数时，不可为 null 的 字段 "_mainGrid" 必须包含非 null 值。请考虑添加 "required" 修饰符或将该 字段 声明为可为 null。 [E:\Program Files\better-genshin-impact-LCB\BetterGenshinImpact\BetterGenshinImpact_lzryyj0u_wpftmp.csproj]
E:\Program Files\better-genshin-impact-LCB\BetterGenshinImpact\View\Controls\Drawer\CustomDrawer.cs(146,21): warning CS8601: 可能的 null 引用赋值。 [E:\Program Files\better-genshin-impact-LCB\BetterGenshinImpact\BetterGenshinImpact_lzryyj0u_wpftmp.csproj]
E:\Program Files\better-genshin-impact-LCB\BetterGenshinImpact\View\Controls\Drawer\CustomDrawer.cs(147,30): warning CS8601: 可能的 null 引用赋值。 [E:\Program Files\better-genshin-impact-LCB\BetterGenshinImpact\BetterGenshinImpact_lzryyj0u_wpftmp.csproj]
E:\Program Files\better-genshin-impact-LCB\BetterGenshinImpact\View\Controls\Drawer\CustomDrawer.cs(148,28): warning CS8601: 可能的 null 引用赋值。 [E:\Program Files\better-genshin-impact-LCB\BetterGenshinImpact\BetterGenshinImpact_lzryyj0u_wpftmp.csproj]
E:\Program Files\better-genshin-impact-LCB\BetterGenshinImpact\GameTask\AutoMusicGame\AutoMusicGameTask.cs(15,51): warning CS9113: 参数“taskParam”未读。 [E:\Program Files\better-genshin-impact-LCB\BetterGenshinImpact\BetterGenshinImpact_lzryyj0u_wpftmp.csproj]
E:\Program Files\better-genshin-impact-LCB\BetterGenshinImpact\GameTask\AutoOpenChest\AutoOpenChestTask.cs(96,24): warning CS1998: 此异步方法缺少 "await" 运算符，将以同步方式运行。请考虑使用 "await" 运算符等待非阻止的 API 调用，或者使用 "await Task.Run(...)" 在后台线程上执行占用大量 CPU 的工作。 [E:\Program Files\better-genshin-impact-LCB\BetterGenshinImpact\BetterGenshinImpact_lzryyj0u_wpftmp.csproj]
E:\Program Files\better-genshin-impact-LCB\BetterGenshinImpact\GameTask\OcrSwitchWeapon\Recognition\OcrWeaponReader.cs(118,29): warning CS1998: 此异步方法缺少 "await" 运算符，将以同步方式运行。请考虑使用 "await" 运算符等待非阻止的 API 调用，或者使用 "await Task.Run(...)" 在后台线程上执行占用大量 CPU 的工作。 [E:\Program Files\better-genshin-impact-LCB\BetterGenshinImpact\BetterGenshinImpact_lzryyj0u_wpftmp.csproj]
E:\Program Files\better-genshin-impact-LCB\BetterGenshinImpact\GameTask\AutoFight\Model\CombatScenes.cs(431,33): warning CS0612: “CombatScenes.InitializeTeamOldOcr(CaptureContent)”已过时 [E:\Program Files\better-genshin-impact-LCB\BetterGenshinImpact\BetterGenshinImpact_lzryyj0u_wpftmp.csproj]
E:\Program Files\better-genshin-impact-LCB\BetterGenshinImpact\Service\Execution\SuspendContextCapture.cs(87,31): warning CS8601: 可能的 null 引用赋值。 [E:\Program Files\better-genshin-impact-LCB\BetterGenshinImpact\BetterGenshinImpact_lzryyj0u_wpftmp.csproj]
E:\Program Files\better-genshin-impact-LCB\BetterGenshinImpact\Service\RecognitionTemplateEditorService.cs(231,17): warning CS8602: 解引用可能出现空引用。 [E:\Program Files\better-genshin-impact-LCB\BetterGenshinImpact\BetterGenshinImpact_lzryyj0u_wpftmp.csproj]
E:\Program Files\better-genshin-impact-LCB\BetterGenshinImpact\GameTask\AutoSkip\AutoTrackTask.cs(28,43): warning CS9113: 参数“param”未读。 [E:\Program Files\better-genshin-impact-LCB\BetterGenshinImpact\BetterGenshinImpact_lzryyj0u_wpftmp.csproj]
E:\Program Files\better-genshin-impact-LCB\BetterGenshinImpact\ViewModel\MainWindowViewModel.cs(673,37): warning CS1998: 此异步方法缺少 "await" 运算符，将以同步方式运行。请考虑使用 "await" 运算符等待非阻止的 API 调用，或者使用 "await Task.Run(...)" 在后台线程上执行占用大量 CPU 的工作。 [E:\Program Files\better-genshin-impact-LCB\BetterGenshinImpact\BetterGenshinImpact_lzryyj0u_wpftmp.csproj]
E:\Program Files\better-genshin-impact-LCB\BetterGenshinImpact\GameTask\AutoStygianOnslaught\AutoStygianOnslaughtTask.cs(103,64): warning CS8604: “CombatScriptBag CombatScriptParser.ReadAndParse(string path)”中的形参“path”可能传入 null 引用实参。 [E:\Program Files\better-genshin-impact-LCB\BetterGenshinImpact\BetterGenshinImpact_lzryyj0u_wpftmp.csproj]
E:\Program Files\better-genshin-impact-LCB\BetterGenshinImpact\GameTask\AutoStygianOnslaught\AutoStygianOnslaughtTask.cs(121,64): warning CS8604: “CombatScriptBag CombatScriptParser.ReadAndParse(string path)”中的形参“path”可能传入 null 引用实参。 [E:\Program Files\better-genshin-impact-LCB\BetterGenshinImpact\BetterGenshinImpact_lzryyj0u_wpftmp.csproj]
E:\Program Files\better-genshin-impact-LCB\BetterGenshinImpact\View\Windows\CheckUpdateWindow.xaml.cs(222,9): warning CS0162: 检测到无法访问的代码 [E:\Program Files\better-genshin-impact-LCB\BetterGenshinImpact\BetterGenshinImpact_lzryyj0u_wpftmp.csproj]
E:\Program Files\better-genshin-impact-LCB\BetterGenshinImpact\GameTask\AutoFight\Model\Avatar.cs(815,58): warning CS8604: “Task<bool> AutoFightSkill.AvatarSkillAsync(ILogger logger, Avatar guardianAvatar, bool skills, int retryCount, CancellationToken ct, ImageRegion? image = null, bool needLog = false, bool isResetCd = false)”中的形参“guardianAvatar”可能传入 null 引用实参。 [E:\Program Files\better-genshin-impact-LCB\BetterGenshinImpact\BetterGenshinImpact_lzryyj0u_wpftmp.csproj]
E:\Program Files\better-genshin-impact-LCB\BetterGenshinImpact\GameTask\AutoPathing\Model\Waypoint.cs(32,23): warning CS8618: 在退出构造函数时，不可为 null 的 属性 "MonsterTag" 必须包含非 null 值。请考虑添加 "required" 修饰符或将该 属性 声明为可为 null。 [E:\Program Files\better-genshin-impact-LCB\BetterGenshinImpact\BetterGenshinImpact_lzryyj0u_wpftmp.csproj]
E:\Program Files\better-genshin-impact-LCB\BetterGenshinImpact\GameTask\AutoLeyLineOutcrop\AutoLeyLineOutcropTask.cs(733,34): warning CS1998: 此异步方法缺少 "await" 运算符，将以同步方式运行。请考虑使用 "await" 运算符等待非阻止的 API 调用，或者使用 "await Task.Run(...)" 在后台线程上执行占用大量 CPU 的工作。 [E:\Program Files\better-genshin-impact-LCB\BetterGenshinImpact\BetterGenshinImpact_lzryyj0u_wpftmp.csproj]
E:\Program Files\better-genshin-impact-LCB\BetterGenshinImpact\GameTask\AutoFight\Model\Avatar.cs(1041,62): warning CS8604: “Task<bool> AutoFightSkill.AvatarSkillAsync(ILogger logger, Avatar guardianAvatar, bool skills, int retryCount, CancellationToken ct, ImageRegion? image = null, bool needLog = false, bool isResetCd = false)”中的形参“guardianAvatar”可能传入 null 引用实参。 [E:\Program Files\better-genshin-impact-LCB\BetterGenshinImpact\BetterGenshinImpact_lzryyj0u_wpftmp.csproj]
E:\Program Files\better-genshin-impact-LCB\BetterGenshinImpact\GameTask\AutoSkip\Audio\ProcessLoopbackAudioCapture.cs(33,77): warning CS9191: 与 “in” 参数对应的参数 1 的 “ref” 修饰符等效于 “in”。请考虑改用 “in”。 [E:\Program Files\better-genshin-impact-LCB\BetterGenshinImpact\BetterGenshinImpact_lzryyj0u_wpftmp.csproj]
E:\Program Files\better-genshin-impact-LCB\BetterGenshinImpact\GameTask\AutoSkip\Audio\ProcessLoopbackAudioCapture.cs(33,29): warning CS8600: 将 null 文本或可能的 null 值转换为不可为 null 类型。 [E:\Program Files\better-genshin-impact-LCB\BetterGenshinImpact\BetterGenshinImpact_lzryyj0u_wpftmp.csproj]
E:\Program Files\better-genshin-impact-LCB\BetterGenshinImpact\GameTask\AutoSkip\Audio\ProcessLoopbackAudioCapture.cs(37,30): warning CS8601: 可能的 null 引用赋值。 [E:\Program Files\better-genshin-impact-LCB\BetterGenshinImpact\BetterGenshinImpact_lzryyj0u_wpftmp.csproj]
E:\Program Files\better-genshin-impact-LCB\BetterGenshinImpact\GameTask\AutoSkip\Audio\ProcessLoopbackAudioCapture.cs(24,12): warning CS8618: 在退出构造函数时，不可为 null 的 字段 "_captureClient" 必须包含非 null 值。请考虑添加 "required" 修饰符或将该 字段 声明为可为 null。 [E:\Program Files\better-genshin-impact-LCB\BetterGenshinImpact\BetterGenshinImpact_lzryyj0u_wpftmp.csproj]
E:\Program Files\better-genshin-impact-LCB\BetterGenshinImpact\GameTask\AutoSkip\Audio\ProcessLoopbackAudioCapture.cs(158,21): warning CS9191: 与 “in” 参数对应的参数 6 的 “ref” 修饰符等效于 “in”。请考虑改用 “in”。 [E:\Program Files\better-genshin-impact-LCB\BetterGenshinImpact\BetterGenshinImpact_lzryyj0u_wpftmp.csproj]
E:\Program Files\better-genshin-impact-LCB\BetterGenshinImpact\GameTask\AutoStygianOnslaught\AutoStygianOnslaughtTask.cs(732,30): warning CS1998: 此异步方法缺少 "await" 运算符，将以同步方式运行。请考虑使用 "await" 运算符等待非阻止的 API 调用，或者使用 "await Task.Run(...)" 在后台线程上执行占用大量 CPU 的工作。 [E:\Program Files\better-genshin-impact-LCB\BetterGenshinImpact\BetterGenshinImpact_lzryyj0u_wpftmp.csproj]
E:\Program Files\better-genshin-impact-LCB\BetterGenshinImpact\GameTask\AutoStygianOnslaught\AutoStygianOnslaughtParam.cs(52,12): warning CS8618: 在退出构造函数时，不可为 null 的 属性 "FightTeamName" 必须包含非 null 值。请考虑添加 "required" 修饰符或将该 属性 声明为可为 null。 [E:\Program Files\better-genshin-impact-LCB\BetterGenshinImpact\BetterGenshinImpact_lzryyj0u_wpftmp.csproj]
E:\Program Files\better-genshin-impact-LCB\BetterGenshinImpact\GameTask\AutoStygianOnslaught\AutoStygianOnslaughtParam.cs(52,12): warning CS8618: 在退出构造函数时，不可为 null 的 属性 "CombatScriptBagPath" 必须包含非 null 值。请考虑添加 "required" 修饰符或将该 属性 声明为可为 null。 [E:\Program Files\better-genshin-impact-LCB\BetterGenshinImpact\BetterGenshinImpact_lzryyj0u_wpftmp.csproj]
E:\Program Files\better-genshin-impact-LCB\BetterGenshinImpact\GameTask\AutoStygianOnslaught\AutoStygianOnslaughtParam.cs(56,12): warning CS8618: 在退出构造函数时，不可为 null 的 属性 "FightTeamName" 必须包含非 null 值。请考虑添加 "required" 修饰符或将该 属性 声明为可为 null。 [E:\Program Files\better-genshin-impact-LCB\BetterGenshinImpact\BetterGenshinImpact_lzryyj0u_wpftmp.csproj]
E:\Program Files\better-genshin-impact-LCB\BetterGenshinImpact\GameTask\AutoLeyLineOutcrop\AutoLeyLineOutcropTask.cs(1062,25): warning CS4014: 由于此调用不会等待，因此在此调用完成之前将会继续执行当前方法。请考虑将 "await" 运算符应用于调用结果。 [E:\Program Files\better-genshin-impact-LCB\BetterGenshinImpact\BetterGenshinImpact_lzryyj0u_wpftmp.csproj]
E:\Program Files\better-genshin-impact-LCB\BetterGenshinImpact\GameTask\AutoStygianOnslaught\AutoStygianOnslaughtTask.cs(863,30): warning CS8602: 解引用可能出现空引用。 [E:\Program Files\better-genshin-impact-LCB\BetterGenshinImpact\BetterGenshinImpact_lzryyj0u_wpftmp.csproj]
E:\Program Files\better-genshin-impact-LCB\BetterGenshinImpact\GameTask\AutoStygianOnslaught\AutoStygianOnslaughtTask.cs(864,48): warning CS8602: 解引用可能出现空引用。 [E:\Program Files\better-genshin-impact-LCB\BetterGenshinImpact\BetterGenshinImpact_lzryyj0u_wpftmp.csproj]
E:\Program Files\better-genshin-impact-LCB\BetterGenshinImpact\ViewModel\Pages\TriggerSettingsPageViewModel.cs(50,12): warning CS8618: 在退出构造函数时，不可为 null 的 字段 "_temporarySkillCdCollection" 必须包含非 null 值。请考虑添加 "required" 修饰符或将该 字段 声明为可为 null。 [E:\Program Files\better-genshin-impact-LCB\BetterGenshinImpact\BetterGenshinImpact_lzryyj0u_wpftmp.csproj]
E:\Program Files\better-genshin-impact-LCB\BetterGenshinImpact\GameTask\AutoWood\AutoWoodTask.cs(55,12): warning CS8618: 在退出构造函数时，不可为 null 的 字段 "_printer" 必须包含非 null 值。请考虑添加 "required" 修饰符或将该 字段 声明为可为 null。 [E:\Program Files\better-genshin-impact-LCB\BetterGenshinImpact\BetterGenshinImpact_lzryyj0u_wpftmp.csproj]
E:\Program Files\better-genshin-impact-LCB\BetterGenshinImpact\GameTask\AutoWood\AutoWoodTask.cs(55,12): warning CS8618: 在退出构造函数时，不可为 null 的 字段 "_enterAndExitWonderlandJob" 必须包含非 null 值。请考虑添加 "required" 修饰符或将该 字段 声明为可为 null。 [E:\Program Files\better-genshin-impact-LCB\BetterGenshinImpact\BetterGenshinImpact_lzryyj0u_wpftmp.csproj]
E:\Program Files\better-genshin-impact-LCB\BetterGenshinImpact\GameTask\AutoWood\Assets\AutoWoodAssets.cs(29,13): warning CS8618: 在退出构造函数时，不可为 null 的 字段 "WoodCountRo" 必须包含非 null 值。请考虑添加 "required" 修饰符或将该 字段 声明为可为 null。 [E:\Program Files\better-genshin-impact-LCB\BetterGenshinImpact\BetterGenshinImpact_lzryyj0u_wpftmp.csproj]
E:\Program Files\better-genshin-impact-LCB\BetterGenshinImpact\GameTask\AutoWood\Assets\AutoWoodAssets.cs(29,13): warning CS8618: 在退出构造函数时，不可为 null 的 字段 "WoodCountMRo" 必须包含非 null 值。请考虑添加 "required" 修饰符或将该 字段 声明为可为 null。 [E:\Program Files\better-genshin-impact-LCB\BetterGenshinImpact\BetterGenshinImpact_lzryyj0u_wpftmp.csproj]
E:\Program Files\better-genshin-impact-LCB\BetterGenshinImpact\GameTask\AutoLeyLineOutcrop\AutoLeyLineOutcropTask.cs(1493,30): warning CS1998: 此异步方法缺少 "await" 运算符，将以同步方式运行。请考虑使用 "await" 运算符等待非阻止的 API 调用，或者使用 "await Task.Run(...)" 在后台线程上执行占用大量 CPU 的工作。 [E:\Program Files\better-genshin-impact-LCB\BetterGenshinImpact\BetterGenshinImpact_lzryyj0u_wpftmp.csproj]
E:\Program Files\better-genshin-impact-LCB\BetterGenshinImpact\View\Windows\ArtifactOcrDialog.xaml.cs(106,24): warning CS1998: 此异步方法缺少 "await" 运算符，将以同步方式运行。请考虑使用 "await" 运算符等待非阻止的 API 调用，或者使用 "await Task.Run(...)" 在后台线程上执行占用大量 CPU 的工作。 [E:\Program Files\better-genshin-impact-LCB\BetterGenshinImpact\BetterGenshinImpact_lzryyj0u_wpftmp.csproj]
E:\Program Files\better-genshin-impact-LCB\BetterGenshinImpact\GameTask\AutoLeyLineOutcrop\AutoLeyLineOutcropTask.cs(1649,30): warning CS1998: 此异步方法缺少 "await" 运算符，将以同步方式运行。请考虑使用 "await" 运算符等待非阻止的 API 调用，或者使用 "await Task.Run(...)" 在后台线程上执行占用大量 CPU 的工作。 [E:\Program Files\better-genshin-impact-LCB\BetterGenshinImpact\BetterGenshinImpact_lzryyj0u_wpftmp.csproj]
E:\Program Files\better-genshin-impact-LCB\BetterGenshinImpact\GameTask\AutoLeyLineOutcrop\AutoLeyLineOutcropParam.cs(66,12): warning CS8618: 在退出构造函数时，不可为 null 的 属性 "Country" 必须包含非 null 值。请考虑添加 "required" 修饰符或将该 属性 声明为可为 null。 [E:\Program Files\better-genshin-impact-LCB\BetterGenshinImpact\BetterGenshinImpact_lzryyj0u_wpftmp.csproj]
E:\Program Files\better-genshin-impact-LCB\BetterGenshinImpact\GameTask\AutoLeyLineOutcrop\AutoLeyLineOutcropParam.cs(66,12): warning CS8618: 在退出构造函数时，不可为 null 的 属性 "LeyLineOutcropType" 必须包含非 null 值。请考虑添加 "required" 修饰符或将该 属性 声明为可为 null。 [E:\Program Files\better-genshin-impact-LCB\BetterGenshinImpact\BetterGenshinImpact_lzryyj0u_wpftmp.csproj]
E:\Program Files\better-genshin-impact-LCB\BetterGenshinImpact\GameTask\AutoLeyLineOutcrop\AutoLeyLineOutcropParam.cs(66,12): warning CS8618: 在退出构造函数时，不可为 null 的 属性 "FriendshipTeam" 必须包含非 null 值。请考虑添加 "required" 修饰符或将该 属性 声明为可为 null。 [E:\Program Files\better-genshin-impact-LCB\BetterGenshinImpact\BetterGenshinImpact_lzryyj0u_wpftmp.csproj]
E:\Program Files\better-genshin-impact-LCB\BetterGenshinImpact\GameTask\AutoLeyLineOutcrop\AutoLeyLineOutcropParam.cs(66,12): warning CS8618: 在退出构造函数时，不可为 null 的 属性 "Team" 必须包含非 null 值。请考虑添加 "required" 修饰符或将该 属性 声明为可为 null。 [E:\Program Files\better-genshin-impact-LCB\BetterGenshinImpact\BetterGenshinImpact_lzryyj0u_wpftmp.csproj]
E:\Program Files\better-genshin-impact-LCB\BetterGenshinImpact\GameTask\AutoLeyLineOutcrop\AutoLeyLineOutcropParam.cs(71,12): warning CS8618: 在退出构造函数时，不可为 null 的 属性 "FriendshipTeam" 必须包含非 null 值。请考虑添加 "required" 修饰符或将该 属性 声明为可为 null。 [E:\Program Files\better-genshin-impact-LCB\BetterGenshinImpact\BetterGenshinImpact_lzryyj0u_wpftmp.csproj]
E:\Program Files\better-genshin-impact-LCB\BetterGenshinImpact\GameTask\AutoLeyLineOutcrop\AutoLeyLineOutcropParam.cs(71,12): warning CS8618: 在退出构造函数时，不可为 null 的 属性 "Team" 必须包含非 null 值。请考虑添加 "required" 修饰符或将该 属性 声明为可为 null。 [E:\Program Files\better-genshin-impact-LCB\BetterGenshinImpact\BetterGenshinImpact_lzryyj0u_wpftmp.csproj]
E:\Program Files\better-genshin-impact-LCB\BetterGenshinImpact\ViewModel\Pages\TaskSettingsPageViewModel.cs(813,13): warning CS8602: 解引用可能出现空引用。 [E:\Program Files\better-genshin-impact-LCB\BetterGenshinImpact\BetterGenshinImpact_lzryyj0u_wpftmp.csproj]
E:\Program Files\better-genshin-impact-LCB\BetterGenshinImpact\View\Pages\CommonSettingsPage.xaml.cs(161,29): warning CS8604: “int int.Parse(string s)”中的形参“s”可能传入 null 引用实参。 [E:\Program Files\better-genshin-impact-LCB\BetterGenshinImpact\BetterGenshinImpact_lzryyj0u_wpftmp.csproj]
E:\Program Files\better-genshin-impact-LCB\BetterGenshinImpact\View\Pages\CommonSettingsPage.xaml.cs(134,24): warning CS1998: 此异步方法缺少 "await" 运算符，将以同步方式运行。请考虑使用 "await" 运算符等待非阻止的 API 调用，或者使用 "await Task.Run(...)" 在后台线程上执行占用大量 CPU 的工作。 [E:\Program Files\better-genshin-impact-LCB\BetterGenshinImpact\BetterGenshinImpact_lzryyj0u_wpftmp.csproj]
E:\Program Files\better-genshin-impact-LCB\BetterGenshinImpact\GameTask\AutoFight\AvatarCombatSpecialization.cs(672,24): warning CS8602: 解引用可能出现空引用。 [E:\Program Files\better-genshin-impact-LCB\BetterGenshinImpact\BetterGenshinImpact_lzryyj0u_wpftmp.csproj]
E:\Program Files\better-genshin-impact-LCB\BetterGenshinImpact\GameTask\AutoLeyLineOutcrop\AutoLeyLineOutcropTask.cs(2169,30): warning CS1998: 此异步方法缺少 "await" 运算符，将以同步方式运行。请考虑使用 "await" 运算符等待非阻止的 API 调用，或者使用 "await Task.Run(...)" 在后台线程上执行占用大量 CPU 的工作。 [E:\Program Files\better-genshin-impact-LCB\BetterGenshinImpact\BetterGenshinImpact_lzryyj0u_wpftmp.csproj]
E:\Program Files\better-genshin-impact-LCB\BetterGenshinImpact\GameTask\AutoHoeing\Services\RouteExecutionEngine.cs(353,44): warning CS8601: 可能的 null 引用赋值。 [E:\Program Files\better-genshin-impact-LCB\BetterGenshinImpact\BetterGenshinImpact_lzryyj0u_wpftmp.csproj]
E:\Program Files\better-genshin-impact-LCB\BetterGenshinImpact\GameTask\AutoHoeing\Services\RouteExecutionEngine.cs(375,25): warning CS8602: 解引用可能出现空引用。 [E:\Program Files\better-genshin-impact-LCB\BetterGenshinImpact\BetterGenshinImpact_lzryyj0u_wpftmp.csproj]
E:\Program Files\better-genshin-impact-LCB\BetterGenshinImpact\GameTask\AutoPathing\Handler\SkillBoostHelper.cs(571,29): warning CS4014: 由于此调用不会等待，因此在此调用完成之前将会继续执行当前方法。请考虑将 "await" 运算符应用于调用结果。 [E:\Program Files\better-genshin-impact-LCB\BetterGenshinImpact\BetterGenshinImpact_lzryyj0u_wpftmp.csproj]
E:\Program Files\better-genshin-impact-LCB\BetterGenshinImpact\GameTask\AutoPathing\Handler\SkillBoostHelper.cs(740,17): warning CS0162: 检测到无法访问的代码 [E:\Program Files\better-genshin-impact-LCB\BetterGenshinImpact\BetterGenshinImpact_lzryyj0u_wpftmp.csproj]
E:\Program Files\better-genshin-impact-LCB\BetterGenshinImpact\GameTask\AutoPathing\Handler\SkillBoostHelper.cs(1324,20): warning CS8602: 解引用可能出现空引用。 [E:\Program Files\better-genshin-impact-LCB\BetterGenshinImpact\BetterGenshinImpact_lzryyj0u_wpftmp.csproj]
E:\Program Files\better-genshin-impact-LCB\BetterGenshinImpact\GameTask\AutoPathing\Handler\SkillBoostHelper.cs(1326,35): warning CS8604: “bool PathExecutor.IsTurnTooSharp(WaypointForTrack waypoint, WaypointForTrack? nextWaypoint, string avatarName)”中的形参“waypoint”可能传入 null 引用实参。 [E:\Program Files\better-genshin-impact-LCB\BetterGenshinImpact\BetterGenshinImpact_lzryyj0u_wpftmp.csproj]
E:\Program Files\better-genshin-impact-LCB\BetterGenshinImpact\Service\Execution\DurableSubmissionIdentityStore.cs(118,97): warning CS8620: 由于引用类型的可为 null 性差异，string?[] 类型的实参不能用于 byte[] DurableSubmissionIdentityStore.HashNames(string[] names) 中 string[] 类型的形参 names。 [E:\Program Files\better-genshin-impact-LCB\BetterGenshinImpact\BetterGenshinImpact_lzryyj0u_wpftmp.csproj]
E:\Program Files\better-genshin-impact-LCB\BetterGenshinImpact\GameTask\AutoLeyLineOutcrop\AutoLeyLineOutcropTask.cs(2373,29): warning CS1998: 此异步方法缺少 "await" 运算符，将以同步方式运行。请考虑使用 "await" 运算符等待非阻止的 API 调用，或者使用 "await Task.Run(...)" 在后台线程上执行占用大量 CPU 的工作。 [E:\Program Files\better-genshin-impact-LCB\BetterGenshinImpact\BetterGenshinImpact_lzryyj0u_wpftmp.csproj]
E:\Program Files\better-genshin-impact-LCB\BetterGenshinImpact\View\Pages\OneDragonFlowPage.xaml.cs(40,38): warning CS8622: “void OneDragonFlowPage.ViewModel_PropertyChanged(object sender, PropertyChangedEventArgs e)”的参数“sender”类型中引用类型的为 Null 性与目标委托“PropertyChangedEventHandler”不匹配(可能是由于为 Null 性特性)。 [E:\Program Files\better-genshin-impact-LCB\BetterGenshinImpact\BetterGenshinImpact_lzryyj0u_wpftmp.csproj]
E:\Program Files\better-genshin-impact-LCB\BetterGenshinImpact\GameTask\AutoPathing\Handler\ActionFactory.cs(21,40): warning CS0612: “NormalAttackHandler”已过时 [E:\Program Files\better-genshin-impact-LCB\BetterGenshinImpact\BetterGenshinImpact_lzryyj0u_wpftmp.csproj]
E:\Program Files\better-genshin-impact-LCB\BetterGenshinImpact\GameTask\AutoPathing\Handler\ActionFactory.cs(22,42): warning CS0612: “ElementalSkillHandler”已过时 [E:\Program Files\better-genshin-impact-LCB\BetterGenshinImpact\BetterGenshinImpact_lzryyj0u_wpftmp.csproj]
E:\Program Files\better-genshin-impact-LCB\BetterGenshinImpact\GameTask\AutoLeyLineOutcrop\AutoLeyLineOutcropTask.cs(2462,29): warning CS1998: 此异步方法缺少 "await" 运算符，将以同步方式运行。请考虑使用 "await" 运算符等待非阻止的 API 调用，或者使用 "await Task.Run(...)" 在后台线程上执行占用大量 CPU 的工作。 [E:\Program Files\better-genshin-impact-LCB\BetterGenshinImpact\BetterGenshinImpact_lzryyj0u_wpftmp.csproj]
E:\Program Files\better-genshin-impact-LCB\BetterGenshinImpact\View\Pages\OneDragonFlowPage.xaml.cs(130,38): warning CS8625: 无法将 null 字面量转换为非 null 的引用类型。 [E:\Program Files\better-genshin-impact-LCB\BetterGenshinImpact\BetterGenshinImpact_lzryyj0u_wpftmp.csproj]
E:\Program Files\better-genshin-impact-LCB\BetterGenshinImpact\GameTask\AutoLeyLineOutcrop\AutoLeyLineOutcropTask.cs(2495,24): warning CS1998: 此异步方法缺少 "await" 运算符，将以同步方式运行。请考虑使用 "await" 运算符等待非阻止的 API 调用，或者使用 "await Task.Run(...)" 在后台线程上执行占用大量 CPU 的工作。 [E:\Program Files\better-genshin-impact-LCB\BetterGenshinImpact\BetterGenshinImpact_lzryyj0u_wpftmp.csproj]
E:\Program Files\better-genshin-impact-LCB\BetterGenshinImpact\Service\Execution\DurableSubmissionIdentityStore.cs(198,27): warning CS8620: 由于引用类型的可为 null 性差异，string?[] 类型的实参不能用于 byte[] DurableSubmissionIdentityStore.HashNames(string[] names) 中 string[] 类型的形参 names。 [E:\Program Files\better-genshin-impact-LCB\BetterGenshinImpact\BetterGenshinImpact_lzryyj0u_wpftmp.csproj]
E:\Program Files\better-genshin-impact-LCB\BetterGenshinImpact\View\Pages\OneDragonFlowPage.xaml.cs(154,16): warning CS8603: 可能返回 null 引用。 [E:\Program Files\better-genshin-impact-LCB\BetterGenshinImpact\BetterGenshinImpact_lzryyj0u_wpftmp.csproj]
E:\Program Files\better-genshin-impact-LCB\BetterGenshinImpact\GameTask\GameTaskManager.cs(118,114): warning CS8604: “AutoSkipTrigger.AutoSkipTrigger(AutoSkipConfig config)”中的形参“config”可能传入 null 引用实参。 [E:\Program Files\better-genshin-impact-LCB\BetterGenshinImpact\BetterGenshinImpact_lzryyj0u_wpftmp.csproj]
E:\Program Files\better-genshin-impact-LCB\BetterGenshinImpact\GameTask\AutoFight\AvatarCombatSpecialization.cs(703,26): warning CS8618: 在退出构造函数时，不可为 null 的 属性 "fire" 必须包含非 null 值。请考虑添加 "required" 修饰符或将该 属性 声明为可为 null。 [E:\Program Files\better-genshin-impact-LCB\BetterGenshinImpact\BetterGenshinImpact_lzryyj0u_wpftmp.csproj]
E:\Program Files\better-genshin-impact-LCB\BetterGenshinImpact\GameTask\AutoFight\AvatarCombatSpecialization.cs(704,26): warning CS8618: 在退出构造函数时，不可为 null 的 属性 "electro" 必须包含非 null 值。请考虑添加 "required" 修饰符或将该 属性 声明为可为 null。 [E:\Program Files\better-genshin-impact-LCB\BetterGenshinImpact\BetterGenshinImpact_lzryyj0u_wpftmp.csproj]
E:\Program Files\better-genshin-impact-LCB\BetterGenshinImpact\GameTask\AutoFight\AvatarCombatSpecialization.cs(705,26): warning CS8618: 在退出构造函数时，不可为 null 的 属性 "cryo" 必须包含非 null 值。请考虑添加 "required" 修饰符或将该 属性 声明为可为 null。 [E:\Program Files\better-genshin-impact-LCB\BetterGenshinImpact\BetterGenshinImpact_lzryyj0u_wpftmp.csproj]
E:\Program Files\better-genshin-impact-LCB\BetterGenshinImpact\GameTask\AutoFight\AvatarCombatSpecialization.cs(706,26): warning CS8618: 在退出构造函数时，不可为 null 的 属性 "hydro" 必须包含非 null 值。请考虑添加 "required" 修饰符或将该 属性 声明为可为 null。 [E:\Program Files\better-genshin-impact-LCB\BetterGenshinImpact\BetterGenshinImpact_lzryyj0u_wpftmp.csproj]
E:\Program Files\better-genshin-impact-LCB\BetterGenshinImpact\View\Pages\OneDragonFlowPage.xaml.cs(176,36): warning CS8603: 可能返回 null 引用。 [E:\Program Files\better-genshin-impact-LCB\BetterGenshinImpact\BetterGenshinImpact_lzryyj0u_wpftmp.csproj]
E:\Program Files\better-genshin-impact-LCB\BetterGenshinImpact\GameTask\AutoTrackPath\TpTaskOfficial.cs(1248,52): warning CS0168: 声明了变量“e”，但从未使用过 [E:\Program Files\better-genshin-impact-LCB\BetterGenshinImpact\BetterGenshinImpact_lzryyj0u_wpftmp.csproj]
E:\Program Files\better-genshin-impact-LCB\BetterGenshinImpact\GameTask\AutoPathing\Handler\SkillBoostHelper.cs(1589,32): warning CS1998: 此异步方法缺少 "await" 运算符，将以同步方式运行。请考虑使用 "await" 运算符等待非阻止的 API 调用，或者使用 "await Task.Run(...)" 在后台线程上执行占用大量 CPU 的工作。 [E:\Program Files\better-genshin-impact-LCB\BetterGenshinImpact\BetterGenshinImpact_lzryyj0u_wpftmp.csproj]
E:\Program Files\better-genshin-impact-LCB\BetterGenshinImpact\GameTask\AutoFight\AutoFightEndDetection.cs(70,21): warning CS4014: 由于此调用不会等待，因此在此调用完成之前将会继续执行当前方法。请考虑将 "await" 运算符应用于调用结果。 [E:\Program Files\better-genshin-impact-LCB\BetterGenshinImpact\BetterGenshinImpact_lzryyj0u_wpftmp.csproj]
E:\Program Files\better-genshin-impact-LCB\BetterGenshinImpact\GameTask\AutoFight\AutoFightEndDetection.cs(232,21): warning CS4014: 由于此调用不会等待，因此在此调用完成之前将会继续执行当前方法。请考虑将 "await" 运算符应用于调用结果。 [E:\Program Files\better-genshin-impact-LCB\BetterGenshinImpact\BetterGenshinImpact_lzryyj0u_wpftmp.csproj]
E:\Program Files\better-genshin-impact-LCB\BetterGenshinImpact\View\Pages\OneDragonFlowPage.xaml.cs(192,52): warning CS8602: 解引用可能出现空引用。 [E:\Program Files\better-genshin-impact-LCB\BetterGenshinImpact\BetterGenshinImpact_lzryyj0u_wpftmp.csproj]
E:\Program Files\better-genshin-impact-LCB\BetterGenshinImpact\View\Pages\OneDragonFlowPage.xaml.cs(181,24): warning CS1998: 此异步方法缺少 "await" 运算符，将以同步方式运行。请考虑使用 "await" 运算符等待非阻止的 API 调用，或者使用 "await Task.Run(...)" 在后台线程上执行占用大量 CPU 的工作。 [E:\Program Files\better-genshin-impact-LCB\BetterGenshinImpact\BetterGenshinImpact_lzryyj0u_wpftmp.csproj]
E:\Program Files\better-genshin-impact-LCB\BetterGenshinImpact\GameTask\AutoFight\AutoFightTask.cs(333,135): warning CS8604: “bool string.Contains(string value)”中的形参“value”可能传入 null 引用实参。 [E:\Program Files\better-genshin-impact-LCB\BetterGenshinImpact\BetterGenshinImpact_lzryyj0u_wpftmp.csproj]
E:\Program Files\better-genshin-impact-LCB\BetterGenshinImpact\GameTask\AutoFight\AutoFightTask.cs(298,12): warning CS8618: 在退出构造函数时，不可为 null 的 字段 "_predictor" 必须包含非 null 值。请考虑添加 "required" 修饰符或将该 字段 声明为可为 null。 [E:\Program Files\better-genshin-impact-LCB\BetterGenshinImpact\BetterGenshinImpact_lzryyj0u_wpftmp.csproj]
E:\Program Files\better-genshin-impact-LCB\BetterGenshinImpact\GameTask\AutoFight\AutoFightJsonTask.cs(73,27): warning CS8618: 在退出构造函数时，不可为 null 的 属性 "Action" 必须包含非 null 值。请考虑添加 "required" 修饰符或将该 属性 声明为可为 null。 [E:\Program Files\better-genshin-impact-LCB\BetterGenshinImpact\BetterGenshinImpact_lzryyj0u_wpftmp.csproj]
E:\Program Files\better-genshin-impact-LCB\BetterGenshinImpact\GameTask\AutoFight\AutoFightJsonTask.cs(74,23): warning CS8618: 在退出构造函数时，不可为 null 的 属性 "Expression" 必须包含非 null 值。请考虑添加 "required" 修饰符或将该 属性 声明为可为 null。 [E:\Program Files\better-genshin-impact-LCB\BetterGenshinImpact\BetterGenshinImpact_lzryyj0u_wpftmp.csproj]
E:\Program Files\better-genshin-impact-LCB\BetterGenshinImpact\GameTask\AutoPathing\Handler\AutoFightHandler.cs(69,37): warning CS8600: 将 null 文本或可能的 null 值转换为不可为 null 类型。 [E:\Program Files\better-genshin-impact-LCB\BetterGenshinImpact\BetterGenshinImpact_lzryyj0u_wpftmp.csproj]
E:\Program Files\better-genshin-impact-LCB\BetterGenshinImpact\GameTask\AutoPathing\Handler\AutoFightHandler.cs(212,77): warning CS8604: “string AutoFightHandler.GetFightStrategy(AutoFightConfig config)”中的形参“config”可能传入 null 引用实参。 [E:\Program Files\better-genshin-impact-LCB\BetterGenshinImpact\BetterGenshinImpact_lzryyj0u_wpftmp.csproj]
E:\Program Files\better-genshin-impact-LCB\BetterGenshinImpact\Service\OneDragon\OneDragonConfigReferenceService.cs(327,81): warning CS8604: “bool List<string>.Contains(string item)”中的形参“item”可能传入 null 引用实参。 [E:\Program Files\better-genshin-impact-LCB\BetterGenshinImpact\BetterGenshinImpact_lzryyj0u_wpftmp.csproj]
E:\Program Files\better-genshin-impact-LCB\BetterGenshinImpact\Service\OneDragon\OneDragonConfigReferenceService.cs(334,41): warning CS8604: “bool List<string>.Contains(string item)”中的形参“item”可能传入 null 引用实参。 [E:\Program Files\better-genshin-impact-LCB\BetterGenshinImpact\BetterGenshinImpact_lzryyj0u_wpftmp.csproj]
E:\Program Files\better-genshin-impact-LCB\BetterGenshinImpact\ViewModel\Pages\HomePageViewModel.cs(94,12): warning CS8618: 在退出构造函数时，不可为 null 的 字段 "_bannerImageSource" 必须包含非 null 值。请考虑添加 "required" 修饰符或将该 字段 声明为可为 null。 [E:\Program Files\better-genshin-impact-LCB\BetterGenshinImpact\BetterGenshinImpact_lzryyj0u_wpftmp.csproj]
E:\Program Files\better-genshin-impact-LCB\BetterGenshinImpact\GameTask\GameLoading\GameLoading.cs(110,34): warning CS0168: 声明了变量“e”，但从未使用过 [E:\Program Files\better-genshin-impact-LCB\BetterGenshinImpact\BetterGenshinImpact_lzryyj0u_wpftmp.csproj]
E:\Program Files\better-genshin-impact-LCB\BetterGenshinImpact\GameTask\GameLoading\GameLoading.cs(157,26): warning CS0168: 声明了变量“ex”，但从未使用过 [E:\Program Files\better-genshin-impact-LCB\BetterGenshinImpact\BetterGenshinImpact_lzryyj0u_wpftmp.csproj]
E:\Program Files\better-genshin-impact-LCB\BetterGenshinImpact\GameTask\GameLoading\GameLoading.cs(210,38): warning CS8600: 将 null 文本或可能的 null 值转换为不可为 null 类型。 [E:\Program Files\better-genshin-impact-LCB\BetterGenshinImpact\BetterGenshinImpact_lzryyj0u_wpftmp.csproj]
E:\Program Files\better-genshin-impact-LCB\BetterGenshinImpact\GameTask\GameLoading\GameLoading.cs(216,42): warning CS8600: 将 null 文本或可能的 null 值转换为不可为 null 类型。 [E:\Program Files\better-genshin-impact-LCB\BetterGenshinImpact\BetterGenshinImpact_lzryyj0u_wpftmp.csproj]
E:\Program Files\better-genshin-impact-LCB\BetterGenshinImpact\GameTask\GameLoading\GameLoading.cs(335,64): warning CS8604: “(nint windowHandle, string windowType) GameLoadingTrigger.GetBiliLoginWindow(Process process)”中的形参“process”可能传入 null 引用实参。 [E:\Program Files\better-genshin-impact-LCB\BetterGenshinImpact\BetterGenshinImpact_lzryyj0u_wpftmp.csproj]
E:\Program Files\better-genshin-impact-LCB\BetterGenshinImpact\GameTask\AutoFight\AutoFightParam.cs(199,12): warning CS8618: 在退出构造函数时，不可为 null 的 属性 "CombatStrategyPath" 必须包含非 null 值。请考虑添加 "required" 修饰符或将该 属性 声明为可为 null。 [E:\Program Files\better-genshin-impact-LCB\BetterGenshinImpact\BetterGenshinImpact_lzryyj0u_wpftmp.csproj]
E:\Program Files\better-genshin-impact-LCB\BetterGenshinImpact\GameTask\AutoFight\AutoFightParam.cs(199,12): warning CS8618: 在退出构造函数时，不可为 null 的 字段 "KazuhaPartyName" 必须包含非 null 值。请考虑添加 "required" 修饰符或将该 字段 声明为可为 null。 [E:\Program Files\better-genshin-impact-LCB\BetterGenshinImpact\BetterGenshinImpact_lzryyj0u_wpftmp.csproj]
E:\Program Files\better-genshin-impact-LCB\BetterGenshinImpact\ViewModel\Pages\HomePageViewModel.cs(388,26): warning CS0168: 声明了变量“e”，但从未使用过 [E:\Program Files\better-genshin-impact-LCB\BetterGenshinImpact\BetterGenshinImpact_lzryyj0u_wpftmp.csproj]
E:\Program Files\better-genshin-impact-LCB\BetterGenshinImpact\GameTask\AutoHoeing\Services\DumperService.cs(126,23): warning CS1998: 此异步方法缺少 "await" 运算符，将以同步方式运行。请考虑使用 "await" 运算符等待非阻止的 API 调用，或者使用 "await Task.Run(...)" 在后台线程上执行占用大量 CPU 的工作。 [E:\Program Files\better-genshin-impact-LCB\BetterGenshinImpact\BetterGenshinImpact_lzryyj0u_wpftmp.csproj]
E:\Program Files\better-genshin-impact-LCB\BetterGenshinImpact\GameTask\LogParse\YsHttp.cs(136,17): warning CS8602: 解引用可能出现空引用。 [E:\Program Files\better-genshin-impact-LCB\BetterGenshinImpact\BetterGenshinImpact_lzryyj0u_wpftmp.csproj]
E:\Program Files\better-genshin-impact-LCB\BetterGenshinImpact\Service\OneDragon\OneDragonAccountCapability.cs(114,47): warning CS8604: “bool string.Contains(string value)”中的形参“value”可能传入 null 引用实参。 [E:\Program Files\better-genshin-impact-LCB\BetterGenshinImpact\BetterGenshinImpact_lzryyj0u_wpftmp.csproj]
E:\Program Files\better-genshin-impact-LCB\BetterGenshinImpact\GameTask\Model\GameUI\GridScreen.cs(218,22): warning CS8321: 声明了本地函数“getLine”，但从未使用过 [E:\Program Files\better-genshin-impact-LCB\BetterGenshinImpact\BetterGenshinImpact_lzryyj0u_wpftmp.csproj]
E:\Program Files\better-genshin-impact-LCB\BetterGenshinImpact\GameTask\AutoFight\AutoFightJsonTask.cs(628,13): warning CS4014: 由于此调用不会等待，因此在此调用完成之前将会继续执行当前方法。请考虑将 "await" 运算符应用于调用结果。 [E:\Program Files\better-genshin-impact-LCB\BetterGenshinImpact\BetterGenshinImpact_lzryyj0u_wpftmp.csproj]
E:\Program Files\better-genshin-impact-LCB\BetterGenshinImpact\GameTask\Model\Area\Region.cs(60,12): warning CS8618: 在退出构造函数时，不可为 null 的 字段 "drawContent" 必须包含非 null 值。请考虑添加 "required" 修饰符或将该 字段 声明为可为 null。 [E:\Program Files\better-genshin-impact-LCB\BetterGenshinImpact\BetterGenshinImpact_lzryyj0u_wpftmp.csproj]
E:\Program Files\better-genshin-impact-LCB\BetterGenshinImpact\GameTask\LogParse\YsHttp.cs(233,36): warning CS8602: 解引用可能出现空引用。 [E:\Program Files\better-genshin-impact-LCB\BetterGenshinImpact\BetterGenshinImpact_lzryyj0u_wpftmp.csproj]
E:\Program Files\better-genshin-impact-LCB\BetterGenshinImpact\GameTask\LogParse\YsHttp.cs(254,40): warning CS8602: 解引用可能出现空引用。 [E:\Program Files\better-genshin-impact-LCB\BetterGenshinImpact\BetterGenshinImpact_lzryyj0u_wpftmp.csproj]
E:\Program Files\better-genshin-impact-LCB\BetterGenshinImpact\GameTask\AutoFight\AutoFightJsonTask.cs(874,37): warning CS4014: 由于此调用不会等待，因此在此调用完成之前将会继续执行当前方法。请考虑将 "await" 运算符应用于调用结果。 [E:\Program Files\better-genshin-impact-LCB\BetterGenshinImpact\BetterGenshinImpact_lzryyj0u_wpftmp.csproj]
E:\Program Files\better-genshin-impact-LCB\BetterGenshinImpact\GameTask\AutoFight\AutoFightJsonTask.cs(813,34): warning CS8602: 解引用可能出现空引用。 [E:\Program Files\better-genshin-impact-LCB\BetterGenshinImpact\BetterGenshinImpact_lzryyj0u_wpftmp.csproj]
E:\Program Files\better-genshin-impact-LCB\BetterGenshinImpact\GameTask\AutoPathing\Handler\TeapotHurryOnHelper.cs(100,41): warning CS4014: 由于此调用不会等待，因此在此调用完成之前将会继续执行当前方法。请考虑将 "await" 运算符应用于调用结果。 [E:\Program Files\better-genshin-impact-LCB\BetterGenshinImpact\BetterGenshinImpact_lzryyj0u_wpftmp.csproj]
E:\Program Files\better-genshin-impact-LCB\BetterGenshinImpact\GameTask\AutoPathing\Handler\TeapotHurryOnHelper.cs(219,33): warning CS4014: 由于此调用不会等待，因此在此调用完成之前将会继续执行当前方法。请考虑将 "await" 运算符应用于调用结果。 [E:\Program Files\better-genshin-impact-LCB\BetterGenshinImpact\BetterGenshinImpact_lzryyj0u_wpftmp.csproj]
E:\Program Files\better-genshin-impact-LCB\BetterGenshinImpact\GameTask\AutoPathing\Handler\TeapotHurryOnHelper.cs(269,29): warning CS4014: 由于此调用不会等待，因此在此调用完成之前将会继续执行当前方法。请考虑将 "await" 运算符应用于调用结果。 [E:\Program Files\better-genshin-impact-LCB\BetterGenshinImpact\BetterGenshinImpact_lzryyj0u_wpftmp.csproj]
E:\Program Files\better-genshin-impact-LCB\BetterGenshinImpact\GameTask\AutoPathing\Handler\TeapotHurryOnHelper.cs(255,25): warning CS8602: 解引用可能出现空引用。 [E:\Program Files\better-genshin-impact-LCB\BetterGenshinImpact\BetterGenshinImpact_lzryyj0u_wpftmp.csproj]
E:\Program Files\better-genshin-impact-LCB\BetterGenshinImpact\GameTask\AutoPathing\Handler\TeapotHurryOnHelper.cs(343,75): warning CS8602: 解引用可能出现空引用。 [E:\Program Files\better-genshin-impact-LCB\BetterGenshinImpact\BetterGenshinImpact_lzryyj0u_wpftmp.csproj]
E:\Program Files\better-genshin-impact-LCB\BetterGenshinImpact\GameTask\AutoPathing\Handler\TeapotHurryOnHelper.cs(368,45): warning CS8602: 解引用可能出现空引用。 [E:\Program Files\better-genshin-impact-LCB\BetterGenshinImpact\BetterGenshinImpact_lzryyj0u_wpftmp.csproj]
E:\Program Files\better-genshin-impact-LCB\BetterGenshinImpact\GameTask\AutoPathing\Handler\TeapotHurryOnHelper.cs(498,107): warning CS8604: “Task<(Point2f point, int additionalTimeInMs)> PathExecutor.GetPositionAndTime(ImageRegion imageRegion, WaypointForTrack waypoint, bool isPoint = true)”中的形参“waypoint”可能传入 null 引用实参。 [E:\Program Files\better-genshin-impact-LCB\BetterGenshinImpact\BetterGenshinImpact_lzryyj0u_wpftmp.csproj]
E:\Program Files\better-genshin-impact-LCB\BetterGenshinImpact\GameTask\AutoPathing\Handler\TeapotHurryOnHelper.cs(566,41): warning CS8602: 解引用可能出现空引用。 [E:\Program Files\better-genshin-impact-LCB\BetterGenshinImpact\BetterGenshinImpact_lzryyj0u_wpftmp.csproj]
E:\Program Files\better-genshin-impact-LCB\BetterGenshinImpact\GameTask\AutoPathing\Handler\TeapotHurryOnHelper.cs(597,45): warning CS8602: 解引用可能出现空引用。 [E:\Program Files\better-genshin-impact-LCB\BetterGenshinImpact\BetterGenshinImpact_lzryyj0u_wpftmp.csproj]
E:\Program Files\better-genshin-impact-LCB\BetterGenshinImpact\GameTask\AutoFight\AutoFightSeek.cs(492,33): warning CS4014: 由于此调用不会等待，因此在此调用完成之前将会继续执行当前方法。请考虑将 "await" 运算符应用于调用结果。 [E:\Program Files\better-genshin-impact-LCB\BetterGenshinImpact\BetterGenshinImpact_lzryyj0u_wpftmp.csproj]
E:\Program Files\better-genshin-impact-LCB\BetterGenshinImpact\GameTask\AutoFight\AutoFightSeek.cs(635,33): warning CS4014: 由于此调用不会等待，因此在此调用完成之前将会继续执行当前方法。请考虑将 "await" 运算符应用于调用结果。 [E:\Program Files\better-genshin-impact-LCB\BetterGenshinImpact\BetterGenshinImpact_lzryyj0u_wpftmp.csproj]
E:\Program Files\better-genshin-impact-LCB\BetterGenshinImpact\GameTask\AutoPathing\PathExecutor.cs(396,43): warning CS0420: “PathExecutor._multiplayerRevivalDetected”: 对 volatile 字段的引用不被视为 volatile [E:\Program Files\better-genshin-impact-LCB\BetterGenshinImpact\BetterGenshinImpact_lzryyj0u_wpftmp.csproj]
E:\Program Files\better-genshin-impact-LCB\BetterGenshinImpact\GameTask\AutoPathing\PathExecutor.cs(416,62): warning CS0420: “PathExecutor._multiplayerRevivalDetected”: 对 volatile 字段的引用不被视为 volatile [E:\Program Files\better-genshin-impact-LCB\BetterGenshinImpact\BetterGenshinImpact_lzryyj0u_wpftmp.csproj]
E:\Program Files\better-genshin-impact-LCB\BetterGenshinImpact\GameTask\AutoHoeing\AutoHoeingTask.cs(3994,31): warning CS8602: 解引用可能出现空引用。 [E:\Program Files\better-genshin-impact-LCB\BetterGenshinImpact\BetterGenshinImpact_lzryyj0u_wpftmp.csproj]
E:\Program Files\better-genshin-impact-LCB\BetterGenshinImpact\GameTask\AutoHoeing\AutoHoeingTask.cs(4151,48): warning CS8601: 可能的 null 引用赋值。 [E:\Program Files\better-genshin-impact-LCB\BetterGenshinImpact\BetterGenshinImpact_lzryyj0u_wpftmp.csproj]
E:\Program Files\better-genshin-impact-LCB\BetterGenshinImpact\GameTask\AutoHoeing\AutoHoeingTask.cs(4299,33): warning CS8602: 解引用可能出现空引用。 [E:\Program Files\better-genshin-impact-LCB\BetterGenshinImpact\BetterGenshinImpact_lzryyj0u_wpftmp.csproj]
E:\Program Files\better-genshin-impact-LCB\BetterGenshinImpact\ViewModel\Pages\ScriptControlViewModel.cs(643,30): warning CS8600: 将 null 文本或可能的 null 值转换为不可为 null 类型。 [E:\Program Files\better-genshin-impact-LCB\BetterGenshinImpact\BetterGenshinImpact_lzryyj0u_wpftmp.csproj]
E:\Program Files\better-genshin-impact-LCB\BetterGenshinImpact\ViewModel\Pages\ScriptControlViewModel.cs(646,47): warning CS8604: “DirectoryInfo Directory.CreateDirectory(string path)”中的形参“path”可能传入 null 引用实参。 [E:\Program Files\better-genshin-impact-LCB\BetterGenshinImpact\BetterGenshinImpact_lzryyj0u_wpftmp.csproj]
E:\Program Files\better-genshin-impact-LCB\BetterGenshinImpact\GameTask\AutoHoeing\AutoHoeingTask.cs(4631,65): warning CS8601: 可能的 null 引用赋值。 [E:\Program Files\better-genshin-impact-LCB\BetterGenshinImpact\BetterGenshinImpact_lzryyj0u_wpftmp.csproj]
E:\Program Files\better-genshin-impact-LCB\BetterGenshinImpact\GameTask\AutoHoeing\Multiplayer\MultiplayerCoordinator.cs(1003,28): warning CS1998: 此异步方法缺少 "await" 运算符，将以同步方式运行。请考虑使用 "await" 运算符等待非阻止的 API 调用，或者使用 "await Task.Run(...)" 在后台线程上执行占用大量 CPU 的工作。 [E:\Program Files\better-genshin-impact-LCB\BetterGenshinImpact\BetterGenshinImpact_lzryyj0u_wpftmp.csproj]
E:\Program Files\better-genshin-impact-LCB\BetterGenshinImpact\GameTask\LogParse\YsHttp.cs(58,54): warning CS8618: 在退出构造函数时，不可为 null 的 属性 "GameBiz" 必须包含非 null 值。请考虑添加 "required" 修饰符或将该 属性 声明为可为 null。 [E:\Program Files\better-genshin-impact-LCB\BetterGenshinImpact\BetterGenshinImpact_lzryyj0u_wpftmp.csproj]
E:\Program Files\better-genshin-impact-LCB\BetterGenshinImpact\GameTask\LogParse\YsHttp.cs(60,52): warning CS8618: 在退出构造函数时，不可为 null 的 属性 "Region" 必须包含非 null 值。请考虑添加 "required" 修饰符或将该 属性 声明为可为 null。 [E:\Program Files\better-genshin-impact-LCB\BetterGenshinImpact\BetterGenshinImpact_lzryyj0u_wpftmp.csproj]
E:\Program Files\better-genshin-impact-LCB\BetterGenshinImpact\GameTask\LogParse\YsHttp.cs(62,54): warning CS8618: 在退出构造函数时，不可为 null 的 属性 "GameUid" 必须包含非 null 值。请考虑添加 "required" 修饰符或将该 属性 声明为可为 null。 [E:\Program Files\better-genshin-impact-LCB\BetterGenshinImpact\BetterGenshinImpact_lzryyj0u_wpftmp.csproj]
E:\Program Files\better-genshin-impact-LCB\BetterGenshinImpact\GameTask\LogParse\YsHttp.cs(64,54): warning CS8618: 在退出构造函数时，不可为 null 的 属性 "Nickname" 必须包含非 null 值。请考虑添加 "required" 修饰符或将该 属性 声明为可为 null。 [E:\Program Files\better-genshin-impact-LCB\BetterGenshinImpact\BetterGenshinImpact_lzryyj0u_wpftmp.csproj]
E:\Program Files\better-genshin-impact-LCB\BetterGenshinImpact\GameTask\LogParse\YsHttp.cs(70,57): warning CS8618: 在退出构造函数时，不可为 null 的 属性 "RegionName" 必须包含非 null 值。请考虑添加 "required" 修饰符或将该 属性 声明为可为 null。 [E:\Program Files\better-genshin-impact-LCB\BetterGenshinImpact\BetterGenshinImpact_lzryyj0u_wpftmp.csproj]
E:\Program Files\better-genshin-impact-LCB\BetterGenshinImpact\GameTask\LogParse\YsHttp.cs(49,52): warning CS8618: 在退出构造函数时，不可为 null 的 属性 "Action" 必须包含非 null 值。请考虑添加 "required" 修饰符或将该 属性 声明为可为 null。 [E:\Program Files\better-genshin-impact-LCB\BetterGenshinImpact\BetterGenshinImpact_lzryyj0u_wpftmp.csproj]
E:\Program Files\better-genshin-impact-LCB\BetterGenshinImpact\GameTask\LogParse\YsHttp.cs(51,50): warning CS8618: 在退出构造函数时，不可为 null 的 属性 "Time" 必须包含非 null 值。请考虑添加 "required" 修饰符或将该 属性 声明为可为 null。 [E:\Program Files\better-genshin-impact-LCB\BetterGenshinImpact\BetterGenshinImpact_lzryyj0u_wpftmp.csproj]
E:\Program Files\better-genshin-impact-LCB\BetterGenshinImpact\GameTask\LogParse\YsHttp.cs(27,52): warning CS8618: 在退出构造函数时，不可为 null 的 属性 "Region" 必须包含非 null 值。请考虑添加 "required" 修饰符或将该 属性 声明为可为 null。 [E:\Program Files\better-genshin-impact-LCB\BetterGenshinImpact\BetterGenshinImpact_lzryyj0u_wpftmp.csproj]
E:\Program Files\better-genshin-impact-LCB\BetterGenshinImpact\GameTask\LogParse\YsHttp.cs(31,54): warning CS8618: 在退出构造函数时，不可为 null 的 属性 "Nickname" 必须包含非 null 值。请考虑添加 "required" 修饰符或将该 属性 声明为可为 null。 [E:\Program Files\better-genshin-impact-LCB\BetterGenshinImpact\BetterGenshinImpact_lzryyj0u_wpftmp.csproj]
E:\Program Files\better-genshin-impact-LCB\BetterGenshinImpact\GameTask\LogParse\YsHttp.cs(33,50): warning CS8618: 在退出构造函数时，不可为 null 的 属性 "Date" 必须包含非 null 值。请考虑添加 "required" 修饰符或将该 属性 声明为可为 null。 [E:\Program Files\better-genshin-impact-LCB\BetterGenshinImpact\BetterGenshinImpact_lzryyj0u_wpftmp.csproj]
E:\Program Files\better-genshin-impact-LCB\BetterGenshinImpact\GameTask\LogParse\YsHttp.cs(37,63): warning CS8618: 在退出构造函数时，不可为 null 的 属性 "OptionalMonth" 必须包含非 null 值。请考虑添加 "required" 修饰符或将该 属性 声明为可为 null。 [E:\Program Files\better-genshin-impact-LCB\BetterGenshinImpact\BetterGenshinImpact_lzryyj0u_wpftmp.csproj]
E:\Program Files\better-genshin-impact-LCB\BetterGenshinImpact\GameTask\LogParse\YsHttp.cs(42,24): warning CS8618: 在退出构造函数时，不可为 null 的 属性 "List" 必须包含非 null 值。请考虑添加 "required" 修饰符或将该 属性 声明为可为 null。 [E:\Program Files\better-genshin-impact-LCB\BetterGenshinImpact\BetterGenshinImpact_lzryyj0u_wpftmp.csproj]
E:\Program Files\better-genshin-impact-LCB\BetterGenshinImpact\GameTask\LogParse\YsHttp.cs(19,53): warning CS8618: 在退出构造函数时，不可为 null 的 属性 "Message" 必须包含非 null 值。请考虑添加 "required" 修饰符或将该 属性 声明为可为 null。 [E:\Program Files\better-genshin-impact-LCB\BetterGenshinImpact\BetterGenshinImpact_lzryyj0u_wpftmp.csproj]
E:\Program Files\better-genshin-impact-LCB\BetterGenshinImpact\GameTask\LogParse\YsHttp.cs(20,24): warning CS8618: 在退出构造函数时，不可为 null 的 属性 "Data" 必须包含非 null 值。请考虑添加 "required" 修饰符或将该 属性 声明为可为 null。 [E:\Program Files\better-genshin-impact-LCB\BetterGenshinImpact\BetterGenshinImpact_lzryyj0u_wpftmp.csproj]
E:\Program Files\better-genshin-impact-LCB\BetterGenshinImpact\GameTask\LogParse\MoraStatistics.cs(57,40): warning CS8603: 可能返回 null 引用。 [E:\Program Files\better-genshin-impact-LCB\BetterGenshinImpact\BetterGenshinImpact_lzryyj0u_wpftmp.csproj]
E:\Program Files\better-genshin-impact-LCB\BetterGenshinImpact\GameTask\LogParse\TravelsDiaryDetailManager.cs(162,29): warning CS8602: 解引用可能出现空引用。 [E:\Program Files\better-genshin-impact-LCB\BetterGenshinImpact\BetterGenshinImpact_lzryyj0u_wpftmp.csproj]
E:\Program Files\better-genshin-impact-LCB\BetterGenshinImpact\GameTask\LogParse\TravelsDiaryDetailManager.cs(192,33): warning CS0168: 声明了变量“e”，但从未使用过 [E:\Program Files\better-genshin-impact-LCB\BetterGenshinImpact\BetterGenshinImpact_lzryyj0u_wpftmp.csproj]
E:\Program Files\better-genshin-impact-LCB\BetterGenshinImpact\GameTask\LogParse\MoraStatistics.cs(58,40): warning CS8603: 可能返回 null 引用。 [E:\Program Files\better-genshin-impact-LCB\BetterGenshinImpact\BetterGenshinImpact_lzryyj0u_wpftmp.csproj]
E:\Program Files\better-genshin-impact-LCB\BetterGenshinImpact\GameTask\LogParse\TravelsDiaryDetailManager.cs(216,28): warning CS8600: 将 null 文本或可能的 null 值转换为不可为 null 类型。 [E:\Program Files\better-genshin-impact-LCB\BetterGenshinImpact\BetterGenshinImpact_lzryyj0u_wpftmp.csproj]
E:\Program Files\better-genshin-impact-LCB\BetterGenshinImpact\GameTask\LogParse\TravelsDiaryDetailManager.cs(221,39): warning CS8604: “DirectoryInfo Directory.CreateDirectory(string path)”中的形参“path”可能传入 null 引用实参。 [E:\Program Files\better-genshin-impact-LCB\BetterGenshinImpact\BetterGenshinImpact_lzryyj0u_wpftmp.csproj]
E:\Program Files\better-genshin-impact-LCB\BetterGenshinImpact\GameTask\AutoHoeing\Multiplayer\KazuhaCollectSyncCoordinator.cs(301,40): warning CS8604: “Task KazuhaCollectSyncCoordinator.RunAsKazuhaAsync(WaypointForTrack fightPointWaypoint, string syncKey, Task<PreparationResult>? prepTask, CancellationToken ct)”中的形参“fightPointWaypoint”可能传入 null 引用实参。 [E:\Program Files\better-genshin-impact-LCB\BetterGenshinImpact\BetterGenshinImpact_lzryyj0u_wpftmp.csproj]
E:\Program Files\better-genshin-impact-LCB\BetterGenshinImpact\GameTask\LogParse\MoraStatistics.cs(74,17): warning CS8602: 解引用可能出现空引用。 [E:\Program Files\better-genshin-impact-LCB\BetterGenshinImpact\BetterGenshinImpact_lzryyj0u_wpftmp.csproj]
E:\Program Files\better-genshin-impact-LCB\BetterGenshinImpact\ViewModel\Pages\ScriptControlViewModel.cs(1769,16): warning CS8619: 类型“List<ScriptProject?>”的值中引用类型的为 Null 性与目标类型“List<ScriptProject>”不匹配。 [E:\Program Files\better-genshin-impact-LCB\BetterGenshinImpact\BetterGenshinImpact_lzryyj0u_wpftmp.csproj]
E:\Program Files\better-genshin-impact-LCB\BetterGenshinImpact\GameTask\LogParse\MoraStatistics.cs(9,23): warning CS8618: 在退出构造函数时，不可为 null 的 字段 "Name" 必须包含非 null 值。请考虑添加 "required" 修饰符或将该 字段 声明为可为 null。 [E:\Program Files\better-genshin-impact-LCB\BetterGenshinImpact\BetterGenshinImpact_lzryyj0u_wpftmp.csproj]
E:\Program Files\better-genshin-impact-LCB\BetterGenshinImpact\GameTask\LogParse\LogParse.cs(206,29): warning CS8602: 解引用可能出现空引用。 [E:\Program Files\better-genshin-impact-LCB\BetterGenshinImpact\BetterGenshinImpact_lzryyj0u_wpftmp.csproj]
E:\Program Files\better-genshin-impact-LCB\BetterGenshinImpact\GameTask\AutoHoeing\AutoHoeingTask.cs(5613,29): warning CS8602: 解引用可能出现空引用。 [E:\Program Files\better-genshin-impact-LCB\BetterGenshinImpact\BetterGenshinImpact_lzryyj0u_wpftmp.csproj]
E:\Program Files\better-genshin-impact-LCB\BetterGenshinImpact\GameTask\AutoHoeing\AutoHoeingTask.cs(5634,32): warning CS1998: 此异步方法缺少 "await" 运算符，将以同步方式运行。请考虑使用 "await" 运算符等待非阻止的 API 调用，或者使用 "await Task.Run(...)" 在后台线程上执行占用大量 CPU 的工作。 [E:\Program Files\better-genshin-impact-LCB\BetterGenshinImpact\BetterGenshinImpact_lzryyj0u_wpftmp.csproj]
E:\Program Files\better-genshin-impact-LCB\BetterGenshinImpact\GameTask\LogParse\LogParse.cs(934,36): warning CS8600: 将 null 文本或可能的 null 值转换为不可为 null 类型。 [E:\Program Files\better-genshin-impact-LCB\BetterGenshinImpact\BetterGenshinImpact_lzryyj0u_wpftmp.csproj]
E:\Program Files\better-genshin-impact-LCB\BetterGenshinImpact\GameTask\LogParse\LogParse.cs(939,43): warning CS8604: “DirectoryInfo Directory.CreateDirectory(string path)”中的形参“path”可能传入 null 引用实参。 [E:\Program Files\better-genshin-impact-LCB\BetterGenshinImpact\BetterGenshinImpact_lzryyj0u_wpftmp.csproj]
E:\Program Files\better-genshin-impact-LCB\BetterGenshinImpact\GameTask\LogParse\LogParse.cs(266,27): warning CS8618: 在退出构造函数时，不可为 null 的 属性 "Name" 必须包含非 null 值。请考虑添加 "required" 修饰符或将该 属性 声明为可为 null。 [E:\Program Files\better-genshin-impact-LCB\BetterGenshinImpact\BetterGenshinImpact_lzryyj0u_wpftmp.csproj]
E:\Program Files\better-genshin-impact-LCB\BetterGenshinImpact\GameTask\LogParse\LogParse.cs(280,31): warning CS8618: 在退出构造函数时，不可为 null 的 属性 "Name" 必须包含非 null 值。请考虑添加 "required" 修饰符或将该 属性 声明为可为 null。 [E:\Program Files\better-genshin-impact-LCB\BetterGenshinImpact\BetterGenshinImpact_lzryyj0u_wpftmp.csproj]
E:\Program Files\better-genshin-impact-LCB\BetterGenshinImpact\ViewModel\Pages\ScriptControlViewModel.cs(2677,47): warning CS8604: “Task ScriptControlViewModel.OnContinueTaskProgressAsync(string name, List<TaskProgress>? taskProgresses = null, JobSource source = JobSource.Ui)”中的形参“name”可能传入 null 引用实参。 [E:\Program Files\better-genshin-impact-LCB\BetterGenshinImpact\BetterGenshinImpact_lzryyj0u_wpftmp.csproj]
E:\Program Files\better-genshin-impact-LCB\BetterGenshinImpact\Service\Notifier\BarkNotifier.cs(22,23): warning CS8618: 在退出构造函数时，不可为 null 的 属性 "Title" 必须包含非 null 值。请考虑添加 "required" 修饰符或将该 属性 声明为可为 null。 [E:\Program Files\better-genshin-impact-LCB\BetterGenshinImpact\BetterGenshinImpact_lzryyj0u_wpftmp.csproj]
E:\Program Files\better-genshin-impact-LCB\BetterGenshinImpact\Service\Notifier\BarkNotifier.cs(27,23): warning CS8618: 在退出构造函数时，不可为 null 的 属性 "Subtitle" 必须包含非 null 值。请考虑添加 "required" 修饰符或将该 属性 声明为可为 null。 [E:\Program Files\better-genshin-impact-LCB\BetterGenshinImpact\BetterGenshinImpact_lzryyj0u_wpftmp.csproj]
E:\Program Files\better-genshin-impact-LCB\BetterGenshinImpact\Service\Notifier\BarkNotifier.cs(32,23): warning CS8618: 在退出构造函数时，不可为 null 的 属性 "Body" 必须包含非 null 值。请考虑添加 "required" 修饰符或将该 属性 声明为可为 null。 [E:\Program Files\better-genshin-impact-LCB\BetterGenshinImpact\BetterGenshinImpact_lzryyj0u_wpftmp.csproj]
E:\Program Files\better-genshin-impact-LCB\BetterGenshinImpact\Service\Notifier\BarkNotifier.cs(37,23): warning CS8618: 在退出构造函数时，不可为 null 的 属性 "DeviceKey" 必须包含非 null 值。请考虑添加 "required" 修饰符或将该 属性 声明为可为 null。 [E:\Program Files\better-genshin-impact-LCB\BetterGenshinImpact\BetterGenshinImpact_lzryyj0u_wpftmp.csproj]
E:\Program Files\better-genshin-impact-LCB\BetterGenshinImpact\Service\Notifier\BarkNotifier.cs(62,23): warning CS8618: 在退出构造函数时，不可为 null 的 属性 "Call" 必须包含非 null 值。请考虑添加 "required" 修饰符或将该 属性 声明为可为 null。 [E:\Program Files\better-genshin-impact-LCB\BetterGenshinImpact\BetterGenshinImpact_lzryyj0u_wpftmp.csproj]
E:\Program Files\better-genshin-impact-LCB\BetterGenshinImpact\Service\Notifier\BarkNotifier.cs(67,23): warning CS8618: 在退出构造函数时，不可为 null 的 属性 "AutoCopy" 必须包含非 null 值。请考虑添加 "required" 修饰符或将该 属性 声明为可为 null。 [E:\Program Files\better-genshin-impact-LCB\BetterGenshinImpact\BetterGenshinImpact_lzryyj0u_wpftmp.csproj]
E:\Program Files\better-genshin-impact-LCB\BetterGenshinImpact\Service\Notifier\BarkNotifier.cs(72,23): warning CS8618: 在退出构造函数时，不可为 null 的 属性 "Copy" 必须包含非 null 值。请考虑添加 "required" 修饰符或将该 属性 声明为可为 null。 [E:\Program Files\better-genshin-impact-LCB\BetterGenshinImpact\BetterGenshinImpact_lzryyj0u_wpftmp.csproj]
E:\Program Files\better-genshin-impact-LCB\BetterGenshinImpact\Service\Notifier\BarkNotifier.cs(77,23): warning CS8618: 在退出构造函数时，不可为 null 的 属性 "Icon" 必须包含非 null 值。请考虑添加 "required" 修饰符或将该 属性 声明为可为 null。 [E:\Program Files\better-genshin-impact-LCB\BetterGenshinImpact\BetterGenshinImpact_lzryyj0u_wpftmp.csproj]
E:\Program Files\better-genshin-impact-LCB\BetterGenshinImpact\Service\Notifier\BarkNotifier.cs(87,23): warning CS8618: 在退出构造函数时，不可为 null 的 属性 "Ciphertext" 必须包含非 null 值。请考虑添加 "required" 修饰符或将该 属性 声明为可为 null。 [E:\Program Files\better-genshin-impact-LCB\BetterGenshinImpact\BetterGenshinImpact_lzryyj0u_wpftmp.csproj]
E:\Program Files\better-genshin-impact-LCB\BetterGenshinImpact\Service\Notifier\BarkNotifier.cs(92,23): warning CS8618: 在退出构造函数时，不可为 null 的 属性 "IsArchive" 必须包含非 null 值。请考虑添加 "required" 修饰符或将该 属性 声明为可为 null。 [E:\Program Files\better-genshin-impact-LCB\BetterGenshinImpact\BetterGenshinImpact_lzryyj0u_wpftmp.csproj]
E:\Program Files\better-genshin-impact-LCB\BetterGenshinImpact\Service\Notifier\BarkNotifier.cs(97,23): warning CS8618: 在退出构造函数时，不可为 null 的 属性 "Url" 必须包含非 null 值。请考虑添加 "required" 修饰符或将该 属性 声明为可为 null。 [E:\Program Files\better-genshin-impact-LCB\BetterGenshinImpact\BetterGenshinImpact_lzryyj0u_wpftmp.csproj]
E:\Program Files\better-genshin-impact-LCB\BetterGenshinImpact\Service\Notifier\BarkNotifier.cs(102,23): warning CS8618: 在退出构造函数时，不可为 null 的 属性 "Action" 必须包含非 null 值。请考虑添加 "required" 修饰符或将该 属性 声明为可为 null。 [E:\Program Files\better-genshin-impact-LCB\BetterGenshinImpact\BetterGenshinImpact_lzryyj0u_wpftmp.csproj]
E:\Program Files\better-genshin-impact-LCB\BetterGenshinImpact\Service\Notifier\BarkNotifier.cs(123,16): warning CS8618: 在退出构造函数时，不可为 null 的 字段 "_group" 必须包含非 null 值。请考虑添加 "required" 修饰符或将该 字段 声明为可为 null。 [E:\Program Files\better-genshin-impact-LCB\BetterGenshinImpact\BetterGenshinImpact_lzryyj0u_wpftmp.csproj]
E:\Program Files\better-genshin-impact-LCB\BetterGenshinImpact\Service\Notifier\BarkNotifier.cs(123,16): warning CS8618: 在退出构造函数时，不可为 null 的 字段 "_sound" 必须包含非 null 值。请考虑添加 "required" 修饰符或将该 字段 声明为可为 null。 [E:\Program Files\better-genshin-impact-LCB\BetterGenshinImpact\BetterGenshinImpact_lzryyj0u_wpftmp.csproj]
E:\Program Files\better-genshin-impact-LCB\BetterGenshinImpact\Service\Notifier\BarkNotifier.cs(165,38): warning CS8625: 无法将 null 字面量转换为非 null 的引用类型。 [E:\Program Files\better-genshin-impact-LCB\BetterGenshinImpact\BetterGenshinImpact_lzryyj0u_wpftmp.csproj]
E:\Program Files\better-genshin-impact-LCB\BetterGenshinImpact\ViewModel\Pages\MapPathingViewModel.cs(186,42): warning CS8604: “PathingConfigView.PathingConfigView(PathingConfigViewModel viewModel)”中的形参“viewModel”可能传入 null 引用实参。 [E:\Program Files\better-genshin-impact-LCB\BetterGenshinImpact\BetterGenshinImpact_lzryyj0u_wpftmp.csproj]
E:\Program Files\better-genshin-impact-LCB\BetterGenshinImpact\ViewModel\Pages\MapPathingViewModel.cs(174,23): warning CS1998: 此异步方法缺少 "await" 运算符，将以同步方式运行。请考虑使用 "await" 运算符等待非阻止的 API 调用，或者使用 "await Task.Run(...)" 在后台线程上执行占用大量 CPU 的工作。 [E:\Program Files\better-genshin-impact-LCB\BetterGenshinImpact\BetterGenshinImpact_lzryyj0u_wpftmp.csproj]
E:\Program Files\better-genshin-impact-LCB\BetterGenshinImpact\ViewModel\Pages\OneDragonFlowViewModel.cs(185,24): warning CS1998: 此异步方法缺少 "await" 运算符，将以同步方式运行。请考虑使用 "await" 运算符等待非阻止的 API 调用，或者使用 "await Task.Run(...)" 在后台线程上执行占用大量 CPU 的工作。 [E:\Program Files\better-genshin-impact-LCB\BetterGenshinImpact\BetterGenshinImpact_lzryyj0u_wpftmp.csproj]
E:\Program Files\better-genshin-impact-LCB\BetterGenshinImpact\ViewModel\Pages\OneDragonFlowViewModel.cs(281,12): warning CS8618: 在退出构造函数时，不可为 null 的 字段 "_scriptService" 必须包含非 null 值。请考虑添加 "required" 修饰符或将该 字段 声明为可为 null。 [E:\Program Files\better-genshin-impact-LCB\BetterGenshinImpact\BetterGenshinImpact_lzryyj0u_wpftmp.csproj]
E:\Program Files\better-genshin-impact-LCB\BetterGenshinImpact\ViewModel\Pages\OneDragonFlowViewModel.cs(281,12): warning CS8618: 在退出构造函数时，不可为 null 的 字段 "_selectedTask" 必须包含非 null 值。请考虑添加 "required" 修饰符或将该 字段 声明为可为 null。 [E:\Program Files\better-genshin-impact-LCB\BetterGenshinImpact\BetterGenshinImpact_lzryyj0u_wpftmp.csproj]
E:\Program Files\better-genshin-impact-LCB\BetterGenshinImpact\ViewModel\Pages\OneDragonFlowViewModel.cs(430,22): warning CS8602: 解引用可能出现空引用。 [E:\Program Files\better-genshin-impact-LCB\BetterGenshinImpact\BetterGenshinImpact_lzryyj0u_wpftmp.csproj]
E:\Program Files\better-genshin-impact-LCB\BetterGenshinImpact\ViewModel\Pages\OneDragonFlowViewModel.cs(462,24): warning CS8625: 无法将 null 字面量转换为非 null 的引用类型。 [E:\Program Files\better-genshin-impact-LCB\BetterGenshinImpact\BetterGenshinImpact_lzryyj0u_wpftmp.csproj]
E:\Program Files\better-genshin-impact-LCB\BetterGenshinImpact\ViewModel\Pages\OneDragonFlowViewModel.cs(605,13): warning CS4014: 由于此调用不会等待，因此在此调用完成之前将会继续执行当前方法。请考虑将 "await" 运算符应用于调用结果。 [E:\Program Files\better-genshin-impact-LCB\BetterGenshinImpact\BetterGenshinImpact_lzryyj0u_wpftmp.csproj]
E:\Program Files\better-genshin-impact-LCB\BetterGenshinImpact\ViewModel\Pages\OneDragonFlowViewModel.cs(604,41): warning CS8602: 解引用可能出现空引用。 [E:\Program Files\better-genshin-impact-LCB\BetterGenshinImpact\BetterGenshinImpact_lzryyj0u_wpftmp.csproj]
E:\Program Files\better-genshin-impact-LCB\BetterGenshinImpact\GameTask\Common\Job\GoToSereniteaPotTask.cs(55,12): warning CS8618: 在退出构造函数时，不可为 null 的 字段 "dongTianName" 必须包含非 null 值。请考虑添加 "required" 修饰符或将该 字段 声明为可为 null。 [E:\Program Files\better-genshin-impact-LCB\BetterGenshinImpact\BetterGenshinImpact_lzryyj0u_wpftmp.csproj]
E:\Program Files\better-genshin-impact-LCB\BetterGenshinImpact\GameTask\Common\Job\LinneaMiningTask.cs(214,43): warning CS8600: 将 null 文本或可能的 null 值转换为不可为 null 类型。 [E:\Program Files\better-genshin-impact-LCB\BetterGenshinImpact\BetterGenshinImpact_lzryyj0u_wpftmp.csproj]
E:\Program Files\better-genshin-impact-LCB\BetterGenshinImpact\ViewModel\Pages\OneDragonFlowViewModel.cs(1070,32): warning CS8625: 无法将 null 字面量转换为非 null 的引用类型。 [E:\Program Files\better-genshin-impact-LCB\BetterGenshinImpact\BetterGenshinImpact_lzryyj0u_wpftmp.csproj]
E:\Program Files\better-genshin-impact-LCB\BetterGenshinImpact\GameTask\Common\Map\Camera\CameraOrientationFromLimint.cs(28,12): warning CS8618: 在退出构造函数时，不可为 null 的 字段 "rotationRemapDataX" 必须包含非 null 值。请考虑添加 "required" 修饰符或将该 字段 声明为可为 null。 [E:\Program Files\better-genshin-impact-LCB\BetterGenshinImpact\BetterGenshinImpact_lzryyj0u_wpftmp.csproj]
E:\Program Files\better-genshin-impact-LCB\BetterGenshinImpact\GameTask\Common\Map\Camera\CameraOrientationFromLimint.cs(28,12): warning CS8618: 在退出构造函数时，不可为 null 的 字段 "rotationRemapDataY" 必须包含非 null 值。请考虑添加 "required" 修饰符或将该 字段 声明为可为 null。 [E:\Program Files\better-genshin-impact-LCB\BetterGenshinImpact\BetterGenshinImpact_lzryyj0u_wpftmp.csproj]
E:\Program Files\better-genshin-impact-LCB\BetterGenshinImpact\GameTask\Common\Map\Camera\CameraOrientationFromLimint.cs(28,12): warning CS8618: 在退出构造函数时，不可为 null 的 字段 "alphaMask1" 必须包含非 null 值。请考虑添加 "required" 修饰符或将该 字段 声明为可为 null。 [E:\Program Files\better-genshin-impact-LCB\BetterGenshinImpact\BetterGenshinImpact_lzryyj0u_wpftmp.csproj]
E:\Program Files\better-genshin-impact-LCB\BetterGenshinImpact\GameTask\Common\Map\Camera\CameraOrientationFromLimint.cs(28,12): warning CS8618: 在退出构造函数时，不可为 null 的 字段 "alphaMask2" 必须包含非 null 值。请考虑添加 "required" 修饰符或将该 字段 声明为可为 null。 [E:\Program Files\better-genshin-impact-LCB\BetterGenshinImpact\BetterGenshinImpact_lzryyj0u_wpftmp.csproj]
E:\Program Files\better-genshin-impact-LCB\BetterGenshinImpact\GameTask\Common\Job\SetTimeTask.cs(95,24): warning CS1998: 此异步方法缺少 "await" 运算符，将以同步方式运行。请考虑使用 "await" 运算符等待非阻止的 API 调用，或者使用 "await Task.Run(...)" 在后台线程上执行占用大量 CPU 的工作。 [E:\Program Files\better-genshin-impact-LCB\BetterGenshinImpact\BetterGenshinImpact_lzryyj0u_wpftmp.csproj]
E:\Program Files\better-genshin-impact-LCB\BetterGenshinImpact\GameTask\AutoPathing\PathExecutor.cs(1371,37): warning CS4014: 由于此调用不会等待，因此在此调用完成之前将会继续执行当前方法。请考虑将 "await" 运算符应用于调用结果。 [E:\Program Files\better-genshin-impact-LCB\BetterGenshinImpact\BetterGenshinImpact_lzryyj0u_wpftmp.csproj]
E:\Program Files\better-genshin-impact-LCB\BetterGenshinImpact\GameTask\AutoPathing\PathExecutor.cs(662,62): warning CS8620: 由于引用类型的可为 null 性差异，Dictionary<int, string> 类型的实参不能用于 Dictionary<int, string?>.Dictionary(IDictionary<int, string?> dictionary) 中 IDictionary<int, string?> 类型的形参 dictionary。 [E:\Program Files\better-genshin-impact-LCB\BetterGenshinImpact\BetterGenshinImpact_lzryyj0u_wpftmp.csproj]
E:\Program Files\better-genshin-impact-LCB\BetterGenshinImpact\GameTask\AutoPathing\PathExecutor.cs(1440,60): warning CS8602: 解引用可能出现空引用。 [E:\Program Files\better-genshin-impact-LCB\BetterGenshinImpact\BetterGenshinImpact_lzryyj0u_wpftmp.csproj]
E:\Program Files\better-genshin-impact-LCB\BetterGenshinImpact\GameTask\AutoPathing\PathExecutor.cs(1774,58): warning CS8602: 解引用可能出现空引用。 [E:\Program Files\better-genshin-impact-LCB\BetterGenshinImpact\BetterGenshinImpact_lzryyj0u_wpftmp.csproj]
E:\Program Files\better-genshin-impact-LCB\BetterGenshinImpact\GameTask\AutoPathing\PathExecutor.cs(1788,67): warning CS8604: “Task PathExecutor.MoveCloseTo(WaypointForTrack waypoint, double closeDistance = 2, int? tailDelayMs = null, int maxSteps = 25, string? fastSyncId = null, WaypointForTrack? fastSyncWaypoint = null, bool escapeClimbOnReturn = false, bool guardJumpOnReturn = false)”中的形参“waypoint”可能传入 null 引用实参。 [E:\Program Files\better-genshin-impact-LCB\BetterGenshinImpact\BetterGenshinImpact_lzryyj0u_wpftmp.csproj]
E:\Program Files\better-genshin-impact-LCB\BetterGenshinImpact\GameTask\AutoPathing\PathExecutor.cs(1848,51): warning CS8602: 解引用可能出现空引用。 [E:\Program Files\better-genshin-impact-LCB\BetterGenshinImpact\BetterGenshinImpact_lzryyj0u_wpftmp.csproj]
E:\Program Files\better-genshin-impact-LCB\BetterGenshinImpact\GameTask\AutoPathing\PathExecutor.cs(694,46): warning CS0420: “PathExecutor._multiplayerRevivalDetected”: 对 volatile 字段的引用不被视为 volatile [E:\Program Files\better-genshin-impact-LCB\BetterGenshinImpact\BetterGenshinImpact_lzryyj0u_wpftmp.csproj]
E:\Program Files\better-genshin-impact-LCB\BetterGenshinImpact\GameTask\AutoPathing\PathExecutor.cs(2051,139): warning CS0420: “PathExecutor._protectionConsumed”: 对 volatile 字段的引用不被视为 volatile [E:\Program Files\better-genshin-impact-LCB\BetterGenshinImpact\BetterGenshinImpact_lzryyj0u_wpftmp.csproj]
E:\Program Files\better-genshin-impact-LCB\BetterGenshinImpact\GameTask\AutoPathing\PathExecutor.cs(1898,41): warning CS0168: 声明了变量“handledException”，但从未使用过 [E:\Program Files\better-genshin-impact-LCB\BetterGenshinImpact\BetterGenshinImpact_lzryyj0u_wpftmp.csproj]
E:\Program Files\better-genshin-impact-LCB\BetterGenshinImpact\GameTask\AutoPathing\PathExecutor.cs(1915,46): warning CS0168: 声明了变量“e”，但从未使用过 [E:\Program Files\better-genshin-impact-LCB\BetterGenshinImpact\BetterGenshinImpact_lzryyj0u_wpftmp.csproj]
E:\Program Files\better-genshin-impact-LCB\BetterGenshinImpact\GameTask\AutoFight\AutoFightTask.cs(1026,21): warning CS4014: 由于此调用不会等待，因此在此调用完成之前将会继续执行当前方法。请考虑将 "await" 运算符应用于调用结果。 [E:\Program Files\better-genshin-impact-LCB\BetterGenshinImpact\BetterGenshinImpact_lzryyj0u_wpftmp.csproj]
E:\Program Files\better-genshin-impact-LCB\BetterGenshinImpact\GameTask\AutoFight\AutoFightTask.cs(1140,55): warning CS0612: “AutoFightSkill.AvatarQSkillAsync(ImageRegion?, List<int>?, int?)”已过时 [E:\Program Files\better-genshin-impact-LCB\BetterGenshinImpact\BetterGenshinImpact_lzryyj0u_wpftmp.csproj]
E:\Program Files\better-genshin-impact-LCB\BetterGenshinImpact\GameTask\AutoFight\AutoFightTask.cs(1529,33): warning CS4014: 由于此调用不会等待，因此在此调用完成之前将会继续执行当前方法。请考虑将 "await" 运算符应用于调用结果。 [E:\Program Files\better-genshin-impact-LCB\BetterGenshinImpact\BetterGenshinImpact_lzryyj0u_wpftmp.csproj]
E:\Program Files\better-genshin-impact-LCB\BetterGenshinImpact\GameTask\AutoFight\AutoFightTask.cs(1566,25): warning CS4014: 由于此调用不会等待，因此在此调用完成之前将会继续执行当前方法。请考虑将 "await" 运算符应用于调用结果。 [E:\Program Files\better-genshin-impact-LCB\BetterGenshinImpact\BetterGenshinImpact_lzryyj0u_wpftmp.csproj]
E:\Program Files\better-genshin-impact-LCB\BetterGenshinImpact\GameTask\AutoFight\AutoFightTask.cs(1600,33): warning CS4014: 由于此调用不会等待，因此在此调用完成之前将会继续执行当前方法。请考虑将 "await" 运算符应用于调用结果。 [E:\Program Files\better-genshin-impact-LCB\BetterGenshinImpact\BetterGenshinImpact_lzryyj0u_wpftmp.csproj]
E:\Program Files\better-genshin-impact-LCB\BetterGenshinImpact\GameTask\AutoFight\AutoFightTask.cs(1661,37): warning CS4014: 由于此调用不会等待，因此在此调用完成之前将会继续执行当前方法。请考虑将 "await" 运算符应用于调用结果。 [E:\Program Files\better-genshin-impact-LCB\BetterGenshinImpact\BetterGenshinImpact_lzryyj0u_wpftmp.csproj]
E:\Program Files\better-genshin-impact-LCB\BetterGenshinImpact\GameTask\AutoFight\AutoFightTask.cs(2082,37): warning CS4014: 由于此调用不会等待，因此在此调用完成之前将会继续执行当前方法。请考虑将 "await" 运算符应用于调用结果。 [E:\Program Files\better-genshin-impact-LCB\BetterGenshinImpact\BetterGenshinImpact_lzryyj0u_wpftmp.csproj]
E:\Program Files\better-genshin-impact-LCB\BetterGenshinImpact\GameTask\AutoFight\AutoFightTask.cs(700,34): warning CS8604: “IEnumerable<string> Enumerable.Select<CombatCommand, string>(IEnumerable<CombatCommand> source, Func<CombatCommand, string> selector)”中的形参“source”可能传入 null 引用实参。 [E:\Program Files\better-genshin-impact-LCB\BetterGenshinImpact\BetterGenshinImpact_lzryyj0u_wpftmp.csproj]
E:\Program Files\better-genshin-impact-LCB\BetterGenshinImpact\GameTask\AutoFight\AutoFightTask.cs(811,29): warning CS8600: 将 null 文本或可能的 null 值转换为不可为 null 类型。 [E:\Program Files\better-genshin-impact-LCB\BetterGenshinImpact\BetterGenshinImpact_lzryyj0u_wpftmp.csproj]
E:\Program Files\better-genshin-impact-LCB\BetterGenshinImpact\GameTask\AutoFight\AutoFightTask.cs(1483,38): warning CS8602: 解引用可能出现空引用。 [E:\Program Files\better-genshin-impact-LCB\BetterGenshinImpact\BetterGenshinImpact_lzryyj0u_wpftmp.csproj]
E:\Program Files\better-genshin-impact-LCB\BetterGenshinImpact\GameTask\AutoFight\AutoFightTask.cs(1524,141): warning CS8602: 解引用可能出现空引用。 [E:\Program Files\better-genshin-impact-LCB\BetterGenshinImpact\BetterGenshinImpact_lzryyj0u_wpftmp.csproj]
E:\Program Files\better-genshin-impact-LCB\BetterGenshinImpact\GameTask\AutoFight\AutoFightTask.cs(1963,34): warning CS8602: 解引用可能出现空引用。 [E:\Program Files\better-genshin-impact-LCB\BetterGenshinImpact\BetterGenshinImpact_lzryyj0u_wpftmp.csproj]
E:\Program Files\better-genshin-impact-LCB\BetterGenshinImpact\GameTask\AutoFight\AutoFightTask.cs(1966,34): warning CS0168: 声明了变量“e”，但从未使用过 [E:\Program Files\better-genshin-impact-LCB\BetterGenshinImpact\BetterGenshinImpact_lzryyj0u_wpftmp.csproj]
E:\Program Files\better-genshin-impact-LCB\BetterGenshinImpact\GameTask\AutoFight\AutoFightTask.cs(2152,34): warning CS0168: 声明了变量“e”，但从未使用过 [E:\Program Files\better-genshin-impact-LCB\BetterGenshinImpact\BetterGenshinImpact_lzryyj0u_wpftmp.csproj]
E:\Program Files\better-genshin-impact-LCB\BetterGenshinImpact\GameTask\AutoPathing\PathExecutor.cs(2821,13): warning CS4014: 由于此调用不会等待，因此在此调用完成之前将会继续执行当前方法。请考虑将 "await" 运算符应用于调用结果。 [E:\Program Files\better-genshin-impact-LCB\BetterGenshinImpact\BetterGenshinImpact_lzryyj0u_wpftmp.csproj]
E:\Program Files\better-genshin-impact-LCB\BetterGenshinImpact\GameTask\AutoPathing\PathExecutor.cs(2923,48): warning CS0612: “AutoFightSkill.AvatarQSkillAsync(ImageRegion?, List<int>?, int?)”已过时 [E:\Program Files\better-genshin-impact-LCB\BetterGenshinImpact\BetterGenshinImpact_lzryyj0u_wpftmp.csproj]
E:\Program Files\better-genshin-impact-LCB\BetterGenshinImpact\GameTask\AutoPathing\PathExecutor.cs(2906,43): warning CS8602: 解引用可能出现空引用。 [E:\Program Files\better-genshin-impact-LCB\BetterGenshinImpact\BetterGenshinImpact_lzryyj0u_wpftmp.csproj]
E:\Program Files\better-genshin-impact-LCB\BetterGenshinImpact\GameTask\AutoPathing\PathExecutor.cs(2919,35): warning CS8602: 解引用可能出现空引用。 [E:\Program Files\better-genshin-impact-LCB\BetterGenshinImpact\BetterGenshinImpact_lzryyj0u_wpftmp.csproj]
E:\Program Files\better-genshin-impact-LCB\BetterGenshinImpact\GameTask\AutoPathing\PathExecutor.cs(3197,34): warning CS0168: 声明了变量“e”，但从未使用过 [E:\Program Files\better-genshin-impact-LCB\BetterGenshinImpact\BetterGenshinImpact_lzryyj0u_wpftmp.csproj]
E:\Program Files\better-genshin-impact-LCB\BetterGenshinImpact\GameTask\AutoFight\AutoFightTask.cs(2439,21): warning CS4014: 由于此调用不会等待，因此在此调用完成之前将会继续执行当前方法。请考虑将 "await" 运算符应用于调用结果。 [E:\Program Files\better-genshin-impact-LCB\BetterGenshinImpact\BetterGenshinImpact_lzryyj0u_wpftmp.csproj]
E:\Program Files\better-genshin-impact-LCB\BetterGenshinImpact\GameTask\AutoFight\AutoFightTask.cs(2608,21): warning CS4014: 由于此调用不会等待，因此在此调用完成之前将会继续执行当前方法。请考虑将 "await" 运算符应用于调用结果。 [E:\Program Files\better-genshin-impact-LCB\BetterGenshinImpact\BetterGenshinImpact_lzryyj0u_wpftmp.csproj]
E:\Program Files\better-genshin-impact-LCB\BetterGenshinImpact\GameTask\Common\Job\GoToSereniteaPotTask.cs(504,13): warning CS8602: 解引用可能出现空引用。 [E:\Program Files\better-genshin-impact-LCB\BetterGenshinImpact\BetterGenshinImpact_lzryyj0u_wpftmp.csproj]
E:\Program Files\better-genshin-impact-LCB\BetterGenshinImpact\GameTask\AutoPathing\PathExecutor.cs(3279,34): warning CS8509: switch 表达式不处理其输入类型的所有可能的值(它不是穷举)。例如，模式“0”未包含在内。 [E:\Program Files\better-genshin-impact-LCB\BetterGenshinImpact\BetterGenshinImpact_lzryyj0u_wpftmp.csproj]
E:\Program Files\better-genshin-impact-LCB\BetterGenshinImpact\GameTask\AutoPathing\PathExecutor.cs(3271,9): warning CS4014: 由于此调用不会等待，因此在此调用完成之前将会继续执行当前方法。请考虑将 "await" 运算符应用于调用结果。 [E:\Program Files\better-genshin-impact-LCB\BetterGenshinImpact\BetterGenshinImpact_lzryyj0u_wpftmp.csproj]
E:\Program Files\better-genshin-impact-LCB\BetterGenshinImpact\GameTask\AutoPathing\PathExecutor.cs(3606,17): warning CS4014: 由于此调用不会等待，因此在此调用完成之前将会继续执行当前方法。请考虑将 "await" 运算符应用于调用结果。 [E:\Program Files\better-genshin-impact-LCB\BetterGenshinImpact\BetterGenshinImpact_lzryyj0u_wpftmp.csproj]
E:\Program Files\better-genshin-impact-LCB\BetterGenshinImpact\GameTask\AutoPathing\PathExecutor.cs(4022,29): warning CS4014: 由于此调用不会等待，因此在此调用完成之前将会继续执行当前方法。请考虑将 "await" 运算符应用于调用结果。 [E:\Program Files\better-genshin-impact-LCB\BetterGenshinImpact\BetterGenshinImpact_lzryyj0u_wpftmp.csproj]
E:\Program Files\better-genshin-impact-LCB\BetterGenshinImpact\GameTask\AutoPathing\PathExecutor.cs(3461,81): warning CS8604: “Task<(Point2f point, int additionalTimeInMs)> PathExecutor.GetPositionAndTime(ImageRegion imageRegion, WaypointForTrack waypoint, bool isPoint = true)”中的形参“waypoint”可能传入 null 引用实参。 [E:\Program Files\better-genshin-impact-LCB\BetterGenshinImpact\BetterGenshinImpact_lzryyj0u_wpftmp.csproj]
E:\Program Files\better-genshin-impact-LCB\BetterGenshinImpact\GameTask\AutoPathing\PathExecutor.cs(3810,65): warning CS8602: 解引用可能出现空引用。 [E:\Program Files\better-genshin-impact-LCB\BetterGenshinImpact\BetterGenshinImpact_lzryyj0u_wpftmp.csproj]
E:\Program Files\better-genshin-impact-LCB\BetterGenshinImpact\GameTask\AutoPathing\PathExecutor.cs(3916,46): warning CS8604: “Task PathExecutor.FaceTo(WaypointForTrack waypoint)”中的形参“waypoint”可能传入 null 引用实参。 [E:\Program Files\better-genshin-impact-LCB\BetterGenshinImpact\BetterGenshinImpact_lzryyj0u_wpftmp.csproj]
E:\Program Files\better-genshin-impact-LCB\BetterGenshinImpact\GameTask\AutoPathing\PathExecutor.cs(3932,55): warning CS8604: “Task TrapEscaper.MoveTo(WaypointForTrack waypoint)”中的形参“waypoint”可能传入 null 引用实参。 [E:\Program Files\better-genshin-impact-LCB\BetterGenshinImpact\BetterGenshinImpact_lzryyj0u_wpftmp.csproj]
E:\Program Files\better-genshin-impact-LCB\BetterGenshinImpact\GameTask\AutoPathing\PathExecutor.cs(3945,65): warning CS8604: “int Navigation.GetTargetOrientation(Waypoint waypoint, Point2f position)”中的形参“waypoint”可能传入 null 引用实参。 [E:\Program Files\better-genshin-impact-LCB\BetterGenshinImpact\BetterGenshinImpact_lzryyj0u_wpftmp.csproj]
E:\Program Files\better-genshin-impact-LCB\BetterGenshinImpact\GameTask\AutoPathing\PathExecutor.cs(3886,147): warning CS0420: “PathExecutor._protectionConsumed”: 对 volatile 字段的引用不被视为 volatile [E:\Program Files\better-genshin-impact-LCB\BetterGenshinImpact\BetterGenshinImpact_lzryyj0u_wpftmp.csproj]
E:\Program Files\better-genshin-impact-LCB\BetterGenshinImpact\GameTask\AutoPathing\PathExecutor.cs(3271,27): warning CS1998: 此异步方法缺少 "await" 运算符，将以同步方式运行。请考虑使用 "await" 运算符等待非阻止的 API 调用，或者使用 "await Task.Run(...)" 在后台线程上执行占用大量 CPU 的工作。 [E:\Program Files\better-genshin-impact-LCB\BetterGenshinImpact\BetterGenshinImpact_lzryyj0u_wpftmp.csproj]
E:\Program Files\better-genshin-impact-LCB\BetterGenshinImpact\GameTask\AutoPathing\PathExecutor.cs(4626,34): warning CS0168: 声明了变量“e”，但从未使用过 [E:\Program Files\better-genshin-impact-LCB\BetterGenshinImpact\BetterGenshinImpact_lzryyj0u_wpftmp.csproj]
E:\Program Files\better-genshin-impact-LCB\BetterGenshinImpact\GameTask\AutoPathing\Handler\SkillBoostHelper.cs(39,20): warning CS0649: 从未对字段“PathExecutor.HurryOnState.RunCount”赋值，字段将一直保持其默认值 0 [E:\Program Files\better-genshin-impact-LCB\BetterGenshinImpact\BetterGenshinImpact_lzryyj0u_wpftmp.csproj]
E:\Program Files\better-genshin-impact-LCB\BetterGenshinImpact\GameTask\AutoHoeing\Multiplayer\WorldStateMonitor.cs(121,30): warning CS0067: 从不使用事件“WorldStateMonitor.OnDroppedFromRoom” [E:\Program Files\better-genshin-impact-LCB\BetterGenshinImpact\BetterGenshinImpact_lzryyj0u_wpftmp.csproj]
E:\Program Files\better-genshin-impact-LCB\BetterGenshinImpact\ViewModel\Pages\TaskSettingsPageViewModel.cs(367,17): warning CS0169: 从不使用字段“TaskSettingsPageViewModel._autoHoeingUnlockClickCount” [E:\Program Files\better-genshin-impact-LCB\BetterGenshinImpact\BetterGenshinImpact_lzryyj0u_wpftmp.csproj]
E:\Program Files\better-genshin-impact-LCB\BetterGenshinImpact\GameTask\AutoPathing\Handler\SkillBoostHelper.cs(47,24): warning CS0649: 从未对字段“PathExecutor.HurryOnState.OriginalMoveMode”赋值，字段将一直保持其默认值 null [E:\Program Files\better-genshin-impact-LCB\BetterGenshinImpact\BetterGenshinImpact_lzryyj0u_wpftmp.csproj]
E:\Program Files\better-genshin-impact-LCB\BetterGenshinImpact\Service\Notifier\BarkNotifier.cs(112,35): warning CS0169: 从不使用字段“BarkNotifier._group” [E:\Program Files\better-genshin-impact-LCB\BetterGenshinImpact\BetterGenshinImpact_lzryyj0u_wpftmp.csproj]
E:\Program Files\better-genshin-impact-LCB\BetterGenshinImpact\ViewModel\Pages\TaskSettingsPageViewModel.cs(63,38): warning CS0169: 从不使用字段“TaskSettingsPageViewModel._cts” [E:\Program Files\better-genshin-impact-LCB\BetterGenshinImpact\BetterGenshinImpact_lzryyj0u_wpftmp.csproj]
E:\Program Files\better-genshin-impact-LCB\BetterGenshinImpact\ViewModel\Pages\JsListViewModel.cs(51,27): warning CS0169: 从不使用字段“JsListViewModel._mdWebpagePanel” [E:\Program Files\better-genshin-impact-LCB\BetterGenshinImpact\BetterGenshinImpact_lzryyj0u_wpftmp.csproj]
E:\Program Files\better-genshin-impact-LCB\BetterGenshinImpact\GameTask\TaskTriggerDispatcher.cs(68,36): warning CS0067: 从不使用事件“TaskTriggerDispatcher.UiTaskStartTickEvent” [E:\Program Files\better-genshin-impact-LCB\BetterGenshinImpact\BetterGenshinImpact_lzryyj0u_wpftmp.csproj]
E:\Program Files\better-genshin-impact-LCB\BetterGenshinImpact\Service\Notifier\BarkNotifier.cs(113,35): warning CS0169: 从不使用字段“BarkNotifier._sound” [E:\Program Files\better-genshin-impact-LCB\BetterGenshinImpact\BetterGenshinImpact_lzryyj0u_wpftmp.csproj]
E:\Program Files\better-genshin-impact-LCB\BetterGenshinImpact\ViewModel\Pages\JsListViewModel.cs(53,41): warning CS0169: 从不使用字段“JsListViewModel._navigationCompletionSource” [E:\Program Files\better-genshin-impact-LCB\BetterGenshinImpact\BetterGenshinImpact_lzryyj0u_wpftmp.csproj]
E:\Program Files\better-genshin-impact-LCB\BetterGenshinImpact\GameTask\AutoPathing\Handler\SkillBoostHelper.cs(37,20): warning CS0649: 从未对字段“PathExecutor.HurryOnState.MavikaFlyCount”赋值，字段将一直保持其默认值 0 [E:\Program Files\better-genshin-impact-LCB\BetterGenshinImpact\BetterGenshinImpact_lzryyj0u_wpftmp.csproj]
E:\Program Files\better-genshin-impact-LCB\BetterGenshinImpact\GameTask\AutoPathing\Handler\SkillBoostHelper.cs(49,20): warning CS0649: 从未对字段“PathExecutor.HurryOnState.ChascaFlightCheckCount”赋值，字段将一直保持其默认值 0 [E:\Program Files\better-genshin-impact-LCB\BetterGenshinImpact\BetterGenshinImpact_lzryyj0u_wpftmp.csproj]
E:\Program Files\better-genshin-impact-LCB\BetterGenshinImpact\ViewModel\Pages\OneDragonFlowViewModel.cs(40,36): warning CS0169: 从不使用字段“OneDragonFlowViewModel._scriptService” [E:\Program Files\better-genshin-impact-LCB\BetterGenshinImpact\BetterGenshinImpact_lzryyj0u_wpftmp.csproj]
E:\Program Files\better-genshin-impact-LCB\BetterGenshinImpact\GameTask\AutoPathing\Handler\SkillBoostHelper.cs(40,21): warning CS0649: 从未对字段“PathExecutor.HurryOnState.IsFlyingMwk”赋值，字段将一直保持其默认值 false [E:\Program Files\better-genshin-impact-LCB\BetterGenshinImpact\BetterGenshinImpact_lzryyj0u_wpftmp.csproj]
E:\Program Files\better-genshin-impact-LCB\BetterGenshinImpact\ViewModel\Pages\JsListViewModel.cs(49,23): warning CS0169: 从不使用字段“JsListViewModel._webView2” [E:\Program Files\better-genshin-impact-LCB\BetterGenshinImpact\BetterGenshinImpact_lzryyj0u_wpftmp.csproj]
E:\Program Files\better-genshin-impact-LCB\BetterGenshinImpact\GameTask\AutoPathing\Handler\SkillBoostHelper.cs(43,23): warning CS0649: 从未对字段“PathExecutor.HurryOnState.DistanceHalf”赋值，字段将一直保持其默认值 0 [E:\Program Files\better-genshin-impact-LCB\BetterGenshinImpact\BetterGenshinImpact_lzryyj0u_wpftmp.csproj]
E:\Program Files\better-genshin-impact-LCB\BetterGenshinImpact\GameTask\AutoPathing\PathExecutor.cs(4512,17): warning CS0414: 字段“PathExecutor.maxAutoPositionTime”已被赋值，但从未使用过它的值 [E:\Program Files\better-genshin-impact-LCB\BetterGenshinImpact\BetterGenshinImpact_lzryyj0u_wpftmp.csproj]
E:\Program Files\better-genshin-impact-LCB\BetterGenshinImpact\GameTask\GameLoading\GameLoading.cs(59,18): warning CS0414: 字段“GameLoadingTrigger._agePromptTextMatched”已被赋值，但从未使用过它的值 [E:\Program Files\better-genshin-impact-LCB\BetterGenshinImpact\BetterGenshinImpact_lzryyj0u_wpftmp.csproj]
E:\Program Files\better-genshin-impact-LCB\BetterGenshinImpact\GameTask\GameLoading\GameLoading.cs(57,43): warning CS0414: 字段“GameLoadingTrigger.lastAgreementClickPos”已被赋值，但从未使用过它的值 [E:\Program Files\better-genshin-impact-LCB\BetterGenshinImpact\BetterGenshinImpact_lzryyj0u_wpftmp.csproj]
E:\Program Files\better-genshin-impact-LCB\BetterGenshinImpact\GameTask\AutoWood\Utils\Login3rdParty.cs(25,43): warning CS0414: 字段“Login3rdParty.lastAgreementClickPos”已被赋值，但从未使用过它的值 [E:\Program Files\better-genshin-impact-LCB\BetterGenshinImpact\BetterGenshinImpact_lzryyj0u_wpftmp.csproj]
E:\Program Files\better-genshin-impact-LCB\BetterGenshinImpact\Service\Notification\NotificationService.cs(448,18): warning CS0414: 字段“NotificationService._refreshPending”已被赋值，但从未使用过它的值 [E:\Program Files\better-genshin-impact-LCB\BetterGenshinImpact\BetterGenshinImpact_lzryyj0u_wpftmp.csproj]
E:\Program Files\better-genshin-impact-LCB\BetterGenshinImpact\Core\Config\PathingPartyTaskCycleConfig.cs(37,17): warning MVVMTK0034: The field BetterGenshinImpact.Core.Config.PathingPartyTaskCycleConfig._cycle is annotated with [ObservableProperty] and should not be directly referenced (use the generated property instead) (https://aka.ms/mvvmtoolkit/errors/mvvmtk0034) [E:\Program Files\better-genshin-impact-LCB\BetterGenshinImpact\BetterGenshinImpact_lzryyj0u_wpftmp.csproj]
E:\Program Files\better-genshin-impact-LCB\BetterGenshinImpact\Core\Config\PathingPartyTaskCycleConfig.cs(37,32): warning MVVMTK0034: The field BetterGenshinImpact.Core.Config.PathingPartyTaskCycleConfig._boundaryTime is annotated with [ObservableProperty] and should not be directly referenced (use the generated property instead) (https://aka.ms/mvvmtoolkit/errors/mvvmtk0034) [E:\Program Files\better-genshin-impact-LCB\BetterGenshinImpact\BetterGenshinImpact_lzryyj0u_wpftmp.csproj]
E:\Program Files\better-genshin-impact-LCB\BetterGenshinImpact\Core\Config\PathingPartyTaskCycleConfig.cs(37,53): warning MVVMTK0034: The field BetterGenshinImpact.Core.Config.PathingPartyTaskCycleConfig._boundaryTime is annotated with [ObservableProperty] and should not be directly referenced (use the generated property instead) (https://aka.ms/mvvmtoolkit/errors/mvvmtk0034) [E:\Program Files\better-genshin-impact-LCB\BetterGenshinImpact\BetterGenshinImpact_lzryyj0u_wpftmp.csproj]
E:\Program Files\better-genshin-impact-LCB\BetterGenshinImpact\Core\Config\PathingPartyTaskCycleConfig.cs(41,85): warning MVVMTK0034: The field BetterGenshinImpact.Core.Config.PathingPartyTaskCycleConfig._boundaryTime is annotated with [ObservableProperty] and should not be directly referenced (use the generated property instead) (https://aka.ms/mvvmtoolkit/errors/mvvmtk0034) [E:\Program Files\better-genshin-impact-LCB\BetterGenshinImpact\BetterGenshinImpact_lzryyj0u_wpftmp.csproj]
E:\Program Files\better-genshin-impact-LCB\BetterGenshinImpact\Core\Config\PathingPartyTaskCycleConfig.cs(54,47): warning MVVMTK0034: The field BetterGenshinImpact.Core.Config.PathingPartyTaskCycleConfig._cycle is annotated with [ObservableProperty] and should not be directly referenced (use the generated property instead) (https://aka.ms/mvvmtoolkit/errors/mvvmtk0034) [E:\Program Files\better-genshin-impact-LCB\BetterGenshinImpact\BetterGenshinImpact_lzryyj0u_wpftmp.csproj]
E:\Program Files\better-genshin-impact-LCB\BetterGenshinImpact\Core\Config\PathingPartyConfig.cs(109,65): warning MVVMTK0034: The field BetterGenshinImpact.Core.Config.PathingPartyConfig._onlyInTeleportRecover is annotated with [ObservableProperty] and should not be directly referenced (use the generated property instead) (https://aka.ms/mvvmtoolkit/errors/mvvmtk0034) [E:\Program Files\better-genshin-impact-LCB\BetterGenshinImpact\BetterGenshinImpact_lzryyj0u_wpftmp.csproj]
E:\Program Files\better-genshin-impact-LCB\BetterGenshinImpact\GameTask\UseRedeemCode\AutoRedeemCodeConfig.cs(44,14): warning MVVMTK0034: The field BetterGenshinImpact.GameTask.UseRedeemCode.AutoRedeemCodeConfig._usedCodesByUid is annotated with [ObservableProperty] and should not be directly referenced (use the generated property instead) (https://aka.ms/mvvmtoolkit/errors/mvvmtk0034) [E:\Program Files\better-genshin-impact-LCB\BetterGenshinImpact\BetterGenshinImpact_lzryyj0u_wpftmp.csproj]
E:\Program Files\better-genshin-impact-LCB\BetterGenshinImpact\GameTask\UseRedeemCode\AutoRedeemCodeConfig.cs(47,13): warning MVVMTK0034: The field BetterGenshinImpact.GameTask.UseRedeemCode.AutoRedeemCodeConfig._usedCodesByUid is annotated with [ObservableProperty] and should not be directly referenced (use the generated property instead) (https://aka.ms/mvvmtoolkit/errors/mvvmtk0034) [E:\Program Files\better-genshin-impact-LCB\BetterGenshinImpact\BetterGenshinImpact_lzryyj0u_wpftmp.csproj]
E:\Program Files\better-genshin-impact-LCB\BetterGenshinImpact\GameTask\UseRedeemCode\AutoRedeemCodeConfig.cs(66,38): warning MVVMTK0034: The field BetterGenshinImpact.GameTask.UseRedeemCode.AutoRedeemCodeConfig._usedCodesByUid is annotated with [ObservableProperty] and should not be directly referenced (use the generated property instead) (https://aka.ms/mvvmtoolkit/errors/mvvmtk0034) [E:\Program Files\better-genshin-impact-LCB\BetterGenshinImpact\BetterGenshinImpact_lzryyj0u_wpftmp.csproj]
E:\Program Files\better-genshin-impact-LCB\BetterGenshinImpact\GameTask\UseRedeemCode\AutoRedeemCodeConfig.cs(92,13): warning MVVMTK0034: The field BetterGenshinImpact.GameTask.UseRedeemCode.AutoRedeemCodeConfig._usedCodesByUid is annotated with [ObservableProperty] and should not be directly referenced (use the generated property instead) (https://aka.ms/mvvmtoolkit/errors/mvvmtk0034) [E:\Program Files\better-genshin-impact-LCB\BetterGenshinImpact\BetterGenshinImpact_lzryyj0u_wpftmp.csproj]
E:\Program Files\better-genshin-impact-LCB\BetterGenshinImpact\GameTask\UseRedeemCode\AutoRedeemCodeConfig.cs(105,9): warning MVVMTK0034: The field BetterGenshinImpact.GameTask.UseRedeemCode.AutoRedeemCodeConfig._lastRedeemCodeCheckDates is annotated with [ObservableProperty] and should not be directly referenced (use the generated property instead) (https://aka.ms/mvvmtoolkit/errors/mvvmtk0034) [E:\Program Files\better-genshin-impact-LCB\BetterGenshinImpact\BetterGenshinImpact_lzryyj0u_wpftmp.csproj]
E:\Program Files\better-genshin-impact-LCB\BetterGenshinImpact\Core\Config\PathingConditionConfig.cs(43,65): warning MVVMTK0034: The field BetterGenshinImpact.Core.Config.PathingConditionConfig._onlyInTeleportRecover is annotated with [ObservableProperty] and should not be directly referenced (use the generated property instead) (https://aka.ms/mvvmtoolkit/errors/mvvmtk0034) [E:\Program Files\better-genshin-impact-LCB\BetterGenshinImpact\BetterGenshinImpact_lzryyj0u_wpftmp.csproj]
E:\Program Files\better-genshin-impact-LCB\BetterGenshinImpact\GameTask\AutoHoeing\AutoHoeingConfig.cs(721,9): warning MVVMTK0034: The field BetterGenshinImpact.GameTask.AutoHoeing.AutoHoeingConfig._variantPreferences is annotated with [ObservableProperty] and should not be directly referenced (use the generated property instead) (https://aka.ms/mvvmtoolkit/errors/mvvmtk0034) [E:\Program Files\better-genshin-impact-LCB\BetterGenshinImpact\BetterGenshinImpact_lzryyj0u_wpftmp.csproj]
E:\Program Files\better-genshin-impact-LCB\BetterGenshinImpact\GameTask\AutoHoeing\AutoHoeingConfig.cs(731,13): warning MVVMTK0034: The field BetterGenshinImpact.GameTask.AutoHoeing.AutoHoeingConfig._variantPreferences is annotated with [ObservableProperty] and should not be directly referenced (use the generated property instead) (https://aka.ms/mvvmtoolkit/errors/mvvmtk0034) [E:\Program Files\better-genshin-impact-LCB\BetterGenshinImpact\BetterGenshinImpact_lzryyj0u_wpftmp.csproj]
E:\Program Files\better-genshin-impact-LCB\BetterGenshinImpact\ViewModel\Pages\View\ScriptGroupConfigViewModel.cs(109,21): warning MVVMTK0034: The field BetterGenshinImpact.ViewModel.Pages.View.ScriptGroupConfigViewModel._pathingConfig is annotated with [ObservableProperty] and should not be directly referenced (use the generated property instead) (https://aka.ms/mvvmtoolkit/errors/mvvmtk0034) [E:\Program Files\better-genshin-impact-LCB\BetterGenshinImpact\BetterGenshinImpact_lzryyj0u_wpftmp.csproj]
E:\Program Files\better-genshin-impact-LCB\BetterGenshinImpact\GameTask\AutoFight\AutoFightConfig.cs(227,13): warning MVVMTK0034: The field BetterGenshinImpact.GameTask.AutoFight.AutoFightConfig.FightFinishDetectConfig._returnToFightPointStopDistance is annotated with [ObservableProperty] and should not be directly referenced (use the generated property instead) (https://aka.ms/mvvmtoolkit/errors/mvvmtk0034) [E:\Program Files\better-genshin-impact-LCB\BetterGenshinImpact\BetterGenshinImpact_lzryyj0u_wpftmp.csproj]
E:\Program Files\better-genshin-impact-LCB\BetterGenshinImpact\GameTask\AutoFight\AutoFightConfig.cs(228,16): warning MVVMTK0034: The field BetterGenshinImpact.GameTask.AutoFight.AutoFightConfig.FightFinishDetectConfig._returnToFightPointStopDistance is annotated with [ObservableProperty] and should not be directly referenced (use the generated property instead) (https://aka.ms/mvvmtoolkit/errors/mvvmtk0034) [E:\Program Files\better-genshin-impact-LCB\BetterGenshinImpact\BetterGenshinImpact_lzryyj0u_wpftmp.csproj]
E:\Program Files\better-genshin-impact-LCB\BetterGenshinImpact\GameTask\AutoFight\AutoFightConfig.cs(229,16): warning MVVMTK0034: The field BetterGenshinImpact.GameTask.AutoFight.AutoFightConfig.FightFinishDetectConfig._returnToFightPointTriggerDistance is annotated with [ObservableProperty] and should not be directly referenced (use the generated property instead) (https://aka.ms/mvvmtoolkit/errors/mvvmtk0034) [E:\Program Files\better-genshin-impact-LCB\BetterGenshinImpact\BetterGenshinImpact_lzryyj0u_wpftmp.csproj]
E:\Program Files\better-genshin-impact-LCB\BetterGenshinImpact\GameTask\AutoFight\AutoFightConfig.cs(230,16): warning MVVMTK0034: The field BetterGenshinImpact.GameTask.AutoFight.AutoFightConfig.FightFinishDetectConfig._returnToFightPointTriggerDistance is annotated with [ObservableProperty] and should not be directly referenced (use the generated property instead) (https://aka.ms/mvvmtoolkit/errors/mvvmtk0034) [E:\Program Files\better-genshin-impact-LCB\BetterGenshinImpact\BetterGenshinImpact_lzryyj0u_wpftmp.csproj]
E:\Program Files\better-genshin-impact-LCB\BetterGenshinImpact\GameTask\Common\StateMachine\StateMachineBase.cs(68,31): warning CA2021: 类型'TState'与类型'System.Enum'不兼容，强制转换尝试将在运行时引发 InvalidCastException (https://learn.microsoft.com/dotnet/fundamentals/code-analysis/quality-rules/ca2021) [E:\Program Files\better-genshin-impact-LCB\BetterGenshinImpact\BetterGenshinImpact_lzryyj0u_wpftmp.csproj]
E:\Program Files\better-genshin-impact-LCB\BetterGenshinImpact\ViewModel\Pages\MapPathingViewModel.cs(174,23): warning MVVMTK0039: The method BetterGenshinImpact.ViewModel.Pages.MapPathingViewModel.OnOpenSettings() annotated with [RelayCommand] is async void (make sure to return a Task type instead) (https://aka.ms/mvvmtoolkit/errors/mvvmtk0039) [E:\Program Files\better-genshin-impact-LCB\BetterGenshinImpact\BetterGenshinImpact_lzryyj0u_wpftmp.csproj]
E:\Program Files\better-genshin-impact-LCB\BetterGenshinImpact\ViewModel\Pages\OneDragonFlowViewModel.cs(143,35): warning MVVMTK0034: The field BetterGenshinImpact.ViewModel.Pages.OneDragonFlowViewModel._scriptGroupsdefault is annotated with [ObservableProperty] and should not be directly referenced (use the generated property instead) (https://aka.ms/mvvmtoolkit/errors/mvvmtk0034) [E:\Program Files\better-genshin-impact-LCB\BetterGenshinImpact\BetterGenshinImpact_lzryyj0u_wpftmp.csproj]
CSC : warning CS9057: 分析器程序集“C:\Users\Administrator\.nuget\packages\wpf-ui.violeta\4.3.0.3\analyzers\dotnet\cs\Wpf.Ui.DependencyPropertyGenerator.dll”引用了编译器的版本“4.14.0.0”，该版本高于当前正在运行的版本“4.11.0.0”。 [E:\Program Files\better-genshin-impact-LCB\BetterGenshinImpact\BetterGenshinImpact.csproj]
E:\Program Files\better-genshin-impact-LCB\BetterGenshinImpact\Core\Config\PathingPartyConfig.cs(11,7): warning CS0105: “CommunityToolkit.Mvvm.ComponentModel”的 using 指令以前在此命名空间中出现过 [E:\Program Files\better-genshin-impact-LCB\BetterGenshinImpact\BetterGenshinImpact.csproj]
E:\Program Files\better-genshin-impact-LCB\BetterGenshinImpact\Core\Config\PathingPartyConfig.cs(12,7): warning CS0105: “System”的 using 指令以前在此命名空间中出现过 [E:\Program Files\better-genshin-impact-LCB\BetterGenshinImpact\BetterGenshinImpact.csproj]
E:\Program Files\better-genshin-impact-LCB\BetterGenshinImpact\Core\Config\PathingPartyConfig.cs(14,7): warning CS0105: “System.Text.Json.Serialization”的 using 指令以前在此命名空间中出现过 [E:\Program Files\better-genshin-impact-LCB\BetterGenshinImpact\BetterGenshinImpact.csproj]
E:\Program Files\better-genshin-impact-LCB\BetterGenshinImpact\Core\Script\Dependence\Dispatcher.cs(36,7): warning CS0105: “Microsoft.Extensions.Logging”的 using 指令以前在此命名空间中出现过 [E:\Program Files\better-genshin-impact-LCB\BetterGenshinImpact\BetterGenshinImpact.csproj]
E:\Program Files\better-genshin-impact-LCB\BetterGenshinImpact\Core\Script\Dependence\Dispatcher.cs(37,7): warning CS0105: “System”的 using 指令以前在此命名空间中出现过 [E:\Program Files\better-genshin-impact-LCB\BetterGenshinImpact\BetterGenshinImpact.csproj]
E:\Program Files\better-genshin-impact-LCB\BetterGenshinImpact\Core\Script\Dependence\Dispatcher.cs(38,7): warning CS0105: “System.Collections.Generic”的 using 指令以前在此命名空间中出现过 [E:\Program Files\better-genshin-impact-LCB\BetterGenshinImpact\BetterGenshinImpact.csproj]
E:\Program Files\better-genshin-impact-LCB\BetterGenshinImpact\Core\Script\Dependence\Dispatcher.cs(40,7): warning CS0105: “System.Linq”的 using 指令以前在此命名空间中出现过 [E:\Program Files\better-genshin-impact-LCB\BetterGenshinImpact\BetterGenshinImpact.csproj]
E:\Program Files\better-genshin-impact-LCB\BetterGenshinImpact\Core\Script\Dependence\Dispatcher.cs(41,7): warning CS0105: “System.Threading”的 using 指令以前在此命名空间中出现过 [E:\Program Files\better-genshin-impact-LCB\BetterGenshinImpact\BetterGenshinImpact.csproj]
E:\Program Files\better-genshin-impact-LCB\BetterGenshinImpact\Core\Script\Dependence\Dispatcher.cs(42,7): warning CS0105: “System.Threading.Tasks”的 using 指令以前在此命名空间中出现过 [E:\Program Files\better-genshin-impact-LCB\BetterGenshinImpact\BetterGenshinImpact.csproj]
E:\Program Files\better-genshin-impact-LCB\BetterGenshinImpact\Core\Script\Dependence\Dispatcher.cs(52,7): warning CS0105: “BetterGenshinImpact.GameTask.Common.Job”的 using 指令以前在此命名空间中出现过 [E:\Program Files\better-genshin-impact-LCB\BetterGenshinImpact\BetterGenshinImpact.csproj]
E:\Program Files\better-genshin-impact-LCB\BetterGenshinImpact\Core\Script\Dependence\Dispatcher.cs(56,7): warning CS0105: “BetterGenshinImpact.GameTask.Common”的 using 指令以前在此命名空间中出现过 [E:\Program Files\better-genshin-impact-LCB\BetterGenshinImpact\BetterGenshinImpact.csproj]
E:\Program Files\better-genshin-impact-LCB\BetterGenshinImpact\GameTask\AutoDomain\AutoDomainTask.cs(46,7): warning CS0105: “BetterGenshinImpact.Core.Config”的 using 指令以前在此命名空间中出现过 [E:\Program Files\better-genshin-impact-LCB\BetterGenshinImpact\BetterGenshinImpact.csproj]
E:\Program Files\better-genshin-impact-LCB\BetterGenshinImpact\GameTask\AutoDomain\AutoDomainTask.cs(52,7): warning CS0105: “BetterGenshinImpact.Core.Config”的 using 指令以前在此命名空间中出现过 [E:\Program Files\better-genshin-impact-LCB\BetterGenshinImpact\BetterGenshinImpact.csproj]
E:\Program Files\better-genshin-impact-LCB\BetterGenshinImpact\GameTask\AutoDomain\AutoDomainTask.cs(53,7): warning CS0105: “BetterGenshinImpact.Core.Recognition.OCR”的 using 指令以前在此命名空间中出现过 [E:\Program Files\better-genshin-impact-LCB\BetterGenshinImpact\BetterGenshinImpact.csproj]
E:\Program Files\better-genshin-impact-LCB\BetterGenshinImpact\GameTask\AutoDomain\AutoDomainTask.cs(54,7): warning CS0105: “BetterGenshinImpact.Core.Recognition.ONNX”的 using 指令以前在此命名空间中出现过 [E:\Program Files\better-genshin-impact-LCB\BetterGenshinImpact\BetterGenshinImpact.csproj]
E:\Program Files\better-genshin-impact-LCB\BetterGenshinImpact\GameTask\AutoDomain\AutoDomainTask.cs(55,7): warning CS0105: “BetterGenshinImpact.Core.Simulator”的 using 指令以前在此命名空间中出现过 [E:\Program Files\better-genshin-impact-LCB\BetterGenshinImpact\BetterGenshinImpact.csproj]
E:\Program Files\better-genshin-impact-LCB\BetterGenshinImpact\GameTask\AutoDomain\AutoDomainTask.cs(56,7): warning CS0105: “BetterGenshinImpact.Core.Simulator.Extensions”的 using 指令以前在此命名空间中出现过 [E:\Program Files\better-genshin-impact-LCB\BetterGenshinImpact\BetterGenshinImpact.csproj]
E:\Program Files\better-genshin-impact-LCB\BetterGenshinImpact\GameTask\AutoDomain\AutoDomainTask.cs(57,7): warning CS0105: “BetterGenshinImpact.GameTask.AutoFight.Assets”的 using 指令以前在此命名空间中出现过 [E:\Program Files\better-genshin-impact-LCB\BetterGenshinImpact\BetterGenshinImpact.csproj]
E:\Program Files\better-genshin-impact-LCB\BetterGenshinImpact\GameTask\AutoDomain\AutoDomainTask.cs(58,7): warning CS0105: “BetterGenshinImpact.GameTask.AutoFight.Model”的 using 指令以前在此命名空间中出现过 [E:\Program Files\better-genshin-impact-LCB\BetterGenshinImpact\BetterGenshinImpact.csproj]
E:\Program Files\better-genshin-impact-LCB\BetterGenshinImpact\GameTask\AutoDomain\AutoDomainTask.cs(59,7): warning CS0105: “BetterGenshinImpact.GameTask.AutoFight.Script”的 using 指令以前在此命名空间中出现过 [E:\Program Files\better-genshin-impact-LCB\BetterGenshinImpact\BetterGenshinImpact.csproj]
E:\Program Files\better-genshin-impact-LCB\BetterGenshinImpact\GameTask\AutoDomain\AutoDomainTask.cs(60,7): warning CS0105: “BetterGenshinImpact.GameTask.AutoGeniusInvokation.Exception”的 using 指令以前在此命名空间中出现过 [E:\Program Files\better-genshin-impact-LCB\BetterGenshinImpact\BetterGenshinImpact.csproj]
E:\Program Files\better-genshin-impact-LCB\BetterGenshinImpact\GameTask\AutoDomain\AutoDomainTask.cs(61,7): warning CS0105: “BetterGenshinImpact.GameTask.AutoPick.Assets”的 using 指令以前在此命名空间中出现过 [E:\Program Files\better-genshin-impact-LCB\BetterGenshinImpact\BetterGenshinImpact.csproj]
E:\Program Files\better-genshin-impact-LCB\BetterGenshinImpact\GameTask\AutoDomain\AutoDomainTask.cs(62,7): warning CS0105: “BetterGenshinImpact.GameTask.Common.Map”的 using 指令以前在此命名空间中出现过 [E:\Program Files\better-genshin-impact-LCB\BetterGenshinImpact\BetterGenshinImpact.csproj]
E:\Program Files\better-genshin-impact-LCB\BetterGenshinImpact\GameTask\AutoDomain\AutoDomainTask.cs(63,7): warning CS0105: “BetterGenshinImpact.GameTask.Model.Area”的 using 指令以前在此命名空间中出现过 [E:\Program Files\better-genshin-impact-LCB\BetterGenshinImpact\BetterGenshinImpact.csproj]
E:\Program Files\better-genshin-impact-LCB\BetterGenshinImpact\GameTask\AutoDomain\AutoDomainTask.cs(64,7): warning CS0105: “BetterGenshinImpact.Helpers”的 using 指令以前在此命名空间中出现过 [E:\Program Files\better-genshin-impact-LCB\BetterGenshinImpact\BetterGenshinImpact.csproj]
E:\Program Files\better-genshin-impact-LCB\BetterGenshinImpact\GameTask\AutoDomain\AutoDomainTask.cs(65,7): warning CS0105: “BetterGenshinImpact.Service.Notification”的 using 指令以前在此命名空间中出现过 [E:\Program Files\better-genshin-impact-LCB\BetterGenshinImpact\BetterGenshinImpact.csproj]
E:\Program Files\better-genshin-impact-LCB\BetterGenshinImpact\GameTask\AutoDomain\AutoDomainTask.cs(66,7): warning CS0105: “BetterGenshinImpact.View.Drawable”的 using 指令以前在此命名空间中出现过 [E:\Program Files\better-genshin-impact-LCB\BetterGenshinImpact\BetterGenshinImpact.csproj]
E:\Program Files\better-genshin-impact-LCB\BetterGenshinImpact\GameTask\AutoDomain\AutoDomainTask.cs(67,7): warning CS0105: “Microsoft.Extensions.Logging”的 using 指令以前在此命名空间中出现过 [E:\Program Files\better-genshin-impact-LCB\BetterGenshinImpact\BetterGenshinImpact.csproj]
E:\Program Files\better-genshin-impact-LCB\BetterGenshinImpact\GameTask\AutoDomain\AutoDomainTask.cs(68,7): warning CS0105: “OpenCvSharp”的 using 指令以前在此命名空间中出现过 [E:\Program Files\better-genshin-impact-LCB\BetterGenshinImpact\BetterGenshinImpact.csproj]
E:\Program Files\better-genshin-impact-LCB\BetterGenshinImpact\GameTask\AutoDomain\AutoDomainTask.cs(69,7): warning CS0105: “System”的 using 指令以前在此命名空间中出现过 [E:\Program Files\better-genshin-impact-LCB\BetterGenshinImpact\BetterGenshinImpact.csproj]
E:\Program Files\better-genshin-impact-LCB\BetterGenshinImpact\GameTask\AutoDomain\AutoDomainTask.cs(70,7): warning CS0105: “System.Collections.Generic”的 using 指令以前在此命名空间中出现过 [E:\Program Files\better-genshin-impact-LCB\BetterGenshinImpact\BetterGenshinImpact.csproj]
E:\Program Files\better-genshin-impact-LCB\BetterGenshinImpact\GameTask\AutoDomain\AutoDomainTask.cs(71,7): warning CS0105: “System.Diagnostics”的 using 指令以前在此命名空间中出现过 [E:\Program Files\better-genshin-impact-LCB\BetterGenshinImpact\BetterGenshinImpact.csproj]
E:\Program Files\better-genshin-impact-LCB\BetterGenshinImpact\GameTask\AutoDomain\AutoDomainTask.cs(72,7): warning CS0105: “System.Linq”的 using 指令以前在此命名空间中出现过 [E:\Program Files\better-genshin-impact-LCB\BetterGenshinImpact\BetterGenshinImpact.csproj]
E:\Program Files\better-genshin-impact-LCB\BetterGenshinImpact\GameTask\AutoDomain\AutoDomainTask.cs(73,7): warning CS0105: “System.Threading”的 using 指令以前在此命名空间中出现过 [E:\Program Files\better-genshin-impact-LCB\BetterGenshinImpact\BetterGenshinImpact.csproj]
E:\Program Files\better-genshin-impact-LCB\BetterGenshinImpact\GameTask\AutoDomain\AutoDomainTask.cs(74,7): warning CS0105: “System.Threading.Tasks”的 using 指令以前在此命名空间中出现过 [E:\Program Files\better-genshin-impact-LCB\BetterGenshinImpact\BetterGenshinImpact.csproj]
E:\Program Files\better-genshin-impact-LCB\BetterGenshinImpact\GameTask\AutoDomain\AutoDomainTask.cs(75,7): warning CS0105: “BetterGenshinImpact.Core.Recognition”的 using 指令以前在此命名空间中出现过 [E:\Program Files\better-genshin-impact-LCB\BetterGenshinImpact\BetterGenshinImpact.csproj]
E:\Program Files\better-genshin-impact-LCB\BetterGenshinImpact\GameTask\AutoDomain\AutoDomainTask.cs(76,7): warning CS0105: “BetterGenshinImpact.GameTask.AutoTrackPath”的 using 指令以前在此命名空间中出现过 [E:\Program Files\better-genshin-impact-LCB\BetterGenshinImpact\BetterGenshinImpact.csproj]
E:\Program Files\better-genshin-impact-LCB\BetterGenshinImpact\GameTask\AutoDomain\AutoDomainTask.cs(77,7): warning CS0105: “BetterGenshinImpact.GameTask.Common.BgiVision”的 using 指令以前在此命名空间中出现过 [E:\Program Files\better-genshin-impact-LCB\BetterGenshinImpact\BetterGenshinImpact.csproj]
E:\Program Files\better-genshin-impact-LCB\BetterGenshinImpact\GameTask\AutoDomain\AutoDomainTask.cs(78,7): warning CS0105: “BetterGenshinImpact.GameTask.Common.Element.Assets”的 using 指令以前在此命名空间中出现过 [E:\Program Files\better-genshin-impact-LCB\BetterGenshinImpact\BetterGenshinImpact.csproj]
E:\Program Files\better-genshin-impact-LCB\BetterGenshinImpact\GameTask\AutoDomain\AutoDomainTask.cs(79,7): warning CS0105: “BetterGenshinImpact.GameTask.Common.Job”的 using 指令以前在此命名空间中出现过 [E:\Program Files\better-genshin-impact-LCB\BetterGenshinImpact\BetterGenshinImpact.csproj]
E:\Program Files\better-genshin-impact-LCB\BetterGenshinImpact\GameTask\AutoDomain\AutoDomainTask.cs(80,7): warning CS0105: “BetterGenshinImpact.Service.Notification.Model.Enum”的 using 指令以前在此命名空间中出现过 [E:\Program Files\better-genshin-impact-LCB\BetterGenshinImpact\BetterGenshinImpact.csproj]
E:\Program Files\better-genshin-impact-LCB\BetterGenshinImpact\GameTask\AutoDomain\AutoDomainTask.cs(81,14): warning CS0105: “TaskControl”的 using 指令以前在此命名空间中出现过 [E:\Program Files\better-genshin-impact-LCB\BetterGenshinImpact\BetterGenshinImpact.csproj]
E:\Program Files\better-genshin-impact-LCB\BetterGenshinImpact\GameTask\AutoDomain\AutoDomainTask.cs(82,14): warning CS0105: “Kernel32”的 using 指令以前在此命名空间中出现过 [E:\Program Files\better-genshin-impact-LCB\BetterGenshinImpact\BetterGenshinImpact.csproj]
E:\Program Files\better-genshin-impact-LCB\BetterGenshinImpact\GameTask\AutoDomain\AutoDomainTask.cs(83,14): warning CS0105: “User32”的 using 指令以前在此命名空间中出现过 [E:\Program Files\better-genshin-impact-LCB\BetterGenshinImpact\BetterGenshinImpact.csproj]
E:\Program Files\better-genshin-impact-LCB\BetterGenshinImpact\GameTask\AutoDomain\AutoDomainTask.cs(84,7): warning CS0105: “Microsoft.Extensions.Localization”的 using 指令以前在此命名空间中出现过 [E:\Program Files\better-genshin-impact-LCB\BetterGenshinImpact\BetterGenshinImpact.csproj]
E:\Program Files\better-genshin-impact-LCB\BetterGenshinImpact\GameTask\AutoDomain\AutoDomainTask.cs(85,7): warning CS0105: “System.Globalization”的 using 指令以前在此命名空间中出现过 [E:\Program Files\better-genshin-impact-LCB\BetterGenshinImpact\BetterGenshinImpact.csproj]
E:\Program Files\better-genshin-impact-LCB\BetterGenshinImpact\GameTask\AutoDomain\AutoDomainTask.cs(86,7): warning CS0105: “System.Text.RegularExpressions”的 using 指令以前在此命名空间中出现过 [E:\Program Files\better-genshin-impact-LCB\BetterGenshinImpact\BetterGenshinImpact.csproj]
E:\Program Files\better-genshin-impact-LCB\BetterGenshinImpact\GameTask\AutoDomain\AutoDomainTask.cs(87,7): warning CS0105: “BetterGenshinImpact.GameTask.AutoArtifactSalvage”的 using 指令以前在此命名空间中出现过 [E:\Program Files\better-genshin-impact-LCB\BetterGenshinImpact\BetterGenshinImpact.csproj]
E:\Program Files\better-genshin-impact-LCB\BetterGenshinImpact\GameTask\AutoDomain\AutoDomainTask.cs(88,7): warning CS0105: “System.Collections.ObjectModel”的 using 指令以前在此命名空间中出现过 [E:\Program Files\better-genshin-impact-LCB\BetterGenshinImpact\BetterGenshinImpact.csproj]
E:\Program Files\better-genshin-impact-LCB\BetterGenshinImpact\GameTask\AutoDomain\AutoDomainTask.cs(89,7): warning CS0105: “BetterGenshinImpact.Core.Script.Dependence”的 using 指令以前在此命名空间中出现过 [E:\Program Files\better-genshin-impact-LCB\BetterGenshinImpact\BetterGenshinImpact.csproj]
E:\Program Files\better-genshin-impact-LCB\BetterGenshinImpact\GameTask\AutoDomain\AutoDomainTask.cs(90,7): warning CS0105: “BetterGenshinImpact.GameTask.AutoDomain.Model”的 using 指令以前在此命名空间中出现过 [E:\Program Files\better-genshin-impact-LCB\BetterGenshinImpact\BetterGenshinImpact.csproj]
E:\Program Files\better-genshin-impact-LCB\BetterGenshinImpact\GameTask\AutoDomain\AutoDomainTask.cs(91,7): warning CS0105: “BetterGenshinImpact.GameTask.Common”的 using 指令以前在此命名空间中出现过 [E:\Program Files\better-genshin-impact-LCB\BetterGenshinImpact\BetterGenshinImpact.csproj]
E:\Program Files\better-genshin-impact-LCB\BetterGenshinImpact\GameTask\AutoDomain\AutoDomainTask.cs(93,7): warning CS0105: “Compunet.YoloSharp”的 using 指令以前在此命名空间中出现过 [E:\Program Files\better-genshin-impact-LCB\BetterGenshinImpact\BetterGenshinImpact.csproj]
E:\Program Files\better-genshin-impact-LCB\BetterGenshinImpact\GameTask\AutoDomain\AutoDomainTask.cs(94,7): warning CS0105: “Microsoft.Extensions.DependencyInjection”的 using 指令以前在此命名空间中出现过 [E:\Program Files\better-genshin-impact-LCB\BetterGenshinImpact\BetterGenshinImpact.csproj]
E:\Program Files\better-genshin-impact-LCB\BetterGenshinImpact\GameTask\AutoDomain\AutoDomainTask.cs(95,7): warning CS0105: “BetterGenshinImpact.GameTask.AutoFight”的 using 指令以前在此命名空间中出现过 [E:\Program Files\better-genshin-impact-LCB\BetterGenshinImpact\BetterGenshinImpact.csproj]
E:\Program Files\better-genshin-impact-LCB\BetterGenshinImpact\GameTask\AutoFightOfficial\AutoFightSeek.cs(17,8): warning CS0105: “OpenCvSharp”的 using 指令以前在此命名空间中出现过 [E:\Program Files\better-genshin-impact-LCB\BetterGenshinImpact\BetterGenshinImpact.csproj]
E:\Program Files\better-genshin-impact-LCB\BetterGenshinImpact\GameTask\AutoFightOfficial\Model\CombatScenes.cs(27,7): warning CS0105: “BetterGenshinImpact.Core.Recognition”的 using 指令以前在此命名空间中出现过 [E:\Program Files\better-genshin-impact-LCB\BetterGenshinImpact\BetterGenshinImpact.csproj]
E:\Program Files\better-genshin-impact-LCB\BetterGenshinImpact\GameTask\AutoFight\AutoFightParam.cs(3,7): warning CS0105: “BetterGenshinImpact.GameTask.Model”的 using 指令以前在此命名空间中出现过 [E:\Program Files\better-genshin-impact-LCB\BetterGenshinImpact\BetterGenshinImpact.csproj]
E:\Program Files\better-genshin-impact-LCB\BetterGenshinImpact\GameTask\AutoFight\AutoFightSeek.cs(25,7): warning CS0105: “Microsoft.Extensions.Logging”的 using 指令以前在此命名空间中出现过 [E:\Program Files\better-genshin-impact-LCB\BetterGenshinImpact\BetterGenshinImpact.csproj]
E:\Program Files\better-genshin-impact-LCB\BetterGenshinImpact\GameTask\AutoFight\AutoFightSeek.cs(26,7): warning CS0105: “OpenCvSharp”的 using 指令以前在此命名空间中出现过 [E:\Program Files\better-genshin-impact-LCB\BetterGenshinImpact\BetterGenshinImpact.csproj]
E:\Program Files\better-genshin-impact-LCB\BetterGenshinImpact\GameTask\AutoFight\AutoFightSeek.cs(27,7): warning CS0105: “System”的 using 指令以前在此命名空间中出现过 [E:\Program Files\better-genshin-impact-LCB\BetterGenshinImpact\BetterGenshinImpact.csproj]
E:\Program Files\better-genshin-impact-LCB\BetterGenshinImpact\GameTask\AutoFight\AutoFightSeek.cs(28,7): warning CS0105: “System.Collections.Generic”的 using 指令以前在此命名空间中出现过 [E:\Program Files\better-genshin-impact-LCB\BetterGenshinImpact\BetterGenshinImpact.csproj]
E:\Program Files\better-genshin-impact-LCB\BetterGenshinImpact\GameTask\AutoFight\AutoFightSeek.cs(32,7): warning CS0105: “System.Linq”的 using 指令以前在此命名空间中出现过 [E:\Program Files\better-genshin-impact-LCB\BetterGenshinImpact\BetterGenshinImpact.csproj]
E:\Program Files\better-genshin-impact-LCB\BetterGenshinImpact\GameTask\AutoFight\AutoFightSeek.cs(33,7): warning CS0105: “System.Threading”的 using 指令以前在此命名空间中出现过 [E:\Program Files\better-genshin-impact-LCB\BetterGenshinImpact\BetterGenshinImpact.csproj]
E:\Program Files\better-genshin-impact-LCB\BetterGenshinImpact\GameTask\AutoFight\AutoFightSeek.cs(34,7): warning CS0105: “System.Threading.Tasks”的 using 指令以前在此命名空间中出现过 [E:\Program Files\better-genshin-impact-LCB\BetterGenshinImpact\BetterGenshinImpact.csproj]
E:\Program Files\better-genshin-impact-LCB\BetterGenshinImpact\GameTask\AutoFight\AutoFightSeek.cs(37,7): warning CS0105: “BetterGenshinImpact.Core.Recognition.OpenCv”的 using 指令以前在此命名空间中出现过 [E:\Program Files\better-genshin-impact-LCB\BetterGenshinImpact\BetterGenshinImpact.csproj]
E:\Program Files\better-genshin-impact-LCB\BetterGenshinImpact\GameTask\AutoFight\AutoFightSeek.cs(38,7): warning CS0105: “BetterGenshinImpact.Core.Script.Dependence”的 using 指令以前在此命名空间中出现过 [E:\Program Files\better-genshin-impact-LCB\BetterGenshinImpact\BetterGenshinImpact.csproj]
E:\Program Files\better-genshin-impact-LCB\BetterGenshinImpact\GameTask\AutoFight\AutoFightSeek.cs(39,7): warning CS0105: “BetterGenshinImpact.Core.Simulator”的 using 指令以前在此命名空间中出现过 [E:\Program Files\better-genshin-impact-LCB\BetterGenshinImpact\BetterGenshinImpact.csproj]
E:\Program Files\better-genshin-impact-LCB\BetterGenshinImpact\GameTask\AutoFight\AutoFightSeek.cs(40,7): warning CS0105: “BetterGenshinImpact.Core.Simulator.Extensions”的 using 指令以前在此命名空间中出现过 [E:\Program Files\better-genshin-impact-LCB\BetterGenshinImpact\BetterGenshinImpact.csproj]
E:\Program Files\better-genshin-impact-LCB\BetterGenshinImpact\GameTask\AutoFight\AutoFightSeek.cs(42,7): warning CS0105: “BetterGenshinImpact.GameTask.Model.Area”的 using 指令以前在此命名空间中出现过 [E:\Program Files\better-genshin-impact-LCB\BetterGenshinImpact\BetterGenshinImpact.csproj]
E:\Program Files\better-genshin-impact-LCB\BetterGenshinImpact\GameTask\AutoFight\AutoFightSeek.cs(44,7): warning CS0105: “Microsoft.Extensions.Logging”的 using 指令以前在此命名空间中出现过 [E:\Program Files\better-genshin-impact-LCB\BetterGenshinImpact\BetterGenshinImpact.csproj]
E:\Program Files\better-genshin-impact-LCB\BetterGenshinImpact\GameTask\AutoFight\AutoFightSeek.cs(45,7): warning CS0105: “OpenCvSharp”的 using 指令以前在此命名空间中出现过 [E:\Program Files\better-genshin-impact-LCB\BetterGenshinImpact\BetterGenshinImpact.csproj]
E:\Program Files\better-genshin-impact-LCB\BetterGenshinImpact\GameTask\AutoFight\AutoFightSeek.cs(46,7): warning CS0105: “System”的 using 指令以前在此命名空间中出现过 [E:\Program Files\better-genshin-impact-LCB\BetterGenshinImpact\BetterGenshinImpact.csproj]
E:\Program Files\better-genshin-impact-LCB\BetterGenshinImpact\GameTask\AutoFight\AutoFightSeek.cs(47,7): warning CS0105: “System.Linq”的 using 指令以前在此命名空间中出现过 [E:\Program Files\better-genshin-impact-LCB\BetterGenshinImpact\BetterGenshinImpact.csproj]
E:\Program Files\better-genshin-impact-LCB\BetterGenshinImpact\GameTask\AutoFight\AutoFightSeek.cs(48,7): warning CS0105: “System.Threading”的 using 指令以前在此命名空间中出现过 [E:\Program Files\better-genshin-impact-LCB\BetterGenshinImpact\BetterGenshinImpact.csproj]
E:\Program Files\better-genshin-impact-LCB\BetterGenshinImpact\GameTask\AutoFight\AutoFightSeek.cs(49,7): warning CS0105: “System.Threading.Tasks”的 using 指令以前在此命名空间中出现过 [E:\Program Files\better-genshin-impact-LCB\BetterGenshinImpact\BetterGenshinImpact.csproj]
E:\Program Files\better-genshin-impact-LCB\BetterGenshinImpact\GameTask\AutoFight\AutoFightSeek.cs(52,7): warning CS0105: “BetterGenshinImpact.GameTask.Common.BgiVision”的 using 指令以前在此命名空间中出现过 [E:\Program Files\better-genshin-impact-LCB\BetterGenshinImpact\BetterGenshinImpact.csproj]
E:\Program Files\better-genshin-impact-LCB\BetterGenshinImpact\GameTask\AutoFight\AutoFightSeek.cs(54,14): warning CS0105: “TaskControl”的 using 指令以前在此命名空间中出现过 [E:\Program Files\better-genshin-impact-LCB\BetterGenshinImpact\BetterGenshinImpact.csproj]
E:\Program Files\better-genshin-impact-LCB\BetterGenshinImpact\GameTask\AutoFight\AutoFightSeek.cs(56,7): warning CS0105: “BetterGenshinImpact.GameTask.AutoFight.Assets”的 using 指令以前在此命名空间中出现过 [E:\Program Files\better-genshin-impact-LCB\BetterGenshinImpact\BetterGenshinImpact.csproj]
E:\Program Files\better-genshin-impact-LCB\BetterGenshinImpact\GameTask\AutoFight\Config\DefaultAutoFightConfig.cs(7,7): warning CS0105: “System”的 using 指令以前在此命名空间中出现过 [E:\Program Files\better-genshin-impact-LCB\BetterGenshinImpact\BetterGenshinImpact.csproj]
E:\Program Files\better-genshin-impact-LCB\BetterGenshinImpact\GameTask\AutoFight\Config\DefaultAutoFightConfig.cs(15,7): warning CS0105: “System.Linq”的 using 指令以前在此命名空间中出现过 [E:\Program Files\better-genshin-impact-LCB\BetterGenshinImpact\BetterGenshinImpact.csproj]
E:\Program Files\better-genshin-impact-LCB\BetterGenshinImpact\GameTask\AutoFight\Config\DefaultAutoFightConfig.cs(16,7): warning CS0105: “System.Collections.Generic”的 using 指令以前在此命名空间中出现过 [E:\Program Files\better-genshin-impact-LCB\BetterGenshinImpact\BetterGenshinImpact.csproj]
E:\Program Files\better-genshin-impact-LCB\BetterGenshinImpact\GameTask\AutoFight\Model\CombatScenes.cs(27,7): warning CS0105: “BetterGenshinImpact.Core.Config”的 using 指令以前在此命名空间中出现过 [E:\Program Files\better-genshin-impact-LCB\BetterGenshinImpact\BetterGenshinImpact.csproj]
E:\Program Files\better-genshin-impact-LCB\BetterGenshinImpact\GameTask\AutoFight\Model\CombatScenes.cs(28,7): warning CS0105: “BetterGenshinImpact.Core.Simulator”的 using 指令以前在此命名空间中出现过 [E:\Program Files\better-genshin-impact-LCB\BetterGenshinImpact\BetterGenshinImpact.csproj]
E:\Program Files\better-genshin-impact-LCB\BetterGenshinImpact\GameTask\AutoFight\Model\CombatScenes.cs(29,7): warning CS0105: “BetterGenshinImpact.GameTask.Common.Element.Assets”的 using 指令以前在此命名空间中出现过 [E:\Program Files\better-genshin-impact-LCB\BetterGenshinImpact\BetterGenshinImpact.csproj]
E:\Program Files\better-genshin-impact-LCB\BetterGenshinImpact\GameTask\AutoFight\Model\CombatScenes.cs(30,7): warning CS0105: “Compunet.YoloSharp”的 using 指令以前在此命名空间中出现过 [E:\Program Files\better-genshin-impact-LCB\BetterGenshinImpact\BetterGenshinImpact.csproj]
E:\Program Files\better-genshin-impact-LCB\BetterGenshinImpact\GameTask\AutoFight\Model\CombatScenes.cs(31,7): warning CS0105: “Compunet.YoloSharp.Data”的 using 指令以前在此命名空间中出现过 [E:\Program Files\better-genshin-impact-LCB\BetterGenshinImpact\BetterGenshinImpact.csproj]
E:\Program Files\better-genshin-impact-LCB\BetterGenshinImpact\GameTask\AutoFight\Model\CombatScenes.cs(32,7): warning CS0105: “SixLabors.ImageSharp”的 using 指令以前在此命名空间中出现过 [E:\Program Files\better-genshin-impact-LCB\BetterGenshinImpact\BetterGenshinImpact.csproj]
E:\Program Files\better-genshin-impact-LCB\BetterGenshinImpact\GameTask\AutoFight\Model\CombatScenes.cs(33,7): warning CS0105: “SixLabors.ImageSharp.PixelFormats”的 using 指令以前在此命名空间中出现过 [E:\Program Files\better-genshin-impact-LCB\BetterGenshinImpact\BetterGenshinImpact.csproj]
E:\Program Files\better-genshin-impact-LCB\BetterGenshinImpact\GameTask\AutoFight\Model\CombatScenes.cs(35,7): warning CS0105: “Microsoft.Extensions.DependencyInjection”的 using 指令以前在此命名空间中出现过 [E:\Program Files\better-genshin-impact-LCB\BetterGenshinImpact\BetterGenshinImpact.csproj]
E:\Program Files\better-genshin-impact-LCB\BetterGenshinImpact\GameTask\AutoFight\Model\CombatScenes.cs(36,7): warning CS0105: “BetterGenshinImpact.GameTask.AutoFight.Config”的 using 指令以前在此命名空间中出现过 [E:\Program Files\better-genshin-impact-LCB\BetterGenshinImpact\BetterGenshinImpact.csproj]
E:\Program Files\better-genshin-impact-LCB\BetterGenshinImpact\GameTask\AutoFight\Model\CombatScenes.cs(37,7): warning CS0105: “BetterGenshinImpact.Core.Config”的 using 指令以前在此命名空间中出现过 [E:\Program Files\better-genshin-impact-LCB\BetterGenshinImpact\BetterGenshinImpact.csproj]
E:\Program Files\better-genshin-impact-LCB\BetterGenshinImpact\GameTask\AutoFight\Model\CombatScenes.cs(39,7): warning CS0105: “OpenCvSharp”的 using 指令以前在此命名空间中出现过 [E:\Program Files\better-genshin-impact-LCB\BetterGenshinImpact\BetterGenshinImpact.csproj]
E:\Program Files\better-genshin-impact-LCB\BetterGenshinImpact\GameTask\AutoFight\Model\CombatScenes.cs(42,7): warning CS0105: “BetterGenshinImpact.GameTask.Model.Area”的 using 指令以前在此命名空间中出现过 [E:\Program Files\better-genshin-impact-LCB\BetterGenshinImpact\BetterGenshinImpact.csproj]
E:\Program Files\better-genshin-impact-LCB\BetterGenshinImpact\GameTask\AutoFight\Model\CombatScenes.cs(43,7): warning CS0105: “BetterGenshinImpact.Core.Recognition”的 using 指令以前在此命名空间中出现过 [E:\Program Files\better-genshin-impact-LCB\BetterGenshinImpact\BetterGenshinImpact.csproj]
E:\Program Files\better-genshin-impact-LCB\BetterGenshinImpact\GameTask\AutoFight\Script\CombatCommand.cs(11,7): warning CS0105: “Vanara.PInvoke”的 using 指令以前在此命名空间中出现过 [E:\Program Files\better-genshin-impact-LCB\BetterGenshinImpact\BetterGenshinImpact.csproj]
E:\Program Files\better-genshin-impact-LCB\BetterGenshinImpact\GameTask\AutoPathing\PathExecutor.cs(46,7): warning CS0105: “BetterGenshinImpact.GameTask.Common.Job”的 using 指令以前在此命名空间中出现过 [E:\Program Files\better-genshin-impact-LCB\BetterGenshinImpact\BetterGenshinImpact.csproj]
E:\Program Files\better-genshin-impact-LCB\BetterGenshinImpact\GameTask\AutoTrackPath\TpTaskFastDrag.cs(38,7): warning CS0105: “System”的 using 指令以前在此命名空间中出现过 [E:\Program Files\better-genshin-impact-LCB\BetterGenshinImpact\BetterGenshinImpact.csproj]
E:\Program Files\better-genshin-impact-LCB\BetterGenshinImpact\GameTask\AutoWood\AutoWoodConfig.cs(13,7): warning CS0105: “System”的 using 指令以前在此命名空间中出现过 [E:\Program Files\better-genshin-impact-LCB\BetterGenshinImpact\BetterGenshinImpact.csproj]
E:\Program Files\better-genshin-impact-LCB\BetterGenshinImpact\GameTask\AutoWood\AutoWoodConfig.cs(28,7): warning CS0105: “BetterGenshinImpact.GameTask.Model.Area”的 using 指令以前在此命名空间中出现过 [E:\Program Files\better-genshin-impact-LCB\BetterGenshinImpact\BetterGenshinImpact.csproj]
E:\Program Files\better-genshin-impact-LCB\BetterGenshinImpact\GameTask\Common\BgiVision\BvStatus.cs(14,7): warning CS0105: “System.Threading.Tasks”的 using 指令以前在此命名空间中出现过 [E:\Program Files\better-genshin-impact-LCB\BetterGenshinImpact\BetterGenshinImpact.csproj]
E:\Program Files\better-genshin-impact-LCB\BetterGenshinImpact\GameTask\Common\BgiVision\BvStatus.cs(15,7): warning CS0105: “BetterGenshinImpact.Core.Recognition”的 using 指令以前在此命名空间中出现过 [E:\Program Files\better-genshin-impact-LCB\BetterGenshinImpact\BetterGenshinImpact.csproj]
E:\Program Files\better-genshin-impact-LCB\BetterGenshinImpact\GameTask\Common\BgiVision\BvStatus.cs(16,7): warning CS0105: “System.Threading”的 using 指令以前在此命名空间中出现过 [E:\Program Files\better-genshin-impact-LCB\BetterGenshinImpact\BetterGenshinImpact.csproj]
E:\Program Files\better-genshin-impact-LCB\BetterGenshinImpact\GameTask\Common\BgiVision\BvStatus.cs(18,7): warning CS0105: “BetterGenshinImpact.GameTask.AutoFight.Assets”的 using 指令以前在此命名空间中出现过 [E:\Program Files\better-genshin-impact-LCB\BetterGenshinImpact\BetterGenshinImpact.csproj]
E:\Program Files\better-genshin-impact-LCB\BetterGenshinImpact\GameTask\Common\BgiVision\BvStatus.cs(22,7): warning CS0105: “System.Threading”的 using 指令以前在此命名空间中出现过 [E:\Program Files\better-genshin-impact-LCB\BetterGenshinImpact\BetterGenshinImpact.csproj]
E:\Program Files\better-genshin-impact-LCB\BetterGenshinImpact\GameTask\Common\BgiVision\BvStatus.cs(23,7): warning CS0105: “System.Threading.Tasks”的 using 指令以前在此命名空间中出现过 [E:\Program Files\better-genshin-impact-LCB\BetterGenshinImpact\BetterGenshinImpact.csproj]
E:\Program Files\better-genshin-impact-LCB\BetterGenshinImpact\GameTask\Common\Job\GoToSereniteaPotTask.cs(24,7): warning CS0105: “System.Globalization”的 using 指令以前在此命名空间中出现过 [E:\Program Files\better-genshin-impact-LCB\BetterGenshinImpact\BetterGenshinImpact.csproj]
E:\Program Files\better-genshin-impact-LCB\BetterGenshinImpact\GameTask\Common\Job\GoToSereniteaPotTask.cs(26,7): warning CS0105: “Newtonsoft.Json”的 using 指令以前在此命名空间中出现过 [E:\Program Files\better-genshin-impact-LCB\BetterGenshinImpact\BetterGenshinImpact.csproj]
E:\Program Files\better-genshin-impact-LCB\BetterGenshinImpact\GameTask\Common\Job\GoToSereniteaPotTask.cs(27,7): warning CS0105: “BetterGenshinImpact.GameTask.QuickSereniteaPot”的 using 指令以前在此命名空间中出现过 [E:\Program Files\better-genshin-impact-LCB\BetterGenshinImpact\BetterGenshinImpact.csproj]
E:\Program Files\better-genshin-impact-LCB\BetterGenshinImpact\GameTask\Common\Job\GoToSereniteaPotTask.cs(29,7): warning CS0105: “System.Linq”的 using 指令以前在此命名空间中出现过 [E:\Program Files\better-genshin-impact-LCB\BetterGenshinImpact\BetterGenshinImpact.csproj]
E:\Program Files\better-genshin-impact-LCB\BetterGenshinImpact\GameTask\Common\Job\GoToSereniteaPotTask.cs(30,7): warning CS0105: “System.Threading”的 using 指令以前在此命名空间中出现过 [E:\Program Files\better-genshin-impact-LCB\BetterGenshinImpact\BetterGenshinImpact.csproj]
E:\Program Files\better-genshin-impact-LCB\BetterGenshinImpact\GameTask\Common\Job\GoToSereniteaPotTask.cs(31,7): warning CS0105: “System.Threading.Tasks”的 using 指令以前在此命名空间中出现过 [E:\Program Files\better-genshin-impact-LCB\BetterGenshinImpact\BetterGenshinImpact.csproj]
E:\Program Files\better-genshin-impact-LCB\BetterGenshinImpact\GameTask\Common\Job\GoToSereniteaPotTask.cs(32,14): warning CS0105: “TaskControl”的 using 指令以前在此命名空间中出现过 [E:\Program Files\better-genshin-impact-LCB\BetterGenshinImpact\BetterGenshinImpact.csproj]
E:\Program Files\better-genshin-impact-LCB\BetterGenshinImpact\GameTask\Common\Job\SwitchPartyTask.cs(16,7): warning CS0105: “BetterGenshinImpact.GameTask.Common.Exceptions”的 using 指令以前在此命名空间中出现过 [E:\Program Files\better-genshin-impact-LCB\BetterGenshinImpact\BetterGenshinImpact.csproj]
E:\Program Files\better-genshin-impact-LCB\BetterGenshinImpact\GameTask\Common\Job\SwitchPartyTask.cs(19,7): warning CS0105: “System.Text.RegularExpressions”的 using 指令以前在此命名空间中出现过 [E:\Program Files\better-genshin-impact-LCB\BetterGenshinImpact\BetterGenshinImpact.csproj]
E:\Program Files\better-genshin-impact-LCB\BetterGenshinImpact\GameTask\Common\TaskControl.cs(15,7): warning CS0105: “System.Threading”的 using 指令以前在此命名空间中出现过 [E:\Program Files\better-genshin-impact-LCB\BetterGenshinImpact\BetterGenshinImpact.csproj]
E:\Program Files\better-genshin-impact-LCB\BetterGenshinImpact\GameTask\Common\TaskControl.cs(16,7): warning CS0105: “System.Threading.Tasks”的 using 指令以前在此命名空间中出现过 [E:\Program Files\better-genshin-impact-LCB\BetterGenshinImpact\BetterGenshinImpact.csproj]
E:\Program Files\better-genshin-impact-LCB\BetterGenshinImpact\GameTask\Common\TaskControl.cs(19,7): warning CS0105: “BetterGenshinImpact.GameTask.Model.Area”的 using 指令以前在此命名空间中出现过 [E:\Program Files\better-genshin-impact-LCB\BetterGenshinImpact\BetterGenshinImpact.csproj]
E:\Program Files\better-genshin-impact-LCB\BetterGenshinImpact\GameTask\Common\TaskControl.cs(24,7): warning CS0105: “Microsoft.Extensions.Logging”的 using 指令以前在此命名空间中出现过 [E:\Program Files\better-genshin-impact-LCB\BetterGenshinImpact\BetterGenshinImpact.csproj]
E:\Program Files\better-genshin-impact-LCB\BetterGenshinImpact\GameTask\GameTaskManager.cs(22,7): warning CS0105: “BetterGenshinImpact.Core.Config”的 using 指令以前在此命名空间中出现过 [E:\Program Files\better-genshin-impact-LCB\BetterGenshinImpact\BetterGenshinImpact.csproj]
E:\Program Files\better-genshin-impact-LCB\BetterGenshinImpact\GameTask\GameTaskManager.cs(28,7): warning CS0105: “OpenCvSharp”的 using 指令以前在此命名空间中出现过 [E:\Program Files\better-genshin-impact-LCB\BetterGenshinImpact\BetterGenshinImpact.csproj]
E:\Program Files\better-genshin-impact-LCB\BetterGenshinImpact\GameTask\GameTaskManager.cs(30,7): warning CS0105: “System.Collections.Generic”的 using 指令以前在此命名空间中出现过 [E:\Program Files\better-genshin-impact-LCB\BetterGenshinImpact\BetterGenshinImpact.csproj]
E:\Program Files\better-genshin-impact-LCB\BetterGenshinImpact\GameTask\GameTaskManager.cs(32,7): warning CS0105: “System.IO”的 using 指令以前在此命名空间中出现过 [E:\Program Files\better-genshin-impact-LCB\BetterGenshinImpact\BetterGenshinImpact.csproj]
E:\Program Files\better-genshin-impact-LCB\BetterGenshinImpact\GameTask\GameTaskManager.cs(33,7): warning CS0105: “System.Linq”的 using 指令以前在此命名空间中出现过 [E:\Program Files\better-genshin-impact-LCB\BetterGenshinImpact\BetterGenshinImpact.csproj]
E:\Program Files\better-genshin-impact-LCB\BetterGenshinImpact\GameTask\GameTaskManager.cs(37,7): warning CS0105: “BetterGenshinImpact.GameTask.GameLoading”的 using 指令以前在此命名空间中出现过 [E:\Program Files\better-genshin-impact-LCB\BetterGenshinImpact\BetterGenshinImpact.csproj]
E:\Program Files\better-genshin-impact-LCB\BetterGenshinImpact\GameTask\GameTaskManager.cs(44,7): warning CS0105: “System”的 using 指令以前在此命名空间中出现过 [E:\Program Files\better-genshin-impact-LCB\BetterGenshinImpact\BetterGenshinImpact.csproj]
E:\Program Files\better-genshin-impact-LCB\BetterGenshinImpact\GameTask\SystemControl.cs(14,7): warning CS0105: “System.Text”的 using 指令以前在此命名空间中出现过 [E:\Program Files\better-genshin-impact-LCB\BetterGenshinImpact\BetterGenshinImpact.csproj]
E:\Program Files\better-genshin-impact-LCB\BetterGenshinImpact\GameTask\SystemControl.cs(18,7): warning CS0105: “Microsoft.Extensions.Logging”的 using 指令以前在此命名空间中出现过 [E:\Program Files\better-genshin-impact-LCB\BetterGenshinImpact\BetterGenshinImpact.csproj]
E:\Program Files\better-genshin-impact-LCB\BetterGenshinImpact\GameTask\UseRedeemCode\UseRedemptionCodeTask.cs(14,7): warning CS0105: “BetterGenshinImpact.Helpers.Extensions”的 using 指令以前在此命名空间中出现过 [E:\Program Files\better-genshin-impact-LCB\BetterGenshinImpact\BetterGenshinImpact.csproj]
E:\Program Files\better-genshin-impact-LCB\BetterGenshinImpact\Service\ScriptService.cs(29,7): warning CS0105: “BetterGenshinImpact.Core.Config”的 using 指令以前在此命名空间中出现过 [E:\Program Files\better-genshin-impact-LCB\BetterGenshinImpact\BetterGenshinImpact.csproj]
E:\Program Files\better-genshin-impact-LCB\BetterGenshinImpact\ViewModel\Pages\TaskSettingsPageViewModel.cs(50,7): warning CS0105: “BetterGenshinImpact.GameTask.AutoFriendship”的 using 指令以前在此命名空间中出现过 [E:\Program Files\better-genshin-impact-LCB\BetterGenshinImpact\BetterGenshinImpact.csproj]
E:\Program Files\better-genshin-impact-LCB\BetterGenshinImpact\View\Pages\OneDragonFlowPage.xaml.cs(2,7): warning CS0105: “BetterGenshinImpact.ViewModel.Pages”的 using 指令以前在此命名空间中出现过 [E:\Program Files\better-genshin-impact-LCB\BetterGenshinImpact\BetterGenshinImpact.csproj]
E:\Program Files\better-genshin-impact-LCB\BetterGenshinImpact\Helpers\Security\MD5Helper.cs(14,71): warning CS8625: 无法将 null 字面量转换为非 null 的引用类型。 [E:\Program Files\better-genshin-impact-LCB\BetterGenshinImpact\BetterGenshinImpact.csproj]
E:\Program Files\better-genshin-impact-LCB\BetterGenshinImpact\GameTask\AutoFriendship\Assets\AutoFriendshipAssets.cs(11,37): warning CS0612: “BaseAssets<AutoFriendshipAssets>”已过时 [E:\Program Files\better-genshin-impact-LCB\BetterGenshinImpact\BetterGenshinImpact.csproj]
E:\Program Files\better-genshin-impact-LCB\BetterGenshinImpact\View\Behavior\ResponsiveTitleBarBehavior.cs(103,18): warning CS0108: “ResponsiveTitleBarBehavior.Detach()”隐藏继承的成员“Behavior.Detach()”。如果是有意隐藏，请使用关键字 new。 [E:\Program Files\better-genshin-impact-LCB\BetterGenshinImpact\BetterGenshinImpact.csproj]
E:\Program Files\better-genshin-impact-LCB\BetterGenshinImpact\GameTask\AutoPathing\Model\WaypointForTrack.cs(27,30): warning CS0108: “WaypointForTrack.Misidentification”隐藏继承的成员“Waypoint.Misidentification”。如果是有意隐藏，请使用关键字 new。 [E:\Program Files\better-genshin-impact-LCB\BetterGenshinImpact\BetterGenshinImpact.csproj]
E:\Program Files\better-genshin-impact-LCB\BetterGenshinImpact\GameTask\Common\Element\Assets\ElementAssets.cs(10,30): warning CS0612: “BaseAssets<ElementAssets>”已过时 [E:\Program Files\better-genshin-impact-LCB\BetterGenshinImpact\BetterGenshinImpact.csproj]
E:\Program Files\better-genshin-impact-LCB\BetterGenshinImpact\GameTask\AutoWood\Assets\AutoWoodAssets.cs(7,31): warning CS0612: “BaseAssets<AutoWoodAssets>”已过时 [E:\Program Files\better-genshin-impact-LCB\BetterGenshinImpact\BetterGenshinImpact.csproj]
E:\Program Files\better-genshin-impact-LCB\BetterGenshinImpact\GameTask\LogParse\YsHttp.cs(228,115): warning CS8625: 无法将 null 字面量转换为非 null 的引用类型。 [E:\Program Files\better-genshin-impact-LCB\BetterGenshinImpact\BetterGenshinImpact.csproj]
E:\Program Files\better-genshin-impact-LCB\BetterGenshinImpact\Service\Notifier\BarkNotifier.cs(129,35): warning CS8625: 无法将 null 字面量转换为非 null 的引用类型。 [E:\Program Files\better-genshin-impact-LCB\BetterGenshinImpact\BetterGenshinImpact.csproj]
E:\Program Files\better-genshin-impact-LCB\BetterGenshinImpact\View\Windows\PictureInPictureWindow.xaml.cs(23,26): warning CS0108: “PictureInPictureWindow.MinWidth”隐藏继承的成员“FrameworkElement.MinWidth”。如果是有意隐藏，请使用关键字 new。 [E:\Program Files\better-genshin-impact-LCB\BetterGenshinImpact\BetterGenshinImpact.csproj]
E:\Program Files\better-genshin-impact-LCB\BetterGenshinImpact\View\Windows\PictureInPictureWindow.xaml.cs(24,26): warning CS0108: “PictureInPictureWindow.MaxWidth”隐藏继承的成员“FrameworkElement.MaxWidth”。如果是有意隐藏，请使用关键字 new。 [E:\Program Files\better-genshin-impact-LCB\BetterGenshinImpact\BetterGenshinImpact.csproj]
E:\Program Files\better-genshin-impact-LCB\BetterGenshinImpact\View\Windows\WelcomeDialog.xaml.cs(40,9): warning CS4014: 由于此调用不会等待，因此在此调用完成之前将会继续执行当前方法。请考虑将 "await" 运算符应用于调用结果。 [E:\Program Files\better-genshin-impact-LCB\BetterGenshinImpact\BetterGenshinImpact.csproj]
E:\Program Files\better-genshin-impact-LCB\BetterGenshinImpact\Core\Recognition\RecognitionObjectJsonLoader.cs(377,20): warning CS8603: 可能返回 null 引用。 [E:\Program Files\better-genshin-impact-LCB\BetterGenshinImpact\BetterGenshinImpact.csproj]
E:\Program Files\better-genshin-impact-LCB\BetterGenshinImpact\Core\Script\EngineExtend.cs(51,59): warning CS8604: “Dispatcher.Dispatcher(object config)”中的形参“config”可能传入 null 引用实参。 [E:\Program Files\better-genshin-impact-LCB\BetterGenshinImpact\BetterGenshinImpact.csproj]
E:\Program Files\better-genshin-impact-LCB\BetterGenshinImpact\Core\Config\PathingPartyTaskCycleConfig.cs(57,26): warning CS0168: 声明了变量“e”，但从未使用过 [E:\Program Files\better-genshin-impact-LCB\BetterGenshinImpact\BetterGenshinImpact.csproj]
E:\Program Files\better-genshin-impact-LCB\BetterGenshinImpact\Core\Recognition\OpenCv\TemplateMatch\TemplateMatchNormalizer.cs(128,60): warning CS8604: “InputArray.implicit operator InputArray(Mat mat)”中的形参“mat”可能传入 null 引用实参。 [E:\Program Files\better-genshin-impact-LCB\BetterGenshinImpact\BetterGenshinImpact.csproj]
E:\Program Files\better-genshin-impact-LCB\BetterGenshinImpact\Core\Recognition\OpenCv\TemplateMatch\TemplateMatchNormalizer.cs(134,59): warning CS8604: “InputArray.implicit operator InputArray(Mat mat)”中的形参“mat”可能传入 null 引用实参。 [E:\Program Files\better-genshin-impact-LCB\BetterGenshinImpact\BetterGenshinImpact.csproj]
E:\Program Files\better-genshin-impact-LCB\BetterGenshinImpact\Core\Recognition\OpenCv\TemplateMatch\TemplateMatchNormalizer.cs(141,82): warning CS8604: “InputArray.implicit operator InputArray(Mat mat)”中的形参“mat”可能传入 null 引用实参。 [E:\Program Files\better-genshin-impact-LCB\BetterGenshinImpact\BetterGenshinImpact.csproj]
E:\Program Files\better-genshin-impact-LCB\BetterGenshinImpact\Core\Recognition\OpenCv\TemplateMatch\TemplateMatchHelper.cs(9,59): warning CS8604: “InputArray.implicit operator InputArray(Mat mat)”中的形参“mat”可能传入 null 引用实参。 [E:\Program Files\better-genshin-impact-LCB\BetterGenshinImpact\BetterGenshinImpact.csproj]
E:\Program Files\better-genshin-impact-LCB\BetterGenshinImpact\Core\Recognition\OpenCv\TemplateMatch\TemplateMatchHelper.cs(33,59): warning CS8604: “InputArray.implicit operator InputArray(Mat mat)”中的形参“mat”可能传入 null 引用实参。 [E:\Program Files\better-genshin-impact-LCB\BetterGenshinImpact\BetterGenshinImpact.csproj]
E:\Program Files\better-genshin-impact-LCB\BetterGenshinImpact\Core\Script\Group\ScriptGroupProject.cs(258,39): warning CS8601: 可能的 null 引用赋值。 [E:\Program Files\better-genshin-impact-LCB\BetterGenshinImpact\BetterGenshinImpact.csproj]
E:\Program Files\better-genshin-impact-LCB\BetterGenshinImpact\View\Windows\SkillCdConfigWindow.xaml.cs(64,31): warning CS8601: 可能的 null 引用赋值。 [E:\Program Files\better-genshin-impact-LCB\BetterGenshinImpact\BetterGenshinImpact.csproj]
E:\Program Files\better-genshin-impact-LCB\BetterGenshinImpact\View\Windows\ScriptRepoWindow.xaml.cs(85,12): warning CS8618: 在退出构造函数时，不可为 null 的 字段 "_repoChannels" 必须包含非 null 值。请考虑添加 "required" 修饰符或将该 字段 声明为可为 null。 [E:\Program Files\better-genshin-impact-LCB\BetterGenshinImpact\BetterGenshinImpact.csproj]
E:\Program Files\better-genshin-impact-LCB\BetterGenshinImpact\Core\Recognition\OpenCv\TemplateMatch\MatchContext.cs(23,12): warning CS8618: 在退出构造函数时，不可为 null 的 字段 "MaskedMiniMapRoughs" 必须包含非 null 值。请考虑添加 "required" 修饰符或将该 字段 声明为可为 null。 [E:\Program Files\better-genshin-impact-LCB\BetterGenshinImpact\BetterGenshinImpact.csproj]
E:\Program Files\better-genshin-impact-LCB\BetterGenshinImpact\Core\Recognition\OpenCv\TemplateMatch\MatchContext.cs(23,12): warning CS8618: 在退出构造函数时，不可为 null 的 字段 "MaskRoughF" 必须包含非 null 值。请考虑添加 "required" 修饰符或将该 字段 声明为可为 null。 [E:\Program Files\better-genshin-impact-LCB\BetterGenshinImpact\BetterGenshinImpact.csproj]
E:\Program Files\better-genshin-impact-LCB\BetterGenshinImpact\Core\Recognition\OpenCv\TemplateMatch\MatchContext.cs(23,12): warning CS8618: 在退出构造函数时，不可为 null 的 字段 "NormalizerRough" 必须包含非 null 值。请考虑添加 "required" 修饰符或将该 字段 声明为可为 null。 [E:\Program Files\better-genshin-impact-LCB\BetterGenshinImpact\BetterGenshinImpact.csproj]
E:\Program Files\better-genshin-impact-LCB\BetterGenshinImpact\Core\Recognition\OpenCv\TemplateMatch\MatchContext.cs(23,12): warning CS8618: 在退出构造函数时，不可为 null 的 字段 "NormalizerRoughChan" 必须包含非 null 值。请考虑添加 "required" 修饰符或将该 字段 声明为可为 null。 [E:\Program Files\better-genshin-impact-LCB\BetterGenshinImpact\BetterGenshinImpact.csproj]
E:\Program Files\better-genshin-impact-LCB\BetterGenshinImpact\Core\Recognition\OpenCv\TemplateMatch\MatchContext.cs(23,12): warning CS8618: 在退出构造函数时，不可为 null 的 字段 "NormalizerExact" 必须包含非 null 值。请考虑添加 "required" 修饰符或将该 字段 声明为可为 null。 [E:\Program Files\better-genshin-impact-LCB\BetterGenshinImpact\BetterGenshinImpact.csproj]
E:\Program Files\better-genshin-impact-LCB\BetterGenshinImpact\Core\Recognition\OCR\OcrFactory.cs(80,26): warning CS0168: 声明了变量“e”，但从未使用过 [E:\Program Files\better-genshin-impact-LCB\BetterGenshinImpact\BetterGenshinImpact.csproj]
E:\Program Files\better-genshin-impact-LCB\BetterGenshinImpact\GameTask\UseRedeemCode\GetLiveRedeemCode.cs(129,20): warning CS8619: 类型“(string?, string?)”的值中引用类型的为 Null 性与目标类型“(string codeVer, string title)”不匹配。 [E:\Program Files\better-genshin-impact-LCB\BetterGenshinImpact\BetterGenshinImpact.csproj]
E:\Program Files\better-genshin-impact-LCB\BetterGenshinImpact\GameTask\UseRedeemCode\GetLiveRedeemCode.cs(132,37): warning CS8619: 类型“(string?, string?)”的值中引用类型的为 Null 性与目标类型“(string codeVer, string title)”不匹配。 [E:\Program Files\better-genshin-impact-LCB\BetterGenshinImpact\BetterGenshinImpact.csproj]
E:\Program Files\better-genshin-impact-LCB\BetterGenshinImpact\GameTask\UseRedeemCode\GetLiveRedeemCode.cs(134,26): warning CS8600: 将 null 文本或可能的 null 值转换为不可为 null 类型。 [E:\Program Files\better-genshin-impact-LCB\BetterGenshinImpact\BetterGenshinImpact.csproj]
E:\Program Files\better-genshin-impact-LCB\BetterGenshinImpact\GameTask\UseRedeemCode\GetLiveRedeemCode.cs(135,24): warning CS8600: 将 null 文本或可能的 null 值转换为不可为 null 类型。 [E:\Program Files\better-genshin-impact-LCB\BetterGenshinImpact\BetterGenshinImpact.csproj]
E:\Program Files\better-genshin-impact-LCB\BetterGenshinImpact\GameTask\UseRedeemCode\GetLiveRedeemCode.cs(136,16): warning CS8619: 类型“(string? codeVer, string? title)”的值中引用类型的为 Null 性与目标类型“(string codeVer, string title)”不匹配。 [E:\Program Files\better-genshin-impact-LCB\BetterGenshinImpact\BetterGenshinImpact.csproj]
E:\Program Files\better-genshin-impact-LCB\BetterGenshinImpact\Core\Script\Utils\JsonMerger.cs(53,35): warning CS8604: “JObject? JsonMerger.GetRefFile(JObject jObject, string filePath)”中的形参“jObject”可能传入 null 引用实参。 [E:\Program Files\better-genshin-impact-LCB\BetterGenshinImpact\BetterGenshinImpact.csproj]
E:\Program Files\better-genshin-impact-LCB\BetterGenshinImpact\Core\Script\Utils\JsonMerger.cs(72,41): warning CS8604: “string Path.Combine(string path1, string path2)”中的形参“path1”可能传入 null 引用实参。 [E:\Program Files\better-genshin-impact-LCB\BetterGenshinImpact\BetterGenshinImpact.csproj]
E:\Program Files\better-genshin-impact-LCB\BetterGenshinImpact\Core\Script\WebView\FileAccessBridge.cs(12,19): warning CS8618: 在退出构造函数时，不可为 null 的 属性 "Name" 必须包含非 null 值。请考虑添加 "required" 修饰符或将该 属性 声明为可为 null。 [E:\Program Files\better-genshin-impact-LCB\BetterGenshinImpact\BetterGenshinImpact.csproj]
E:\Program Files\better-genshin-impact-LCB\BetterGenshinImpact\Core\Script\WebView\FileAccessBridge.cs(13,19): warning CS8618: 在退出构造函数时，不可为 null 的 属性 "RelativePath" 必须包含非 null 值。请考虑添加 "required" 修饰符或将该 属性 声明为可为 null。 [E:\Program Files\better-genshin-impact-LCB\BetterGenshinImpact\BetterGenshinImpact.csproj]
E:\Program Files\better-genshin-impact-LCB\BetterGenshinImpact\GameTask\UseRedeemCode\GetLiveRedeemCode.cs(153,27): warning CS8600: 将 null 文本或可能的 null 值转换为不可为 null 类型。 [E:\Program Files\better-genshin-impact-LCB\BetterGenshinImpact\BetterGenshinImpact.csproj]
E:\Program Files\better-genshin-impact-LCB\BetterGenshinImpact\Core\Script\Utils\JsonMerger.cs(89,31): warning CS8600: 将 null 文本或可能的 null 值转换为不可为 null 类型。 [E:\Program Files\better-genshin-impact-LCB\BetterGenshinImpact\BetterGenshinImpact.csproj]
E:\Program Files\better-genshin-impact-LCB\BetterGenshinImpact\Core\Script\Utils\JsonMerger.cs(91,49): warning CS8604: “string Path.Combine(string path1, string path2)”中的形参“path1”可能传入 null 引用实参。 [E:\Program Files\better-genshin-impact-LCB\BetterGenshinImpact\BetterGenshinImpact.csproj]
E:\Program Files\better-genshin-impact-LCB\BetterGenshinImpact\Core\Script\Utils\JsonMerger.cs(123,30): warning CS8600: 将 null 文本或可能的 null 值转换为不可为 null 类型。 [E:\Program Files\better-genshin-impact-LCB\BetterGenshinImpact\BetterGenshinImpact.csproj]
E:\Program Files\better-genshin-impact-LCB\BetterGenshinImpact\Core\Script\Utils\JsonMerger.cs(130,27): warning CS8600: 将 null 文本或可能的 null 值转换为不可为 null 类型。 [E:\Program Files\better-genshin-impact-LCB\BetterGenshinImpact\BetterGenshinImpact.csproj]
E:\Program Files\better-genshin-impact-LCB\BetterGenshinImpact\Core\Script\Utils\JsonMerger.cs(137,36): warning CS8600: 将 null 文本或可能的 null 值转换为不可为 null 类型。 [E:\Program Files\better-genshin-impact-LCB\BetterGenshinImpact\BetterGenshinImpact.csproj]
E:\Program Files\better-genshin-impact-LCB\BetterGenshinImpact\Core\Script\Utils\JsonMerger.cs(165,34): warning CS8600: 将 null 文本或可能的 null 值转换为不可为 null 类型。 [E:\Program Files\better-genshin-impact-LCB\BetterGenshinImpact\BetterGenshinImpact.csproj]
E:\Program Files\better-genshin-impact-LCB\BetterGenshinImpact\Core\Script\Dependence\KeyMouseHook.cs(144,42): warning CS0168: 声明了变量“ex”，但从未使用过 [E:\Program Files\better-genshin-impact-LCB\BetterGenshinImpact\BetterGenshinImpact.csproj]
E:\Program Files\better-genshin-impact-LCB\BetterGenshinImpact\Core\Script\Utils\JsonMerger.cs(196,26): warning CS8600: 将 null 文本或可能的 null 值转换为不可为 null 类型。 [E:\Program Files\better-genshin-impact-LCB\BetterGenshinImpact\BetterGenshinImpact.csproj]
E:\Program Files\better-genshin-impact-LCB\BetterGenshinImpact\Core\Script\Utils\JsonMerger.cs(204,40): warning CS8602: 解引用可能出现空引用。 [E:\Program Files\better-genshin-impact-LCB\BetterGenshinImpact\BetterGenshinImpact.csproj]
E:\Program Files\better-genshin-impact-LCB\BetterGenshinImpact\Core\Script\Utils\JsonMerger.cs(212,25): warning CS8600: 将 null 文本或可能的 null 值转换为不可为 null 类型。 [E:\Program Files\better-genshin-impact-LCB\BetterGenshinImpact\BetterGenshinImpact.csproj]
E:\Program Files\better-genshin-impact-LCB\BetterGenshinImpact\Core\Script\Utils\JsonMerger.cs(218,39): warning CS8600: 将 null 文本或可能的 null 值转换为不可为 null 类型。 [E:\Program Files\better-genshin-impact-LCB\BetterGenshinImpact\BetterGenshinImpact.csproj]
E:\Program Files\better-genshin-impact-LCB\BetterGenshinImpact\Core\Script\Utils\JsonMerger.cs(222,42): warning CS8600: 将 null 文本或可能的 null 值转换为不可为 null 类型。 [E:\Program Files\better-genshin-impact-LCB\BetterGenshinImpact\BetterGenshinImpact.csproj]
E:\Program Files\better-genshin-impact-LCB\BetterGenshinImpact\Core\Recognition\OpenCv\TemplateMatchStabilityDetector.cs(95,25): warning CS8625: 无法将 null 字面量转换为非 null 的引用类型。 [E:\Program Files\better-genshin-impact-LCB\BetterGenshinImpact\BetterGenshinImpact.csproj]
E:\Program Files\better-genshin-impact-LCB\BetterGenshinImpact\Core\Recognition\OpenCv\TemplateMatchStabilityDetector.cs(101,25): warning CS8625: 无法将 null 字面量转换为非 null 的引用类型。 [E:\Program Files\better-genshin-impact-LCB\BetterGenshinImpact\BetterGenshinImpact.csproj]
E:\Program Files\better-genshin-impact-LCB\BetterGenshinImpact\Core\Recognition\OpenCv\TemplateMatchStabilityDetector.cs(9,17): warning CS8618: 在退出构造函数时，不可为 null 的 字段 "previousFrame" 必须包含非 null 值。请考虑添加 "required" 修饰符或将该 字段 声明为可为 null。 [E:\Program Files\better-genshin-impact-LCB\BetterGenshinImpact\BetterGenshinImpact.csproj]
E:\Program Files\better-genshin-impact-LCB\BetterGenshinImpact\GameTask\AutoBoss\AutoBossTask.cs(97,64): warning CS8604: “CombatScriptBag CombatScriptParser.ReadAndParse(string path)”中的形参“path”可能传入 null 引用实参。 [E:\Program Files\better-genshin-impact-LCB\BetterGenshinImpact\BetterGenshinImpact.csproj]
E:\Program Files\better-genshin-impact-LCB\BetterGenshinImpact\Helpers\Win32\MirrorChyanHelper.cs(98,9): warning CS4014: 由于此调用不会等待，因此在此调用完成之前将会继续执行当前方法。请考虑将 "await" 运算符应用于调用结果。 [E:\Program Files\better-genshin-impact-LCB\BetterGenshinImpact\BetterGenshinImpact.csproj]
E:\Program Files\better-genshin-impact-LCB\BetterGenshinImpact\Core\Recognition\OpenCv\MatchTemplateHelper.cs(73,16): warning CS0612: “MatchTemplateHelper.MatchTemplateMulti(Mat, Mat, Mat?, double, int)”已过时 [E:\Program Files\better-genshin-impact-LCB\BetterGenshinImpact\BetterGenshinImpact.csproj]
E:\Program Files\better-genshin-impact-LCB\BetterGenshinImpact\Genshin\Settings2\GenshinGameSettings.cs(17,19): warning CS8618: 在退出构造函数时，不可为 null 的 属性 "DeviceUUID" 必须包含非 null 值。请考虑添加 "required" 修饰符或将该 属性 声明为可为 null。 [E:\Program Files\better-genshin-impact-LCB\BetterGenshinImpact\BetterGenshinImpact.csproj]
E:\Program Files\better-genshin-impact-LCB\BetterGenshinImpact\Genshin\Settings2\GenshinGameSettings.cs(20,19): warning CS8618: 在退出构造函数时，不可为 null 的 属性 "UserLocalDataVersionId" 必须包含非 null 值。请考虑添加 "required" 修饰符或将该 属性 声明为可为 null。 [E:\Program Files\better-genshin-impact-LCB\BetterGenshinImpact\BetterGenshinImpact.csproj]
E:\Program Files\better-genshin-impact-LCB\BetterGenshinImpact\Genshin\Settings2\GenshinGameSettings.cs(29,19): warning CS8618: 在退出构造函数时，不可为 null 的 属性 "SelectedServerName" 必须包含非 null 值。请考虑添加 "required" 修饰符或将该 属性 声明为可为 null。 [E:\Program Files\better-genshin-impact-LCB\BetterGenshinImpact\BetterGenshinImpact.csproj]
E:\Program Files\better-genshin-impact-LCB\BetterGenshinImpact\Genshin\Settings2\GenshinGameSettings.cs(35,19): warning CS8618: 在退出构造函数时，不可为 null 的 属性 "DeviceID" 必须包含非 null 值。请考虑添加 "required" 修饰符或将该 属性 声明为可为 null。 [E:\Program Files\better-genshin-impact-LCB\BetterGenshinImpact\BetterGenshinImpact.csproj]
E:\Program Files\better-genshin-impact-LCB\BetterGenshinImpact\Genshin\Settings2\GenshinGameSettings.cs(38,19): warning CS8618: 在退出构造函数时，不可为 null 的 属性 "TargetUID" 必须包含非 null 值。请考虑添加 "required" 修饰符或将该 属性 声明为可为 null。 [E:\Program Files\better-genshin-impact-LCB\BetterGenshinImpact\BetterGenshinImpact.csproj]
E:\Program Files\better-genshin-impact-LCB\BetterGenshinImpact\Genshin\Settings2\GenshinGameSettings.cs(41,19): warning CS8618: 在退出构造函数时，不可为 null 的 属性 "CurAccountName" 必须包含非 null 值。请考虑添加 "required" 修饰符或将该 属性 声明为可为 null。 [E:\Program Files\better-genshin-impact-LCB\BetterGenshinImpact\BetterGenshinImpact.csproj]
E:\Program Files\better-genshin-impact-LCB\BetterGenshinImpact\Genshin\Settings2\GenshinGameSettings.cs(44,19): warning CS8618: 在退出构造函数时，不可为 null 的 属性 "UiSaveData" 必须包含非 null 值。请考虑添加 "required" 修饰符或将该 属性 声明为可为 null。 [E:\Program Files\better-genshin-impact-LCB\BetterGenshinImpact\BetterGenshinImpact.csproj]
E:\Program Files\better-genshin-impact-LCB\BetterGenshinImpact\Genshin\Settings2\GenshinGameSettings.cs(47,19): warning CS8618: 在退出构造函数时，不可为 null 的 属性 "InputData" 必须包含非 null 值。请考虑添加 "required" 修饰符或将该 属性 声明为可为 null。 [E:\Program Files\better-genshin-impact-LCB\BetterGenshinImpact\BetterGenshinImpact.csproj]
E:\Program Files\better-genshin-impact-LCB\BetterGenshinImpact\Genshin\Settings2\GenshinGameSettings.cs(50,19): warning CS8618: 在退出构造函数时，不可为 null 的 属性 "GraphicsData" 必须包含非 null 值。请考虑添加 "required" 修饰符或将该 属性 声明为可为 null。 [E:\Program Files\better-genshin-impact-LCB\BetterGenshinImpact\BetterGenshinImpact.csproj]
E:\Program Files\better-genshin-impact-LCB\BetterGenshinImpact\Genshin\Settings2\GenshinGameSettings.cs(53,19): warning CS8618: 在退出构造函数时，不可为 null 的 属性 "GlobalPerfData" 必须包含非 null 值。请考虑添加 "required" 修饰符或将该 属性 声明为可为 null。 [E:\Program Files\better-genshin-impact-LCB\BetterGenshinImpact\BetterGenshinImpact.csproj]
E:\Program Files\better-genshin-impact-LCB\BetterGenshinImpact\Genshin\Settings2\GenshinGameSettings.cs(164,19): warning CS8618: 在退出构造函数时，不可为 null 的 属性 "GammaValue" 必须包含非 null 值。请考虑添加 "required" 修饰符或将该 属性 声明为可为 null。 [E:\Program Files\better-genshin-impact-LCB\BetterGenshinImpact\BetterGenshinImpact.csproj]
E:\Program Files\better-genshin-impact-LCB\BetterGenshinImpact\Genshin\Settings2\GenshinGameSettings.cs(170,25): warning CS8618: 在退出构造函数时，不可为 null 的 属性 "OverrideControllerMapKeyList" 必须包含非 null 值。请考虑添加 "required" 修饰符或将该 属性 声明为可为 null。 [E:\Program Files\better-genshin-impact-LCB\BetterGenshinImpact\BetterGenshinImpact.csproj]
E:\Program Files\better-genshin-impact-LCB\BetterGenshinImpact\Genshin\Settings2\GenshinGameSettings.cs(173,25): warning CS8618: 在退出构造函数时，不可为 null 的 属性 "OverrideControllerMapValueList" 必须包含非 null 值。请考虑添加 "required" 修饰符或将该 属性 声明为可为 null。 [E:\Program Files\better-genshin-impact-LCB\BetterGenshinImpact\BetterGenshinImpact.csproj]
E:\Program Files\better-genshin-impact-LCB\BetterGenshinImpact\Genshin\Settings2\GenshinGameSettings.cs(176,25): warning CS8618: 在退出构造函数时，不可为 null 的 属性 "RewiredMapMigrateRecord" 必须包含非 null 值。请考虑添加 "required" 修饰符或将该 属性 声明为可为 null。 [E:\Program Files\better-genshin-impact-LCB\BetterGenshinImpact\BetterGenshinImpact.csproj]
E:\Program Files\better-genshin-impact-LCB\BetterGenshinImpact\Genshin\Settings2\GenshinGameSettings.cs(197,22): warning CS8618: 在退出构造函数时，不可为 null 的 属性 "ConflictKeyBindingElementId" 必须包含非 null 值。请考虑添加 "required" 修饰符或将该 属性 声明为可为 null。 [E:\Program Files\better-genshin-impact-LCB\BetterGenshinImpact\BetterGenshinImpact.csproj]
E:\Program Files\better-genshin-impact-LCB\BetterGenshinImpact\Genshin\Settings2\GenshinGameSettings.cs(200,22): warning CS8618: 在退出构造函数时，不可为 null 的 属性 "ConflictKeyBindingActionId" 必须包含非 null 值。请考虑添加 "required" 修饰符或将该 属性 声明为可为 null。 [E:\Program Files\better-genshin-impact-LCB\BetterGenshinImpact\BetterGenshinImpact.csproj]
E:\Program Files\better-genshin-impact-LCB\BetterGenshinImpact\Genshin\Settings2\GenshinGameSettings.cs(206,19): warning CS8618: 在退出构造函数时，不可为 null 的 属性 "LastSeenSettingResourceTabScriptVersion" 必须包含非 null 值。请考虑添加 "required" 修饰符或将该 属性 声明为可为 null。 [E:\Program Files\better-genshin-impact-LCB\BetterGenshinImpact\BetterGenshinImpact.csproj]
E:\Program Files\better-genshin-impact-LCB\BetterGenshinImpact\Genshin\Settings2\GenshinGameSettings.cs(251,25): warning CS8618: 在退出构造函数时，不可为 null 的 属性 "MtrBanReasons" 必须包含非 null 值。请考虑添加 "required" 修饰符或将该 属性 声明为可为 null。 [E:\Program Files\better-genshin-impact-LCB\BetterGenshinImpact\BetterGenshinImpact.csproj]
E:\Program Files\better-genshin-impact-LCB\BetterGenshinImpact\Genshin\Settings2\GenshinGameSettings.cs(254,25): warning CS8618: 在退出构造函数时，不可为 null 的 属性 "CustomDataKeyList" 必须包含非 null 值。请考虑添加 "required" 修饰符或将该 属性 声明为可为 null。 [E:\Program Files\better-genshin-impact-LCB\BetterGenshinImpact\BetterGenshinImpact.csproj]
E:\Program Files\better-genshin-impact-LCB\BetterGenshinImpact\Genshin\Settings2\GenshinGameSettings.cs(257,25): warning CS8618: 在退出构造函数时，不可为 null 的 属性 "CustomDataValueList" 必须包含非 null 值。请考虑添加 "required" 修饰符或将该 属性 声明为可为 null。 [E:\Program Files\better-genshin-impact-LCB\BetterGenshinImpact\BetterGenshinImpact.csproj]
E:\Program Files\better-genshin-impact-LCB\BetterGenshinImpact\Genshin\Settings2\GenshinGameSettings.cs(260,22): warning CS8618: 在退出构造函数时，不可为 null 的 属性 "SerializedCodeSwitches" 必须包含非 null 值。请考虑添加 "required" 修饰符或将该 属性 声明为可为 null。 [E:\Program Files\better-genshin-impact-LCB\BetterGenshinImpact\BetterGenshinImpact.csproj]
E:\Program Files\better-genshin-impact-LCB\BetterGenshinImpact\Genshin\Settings2\GenshinGameSettings.cs(290,25): warning CS8618: 在退出构造函数时，不可为 null 的 属性 "UrlCheckBanReasons" 必须包含非 null 值。请考虑添加 "required" 修饰符或将该 属性 声明为可为 null。 [E:\Program Files\better-genshin-impact-LCB\BetterGenshinImpact\BetterGenshinImpact.csproj]
E:\Program Files\better-genshin-impact-LCB\BetterGenshinImpact\Genshin\Settings2\GenshinGameSettings.cs(296,19): warning CS8618: 在退出构造函数时，不可为 null 的 属性 "GreyTestDeviceUniqueId" 必须包含非 null 值。请考虑添加 "required" 修饰符或将该 属性 声明为可为 null。 [E:\Program Files\better-genshin-impact-LCB\BetterGenshinImpact\BetterGenshinImpact.csproj]
E:\Program Files\better-genshin-impact-LCB\BetterGenshinImpact\Genshin\Settings2\GenshinGameInputSettings.cs(8,19): warning CS8618: 在退出构造函数时，不可为 null 的 属性 "ScriptVersion" 必须包含非 null 值。请考虑添加 "required" 修饰符或将该 属性 声明为可为 null。 [E:\Program Files\better-genshin-impact-LCB\BetterGenshinImpact\BetterGenshinImpact.csproj]
E:\Program Files\better-genshin-impact-LCB\BetterGenshinImpact\Genshin\Settings2\GenshinGameInputSettings.cs(11,19): warning CS8618: 在退出构造函数时，不可为 null 的 属性 "MouseSensitivity" 必须包含非 null 值。请考虑添加 "required" 修饰符或将该 属性 声明为可为 null。 [E:\Program Files\better-genshin-impact-LCB\BetterGenshinImpact\BetterGenshinImpact.csproj]
E:\Program Files\better-genshin-impact-LCB\BetterGenshinImpact\GameTask\UseRedeemCode\AutoRedeemCodeChecker.cs(279,30): warning CS8604: “IEnumerable<RedeemCode> Enumerable.Select<string, RedeemCode>(IEnumerable<string> source, Func<string, RedeemCode> selector)”中的形参“source”可能传入 null 引用实参。 [E:\Program Files\better-genshin-impact-LCB\BetterGenshinImpact\BetterGenshinImpact.csproj]
E:\Program Files\better-genshin-impact-LCB\BetterGenshinImpact\Core\Recognition\OpenCv\MatchTemplateHelper.cs(215,68): warning CS8604: “InputArray.implicit operator InputArray(Mat mat)”中的形参“mat”可能传入 null 引用实参。 [E:\Program Files\better-genshin-impact-LCB\BetterGenshinImpact\BetterGenshinImpact.csproj]
E:\Program Files\better-genshin-impact-LCB\BetterGenshinImpact\Helpers\Win32\ConsoleHelper.cs(91,28): warning CS0618: “FileStream.FileStream(nint, FileAccess)”已过时:“This constructor has been deprecated. Use FileStream(SafeFileHandle handle, FileAccess access) instead.” [E:\Program Files\better-genshin-impact-LCB\BetterGenshinImpact\BetterGenshinImpact.csproj]
E:\Program Files\better-genshin-impact-LCB\BetterGenshinImpact\Helpers\Win32\ConsoleHelper.cs(97,28): warning CS0618: “FileStream.FileStream(nint, FileAccess)”已过时:“This constructor has been deprecated. Use FileStream(SafeFileHandle handle, FileAccess access) instead.” [E:\Program Files\better-genshin-impact-LCB\BetterGenshinImpact\BetterGenshinImpact.csproj]
E:\Program Files\better-genshin-impact-LCB\BetterGenshinImpact\Helpers\Win32\ConsoleHelper.cs(103,27): warning CS0618: “FileStream.FileStream(nint, FileAccess)”已过时:“This constructor has been deprecated. Use FileStream(SafeFileHandle handle, FileAccess access) instead.” [E:\Program Files\better-genshin-impact-LCB\BetterGenshinImpact\BetterGenshinImpact.csproj]
E:\Program Files\better-genshin-impact-LCB\BetterGenshinImpact\GameTask\TaskTriggerDispatcher.cs(74,16): warning CS8618: 在退出构造函数时，不可为 null 的 字段 "_winEventProc" 必须包含非 null 值。请考虑添加 "required" 修饰符或将该 字段 声明为可为 null。 [E:\Program Files\better-genshin-impact-LCB\BetterGenshinImpact\BetterGenshinImpact.csproj]
E:\Program Files\better-genshin-impact-LCB\BetterGenshinImpact\Model\EnumItem.cs(8,14): warning CS8618: 在退出构造函数时，不可为 null 的 属性 "Value" 必须包含非 null 值。请考虑添加 "required" 修饰符或将该 属性 声明为可为 null。 [E:\Program Files\better-genshin-impact-LCB\BetterGenshinImpact\BetterGenshinImpact.csproj]
E:\Program Files\better-genshin-impact-LCB\BetterGenshinImpact\Model\EnumItem.cs(9,19): warning CS8618: 在退出构造函数时，不可为 null 的 属性 "DisplayName" 必须包含非 null 值。请考虑添加 "required" 修饰符或将该 属性 声明为可为 null。 [E:\Program Files\better-genshin-impact-LCB\BetterGenshinImpact\BetterGenshinImpact.csproj]
E:\Program Files\better-genshin-impact-LCB\BetterGenshinImpact\Service\UpdateService.cs(131,25): warning CS0162: 检测到无法访问的代码 [E:\Program Files\better-genshin-impact-LCB\BetterGenshinImpact\BetterGenshinImpact.csproj]
E:\Program Files\better-genshin-impact-LCB\BetterGenshinImpact\GameTask\AutoDomain\AutoDomainTask.cs(168,64): warning CS8604: “CombatScriptBag CombatScriptParser.ReadAndParse(string path)”中的形参“path”可能传入 null 引用实参。 [E:\Program Files\better-genshin-impact-LCB\BetterGenshinImpact\BetterGenshinImpact.csproj]
E:\Program Files\better-genshin-impact-LCB\BetterGenshinImpact\Model\HotKeySettingModel.cs(70,12): warning CS8618: 在退出构造函数时，不可为 null 的 字段 "_hotKeyTypeName" 必须包含非 null 值。请考虑添加 "required" 修饰符或将该 字段 声明为可为 null。 [E:\Program Files\better-genshin-impact-LCB\BetterGenshinImpact\BetterGenshinImpact.csproj]
E:\Program Files\better-genshin-impact-LCB\BetterGenshinImpact\Model\HotKeySettingModel.cs(70,12): warning CS8618: 在退出构造函数时，不可为 null 的 属性 "ConfigPropertyName" 必须包含非 null 值。请考虑添加 "required" 修饰符或将该 属性 声明为可为 null。 [E:\Program Files\better-genshin-impact-LCB\BetterGenshinImpact\BetterGenshinImpact.csproj]
E:\Program Files\better-genshin-impact-LCB\BetterGenshinImpact\GameTask\AutoBoss\AutoBossTask.cs(857,30): warning CS8602: 解引用可能出现空引用。 [E:\Program Files\better-genshin-impact-LCB\BetterGenshinImpact\BetterGenshinImpact.csproj]
E:\Program Files\better-genshin-impact-LCB\BetterGenshinImpact\GameTask\AutoBoss\AutoBossTask.cs(858,13): warning CS8602: 解引用可能出现空引用。 [E:\Program Files\better-genshin-impact-LCB\BetterGenshinImpact\BetterGenshinImpact.csproj]
E:\Program Files\better-genshin-impact-LCB\BetterGenshinImpact\Core\Script\Dependence\GlobalMethod.cs(291,13): warning CS4014: 由于此调用不会等待，因此在此调用完成之前将会继续执行当前方法。请考虑将 "await" 运算符应用于调用结果。 [E:\Program Files\better-genshin-impact-LCB\BetterGenshinImpact\BetterGenshinImpact.csproj]
E:\Program Files\better-genshin-impact-LCB\BetterGenshinImpact\Core\Script\Dependence\GlobalMethod.cs(293,13): warning CS4014: 由于此调用不会等待，因此在此调用完成之前将会继续执行当前方法。请考虑将 "await" 运算符应用于调用结果。 [E:\Program Files\better-genshin-impact-LCB\BetterGenshinImpact\BetterGenshinImpact.csproj]
E:\Program Files\better-genshin-impact-LCB\BetterGenshinImpact\Core\Script\Dependence\GlobalMethod.cs(297,13): warning CS4014: 由于此调用不会等待，因此在此调用完成之前将会继续执行当前方法。请考虑将 "await" 运算符应用于调用结果。 [E:\Program Files\better-genshin-impact-LCB\BetterGenshinImpact\BetterGenshinImpact.csproj]
E:\Program Files\better-genshin-impact-LCB\BetterGenshinImpact\Helpers\Ui\FileTreeNodeHelper.cs(93,60): warning CS8620: 由于引用类型的可为 null 性差异，List<string?> 类型的实参不能用于 ObservableCollection<FileTreeNode<T>> FilterNodes(ObservableCollection<FileTreeNode<T>> inputNodes, List<string> paths) 中 List<string> 类型的形参 paths。 [E:\Program Files\better-genshin-impact-LCB\BetterGenshinImpact\BetterGenshinImpact.csproj]
E:\Program Files\better-genshin-impact-LCB\BetterGenshinImpact\Core\Script\Dependence\Dispatcher.cs(183,81): warning CS8600: 将 null 文本或可能的 null 值转换为不可为 null 类型。 [E:\Program Files\better-genshin-impact-LCB\BetterGenshinImpact\BetterGenshinImpact.csproj]
E:\Program Files\better-genshin-impact-LCB\BetterGenshinImpact\Core\Script\Dependence\Dispatcher.cs(183,81): warning CS8604: “string ScriptObjectConverter.GetValue<string>(ScriptObject source, string propertyName, string defaultValue)”中的形参“source”可能传入 null 引用实参。 [E:\Program Files\better-genshin-impact-LCB\BetterGenshinImpact\BetterGenshinImpact.csproj]
E:\Program Files\better-genshin-impact-LCB\BetterGenshinImpact\Model\KeyBindingSettingModel.cs(36,12): warning CS8618: 在退出构造函数时，不可为 null 的 属性 "ConfigPropertyName" 必须包含非 null 值。请考虑添加 "required" 修饰符或将该 属性 声明为可为 null。 [E:\Program Files\better-genshin-impact-LCB\BetterGenshinImpact\BetterGenshinImpact.csproj]
E:\Program Files\better-genshin-impact-LCB\BetterGenshinImpact\Service\ScriptService.cs(243,48): warning CS8602: 解引用可能出现空引用。 [E:\Program Files\better-genshin-impact-LCB\BetterGenshinImpact\BetterGenshinImpact.csproj]
E:\Program Files\better-genshin-impact-LCB\BetterGenshinImpact\Service\ScriptService.cs(354,66): warning CS8604: “void TaskProgressManager.SaveTaskProgress(TaskProgress taskProgress)”中的形参“taskProgress”可能传入 null 引用实参。 [E:\Program Files\better-genshin-impact-LCB\BetterGenshinImpact\BetterGenshinImpact.csproj]
E:\Program Files\better-genshin-impact-LCB\BetterGenshinImpact\Service\ScriptService.cs(450,70): warning CS8604: “void TaskProgressManager.SaveTaskProgress(TaskProgress taskProgress)”中的形参“taskProgress”可能传入 null 引用实参。 [E:\Program Files\better-genshin-impact-LCB\BetterGenshinImpact\BetterGenshinImpact.csproj]
E:\Program Files\better-genshin-impact-LCB\BetterGenshinImpact\Service\ScriptService.cs(397,55): warning CS0168: 声明了变量“e”，但从未使用过 [E:\Program Files\better-genshin-impact-LCB\BetterGenshinImpact\BetterGenshinImpact.csproj]
E:\Program Files\better-genshin-impact-LCB\BetterGenshinImpact\GameTask\AutoDomain\AutoDomainTask.cs(783,30): warning CS8602: 解引用可能出现空引用。 [E:\Program Files\better-genshin-impact-LCB\BetterGenshinImpact\BetterGenshinImpact.csproj]
E:\Program Files\better-genshin-impact-LCB\BetterGenshinImpact\GameTask\AutoDomain\AutoDomainTask.cs(784,48): warning CS8602: 解引用可能出现空引用。 [E:\Program Files\better-genshin-impact-LCB\BetterGenshinImpact\BetterGenshinImpact.csproj]
E:\Program Files\better-genshin-impact-LCB\BetterGenshinImpact\View\Behavior\RightClickSelectBehavior.cs(42,57): warning CS8604: “TreeViewItem RightClickSelectBehavior.VisualUpwardSearch<TreeViewItem>(DependencyObject source)”中的形参“source”可能传入 null 引用实参。 [E:\Program Files\better-genshin-impact-LCB\BetterGenshinImpact\BetterGenshinImpact.csproj]
E:\Program Files\better-genshin-impact-LCB\BetterGenshinImpact\View\Behavior\RightClickSelectBehavior.cs(57,16): warning CS8603: 可能返回 null 引用。 [E:\Program Files\better-genshin-impact-LCB\BetterGenshinImpact\BetterGenshinImpact.csproj]
E:\Program Files\better-genshin-impact-LCB\BetterGenshinImpact\View\Controls\PointsCanvas.cs(195,44): warning CS8622: “void PointsCanvas.OnPointPropertyChanged(object sender, PropertyChangedEventArgs e)”的参数“sender”类型中引用类型的为 Null 性与目标委托“PropertyChangedEventHandler”不匹配(可能是由于为 Null 性特性)。 [E:\Program Files\better-genshin-impact-LCB\BetterGenshinImpact\BetterGenshinImpact.csproj]
E:\Program Files\better-genshin-impact-LCB\BetterGenshinImpact\View\Controls\PointsCanvas.cs(203,44): warning CS8622: “void PointsCanvas.OnPointPropertyChanged(object sender, PropertyChangedEventArgs e)”的参数“sender”类型中引用类型的为 Null 性与目标委托“PropertyChangedEventHandler”不匹配(可能是由于为 Null 性特性)。 [E:\Program Files\better-genshin-impact-LCB\BetterGenshinImpact\BetterGenshinImpact.csproj]
E:\Program Files\better-genshin-impact-LCB\BetterGenshinImpact\ViewModel\MainWindowViewModel.cs(673,37): warning CS1998: 此异步方法缺少 "await" 运算符，将以同步方式运行。请考虑使用 "await" 运算符等待非阻止的 API 调用，或者使用 "await Task.Run(...)" 在后台线程上执行占用大量 CPU 的工作。 [E:\Program Files\better-genshin-impact-LCB\BetterGenshinImpact\BetterGenshinImpact.csproj]
E:\Program Files\better-genshin-impact-LCB\BetterGenshinImpact\Service\RecognitionTemplateEditorService.cs(231,17): warning CS8602: 解引用可能出现空引用。 [E:\Program Files\better-genshin-impact-LCB\BetterGenshinImpact\BetterGenshinImpact.csproj]
E:\Program Files\better-genshin-impact-LCB\BetterGenshinImpact\View\Controls\PointsCanvas.cs(513,20): warning CS8603: 可能返回 null 引用。 [E:\Program Files\better-genshin-impact-LCB\BetterGenshinImpact\BetterGenshinImpact.csproj]
E:\Program Files\better-genshin-impact-LCB\BetterGenshinImpact\View\Controls\PointsCanvas.cs(549,16): warning CS8603: 可能返回 null 引用。 [E:\Program Files\better-genshin-impact-LCB\BetterGenshinImpact\BetterGenshinImpact.csproj]
E:\Program Files\better-genshin-impact-LCB\BetterGenshinImpact\View\Controls\PointsCanvas.cs(564,42): warning CS8622: “void PointsCanvas.OnPointsCollectionChanged(object sender, NotifyCollectionChangedEventArgs e)”的参数“sender”类型中引用类型的为 Null 性与目标委托“NotifyCollectionChangedEventHandler”不匹配(可能是由于为 Null 性特性)。 [E:\Program Files\better-genshin-impact-LCB\BetterGenshinImpact\BetterGenshinImpact.csproj]
E:\Program Files\better-genshin-impact-LCB\BetterGenshinImpact\View\Controls\PointsCanvas.cs(575,42): warning CS8622: “void PointsCanvas.OnPointsCollectionChanged(object sender, NotifyCollectionChangedEventArgs e)”的参数“sender”类型中引用类型的为 Null 性与目标委托“NotifyCollectionChangedEventHandler”不匹配(可能是由于为 Null 性特性)。 [E:\Program Files\better-genshin-impact-LCB\BetterGenshinImpact\BetterGenshinImpact.csproj]
E:\Program Files\better-genshin-impact-LCB\BetterGenshinImpact\View\Controls\CascadeSelector.xaml.cs(229,9): warning CS8602: 解引用可能出现空引用。 [E:\Program Files\better-genshin-impact-LCB\BetterGenshinImpact\BetterGenshinImpact.csproj]
E:\Program Files\better-genshin-impact-LCB\BetterGenshinImpact\GameTask\AutoEat\AutoEatTask.cs(101,39): warning CS8600: 将 null 文本或可能的 null 值转换为不可为 null 类型。 [E:\Program Files\better-genshin-impact-LCB\BetterGenshinImpact\BetterGenshinImpact.csproj]
E:\Program Files\better-genshin-impact-LCB\BetterGenshinImpact\GameTask\SystemControl.cs(452,26): warning CS8602: 解引用可能出现空引用。 [E:\Program Files\better-genshin-impact-LCB\BetterGenshinImpact\BetterGenshinImpact.csproj]
E:\Program Files\better-genshin-impact-LCB\BetterGenshinImpact\View\Windows\CheckUpdateWindow.xaml.cs(222,9): warning CS0162: 检测到无法访问的代码 [E:\Program Files\better-genshin-impact-LCB\BetterGenshinImpact\BetterGenshinImpact.csproj]
E:\Program Files\better-genshin-impact-LCB\BetterGenshinImpact\View\Windows\ArtifactOcrDialog.xaml.cs(106,24): warning CS1998: 此异步方法缺少 "await" 运算符，将以同步方式运行。请考虑使用 "await" 运算符等待非阻止的 API 调用，或者使用 "await Task.Run(...)" 在后台线程上执行占用大量 CPU 的工作。 [E:\Program Files\better-genshin-impact-LCB\BetterGenshinImpact\BetterGenshinImpact.csproj]
E:\Program Files\better-genshin-impact-LCB\BetterGenshinImpact\Service\Execution\SuspendContextCapture.cs(87,31): warning CS8601: 可能的 null 引用赋值。 [E:\Program Files\better-genshin-impact-LCB\BetterGenshinImpact\BetterGenshinImpact.csproj]
E:\Program Files\better-genshin-impact-LCB\BetterGenshinImpact\ViewModel\Windows\MapViewerViewModel.cs(45,12): warning CS8618: 在退出构造函数时，不可为 null 的 字段 "_mapImage" 必须包含非 null 值。请考虑添加 "required" 修饰符或将该 字段 声明为可为 null。 [E:\Program Files\better-genshin-impact-LCB\BetterGenshinImpact\BetterGenshinImpact.csproj]
E:\Program Files\better-genshin-impact-LCB\BetterGenshinImpact\GameTask\AutoFight\AllExpDetector.cs(93,51): warning CS8604: “InputArray.implicit operator InputArray(Mat mat)”中的形参“mat”可能传入 null 引用实参。 [E:\Program Files\better-genshin-impact-LCB\BetterGenshinImpact\BetterGenshinImpact.csproj]
E:\Program Files\better-genshin-impact-LCB\BetterGenshinImpact\View\Pages\CommonSettingsPage.xaml.cs(161,29): warning CS8604: “int int.Parse(string s)”中的形参“s”可能传入 null 引用实参。 [E:\Program Files\better-genshin-impact-LCB\BetterGenshinImpact\BetterGenshinImpact.csproj]
E:\Program Files\better-genshin-impact-LCB\BetterGenshinImpact\View\Pages\CommonSettingsPage.xaml.cs(134,24): warning CS1998: 此异步方法缺少 "await" 运算符，将以同步方式运行。请考虑使用 "await" 运算符等待非阻止的 API 调用，或者使用 "await Task.Run(...)" 在后台线程上执行占用大量 CPU 的工作。 [E:\Program Files\better-genshin-impact-LCB\BetterGenshinImpact\BetterGenshinImpact.csproj]
E:\Program Files\better-genshin-impact-LCB\BetterGenshinImpact\GameTask\SkillCd\SkillCdConfig.cs(147,20): warning CS8618: 在退出构造函数时，不可为 null 的 字段 "_roleName" 必须包含非 null 值。请考虑添加 "required" 修饰符或将该 字段 声明为可为 null。 [E:\Program Files\better-genshin-impact-LCB\BetterGenshinImpact\BetterGenshinImpact.csproj]
E:\Program Files\better-genshin-impact-LCB\BetterGenshinImpact\GameTask\SkillCd\SkillCdConfig.cs(150,20): warning CS8618: 在退出构造函数时，不可为 null 的 字段 "_cdValueText" 必须包含非 null 值。请考虑添加 "required" 修饰符或将该 字段 声明为可为 null。 [E:\Program Files\better-genshin-impact-LCB\BetterGenshinImpact\BetterGenshinImpact.csproj]
E:\Program Files\better-genshin-impact-LCB\BetterGenshinImpact\GameTask\AutoFightOfficial\Script\ConditionEvaluator.cs(590,42): warning CS0612: “AutoFightSkill.AvatarQSkillAsync(ImageRegion?, List<int>?, int?)”已过时 [E:\Program Files\better-genshin-impact-LCB\BetterGenshinImpact\BetterGenshinImpact.csproj]
E:\Program Files\better-genshin-impact-LCB\BetterGenshinImpact\GameTask\AutoFightOfficial\Script\ConditionEvaluator.cs(598,39): warning CS0612: “AutoFightSkill.AvatarQSkillAsync(ImageRegion?, List<int>?, int?)”已过时 [E:\Program Files\better-genshin-impact-LCB\BetterGenshinImpact\BetterGenshinImpact.csproj]
E:\Program Files\better-genshin-impact-LCB\BetterGenshinImpact\GameTask\AutoFishing\Behaviours.PartII.cs(480,47): warning CS1998: 此异步方法缺少 "await" 运算符，将以同步方式运行。请考虑使用 "await" 运算符等待非阻止的 API 调用，或者使用 "await Task.Run(...)" 在后台线程上执行占用大量 CPU 的工作。 [E:\Program Files\better-genshin-impact-LCB\BetterGenshinImpact\BetterGenshinImpact.csproj]
E:\Program Files\better-genshin-impact-LCB\BetterGenshinImpact\GameTask\AutoFight\Script\ConditionEvaluator.cs(607,42): warning CS0612: “AutoFightSkill.AvatarQSkillAsync(ImageRegion?, List<int>?, int?)”已过时 [E:\Program Files\better-genshin-impact-LCB\BetterGenshinImpact\BetterGenshinImpact.csproj]
E:\Program Files\better-genshin-impact-LCB\BetterGenshinImpact\GameTask\AutoFight\Script\ConditionEvaluator.cs(615,39): warning CS0612: “AutoFightSkill.AvatarQSkillAsync(ImageRegion?, List<int>?, int?)”已过时 [E:\Program Files\better-genshin-impact-LCB\BetterGenshinImpact\BetterGenshinImpact.csproj]
E:\Program Files\better-genshin-impact-LCB\BetterGenshinImpact\GameTask\AutoFishing\Behaviours.PartII.cs(445,47): warning CS1998: 此异步方法缺少 "await" 运算符，将以同步方式运行。请考虑使用 "await" 运算符等待非阻止的 API 调用，或者使用 "await Task.Run(...)" 在后台线程上执行占用大量 CPU 的工作。 [E:\Program Files\better-genshin-impact-LCB\BetterGenshinImpact\BetterGenshinImpact.csproj]
E:\Program Files\better-genshin-impact-LCB\BetterGenshinImpact\GameTask\AutoFishing\Behaviours.PartII.cs(414,47): warning CS1998: 此异步方法缺少 "await" 运算符，将以同步方式运行。请考虑使用 "await" 运算符等待非阻止的 API 调用，或者使用 "await Task.Run(...)" 在后台线程上执行占用大量 CPU 的工作。 [E:\Program Files\better-genshin-impact-LCB\BetterGenshinImpact\BetterGenshinImpact.csproj]
E:\Program Files\better-genshin-impact-LCB\BetterGenshinImpact\GameTask\AutoFishing\Behaviours.PartII.cs(380,47): warning CS1998: 此异步方法缺少 "await" 运算符，将以同步方式运行。请考虑使用 "await" 运算符等待非阻止的 API 调用，或者使用 "await Task.Run(...)" 在后台线程上执行占用大量 CPU 的工作。 [E:\Program Files\better-genshin-impact-LCB\BetterGenshinImpact\BetterGenshinImpact.csproj]
E:\Program Files\better-genshin-impact-LCB\BetterGenshinImpact\GameTask\AutoFishing\Behaviours.PartII.cs(328,47): warning CS1998: 此异步方法缺少 "await" 运算符，将以同步方式运行。请考虑使用 "await" 运算符等待非阻止的 API 调用，或者使用 "await Task.Run(...)" 在后台线程上执行占用大量 CPU 的工作。 [E:\Program Files\better-genshin-impact-LCB\BetterGenshinImpact\BetterGenshinImpact.csproj]
E:\Program Files\better-genshin-impact-LCB\BetterGenshinImpact\GameTask\AutoFishing\Behaviours.PartII.cs(238,47): warning CS1998: 此异步方法缺少 "await" 运算符，将以同步方式运行。请考虑使用 "await" 运算符等待非阻止的 API 调用，或者使用 "await Task.Run(...)" 在后台线程上执行占用大量 CPU 的工作。 [E:\Program Files\better-genshin-impact-LCB\BetterGenshinImpact\BetterGenshinImpact.csproj]
E:\Program Files\better-genshin-impact-LCB\BetterGenshinImpact\Service\OneDragon\OneDragonConfigReferenceService.cs(327,81): warning CS8604: “bool List<string>.Contains(string item)”中的形参“item”可能传入 null 引用实参。 [E:\Program Files\better-genshin-impact-LCB\BetterGenshinImpact\BetterGenshinImpact.csproj]
E:\Program Files\better-genshin-impact-LCB\BetterGenshinImpact\Service\OneDragon\OneDragonConfigReferenceService.cs(334,41): warning CS8604: “bool List<string>.Contains(string item)”中的形参“item”可能传入 null 引用实参。 [E:\Program Files\better-genshin-impact-LCB\BetterGenshinImpact\BetterGenshinImpact.csproj]
E:\Program Files\better-genshin-impact-LCB\BetterGenshinImpact\GameTask\AutoFishing\Behaviours.PartII.cs(136,47): warning CS1998: 此异步方法缺少 "await" 运算符，将以同步方式运行。请考虑使用 "await" 运算符等待非阻止的 API 调用，或者使用 "await Task.Run(...)" 在后台线程上执行占用大量 CPU 的工作。 [E:\Program Files\better-genshin-impact-LCB\BetterGenshinImpact\BetterGenshinImpact.csproj]
E:\Program Files\better-genshin-impact-LCB\BetterGenshinImpact\GameTask\AutoFight\Script\CombatScriptExecutor.cs(24,30): warning CS1998: 此异步方法缺少 "await" 运算符，将以同步方式运行。请考虑使用 "await" 运算符等待非阻止的 API 调用，或者使用 "await Task.Run(...)" 在后台线程上执行占用大量 CPU 的工作。 [E:\Program Files\better-genshin-impact-LCB\BetterGenshinImpact\BetterGenshinImpact.csproj]
E:\Program Files\better-genshin-impact-LCB\BetterGenshinImpact\GameTask\AutoFishing\Behaviours.PartII.cs(99,47): warning CS1998: 此异步方法缺少 "await" 运算符，将以同步方式运行。请考虑使用 "await" 运算符等待非阻止的 API 调用，或者使用 "await Task.Run(...)" 在后台线程上执行占用大量 CPU 的工作。 [E:\Program Files\better-genshin-impact-LCB\BetterGenshinImpact\BetterGenshinImpact.csproj]
E:\Program Files\better-genshin-impact-LCB\BetterGenshinImpact\GameTask\AutoFishing\Behaviours.PartII.cs(60,47): warning CS1998: 此异步方法缺少 "await" 运算符，将以同步方式运行。请考虑使用 "await" 运算符等待非阻止的 API 调用，或者使用 "await Task.Run(...)" 在后台线程上执行占用大量 CPU 的工作。 [E:\Program Files\better-genshin-impact-LCB\BetterGenshinImpact\BetterGenshinImpact.csproj]
E:\Program Files\better-genshin-impact-LCB\BetterGenshinImpact\Service\OneDragon\OneDragonAccountCapability.cs(114,47): warning CS8604: “bool string.Contains(string value)”中的形参“value”可能传入 null 引用实参。 [E:\Program Files\better-genshin-impact-LCB\BetterGenshinImpact\BetterGenshinImpact.csproj]
E:\Program Files\better-genshin-impact-LCB\BetterGenshinImpact\GameTask\AutoFightOfficial\Script\CombatScriptExecutor.cs(24,30): warning CS1998: 此异步方法缺少 "await" 运算符，将以同步方式运行。请考虑使用 "await" 运算符等待非阻止的 API 调用，或者使用 "await Task.Run(...)" 在后台线程上执行占用大量 CPU 的工作。 [E:\Program Files\better-genshin-impact-LCB\BetterGenshinImpact\BetterGenshinImpact.csproj]
E:\Program Files\better-genshin-impact-LCB\BetterGenshinImpact\GameTask\AutoFishing\Behaviours.cs(1417,47): warning CS1998: 此异步方法缺少 "await" 运算符，将以同步方式运行。请考虑使用 "await" 运算符等待非阻止的 API 调用，或者使用 "await Task.Run(...)" 在后台线程上执行占用大量 CPU 的工作。 [E:\Program Files\better-genshin-impact-LCB\BetterGenshinImpact\BetterGenshinImpact.csproj]
E:\Program Files\better-genshin-impact-LCB\BetterGenshinImpact\GameTask\AutoFight\Script\CombatCommand.cs(25,12): warning CS8618: 在退出构造函数时，不可为 null 的 属性 "ActivatingRound" 必须包含非 null 值。请考虑添加 "required" 修饰符或将该 属性 声明为可为 null。 [E:\Program Files\better-genshin-impact-LCB\BetterGenshinImpact\BetterGenshinImpact.csproj]
E:\Program Files\better-genshin-impact-LCB\BetterGenshinImpact\GameTask\RunnerContext.cs(154,18): warning CS8602: 解引用可能出现空引用。 [E:\Program Files\better-genshin-impact-LCB\BetterGenshinImpact\BetterGenshinImpact.csproj]
E:\Program Files\better-genshin-impact-LCB\BetterGenshinImpact\GameTask\AutoFight\Script\CombatCommand.cs(125,17): warning CS8604: “void CombatCommand.Execute(Avatar avatar)”中的形参“avatar”可能传入 null 引用实参。 [E:\Program Files\better-genshin-impact-LCB\BetterGenshinImpact\BetterGenshinImpact.csproj]
E:\Program Files\better-genshin-impact-LCB\BetterGenshinImpact\GameTask\AutoFishing\Behaviours.cs(1374,47): warning CS1998: 此异步方法缺少 "await" 运算符，将以同步方式运行。请考虑使用 "await" 运算符等待非阻止的 API 调用，或者使用 "await Task.Run(...)" 在后台线程上执行占用大量 CPU 的工作。 [E:\Program Files\better-genshin-impact-LCB\BetterGenshinImpact\BetterGenshinImpact.csproj]
E:\Program Files\better-genshin-impact-LCB\BetterGenshinImpact\GameTask\AutoFishing\Behaviours.cs(1197,47): warning CS1998: 此异步方法缺少 "await" 运算符，将以同步方式运行。请考虑使用 "await" 运算符等待非阻止的 API 调用，或者使用 "await Task.Run(...)" 在后台线程上执行占用大量 CPU 的工作。 [E:\Program Files\better-genshin-impact-LCB\BetterGenshinImpact\BetterGenshinImpact.csproj]
E:\Program Files\better-genshin-impact-LCB\BetterGenshinImpact\GameTask\AutoFightOfficial\Script\CombatCommand.cs(22,12): warning CS8618: 在退出构造函数时，不可为 null 的 属性 "ActivatingRound" 必须包含非 null 值。请考虑添加 "required" 修饰符或将该 属性 声明为可为 null。 [E:\Program Files\better-genshin-impact-LCB\BetterGenshinImpact\BetterGenshinImpact.csproj]
E:\Program Files\better-genshin-impact-LCB\BetterGenshinImpact\GameTask\AutoFishing\Behaviours.cs(1094,47): warning CS1998: 此异步方法缺少 "await" 运算符，将以同步方式运行。请考虑使用 "await" 运算符等待非阻止的 API 调用，或者使用 "await Task.Run(...)" 在后台线程上执行占用大量 CPU 的工作。 [E:\Program Files\better-genshin-impact-LCB\BetterGenshinImpact\BetterGenshinImpact.csproj]
E:\Program Files\better-genshin-impact-LCB\BetterGenshinImpact\GameTask\AutoFightOfficial\Script\CombatCommand.cs(122,17): warning CS8604: “void CombatCommand.Execute(Avatar avatar)”中的形参“avatar”可能传入 null 引用实参。 [E:\Program Files\better-genshin-impact-LCB\BetterGenshinImpact\BetterGenshinImpact.csproj]
E:\Program Files\better-genshin-impact-LCB\BetterGenshinImpact\GameTask\AutoFishing\Behaviours.cs(1036,47): warning CS1998: 此异步方法缺少 "await" 运算符，将以同步方式运行。请考虑使用 "await" 运算符等待非阻止的 API 调用，或者使用 "await Task.Run(...)" 在后台线程上执行占用大量 CPU 的工作。 [E:\Program Files\better-genshin-impact-LCB\BetterGenshinImpact\BetterGenshinImpact.csproj]
E:\Program Files\better-genshin-impact-LCB\BetterGenshinImpact\GameTask\AutoFishing\Behaviours.cs(948,47): warning CS1998: 此异步方法缺少 "await" 运算符，将以同步方式运行。请考虑使用 "await" 运算符等待非阻止的 API 调用，或者使用 "await Task.Run(...)" 在后台线程上执行占用大量 CPU 的工作。 [E:\Program Files\better-genshin-impact-LCB\BetterGenshinImpact\BetterGenshinImpact.csproj]
E:\Program Files\better-genshin-impact-LCB\BetterGenshinImpact\GameTask\AutoFishing\Behaviours.cs(899,47): warning CS1998: 此异步方法缺少 "await" 运算符，将以同步方式运行。请考虑使用 "await" 运算符等待非阻止的 API 调用，或者使用 "await Task.Run(...)" 在后台线程上执行占用大量 CPU 的工作。 [E:\Program Files\better-genshin-impact-LCB\BetterGenshinImpact\BetterGenshinImpact.csproj]
E:\Program Files\better-genshin-impact-LCB\BetterGenshinImpact\GameTask\AutoFishing\Behaviours.cs(844,47): warning CS1998: 此异步方法缺少 "await" 运算符，将以同步方式运行。请考虑使用 "await" 运算符等待非阻止的 API 调用，或者使用 "await Task.Run(...)" 在后台线程上执行占用大量 CPU 的工作。 [E:\Program Files\better-genshin-impact-LCB\BetterGenshinImpact\BetterGenshinImpact.csproj]
E:\Program Files\better-genshin-impact-LCB\BetterGenshinImpact\GameTask\AutoFight\Model\PartyAvatarSideIndexHelper.cs(105,64): warning CS8602: 解引用可能出现空引用。 [E:\Program Files\better-genshin-impact-LCB\BetterGenshinImpact\BetterGenshinImpact.csproj]
E:\Program Files\better-genshin-impact-LCB\BetterGenshinImpact\GameTask\AutoFishing\Behaviours.cs(791,47): warning CS1998: 此异步方法缺少 "await" 运算符，将以同步方式运行。请考虑使用 "await" 运算符等待非阻止的 API 调用，或者使用 "await Task.Run(...)" 在后台线程上执行占用大量 CPU 的工作。 [E:\Program Files\better-genshin-impact-LCB\BetterGenshinImpact\BetterGenshinImpact.csproj]
E:\Program Files\better-genshin-impact-LCB\BetterGenshinImpact\GameTask\AutoFishing\Behaviours.cs(748,47): warning CS1998: 此异步方法缺少 "await" 运算符，将以同步方式运行。请考虑使用 "await" 运算符等待非阻止的 API 调用，或者使用 "await Task.Run(...)" 在后台线程上执行占用大量 CPU 的工作。 [E:\Program Files\better-genshin-impact-LCB\BetterGenshinImpact\BetterGenshinImpact.csproj]
E:\Program Files\better-genshin-impact-LCB\BetterGenshinImpact\Service\Execution\DurableSubmissionIdentityStore.cs(118,97): warning CS8620: 由于引用类型的可为 null 性差异，string?[] 类型的实参不能用于 byte[] DurableSubmissionIdentityStore.HashNames(string[] names) 中 string[] 类型的形参 names。 [E:\Program Files\better-genshin-impact-LCB\BetterGenshinImpact\BetterGenshinImpact.csproj]
E:\Program Files\better-genshin-impact-LCB\BetterGenshinImpact\GameTask\AutoFishing\Behaviours.cs(490,47): warning CS1998: 此异步方法缺少 "await" 运算符，将以同步方式运行。请考虑使用 "await" 运算符等待非阻止的 API 调用，或者使用 "await Task.Run(...)" 在后台线程上执行占用大量 CPU 的工作。 [E:\Program Files\better-genshin-impact-LCB\BetterGenshinImpact\BetterGenshinImpact.csproj]
E:\Program Files\better-genshin-impact-LCB\BetterGenshinImpact\GameTask\AutoFishing\Behaviours.cs(362,47): warning CS1998: 此异步方法缺少 "await" 运算符，将以同步方式运行。请考虑使用 "await" 运算符等待非阻止的 API 调用，或者使用 "await Task.Run(...)" 在后台线程上执行占用大量 CPU 的工作。 [E:\Program Files\better-genshin-impact-LCB\BetterGenshinImpact\BetterGenshinImpact.csproj]
E:\Program Files\better-genshin-impact-LCB\BetterGenshinImpact\Service\Execution\DurableSubmissionIdentityStore.cs(198,27): warning CS8620: 由于引用类型的可为 null 性差异，string?[] 类型的实参不能用于 byte[] DurableSubmissionIdentityStore.HashNames(string[] names) 中 string[] 类型的形参 names。 [E:\Program Files\better-genshin-impact-LCB\BetterGenshinImpact\BetterGenshinImpact.csproj]
E:\Program Files\better-genshin-impact-LCB\BetterGenshinImpact\View\Controls\Drawer\DrawerViewModel.cs(27,26): warning CS8618: 在退出构造函数时，不可为 null 的 字段 "_onDrawerOpenedCommand" 必须包含非 null 值。请考虑添加 "required" 修饰符或将该 字段 声明为可为 null。 [E:\Program Files\better-genshin-impact-LCB\BetterGenshinImpact\BetterGenshinImpact.csproj]
E:\Program Files\better-genshin-impact-LCB\BetterGenshinImpact\View\Controls\Drawer\DrawerViewModel.cs(30,43): warning CS8618: 在退出构造函数时，不可为 null 的 字段 "_onDrawerClosingCommand" 必须包含非 null 值。请考虑添加 "required" 修饰符或将该 字段 声明为可为 null。 [E:\Program Files\better-genshin-impact-LCB\BetterGenshinImpact\BetterGenshinImpact.csproj]
E:\Program Files\better-genshin-impact-LCB\BetterGenshinImpact\View\Controls\Drawer\CustomDrawer.cs(137,12): warning CS8618: 在退出构造函数时，不可为 null 的 事件 "Opened" 必须包含非 null 值。请考虑添加 "required" 修饰符或将该 事件 声明为可为 null。 [E:\Program Files\better-genshin-impact-LCB\BetterGenshinImpact\BetterGenshinImpact.csproj]
E:\Program Files\better-genshin-impact-LCB\BetterGenshinImpact\View\Controls\Drawer\CustomDrawer.cs(137,12): warning CS8618: 在退出构造函数时，不可为 null 的 事件 "Closing" 必须包含非 null 值。请考虑添加 "required" 修饰符或将该 事件 声明为可为 null。 [E:\Program Files\better-genshin-impact-LCB\BetterGenshinImpact\BetterGenshinImpact.csproj]
E:\Program Files\better-genshin-impact-LCB\BetterGenshinImpact\View\Controls\Drawer\CustomDrawer.cs(137,12): warning CS8618: 在退出构造函数时，不可为 null 的 字段 "_backgroundOverlay" 必须包含非 null 值。请考虑添加 "required" 修饰符或将该 字段 声明为可为 null。 [E:\Program Files\better-genshin-impact-LCB\BetterGenshinImpact\BetterGenshinImpact.csproj]
E:\Program Files\better-genshin-impact-LCB\BetterGenshinImpact\View\Controls\Drawer\CustomDrawer.cs(137,12): warning CS8618: 在退出构造函数时，不可为 null 的 字段 "_drawerContainer" 必须包含非 null 值。请考虑添加 "required" 修饰符或将该 字段 声明为可为 null。 [E:\Program Files\better-genshin-impact-LCB\BetterGenshinImpact\BetterGenshinImpact.csproj]
E:\Program Files\better-genshin-impact-LCB\BetterGenshinImpact\View\Controls\Drawer\CustomDrawer.cs(137,12): warning CS8618: 在退出构造函数时，不可为 null 的 字段 "_mainGrid" 必须包含非 null 值。请考虑添加 "required" 修饰符或将该 字段 声明为可为 null。 [E:\Program Files\better-genshin-impact-LCB\BetterGenshinImpact\BetterGenshinImpact.csproj]
E:\Program Files\better-genshin-impact-LCB\BetterGenshinImpact\View\Controls\Drawer\CustomDrawer.cs(146,21): warning CS8601: 可能的 null 引用赋值。 [E:\Program Files\better-genshin-impact-LCB\BetterGenshinImpact\BetterGenshinImpact.csproj]
E:\Program Files\better-genshin-impact-LCB\BetterGenshinImpact\View\Controls\Drawer\CustomDrawer.cs(147,30): warning CS8601: 可能的 null 引用赋值。 [E:\Program Files\better-genshin-impact-LCB\BetterGenshinImpact\BetterGenshinImpact.csproj]
E:\Program Files\better-genshin-impact-LCB\BetterGenshinImpact\View\Controls\Drawer\CustomDrawer.cs(148,28): warning CS8601: 可能的 null 引用赋值。 [E:\Program Files\better-genshin-impact-LCB\BetterGenshinImpact\BetterGenshinImpact.csproj]
E:\Program Files\better-genshin-impact-LCB\BetterGenshinImpact\GameTask\AutoFishing\Behaviours.cs(191,47): warning CS1998: 此异步方法缺少 "await" 运算符，将以同步方式运行。请考虑使用 "await" 运算符等待非阻止的 API 调用，或者使用 "await Task.Run(...)" 在后台线程上执行占用大量 CPU 的工作。 [E:\Program Files\better-genshin-impact-LCB\BetterGenshinImpact\BetterGenshinImpact.csproj]
E:\Program Files\better-genshin-impact-LCB\BetterGenshinImpact\View\Pages\OneDragonFlowPage.xaml.cs(40,38): warning CS8622: “void OneDragonFlowPage.ViewModel_PropertyChanged(object sender, PropertyChangedEventArgs e)”的参数“sender”类型中引用类型的为 Null 性与目标委托“PropertyChangedEventHandler”不匹配(可能是由于为 Null 性特性)。 [E:\Program Files\better-genshin-impact-LCB\BetterGenshinImpact\BetterGenshinImpact.csproj]
E:\Program Files\better-genshin-impact-LCB\BetterGenshinImpact\View\Pages\OneDragonFlowPage.xaml.cs(130,38): warning CS8625: 无法将 null 字面量转换为非 null 的引用类型。 [E:\Program Files\better-genshin-impact-LCB\BetterGenshinImpact\BetterGenshinImpact.csproj]
E:\Program Files\better-genshin-impact-LCB\BetterGenshinImpact\View\Pages\OneDragonFlowPage.xaml.cs(154,16): warning CS8603: 可能返回 null 引用。 [E:\Program Files\better-genshin-impact-LCB\BetterGenshinImpact\BetterGenshinImpact.csproj]
E:\Program Files\better-genshin-impact-LCB\BetterGenshinImpact\View\Pages\OneDragonFlowPage.xaml.cs(176,36): warning CS8603: 可能返回 null 引用。 [E:\Program Files\better-genshin-impact-LCB\BetterGenshinImpact\BetterGenshinImpact.csproj]
E:\Program Files\better-genshin-impact-LCB\BetterGenshinImpact\GameTask\AutoFishing\Behaviours.cs(86,47): warning CS1998: 此异步方法缺少 "await" 运算符，将以同步方式运行。请考虑使用 "await" 运算符等待非阻止的 API 调用，或者使用 "await Task.Run(...)" 在后台线程上执行占用大量 CPU 的工作。 [E:\Program Files\better-genshin-impact-LCB\BetterGenshinImpact\BetterGenshinImpact.csproj]
E:\Program Files\better-genshin-impact-LCB\BetterGenshinImpact\GameTask\AutoFight\Model\CombatScenes.cs(431,33): warning CS0612: “CombatScenes.InitializeTeamOldOcr(CaptureContent)”已过时 [E:\Program Files\better-genshin-impact-LCB\BetterGenshinImpact\BetterGenshinImpact.csproj]
E:\Program Files\better-genshin-impact-LCB\BetterGenshinImpact\GameTask\AutoFishing\AutoFishingTrigger.cs(367,47): warning CS1998: 此异步方法缺少 "await" 运算符，将以同步方式运行。请考虑使用 "await" 运算符等待非阻止的 API 调用，或者使用 "await Task.Run(...)" 在后台线程上执行占用大量 CPU 的工作。 [E:\Program Files\better-genshin-impact-LCB\BetterGenshinImpact\BetterGenshinImpact.csproj]
E:\Program Files\better-genshin-impact-LCB\BetterGenshinImpact\View\Pages\OneDragonFlowPage.xaml.cs(192,52): warning CS8602: 解引用可能出现空引用。 [E:\Program Files\better-genshin-impact-LCB\BetterGenshinImpact\BetterGenshinImpact.csproj]
E:\Program Files\better-genshin-impact-LCB\BetterGenshinImpact\View\Pages\OneDragonFlowPage.xaml.cs(181,24): warning CS1998: 此异步方法缺少 "await" 运算符，将以同步方式运行。请考虑使用 "await" 运算符等待非阻止的 API 调用，或者使用 "await Task.Run(...)" 在后台线程上执行占用大量 CPU 的工作。 [E:\Program Files\better-genshin-impact-LCB\BetterGenshinImpact\BetterGenshinImpact.csproj]
E:\Program Files\better-genshin-impact-LCB\BetterGenshinImpact\GameTask\AutoFightOfficial\AutoFightJsonTask.cs(74,27): warning CS8618: 在退出构造函数时，不可为 null 的 属性 "Action" 必须包含非 null 值。请考虑添加 "required" 修饰符或将该 属性 声明为可为 null。 [E:\Program Files\better-genshin-impact-LCB\BetterGenshinImpact\BetterGenshinImpact.csproj]
E:\Program Files\better-genshin-impact-LCB\BetterGenshinImpact\GameTask\AutoFightOfficial\AutoFightJsonTask.cs(75,23): warning CS8618: 在退出构造函数时，不可为 null 的 属性 "Expression" 必须包含非 null 值。请考虑添加 "required" 修饰符或将该 属性 声明为可为 null。 [E:\Program Files\better-genshin-impact-LCB\BetterGenshinImpact\BetterGenshinImpact.csproj]
E:\Program Files\better-genshin-impact-LCB\BetterGenshinImpact\ViewModel\Pages\HomePageViewModel.cs(94,12): warning CS8618: 在退出构造函数时，不可为 null 的 字段 "_bannerImageSource" 必须包含非 null 值。请考虑添加 "required" 修饰符或将该 字段 声明为可为 null。 [E:\Program Files\better-genshin-impact-LCB\BetterGenshinImpact\BetterGenshinImpact.csproj]
E:\Program Files\better-genshin-impact-LCB\BetterGenshinImpact\GameTask\OcrSwitchWeapon\Recognition\OcrWeaponReader.cs(118,29): warning CS1998: 此异步方法缺少 "await" 运算符，将以同步方式运行。请考虑使用 "await" 运算符等待非阻止的 API 调用，或者使用 "await Task.Run(...)" 在后台线程上执行占用大量 CPU 的工作。 [E:\Program Files\better-genshin-impact-LCB\BetterGenshinImpact\BetterGenshinImpact.csproj]
E:\Program Files\better-genshin-impact-LCB\BetterGenshinImpact\ViewModel\Pages\HomePageViewModel.cs(388,26): warning CS0168: 声明了变量“e”，但从未使用过 [E:\Program Files\better-genshin-impact-LCB\BetterGenshinImpact\BetterGenshinImpact.csproj]
E:\Program Files\better-genshin-impact-LCB\BetterGenshinImpact\GameTask\AutoFightOfficial\AutoFightJsonTask.cs(643,17): warning CS4014: 由于此调用不会等待，因此在此调用完成之前将会继续执行当前方法。请考虑将 "await" 运算符应用于调用结果。 [E:\Program Files\better-genshin-impact-LCB\BetterGenshinImpact\BetterGenshinImpact.csproj]
E:\Program Files\better-genshin-impact-LCB\BetterGenshinImpact\GameTask\AutoFight\AutoFightEndDetection.cs(70,21): warning CS4014: 由于此调用不会等待，因此在此调用完成之前将会继续执行当前方法。请考虑将 "await" 运算符应用于调用结果。 [E:\Program Files\better-genshin-impact-LCB\BetterGenshinImpact\BetterGenshinImpact.csproj]
E:\Program Files\better-genshin-impact-LCB\BetterGenshinImpact\GameTask\AutoFight\AutoFightEndDetection.cs(232,21): warning CS4014: 由于此调用不会等待，因此在此调用完成之前将会继续执行当前方法。请考虑将 "await" 运算符应用于调用结果。 [E:\Program Files\better-genshin-impact-LCB\BetterGenshinImpact\BetterGenshinImpact.csproj]
E:\Program Files\better-genshin-impact-LCB\BetterGenshinImpact\GameTask\AutoGeniusInvokation\Model\Duel.cs(292,38): warning CS0168: 声明了变量“ex”，但从未使用过 [E:\Program Files\better-genshin-impact-LCB\BetterGenshinImpact\BetterGenshinImpact.csproj]
E:\Program Files\better-genshin-impact-LCB\BetterGenshinImpact\GameTask\AutoGeniusInvokation\Model\Duel.cs(296,35): warning CS0168: 声明了变量“ex”，但从未使用过 [E:\Program Files\better-genshin-impact-LCB\BetterGenshinImpact\BetterGenshinImpact.csproj]
E:\Program Files\better-genshin-impact-LCB\BetterGenshinImpact\GameTask\AutoFightOfficial\AutoFightJsonTask.cs(888,37): warning CS4014: 由于此调用不会等待，因此在此调用完成之前将会继续执行当前方法。请考虑将 "await" 运算符应用于调用结果。 [E:\Program Files\better-genshin-impact-LCB\BetterGenshinImpact\BetterGenshinImpact.csproj]
E:\Program Files\better-genshin-impact-LCB\BetterGenshinImpact\GameTask\AutoFight\AutoFightJsonTask.cs(73,27): warning CS8618: 在退出构造函数时，不可为 null 的 属性 "Action" 必须包含非 null 值。请考虑添加 "required" 修饰符或将该 属性 声明为可为 null。 [E:\Program Files\better-genshin-impact-LCB\BetterGenshinImpact\BetterGenshinImpact.csproj]
E:\Program Files\better-genshin-impact-LCB\BetterGenshinImpact\GameTask\AutoFight\AutoFightJsonTask.cs(74,23): warning CS8618: 在退出构造函数时，不可为 null 的 属性 "Expression" 必须包含非 null 值。请考虑添加 "required" 修饰符或将该 属性 声明为可为 null。 [E:\Program Files\better-genshin-impact-LCB\BetterGenshinImpact\BetterGenshinImpact.csproj]
E:\Program Files\better-genshin-impact-LCB\BetterGenshinImpact\GameTask\AutoFight\AutoFightParam.cs(199,12): warning CS8618: 在退出构造函数时，不可为 null 的 属性 "CombatStrategyPath" 必须包含非 null 值。请考虑添加 "required" 修饰符或将该 属性 声明为可为 null。 [E:\Program Files\better-genshin-impact-LCB\BetterGenshinImpact\BetterGenshinImpact.csproj]
E:\Program Files\better-genshin-impact-LCB\BetterGenshinImpact\GameTask\AutoFight\AutoFightParam.cs(199,12): warning CS8618: 在退出构造函数时，不可为 null 的 字段 "KazuhaPartyName" 必须包含非 null 值。请考虑添加 "required" 修饰符或将该 字段 声明为可为 null。 [E:\Program Files\better-genshin-impact-LCB\BetterGenshinImpact\BetterGenshinImpact.csproj]
E:\Program Files\better-genshin-impact-LCB\BetterGenshinImpact\GameTask\AutoFight\AutoFightJsonTask.cs(628,13): warning CS4014: 由于此调用不会等待，因此在此调用完成之前将会继续执行当前方法。请考虑将 "await" 运算符应用于调用结果。 [E:\Program Files\better-genshin-impact-LCB\BetterGenshinImpact\BetterGenshinImpact.csproj]
E:\Program Files\better-genshin-impact-LCB\BetterGenshinImpact\ViewModel\Pages\TriggerSettingsPageViewModel.cs(50,12): warning CS8618: 在退出构造函数时，不可为 null 的 字段 "_temporarySkillCdCollection" 必须包含非 null 值。请考虑添加 "required" 修饰符或将该 字段 声明为可为 null。 [E:\Program Files\better-genshin-impact-LCB\BetterGenshinImpact\BetterGenshinImpact.csproj]
E:\Program Files\better-genshin-impact-LCB\BetterGenshinImpact\GameTask\AutoFight\Model\Avatar.cs(815,58): warning CS8604: “Task<bool> AutoFightSkill.AvatarSkillAsync(ILogger logger, Avatar guardianAvatar, bool skills, int retryCount, CancellationToken ct, ImageRegion? image = null, bool needLog = false, bool isResetCd = false)”中的形参“guardianAvatar”可能传入 null 引用实参。 [E:\Program Files\better-genshin-impact-LCB\BetterGenshinImpact\BetterGenshinImpact.csproj]
E:\Program Files\better-genshin-impact-LCB\BetterGenshinImpact\GameTask\AutoFight\AutoFightJsonTask.cs(874,37): warning CS4014: 由于此调用不会等待，因此在此调用完成之前将会继续执行当前方法。请考虑将 "await" 运算符应用于调用结果。 [E:\Program Files\better-genshin-impact-LCB\BetterGenshinImpact\BetterGenshinImpact.csproj]
E:\Program Files\better-genshin-impact-LCB\BetterGenshinImpact\GameTask\AutoFight\AutoFightJsonTask.cs(813,34): warning CS8602: 解引用可能出现空引用。 [E:\Program Files\better-genshin-impact-LCB\BetterGenshinImpact\BetterGenshinImpact.csproj]
E:\Program Files\better-genshin-impact-LCB\BetterGenshinImpact\Service\Notifier\BarkNotifier.cs(123,16): warning CS8618: 在退出构造函数时，不可为 null 的 字段 "_group" 必须包含非 null 值。请考虑添加 "required" 修饰符或将该 字段 声明为可为 null。 [E:\Program Files\better-genshin-impact-LCB\BetterGenshinImpact\BetterGenshinImpact.csproj]
E:\Program Files\better-genshin-impact-LCB\BetterGenshinImpact\Service\Notifier\BarkNotifier.cs(123,16): warning CS8618: 在退出构造函数时，不可为 null 的 字段 "_sound" 必须包含非 null 值。请考虑添加 "required" 修饰符或将该 字段 声明为可为 null。 [E:\Program Files\better-genshin-impact-LCB\BetterGenshinImpact\BetterGenshinImpact.csproj]
E:\Program Files\better-genshin-impact-LCB\BetterGenshinImpact\Service\Notifier\BarkNotifier.cs(165,38): warning CS8625: 无法将 null 字面量转换为非 null 的引用类型。 [E:\Program Files\better-genshin-impact-LCB\BetterGenshinImpact\BetterGenshinImpact.csproj]
E:\Program Files\better-genshin-impact-LCB\BetterGenshinImpact\GameTask\AutoFightOfficial\AutoFightParam.cs(115,12): warning CS8618: 在退出构造函数时，不可为 null 的 属性 "CombatStrategyPath" 必须包含非 null 值。请考虑添加 "required" 修饰符或将该 属性 声明为可为 null。 [E:\Program Files\better-genshin-impact-LCB\BetterGenshinImpact\BetterGenshinImpact.csproj]
E:\Program Files\better-genshin-impact-LCB\BetterGenshinImpact\GameTask\AutoFightOfficial\AutoFightParam.cs(115,12): warning CS8618: 在退出构造函数时，不可为 null 的 字段 "KazuhaPartyName" 必须包含非 null 值。请考虑添加 "required" 修饰符或将该 字段 声明为可为 null。 [E:\Program Files\better-genshin-impact-LCB\BetterGenshinImpact\BetterGenshinImpact.csproj]
E:\Program Files\better-genshin-impact-LCB\BetterGenshinImpact\GameTask\AutoFight\Model\Avatar.cs(1041,62): warning CS8604: “Task<bool> AutoFightSkill.AvatarSkillAsync(ILogger logger, Avatar guardianAvatar, bool skills, int retryCount, CancellationToken ct, ImageRegion? image = null, bool needLog = false, bool isResetCd = false)”中的形参“guardianAvatar”可能传入 null 引用实参。 [E:\Program Files\better-genshin-impact-LCB\BetterGenshinImpact\BetterGenshinImpact.csproj]
E:\Program Files\better-genshin-impact-LCB\BetterGenshinImpact\Service\Notifier\BarkNotifier.cs(22,23): warning CS8618: 在退出构造函数时，不可为 null 的 属性 "Title" 必须包含非 null 值。请考虑添加 "required" 修饰符或将该 属性 声明为可为 null。 [E:\Program Files\better-genshin-impact-LCB\BetterGenshinImpact\BetterGenshinImpact.csproj]
E:\Program Files\better-genshin-impact-LCB\BetterGenshinImpact\Service\Notifier\BarkNotifier.cs(27,23): warning CS8618: 在退出构造函数时，不可为 null 的 属性 "Subtitle" 必须包含非 null 值。请考虑添加 "required" 修饰符或将该 属性 声明为可为 null。 [E:\Program Files\better-genshin-impact-LCB\BetterGenshinImpact\BetterGenshinImpact.csproj]
E:\Program Files\better-genshin-impact-LCB\BetterGenshinImpact\Service\Notifier\BarkNotifier.cs(32,23): warning CS8618: 在退出构造函数时，不可为 null 的 属性 "Body" 必须包含非 null 值。请考虑添加 "required" 修饰符或将该 属性 声明为可为 null。 [E:\Program Files\better-genshin-impact-LCB\BetterGenshinImpact\BetterGenshinImpact.csproj]
E:\Program Files\better-genshin-impact-LCB\BetterGenshinImpact\Service\Notifier\BarkNotifier.cs(37,23): warning CS8618: 在退出构造函数时，不可为 null 的 属性 "DeviceKey" 必须包含非 null 值。请考虑添加 "required" 修饰符或将该 属性 声明为可为 null。 [E:\Program Files\better-genshin-impact-LCB\BetterGenshinImpact\BetterGenshinImpact.csproj]
E:\Program Files\better-genshin-impact-LCB\BetterGenshinImpact\Service\Notifier\BarkNotifier.cs(62,23): warning CS8618: 在退出构造函数时，不可为 null 的 属性 "Call" 必须包含非 null 值。请考虑添加 "required" 修饰符或将该 属性 声明为可为 null。 [E:\Program Files\better-genshin-impact-LCB\BetterGenshinImpact\BetterGenshinImpact.csproj]
E:\Program Files\better-genshin-impact-LCB\BetterGenshinImpact\Service\Notifier\BarkNotifier.cs(67,23): warning CS8618: 在退出构造函数时，不可为 null 的 属性 "AutoCopy" 必须包含非 null 值。请考虑添加 "required" 修饰符或将该 属性 声明为可为 null。 [E:\Program Files\better-genshin-impact-LCB\BetterGenshinImpact\BetterGenshinImpact.csproj]
E:\Program Files\better-genshin-impact-LCB\BetterGenshinImpact\Service\Notifier\BarkNotifier.cs(72,23): warning CS8618: 在退出构造函数时，不可为 null 的 属性 "Copy" 必须包含非 null 值。请考虑添加 "required" 修饰符或将该 属性 声明为可为 null。 [E:\Program Files\better-genshin-impact-LCB\BetterGenshinImpact\BetterGenshinImpact.csproj]
E:\Program Files\better-genshin-impact-LCB\BetterGenshinImpact\Service\Notifier\BarkNotifier.cs(77,23): warning CS8618: 在退出构造函数时，不可为 null 的 属性 "Icon" 必须包含非 null 值。请考虑添加 "required" 修饰符或将该 属性 声明为可为 null。 [E:\Program Files\better-genshin-impact-LCB\BetterGenshinImpact\BetterGenshinImpact.csproj]
E:\Program Files\better-genshin-impact-LCB\BetterGenshinImpact\Service\Notifier\BarkNotifier.cs(87,23): warning CS8618: 在退出构造函数时，不可为 null 的 属性 "Ciphertext" 必须包含非 null 值。请考虑添加 "required" 修饰符或将该 属性 声明为可为 null。 [E:\Program Files\better-genshin-impact-LCB\BetterGenshinImpact\BetterGenshinImpact.csproj]
E:\Program Files\better-genshin-impact-LCB\BetterGenshinImpact\Service\Notifier\BarkNotifier.cs(92,23): warning CS8618: 在退出构造函数时，不可为 null 的 属性 "IsArchive" 必须包含非 null 值。请考虑添加 "required" 修饰符或将该 属性 声明为可为 null。 [E:\Program Files\better-genshin-impact-LCB\BetterGenshinImpact\BetterGenshinImpact.csproj]
E:\Program Files\better-genshin-impact-LCB\BetterGenshinImpact\Service\Notifier\BarkNotifier.cs(97,23): warning CS8618: 在退出构造函数时，不可为 null 的 属性 "Url" 必须包含非 null 值。请考虑添加 "required" 修饰符或将该 属性 声明为可为 null。 [E:\Program Files\better-genshin-impact-LCB\BetterGenshinImpact\BetterGenshinImpact.csproj]
E:\Program Files\better-genshin-impact-LCB\BetterGenshinImpact\Service\Notifier\BarkNotifier.cs(102,23): warning CS8618: 在退出构造函数时，不可为 null 的 属性 "Action" 必须包含非 null 值。请考虑添加 "required" 修饰符或将该 属性 声明为可为 null。 [E:\Program Files\better-genshin-impact-LCB\BetterGenshinImpact\BetterGenshinImpact.csproj]
E:\Program Files\better-genshin-impact-LCB\BetterGenshinImpact\ViewModel\Pages\TaskSettingsPageViewModel.cs(813,13): warning CS8602: 解引用可能出现空引用。 [E:\Program Files\better-genshin-impact-LCB\BetterGenshinImpact\BetterGenshinImpact.csproj]
E:\Program Files\better-genshin-impact-LCB\BetterGenshinImpact\GameTask\AutoFight\AutoFightSeek.cs(492,33): warning CS4014: 由于此调用不会等待，因此在此调用完成之前将会继续执行当前方法。请考虑将 "await" 运算符应用于调用结果。 [E:\Program Files\better-genshin-impact-LCB\BetterGenshinImpact\BetterGenshinImpact.csproj]
E:\Program Files\better-genshin-impact-LCB\BetterGenshinImpact\GameTask\AutoFight\AutoFightSeek.cs(635,33): warning CS4014: 由于此调用不会等待，因此在此调用完成之前将会继续执行当前方法。请考虑将 "await" 运算符应用于调用结果。 [E:\Program Files\better-genshin-impact-LCB\BetterGenshinImpact\BetterGenshinImpact.csproj]
E:\Program Files\better-genshin-impact-LCB\BetterGenshinImpact\GameTask\AutoHoeing\Services\RouteExecutionEngine.cs(353,44): warning CS8601: 可能的 null 引用赋值。 [E:\Program Files\better-genshin-impact-LCB\BetterGenshinImpact\BetterGenshinImpact.csproj]
E:\Program Files\better-genshin-impact-LCB\BetterGenshinImpact\GameTask\AutoHoeing\Services\RouteExecutionEngine.cs(375,25): warning CS8602: 解引用可能出现空引用。 [E:\Program Files\better-genshin-impact-LCB\BetterGenshinImpact\BetterGenshinImpact.csproj]
E:\Program Files\better-genshin-impact-LCB\BetterGenshinImpact\GameTask\AutoMusicGame\AutoMusicGameTask.cs(15,51): warning CS9113: 参数“taskParam”未读。 [E:\Program Files\better-genshin-impact-LCB\BetterGenshinImpact\BetterGenshinImpact.csproj]
E:\Program Files\better-genshin-impact-LCB\BetterGenshinImpact\GameTask\AutoLeyLineOutcrop\AutoLeyLineOutcropTask.cs(733,34): warning CS1998: 此异步方法缺少 "await" 运算符，将以同步方式运行。请考虑使用 "await" 运算符等待非阻止的 API 调用，或者使用 "await Task.Run(...)" 在后台线程上执行占用大量 CPU 的工作。 [E:\Program Files\better-genshin-impact-LCB\BetterGenshinImpact\BetterGenshinImpact.csproj]
E:\Program Files\better-genshin-impact-LCB\BetterGenshinImpact\GameTask\AutoLeyLineOutcrop\AutoLeyLineOutcropTask.cs(1062,25): warning CS4014: 由于此调用不会等待，因此在此调用完成之前将会继续执行当前方法。请考虑将 "await" 运算符应用于调用结果。 [E:\Program Files\better-genshin-impact-LCB\BetterGenshinImpact\BetterGenshinImpact.csproj]
E:\Program Files\better-genshin-impact-LCB\BetterGenshinImpact\GameTask\AutoHoeing\Services\DumperService.cs(126,23): warning CS1998: 此异步方法缺少 "await" 运算符，将以同步方式运行。请考虑使用 "await" 运算符等待非阻止的 API 调用，或者使用 "await Task.Run(...)" 在后台线程上执行占用大量 CPU 的工作。 [E:\Program Files\better-genshin-impact-LCB\BetterGenshinImpact\BetterGenshinImpact.csproj]
E:\Program Files\better-genshin-impact-LCB\BetterGenshinImpact\GameTask\AutoFightOfficial\ExperienceDetector.cs(117,82): warning CS8602: 解引用可能出现空引用。 [E:\Program Files\better-genshin-impact-LCB\BetterGenshinImpact\BetterGenshinImpact.csproj]
E:\Program Files\better-genshin-impact-LCB\BetterGenshinImpact\GameTask\AutoFight\AvatarCombatSpecialization.cs(672,24): warning CS8602: 解引用可能出现空引用。 [E:\Program Files\better-genshin-impact-LCB\BetterGenshinImpact\BetterGenshinImpact.csproj]
E:\Program Files\better-genshin-impact-LCB\BetterGenshinImpact\GameTask\AutoFight\AutoFightTask.cs(333,135): warning CS8604: “bool string.Contains(string value)”中的形参“value”可能传入 null 引用实参。 [E:\Program Files\better-genshin-impact-LCB\BetterGenshinImpact\BetterGenshinImpact.csproj]
E:\Program Files\better-genshin-impact-LCB\BetterGenshinImpact\GameTask\AutoFight\AutoFightTask.cs(298,12): warning CS8618: 在退出构造函数时，不可为 null 的 字段 "_predictor" 必须包含非 null 值。请考虑添加 "required" 修饰符或将该 字段 声明为可为 null。 [E:\Program Files\better-genshin-impact-LCB\BetterGenshinImpact\BetterGenshinImpact.csproj]
E:\Program Files\better-genshin-impact-LCB\BetterGenshinImpact\GameTask\AutoFightOfficial\AutoFightTask.cs(181,12): warning CS8618: 在退出构造函数时，不可为 null 的 字段 "_predictor" 必须包含非 null 值。请考虑添加 "required" 修饰符或将该 字段 声明为可为 null。 [E:\Program Files\better-genshin-impact-LCB\BetterGenshinImpact\BetterGenshinImpact.csproj]
E:\Program Files\better-genshin-impact-LCB\BetterGenshinImpact\GameTask\AutoFightOfficial\AutoFightSeek.cs(294,29): warning CS4014: 由于此调用不会等待，因此在此调用完成之前将会继续执行当前方法。请考虑将 "await" 运算符应用于调用结果。 [E:\Program Files\better-genshin-impact-LCB\BetterGenshinImpact\BetterGenshinImpact.csproj]
E:\Program Files\better-genshin-impact-LCB\BetterGenshinImpact\GameTask\AutoFightOfficial\AutoFightSeek.cs(403,29): warning CS4014: 由于此调用不会等待，因此在此调用完成之前将会继续执行当前方法。请考虑将 "await" 运算符应用于调用结果。 [E:\Program Files\better-genshin-impact-LCB\BetterGenshinImpact\BetterGenshinImpact.csproj]
E:\Program Files\better-genshin-impact-LCB\BetterGenshinImpact\GameTask\AutoFight\AvatarCombatSpecialization.cs(703,26): warning CS8618: 在退出构造函数时，不可为 null 的 属性 "fire" 必须包含非 null 值。请考虑添加 "required" 修饰符或将该 属性 声明为可为 null。 [E:\Program Files\better-genshin-impact-LCB\BetterGenshinImpact\BetterGenshinImpact.csproj]
E:\Program Files\better-genshin-impact-LCB\BetterGenshinImpact\GameTask\AutoFight\AvatarCombatSpecialization.cs(704,26): warning CS8618: 在退出构造函数时，不可为 null 的 属性 "electro" 必须包含非 null 值。请考虑添加 "required" 修饰符或将该 属性 声明为可为 null。 [E:\Program Files\better-genshin-impact-LCB\BetterGenshinImpact\BetterGenshinImpact.csproj]
E:\Program Files\better-genshin-impact-LCB\BetterGenshinImpact\GameTask\AutoFight\AvatarCombatSpecialization.cs(705,26): warning CS8618: 在退出构造函数时，不可为 null 的 属性 "cryo" 必须包含非 null 值。请考虑添加 "required" 修饰符或将该 属性 声明为可为 null。 [E:\Program Files\better-genshin-impact-LCB\BetterGenshinImpact\BetterGenshinImpact.csproj]
E:\Program Files\better-genshin-impact-LCB\BetterGenshinImpact\GameTask\AutoFight\AvatarCombatSpecialization.cs(706,26): warning CS8618: 在退出构造函数时，不可为 null 的 属性 "hydro" 必须包含非 null 值。请考虑添加 "required" 修饰符或将该 属性 声明为可为 null。 [E:\Program Files\better-genshin-impact-LCB\BetterGenshinImpact\BetterGenshinImpact.csproj]
E:\Program Files\better-genshin-impact-LCB\BetterGenshinImpact\GameTask\AutoLeyLineOutcrop\AutoLeyLineOutcropTask.cs(1493,30): warning CS1998: 此异步方法缺少 "await" 运算符，将以同步方式运行。请考虑使用 "await" 运算符等待非阻止的 API 调用，或者使用 "await Task.Run(...)" 在后台线程上执行占用大量 CPU 的工作。 [E:\Program Files\better-genshin-impact-LCB\BetterGenshinImpact\BetterGenshinImpact.csproj]
E:\Program Files\better-genshin-impact-LCB\BetterGenshinImpact\GameTask\AutoLeyLineOutcrop\AutoLeyLineOutcropTask.cs(1649,30): warning CS1998: 此异步方法缺少 "await" 运算符，将以同步方式运行。请考虑使用 "await" 运算符等待非阻止的 API 调用，或者使用 "await Task.Run(...)" 在后台线程上执行占用大量 CPU 的工作。 [E:\Program Files\better-genshin-impact-LCB\BetterGenshinImpact\BetterGenshinImpact.csproj]
E:\Program Files\better-genshin-impact-LCB\BetterGenshinImpact\GameTask\AutoOpenChest\AutoOpenChestTask.cs(96,24): warning CS1998: 此异步方法缺少 "await" 运算符，将以同步方式运行。请考虑使用 "await" 运算符等待非阻止的 API 调用，或者使用 "await Task.Run(...)" 在后台线程上执行占用大量 CPU 的工作。 [E:\Program Files\better-genshin-impact-LCB\BetterGenshinImpact\BetterGenshinImpact.csproj]
E:\Program Files\better-genshin-impact-LCB\BetterGenshinImpact\GameTask\AutoFightOfficial\AutoFightTask.cs(311,21): warning CS4014: 由于此调用不会等待，因此在此调用完成之前将会继续执行当前方法。请考虑将 "await" 运算符应用于调用结果。 [E:\Program Files\better-genshin-impact-LCB\BetterGenshinImpact\BetterGenshinImpact.csproj]
E:\Program Files\better-genshin-impact-LCB\BetterGenshinImpact\GameTask\AutoFightOfficial\AutoFightTask.cs(772,37): warning CS4014: 由于此调用不会等待，因此在此调用完成之前将会继续执行当前方法。请考虑将 "await" 运算符应用于调用结果。 [E:\Program Files\better-genshin-impact-LCB\BetterGenshinImpact\BetterGenshinImpact.csproj]
E:\Program Files\better-genshin-impact-LCB\BetterGenshinImpact\GameTask\AutoFightOfficial\AutoFightTask.cs(354,81): warning CS8604: “Task AutoFightSkill.EnsureGuardianSkill(Avatar guardianAvatar, CombatCommand command, string lastFightName, string guardianAvatarName, bool guardianAvatarHold, int retryCount, CancellationToken ct, bool guardianCombatSkip = false, bool burstEnabled = false)”中的形参“guardianAvatar”可能传入 null 引用实参。 [E:\Program Files\better-genshin-impact-LCB\BetterGenshinImpact\BetterGenshinImpact.csproj]
E:\Program Files\better-genshin-impact-LCB\BetterGenshinImpact\GameTask\AutoFightOfficial\AutoFightTask.cs(432,141): warning CS8602: 解引用可能出现空引用。 [E:\Program Files\better-genshin-impact-LCB\BetterGenshinImpact\BetterGenshinImpact.csproj]
E:\Program Files\better-genshin-impact-LCB\BetterGenshinImpact\GameTask\AutoFightOfficial\AutoFightTask.cs(701,34): warning CS0168: 声明了变量“e”，但从未使用过 [E:\Program Files\better-genshin-impact-LCB\BetterGenshinImpact\BetterGenshinImpact.csproj]
E:\Program Files\better-genshin-impact-LCB\BetterGenshinImpact\GameTask\AutoFightOfficial\AutoFightTask.cs(836,34): warning CS0168: 声明了变量“e”，但从未使用过 [E:\Program Files\better-genshin-impact-LCB\BetterGenshinImpact\BetterGenshinImpact.csproj]
E:\Program Files\better-genshin-impact-LCB\BetterGenshinImpact\GameTask\AutoFightOfficial\AutoFightTask.cs(992,25): warning CS4014: 由于此调用不会等待，因此在此调用完成之前将会继续执行当前方法。请考虑将 "await" 运算符应用于调用结果。 [E:\Program Files\better-genshin-impact-LCB\BetterGenshinImpact\BetterGenshinImpact.csproj]
E:\Program Files\better-genshin-impact-LCB\BetterGenshinImpact\GameTask\AutoLeyLineOutcrop\AutoLeyLineOutcropTask.cs(2169,30): warning CS1998: 此异步方法缺少 "await" 运算符，将以同步方式运行。请考虑使用 "await" 运算符等待非阻止的 API 调用，或者使用 "await Task.Run(...)" 在后台线程上执行占用大量 CPU 的工作。 [E:\Program Files\better-genshin-impact-LCB\BetterGenshinImpact\BetterGenshinImpact.csproj]
E:\Program Files\better-genshin-impact-LCB\BetterGenshinImpact\ViewModel\Pages\ScriptControlViewModel.cs(643,30): warning CS8600: 将 null 文本或可能的 null 值转换为不可为 null 类型。 [E:\Program Files\better-genshin-impact-LCB\BetterGenshinImpact\BetterGenshinImpact.csproj]
E:\Program Files\better-genshin-impact-LCB\BetterGenshinImpact\ViewModel\Pages\ScriptControlViewModel.cs(646,47): warning CS8604: “DirectoryInfo Directory.CreateDirectory(string path)”中的形参“path”可能传入 null 引用实参。 [E:\Program Files\better-genshin-impact-LCB\BetterGenshinImpact\BetterGenshinImpact.csproj]
E:\Program Files\better-genshin-impact-LCB\BetterGenshinImpact\GameTask\Model\GameUI\GridScreen.cs(218,22): warning CS8321: 声明了本地函数“getLine”，但从未使用过 [E:\Program Files\better-genshin-impact-LCB\BetterGenshinImpact\BetterGenshinImpact.csproj]
E:\Program Files\better-genshin-impact-LCB\BetterGenshinImpact\GameTask\AutoPathing\Model\Waypoint.cs(32,23): warning CS8618: 在退出构造函数时，不可为 null 的 属性 "MonsterTag" 必须包含非 null 值。请考虑添加 "required" 修饰符或将该 属性 声明为可为 null。 [E:\Program Files\better-genshin-impact-LCB\BetterGenshinImpact\BetterGenshinImpact.csproj]
E:\Program Files\better-genshin-impact-LCB\BetterGenshinImpact\GameTask\AutoLeyLineOutcrop\AutoLeyLineOutcropTask.cs(2373,29): warning CS1998: 此异步方法缺少 "await" 运算符，将以同步方式运行。请考虑使用 "await" 运算符等待非阻止的 API 调用，或者使用 "await Task.Run(...)" 在后台线程上执行占用大量 CPU 的工作。 [E:\Program Files\better-genshin-impact-LCB\BetterGenshinImpact\BetterGenshinImpact.csproj]
E:\Program Files\better-genshin-impact-LCB\BetterGenshinImpact\GameTask\AutoLeyLineOutcrop\AutoLeyLineOutcropTask.cs(2462,29): warning CS1998: 此异步方法缺少 "await" 运算符，将以同步方式运行。请考虑使用 "await" 运算符等待非阻止的 API 调用，或者使用 "await Task.Run(...)" 在后台线程上执行占用大量 CPU 的工作。 [E:\Program Files\better-genshin-impact-LCB\BetterGenshinImpact\BetterGenshinImpact.csproj]
E:\Program Files\better-genshin-impact-LCB\BetterGenshinImpact\GameTask\AutoLeyLineOutcrop\AutoLeyLineOutcropTask.cs(2495,24): warning CS1998: 此异步方法缺少 "await" 运算符，将以同步方式运行。请考虑使用 "await" 运算符等待非阻止的 API 调用，或者使用 "await Task.Run(...)" 在后台线程上执行占用大量 CPU 的工作。 [E:\Program Files\better-genshin-impact-LCB\BetterGenshinImpact\BetterGenshinImpact.csproj]
E:\Program Files\better-genshin-impact-LCB\BetterGenshinImpact\GameTask\AutoLeyLineOutcrop\AutoLeyLineOutcropParam.cs(66,12): warning CS8618: 在退出构造函数时，不可为 null 的 属性 "Country" 必须包含非 null 值。请考虑添加 "required" 修饰符或将该 属性 声明为可为 null。 [E:\Program Files\better-genshin-impact-LCB\BetterGenshinImpact\BetterGenshinImpact.csproj]
E:\Program Files\better-genshin-impact-LCB\BetterGenshinImpact\GameTask\AutoLeyLineOutcrop\AutoLeyLineOutcropParam.cs(66,12): warning CS8618: 在退出构造函数时，不可为 null 的 属性 "LeyLineOutcropType" 必须包含非 null 值。请考虑添加 "required" 修饰符或将该 属性 声明为可为 null。 [E:\Program Files\better-genshin-impact-LCB\BetterGenshinImpact\BetterGenshinImpact.csproj]
E:\Program Files\better-genshin-impact-LCB\BetterGenshinImpact\GameTask\AutoLeyLineOutcrop\AutoLeyLineOutcropParam.cs(66,12): warning CS8618: 在退出构造函数时，不可为 null 的 属性 "FriendshipTeam" 必须包含非 null 值。请考虑添加 "required" 修饰符或将该 属性 声明为可为 null。 [E:\Program Files\better-genshin-impact-LCB\BetterGenshinImpact\BetterGenshinImpact.csproj]
E:\Program Files\better-genshin-impact-LCB\BetterGenshinImpact\GameTask\AutoLeyLineOutcrop\AutoLeyLineOutcropParam.cs(66,12): warning CS8618: 在退出构造函数时，不可为 null 的 属性 "Team" 必须包含非 null 值。请考虑添加 "required" 修饰符或将该 属性 声明为可为 null。 [E:\Program Files\better-genshin-impact-LCB\BetterGenshinImpact\BetterGenshinImpact.csproj]
E:\Program Files\better-genshin-impact-LCB\BetterGenshinImpact\GameTask\AutoLeyLineOutcrop\AutoLeyLineOutcropParam.cs(71,12): warning CS8618: 在退出构造函数时，不可为 null 的 属性 "FriendshipTeam" 必须包含非 null 值。请考虑添加 "required" 修饰符或将该 属性 声明为可为 null。 [E:\Program Files\better-genshin-impact-LCB\BetterGenshinImpact\BetterGenshinImpact.csproj]
E:\Program Files\better-genshin-impact-LCB\BetterGenshinImpact\GameTask\AutoLeyLineOutcrop\AutoLeyLineOutcropParam.cs(71,12): warning CS8618: 在退出构造函数时，不可为 null 的 属性 "Team" 必须包含非 null 值。请考虑添加 "required" 修饰符或将该 属性 声明为可为 null。 [E:\Program Files\better-genshin-impact-LCB\BetterGenshinImpact\BetterGenshinImpact.csproj]
E:\Program Files\better-genshin-impact-LCB\BetterGenshinImpact\GameTask\AutoStygianOnslaught\AutoStygianOnslaughtTask.cs(103,64): warning CS8604: “CombatScriptBag CombatScriptParser.ReadAndParse(string path)”中的形参“path”可能传入 null 引用实参。 [E:\Program Files\better-genshin-impact-LCB\BetterGenshinImpact\BetterGenshinImpact.csproj]
E:\Program Files\better-genshin-impact-LCB\BetterGenshinImpact\GameTask\AutoStygianOnslaught\AutoStygianOnslaughtTask.cs(121,64): warning CS8604: “CombatScriptBag CombatScriptParser.ReadAndParse(string path)”中的形参“path”可能传入 null 引用实参。 [E:\Program Files\better-genshin-impact-LCB\BetterGenshinImpact\BetterGenshinImpact.csproj]
E:\Program Files\better-genshin-impact-LCB\BetterGenshinImpact\GameTask\AutoSkip\AutoTrackTask.cs(28,43): warning CS9113: 参数“param”未读。 [E:\Program Files\better-genshin-impact-LCB\BetterGenshinImpact\BetterGenshinImpact.csproj]
E:\Program Files\better-genshin-impact-LCB\BetterGenshinImpact\ViewModel\Pages\ScriptControlViewModel.cs(1769,16): warning CS8619: 类型“List<ScriptProject?>”的值中引用类型的为 Null 性与目标类型“List<ScriptProject>”不匹配。 [E:\Program Files\better-genshin-impact-LCB\BetterGenshinImpact\BetterGenshinImpact.csproj]
E:\Program Files\better-genshin-impact-LCB\BetterGenshinImpact\ViewModel\Pages\MapPathingViewModel.cs(186,42): warning CS8604: “PathingConfigView.PathingConfigView(PathingConfigViewModel viewModel)”中的形参“viewModel”可能传入 null 引用实参。 [E:\Program Files\better-genshin-impact-LCB\BetterGenshinImpact\BetterGenshinImpact.csproj]
E:\Program Files\better-genshin-impact-LCB\BetterGenshinImpact\ViewModel\Pages\MapPathingViewModel.cs(174,23): warning CS1998: 此异步方法缺少 "await" 运算符，将以同步方式运行。请考虑使用 "await" 运算符等待非阻止的 API 调用，或者使用 "await Task.Run(...)" 在后台线程上执行占用大量 CPU 的工作。 [E:\Program Files\better-genshin-impact-LCB\BetterGenshinImpact\BetterGenshinImpact.csproj]
E:\Program Files\better-genshin-impact-LCB\BetterGenshinImpact\GameTask\AutoPathing\Handler\SkillBoostHelper.cs(571,29): warning CS4014: 由于此调用不会等待，因此在此调用完成之前将会继续执行当前方法。请考虑将 "await" 运算符应用于调用结果。 [E:\Program Files\better-genshin-impact-LCB\BetterGenshinImpact\BetterGenshinImpact.csproj]
E:\Program Files\better-genshin-impact-LCB\BetterGenshinImpact\GameTask\AutoPathing\Handler\SkillBoostHelper.cs(740,17): warning CS0162: 检测到无法访问的代码 [E:\Program Files\better-genshin-impact-LCB\BetterGenshinImpact\BetterGenshinImpact.csproj]
E:\Program Files\better-genshin-impact-LCB\BetterGenshinImpact\GameTask\AutoStygianOnslaught\AutoStygianOnslaughtTask.cs(732,30): warning CS1998: 此异步方法缺少 "await" 运算符，将以同步方式运行。请考虑使用 "await" 运算符等待非阻止的 API 调用，或者使用 "await Task.Run(...)" 在后台线程上执行占用大量 CPU 的工作。 [E:\Program Files\better-genshin-impact-LCB\BetterGenshinImpact\BetterGenshinImpact.csproj]
E:\Program Files\better-genshin-impact-LCB\BetterGenshinImpact\GameTask\AutoPathing\Handler\SkillBoostHelper.cs(1324,20): warning CS8602: 解引用可能出现空引用。 [E:\Program Files\better-genshin-impact-LCB\BetterGenshinImpact\BetterGenshinImpact.csproj]
E:\Program Files\better-genshin-impact-LCB\BetterGenshinImpact\GameTask\AutoPathing\Handler\SkillBoostHelper.cs(1326,35): warning CS8604: “bool PathExecutor.IsTurnTooSharp(WaypointForTrack waypoint, WaypointForTrack? nextWaypoint, string avatarName)”中的形参“waypoint”可能传入 null 引用实参。 [E:\Program Files\better-genshin-impact-LCB\BetterGenshinImpact\BetterGenshinImpact.csproj]
E:\Program Files\better-genshin-impact-LCB\BetterGenshinImpact\GameTask\Model\Area\Region.cs(60,12): warning CS8618: 在退出构造函数时，不可为 null 的 字段 "drawContent" 必须包含非 null 值。请考虑添加 "required" 修饰符或将该 字段 声明为可为 null。 [E:\Program Files\better-genshin-impact-LCB\BetterGenshinImpact\BetterGenshinImpact.csproj]
E:\Program Files\better-genshin-impact-LCB\BetterGenshinImpact\GameTask\AutoStygianOnslaught\AutoStygianOnslaughtTask.cs(863,30): warning CS8602: 解引用可能出现空引用。 [E:\Program Files\better-genshin-impact-LCB\BetterGenshinImpact\BetterGenshinImpact.csproj]
E:\Program Files\better-genshin-impact-LCB\BetterGenshinImpact\GameTask\AutoStygianOnslaught\AutoStygianOnslaughtTask.cs(864,48): warning CS8602: 解引用可能出现空引用。 [E:\Program Files\better-genshin-impact-LCB\BetterGenshinImpact\BetterGenshinImpact.csproj]
E:\Program Files\better-genshin-impact-LCB\BetterGenshinImpact\GameTask\AutoPathing\Handler\SkillBoostHelper.cs(1589,32): warning CS1998: 此异步方法缺少 "await" 运算符，将以同步方式运行。请考虑使用 "await" 运算符等待非阻止的 API 调用，或者使用 "await Task.Run(...)" 在后台线程上执行占用大量 CPU 的工作。 [E:\Program Files\better-genshin-impact-LCB\BetterGenshinImpact\BetterGenshinImpact.csproj]
E:\Program Files\better-genshin-impact-LCB\BetterGenshinImpact\GameTask\AutoFight\AutoFightTask.cs(1026,21): warning CS4014: 由于此调用不会等待，因此在此调用完成之前将会继续执行当前方法。请考虑将 "await" 运算符应用于调用结果。 [E:\Program Files\better-genshin-impact-LCB\BetterGenshinImpact\BetterGenshinImpact.csproj]
E:\Program Files\better-genshin-impact-LCB\BetterGenshinImpact\GameTask\AutoFight\AutoFightTask.cs(1140,55): warning CS0612: “AutoFightSkill.AvatarQSkillAsync(ImageRegion?, List<int>?, int?)”已过时 [E:\Program Files\better-genshin-impact-LCB\BetterGenshinImpact\BetterGenshinImpact.csproj]
E:\Program Files\better-genshin-impact-LCB\BetterGenshinImpact\GameTask\AutoFight\AutoFightTask.cs(1529,33): warning CS4014: 由于此调用不会等待，因此在此调用完成之前将会继续执行当前方法。请考虑将 "await" 运算符应用于调用结果。 [E:\Program Files\better-genshin-impact-LCB\BetterGenshinImpact\BetterGenshinImpact.csproj]
E:\Program Files\better-genshin-impact-LCB\BetterGenshinImpact\GameTask\AutoFight\AutoFightTask.cs(1566,25): warning CS4014: 由于此调用不会等待，因此在此调用完成之前将会继续执行当前方法。请考虑将 "await" 运算符应用于调用结果。 [E:\Program Files\better-genshin-impact-LCB\BetterGenshinImpact\BetterGenshinImpact.csproj]
E:\Program Files\better-genshin-impact-LCB\BetterGenshinImpact\GameTask\AutoFight\AutoFightTask.cs(1600,33): warning CS4014: 由于此调用不会等待，因此在此调用完成之前将会继续执行当前方法。请考虑将 "await" 运算符应用于调用结果。 [E:\Program Files\better-genshin-impact-LCB\BetterGenshinImpact\BetterGenshinImpact.csproj]
E:\Program Files\better-genshin-impact-LCB\BetterGenshinImpact\GameTask\AutoFight\AutoFightTask.cs(1661,37): warning CS4014: 由于此调用不会等待，因此在此调用完成之前将会继续执行当前方法。请考虑将 "await" 运算符应用于调用结果。 [E:\Program Files\better-genshin-impact-LCB\BetterGenshinImpact\BetterGenshinImpact.csproj]
E:\Program Files\better-genshin-impact-LCB\BetterGenshinImpact\GameTask\AutoFight\AutoFightTask.cs(2082,37): warning CS4014: 由于此调用不会等待，因此在此调用完成之前将会继续执行当前方法。请考虑将 "await" 运算符应用于调用结果。 [E:\Program Files\better-genshin-impact-LCB\BetterGenshinImpact\BetterGenshinImpact.csproj]
E:\Program Files\better-genshin-impact-LCB\BetterGenshinImpact\GameTask\AutoFight\AutoFightTask.cs(700,34): warning CS8604: “IEnumerable<string> Enumerable.Select<CombatCommand, string>(IEnumerable<CombatCommand> source, Func<CombatCommand, string> selector)”中的形参“source”可能传入 null 引用实参。 [E:\Program Files\better-genshin-impact-LCB\BetterGenshinImpact\BetterGenshinImpact.csproj]
E:\Program Files\better-genshin-impact-LCB\BetterGenshinImpact\GameTask\AutoFight\AutoFightTask.cs(811,29): warning CS8600: 将 null 文本或可能的 null 值转换为不可为 null 类型。 [E:\Program Files\better-genshin-impact-LCB\BetterGenshinImpact\BetterGenshinImpact.csproj]
E:\Program Files\better-genshin-impact-LCB\BetterGenshinImpact\GameTask\AutoFight\AutoFightTask.cs(1483,38): warning CS8602: 解引用可能出现空引用。 [E:\Program Files\better-genshin-impact-LCB\BetterGenshinImpact\BetterGenshinImpact.csproj]
E:\Program Files\better-genshin-impact-LCB\BetterGenshinImpact\GameTask\AutoFight\AutoFightTask.cs(1524,141): warning CS8602: 解引用可能出现空引用。 [E:\Program Files\better-genshin-impact-LCB\BetterGenshinImpact\BetterGenshinImpact.csproj]
E:\Program Files\better-genshin-impact-LCB\BetterGenshinImpact\GameTask\AutoFight\AutoFightTask.cs(1963,34): warning CS8602: 解引用可能出现空引用。 [E:\Program Files\better-genshin-impact-LCB\BetterGenshinImpact\BetterGenshinImpact.csproj]
E:\Program Files\better-genshin-impact-LCB\BetterGenshinImpact\GameTask\AutoFight\AutoFightTask.cs(1966,34): warning CS0168: 声明了变量“e”，但从未使用过 [E:\Program Files\better-genshin-impact-LCB\BetterGenshinImpact\BetterGenshinImpact.csproj]
E:\Program Files\better-genshin-impact-LCB\BetterGenshinImpact\GameTask\AutoFight\AutoFightTask.cs(2152,34): warning CS0168: 声明了变量“e”，但从未使用过 [E:\Program Files\better-genshin-impact-LCB\BetterGenshinImpact\BetterGenshinImpact.csproj]
E:\Program Files\better-genshin-impact-LCB\BetterGenshinImpact\ViewModel\Pages\ScriptControlViewModel.cs(2677,47): warning CS8604: “Task ScriptControlViewModel.OnContinueTaskProgressAsync(string name, List<TaskProgress>? taskProgresses = null, JobSource source = JobSource.Ui)”中的形参“name”可能传入 null 引用实参。 [E:\Program Files\better-genshin-impact-LCB\BetterGenshinImpact\BetterGenshinImpact.csproj]
E:\Program Files\better-genshin-impact-LCB\BetterGenshinImpact\GameTask\AutoFight\AutoFightTask.cs(2439,21): warning CS4014: 由于此调用不会等待，因此在此调用完成之前将会继续执行当前方法。请考虑将 "await" 运算符应用于调用结果。 [E:\Program Files\better-genshin-impact-LCB\BetterGenshinImpact\BetterGenshinImpact.csproj]
E:\Program Files\better-genshin-impact-LCB\BetterGenshinImpact\GameTask\AutoFight\AutoFightTask.cs(2608,21): warning CS4014: 由于此调用不会等待，因此在此调用完成之前将会继续执行当前方法。请考虑将 "await" 运算符应用于调用结果。 [E:\Program Files\better-genshin-impact-LCB\BetterGenshinImpact\BetterGenshinImpact.csproj]
E:\Program Files\better-genshin-impact-LCB\BetterGenshinImpact\GameTask\AutoStygianOnslaught\AutoStygianOnslaughtParam.cs(52,12): warning CS8618: 在退出构造函数时，不可为 null 的 属性 "FightTeamName" 必须包含非 null 值。请考虑添加 "required" 修饰符或将该 属性 声明为可为 null。 [E:\Program Files\better-genshin-impact-LCB\BetterGenshinImpact\BetterGenshinImpact.csproj]
E:\Program Files\better-genshin-impact-LCB\BetterGenshinImpact\GameTask\AutoStygianOnslaught\AutoStygianOnslaughtParam.cs(52,12): warning CS8618: 在退出构造函数时，不可为 null 的 属性 "CombatScriptBagPath" 必须包含非 null 值。请考虑添加 "required" 修饰符或将该 属性 声明为可为 null。 [E:\Program Files\better-genshin-impact-LCB\BetterGenshinImpact\BetterGenshinImpact.csproj]
E:\Program Files\better-genshin-impact-LCB\BetterGenshinImpact\GameTask\AutoStygianOnslaught\AutoStygianOnslaughtParam.cs(56,12): warning CS8618: 在退出构造函数时，不可为 null 的 属性 "FightTeamName" 必须包含非 null 值。请考虑添加 "required" 修饰符或将该 属性 声明为可为 null。 [E:\Program Files\better-genshin-impact-LCB\BetterGenshinImpact\BetterGenshinImpact.csproj]
E:\Program Files\better-genshin-impact-LCB\BetterGenshinImpact\ViewModel\Pages\OneDragonFlowViewModel.cs(185,24): warning CS1998: 此异步方法缺少 "await" 运算符，将以同步方式运行。请考虑使用 "await" 运算符等待非阻止的 API 调用，或者使用 "await Task.Run(...)" 在后台线程上执行占用大量 CPU 的工作。 [E:\Program Files\better-genshin-impact-LCB\BetterGenshinImpact\BetterGenshinImpact.csproj]
E:\Program Files\better-genshin-impact-LCB\BetterGenshinImpact\ViewModel\Pages\OneDragonFlowViewModel.cs(281,12): warning CS8618: 在退出构造函数时，不可为 null 的 字段 "_scriptService" 必须包含非 null 值。请考虑添加 "required" 修饰符或将该 字段 声明为可为 null。 [E:\Program Files\better-genshin-impact-LCB\BetterGenshinImpact\BetterGenshinImpact.csproj]
E:\Program Files\better-genshin-impact-LCB\BetterGenshinImpact\ViewModel\Pages\OneDragonFlowViewModel.cs(281,12): warning CS8618: 在退出构造函数时，不可为 null 的 字段 "_selectedTask" 必须包含非 null 值。请考虑添加 "required" 修饰符或将该 字段 声明为可为 null。 [E:\Program Files\better-genshin-impact-LCB\BetterGenshinImpact\BetterGenshinImpact.csproj]
E:\Program Files\better-genshin-impact-LCB\BetterGenshinImpact\ViewModel\Pages\OneDragonFlowViewModel.cs(430,22): warning CS8602: 解引用可能出现空引用。 [E:\Program Files\better-genshin-impact-LCB\BetterGenshinImpact\BetterGenshinImpact.csproj]
E:\Program Files\better-genshin-impact-LCB\BetterGenshinImpact\ViewModel\Pages\OneDragonFlowViewModel.cs(462,24): warning CS8625: 无法将 null 字面量转换为非 null 的引用类型。 [E:\Program Files\better-genshin-impact-LCB\BetterGenshinImpact\BetterGenshinImpact.csproj]
E:\Program Files\better-genshin-impact-LCB\BetterGenshinImpact\GameTask\AutoPathing\Handler\TeapotHurryOnHelper.cs(100,41): warning CS4014: 由于此调用不会等待，因此在此调用完成之前将会继续执行当前方法。请考虑将 "await" 运算符应用于调用结果。 [E:\Program Files\better-genshin-impact-LCB\BetterGenshinImpact\BetterGenshinImpact.csproj]
E:\Program Files\better-genshin-impact-LCB\BetterGenshinImpact\GameTask\AutoPathing\Handler\TeapotHurryOnHelper.cs(219,33): warning CS4014: 由于此调用不会等待，因此在此调用完成之前将会继续执行当前方法。请考虑将 "await" 运算符应用于调用结果。 [E:\Program Files\better-genshin-impact-LCB\BetterGenshinImpact\BetterGenshinImpact.csproj]
E:\Program Files\better-genshin-impact-LCB\BetterGenshinImpact\GameTask\AutoPathing\Handler\TeapotHurryOnHelper.cs(269,29): warning CS4014: 由于此调用不会等待，因此在此调用完成之前将会继续执行当前方法。请考虑将 "await" 运算符应用于调用结果。 [E:\Program Files\better-genshin-impact-LCB\BetterGenshinImpact\BetterGenshinImpact.csproj]
E:\Program Files\better-genshin-impact-LCB\BetterGenshinImpact\GameTask\AutoPathing\Handler\TeapotHurryOnHelper.cs(255,25): warning CS8602: 解引用可能出现空引用。 [E:\Program Files\better-genshin-impact-LCB\BetterGenshinImpact\BetterGenshinImpact.csproj]
E:\Program Files\better-genshin-impact-LCB\BetterGenshinImpact\GameTask\AutoPathing\Handler\TeapotHurryOnHelper.cs(343,75): warning CS8602: 解引用可能出现空引用。 [E:\Program Files\better-genshin-impact-LCB\BetterGenshinImpact\BetterGenshinImpact.csproj]
E:\Program Files\better-genshin-impact-LCB\BetterGenshinImpact\GameTask\AutoPathing\Handler\TeapotHurryOnHelper.cs(368,45): warning CS8602: 解引用可能出现空引用。 [E:\Program Files\better-genshin-impact-LCB\BetterGenshinImpact\BetterGenshinImpact.csproj]
E:\Program Files\better-genshin-impact-LCB\BetterGenshinImpact\GameTask\AutoPathing\Handler\TeapotHurryOnHelper.cs(498,107): warning CS8604: “Task<(Point2f point, int additionalTimeInMs)> PathExecutor.GetPositionAndTime(ImageRegion imageRegion, WaypointForTrack waypoint, bool isPoint = true)”中的形参“waypoint”可能传入 null 引用实参。 [E:\Program Files\better-genshin-impact-LCB\BetterGenshinImpact\BetterGenshinImpact.csproj]
E:\Program Files\better-genshin-impact-LCB\BetterGenshinImpact\GameTask\AutoPathing\Handler\TeapotHurryOnHelper.cs(566,41): warning CS8602: 解引用可能出现空引用。 [E:\Program Files\better-genshin-impact-LCB\BetterGenshinImpact\BetterGenshinImpact.csproj]
E:\Program Files\better-genshin-impact-LCB\BetterGenshinImpact\GameTask\AutoPathing\Handler\TeapotHurryOnHelper.cs(597,45): warning CS8602: 解引用可能出现空引用。 [E:\Program Files\better-genshin-impact-LCB\BetterGenshinImpact\BetterGenshinImpact.csproj]
E:\Program Files\better-genshin-impact-LCB\BetterGenshinImpact\GameTask\LogParse\YsHttp.cs(136,17): warning CS8602: 解引用可能出现空引用。 [E:\Program Files\better-genshin-impact-LCB\BetterGenshinImpact\BetterGenshinImpact.csproj]
E:\Program Files\better-genshin-impact-LCB\BetterGenshinImpact\ViewModel\Pages\OneDragonFlowViewModel.cs(605,13): warning CS4014: 由于此调用不会等待，因此在此调用完成之前将会继续执行当前方法。请考虑将 "await" 运算符应用于调用结果。 [E:\Program Files\better-genshin-impact-LCB\BetterGenshinImpact\BetterGenshinImpact.csproj]
E:\Program Files\better-genshin-impact-LCB\BetterGenshinImpact\ViewModel\Pages\OneDragonFlowViewModel.cs(604,41): warning CS8602: 解引用可能出现空引用。 [E:\Program Files\better-genshin-impact-LCB\BetterGenshinImpact\BetterGenshinImpact.csproj]
E:\Program Files\better-genshin-impact-LCB\BetterGenshinImpact\GameTask\LogParse\YsHttp.cs(233,36): warning CS8602: 解引用可能出现空引用。 [E:\Program Files\better-genshin-impact-LCB\BetterGenshinImpact\BetterGenshinImpact.csproj]
E:\Program Files\better-genshin-impact-LCB\BetterGenshinImpact\GameTask\LogParse\YsHttp.cs(254,40): warning CS8602: 解引用可能出现空引用。 [E:\Program Files\better-genshin-impact-LCB\BetterGenshinImpact\BetterGenshinImpact.csproj]
E:\Program Files\better-genshin-impact-LCB\BetterGenshinImpact\GameTask\LogParse\YsHttp.cs(58,54): warning CS8618: 在退出构造函数时，不可为 null 的 属性 "GameBiz" 必须包含非 null 值。请考虑添加 "required" 修饰符或将该 属性 声明为可为 null。 [E:\Program Files\better-genshin-impact-LCB\BetterGenshinImpact\BetterGenshinImpact.csproj]
E:\Program Files\better-genshin-impact-LCB\BetterGenshinImpact\GameTask\LogParse\YsHttp.cs(60,52): warning CS8618: 在退出构造函数时，不可为 null 的 属性 "Region" 必须包含非 null 值。请考虑添加 "required" 修饰符或将该 属性 声明为可为 null。 [E:\Program Files\better-genshin-impact-LCB\BetterGenshinImpact\BetterGenshinImpact.csproj]
E:\Program Files\better-genshin-impact-LCB\BetterGenshinImpact\GameTask\LogParse\YsHttp.cs(62,54): warning CS8618: 在退出构造函数时，不可为 null 的 属性 "GameUid" 必须包含非 null 值。请考虑添加 "required" 修饰符或将该 属性 声明为可为 null。 [E:\Program Files\better-genshin-impact-LCB\BetterGenshinImpact\BetterGenshinImpact.csproj]
E:\Program Files\better-genshin-impact-LCB\BetterGenshinImpact\GameTask\LogParse\YsHttp.cs(64,54): warning CS8618: 在退出构造函数时，不可为 null 的 属性 "Nickname" 必须包含非 null 值。请考虑添加 "required" 修饰符或将该 属性 声明为可为 null。 [E:\Program Files\better-genshin-impact-LCB\BetterGenshinImpact\BetterGenshinImpact.csproj]
E:\Program Files\better-genshin-impact-LCB\BetterGenshinImpact\GameTask\LogParse\YsHttp.cs(70,57): warning CS8618: 在退出构造函数时，不可为 null 的 属性 "RegionName" 必须包含非 null 值。请考虑添加 "required" 修饰符或将该 属性 声明为可为 null。 [E:\Program Files\better-genshin-impact-LCB\BetterGenshinImpact\BetterGenshinImpact.csproj]
E:\Program Files\better-genshin-impact-LCB\BetterGenshinImpact\GameTask\LogParse\YsHttp.cs(49,52): warning CS8618: 在退出构造函数时，不可为 null 的 属性 "Action" 必须包含非 null 值。请考虑添加 "required" 修饰符或将该 属性 声明为可为 null。 [E:\Program Files\better-genshin-impact-LCB\BetterGenshinImpact\BetterGenshinImpact.csproj]
E:\Program Files\better-genshin-impact-LCB\BetterGenshinImpact\GameTask\LogParse\YsHttp.cs(51,50): warning CS8618: 在退出构造函数时，不可为 null 的 属性 "Time" 必须包含非 null 值。请考虑添加 "required" 修饰符或将该 属性 声明为可为 null。 [E:\Program Files\better-genshin-impact-LCB\BetterGenshinImpact\BetterGenshinImpact.csproj]
E:\Program Files\better-genshin-impact-LCB\BetterGenshinImpact\GameTask\LogParse\YsHttp.cs(27,52): warning CS8618: 在退出构造函数时，不可为 null 的 属性 "Region" 必须包含非 null 值。请考虑添加 "required" 修饰符或将该 属性 声明为可为 null。 [E:\Program Files\better-genshin-impact-LCB\BetterGenshinImpact\BetterGenshinImpact.csproj]
E:\Program Files\better-genshin-impact-LCB\BetterGenshinImpact\GameTask\LogParse\YsHttp.cs(31,54): warning CS8618: 在退出构造函数时，不可为 null 的 属性 "Nickname" 必须包含非 null 值。请考虑添加 "required" 修饰符或将该 属性 声明为可为 null。 [E:\Program Files\better-genshin-impact-LCB\BetterGenshinImpact\BetterGenshinImpact.csproj]
E:\Program Files\better-genshin-impact-LCB\BetterGenshinImpact\GameTask\LogParse\YsHttp.cs(33,50): warning CS8618: 在退出构造函数时，不可为 null 的 属性 "Date" 必须包含非 null 值。请考虑添加 "required" 修饰符或将该 属性 声明为可为 null。 [E:\Program Files\better-genshin-impact-LCB\BetterGenshinImpact\BetterGenshinImpact.csproj]
E:\Program Files\better-genshin-impact-LCB\BetterGenshinImpact\GameTask\LogParse\YsHttp.cs(37,63): warning CS8618: 在退出构造函数时，不可为 null 的 属性 "OptionalMonth" 必须包含非 null 值。请考虑添加 "required" 修饰符或将该 属性 声明为可为 null。 [E:\Program Files\better-genshin-impact-LCB\BetterGenshinImpact\BetterGenshinImpact.csproj]
E:\Program Files\better-genshin-impact-LCB\BetterGenshinImpact\GameTask\LogParse\YsHttp.cs(42,24): warning CS8618: 在退出构造函数时，不可为 null 的 属性 "List" 必须包含非 null 值。请考虑添加 "required" 修饰符或将该 属性 声明为可为 null。 [E:\Program Files\better-genshin-impact-LCB\BetterGenshinImpact\BetterGenshinImpact.csproj]
E:\Program Files\better-genshin-impact-LCB\BetterGenshinImpact\GameTask\LogParse\YsHttp.cs(19,53): warning CS8618: 在退出构造函数时，不可为 null 的 属性 "Message" 必须包含非 null 值。请考虑添加 "required" 修饰符或将该 属性 声明为可为 null。 [E:\Program Files\better-genshin-impact-LCB\BetterGenshinImpact\BetterGenshinImpact.csproj]
E:\Program Files\better-genshin-impact-LCB\BetterGenshinImpact\GameTask\LogParse\YsHttp.cs(20,24): warning CS8618: 在退出构造函数时，不可为 null 的 属性 "Data" 必须包含非 null 值。请考虑添加 "required" 修饰符或将该 属性 声明为可为 null。 [E:\Program Files\better-genshin-impact-LCB\BetterGenshinImpact\BetterGenshinImpact.csproj]
E:\Program Files\better-genshin-impact-LCB\BetterGenshinImpact\GameTask\AutoPathing\PathExecutor.cs(396,43): warning CS0420: “PathExecutor._multiplayerRevivalDetected”: 对 volatile 字段的引用不被视为 volatile [E:\Program Files\better-genshin-impact-LCB\BetterGenshinImpact\BetterGenshinImpact.csproj]
E:\Program Files\better-genshin-impact-LCB\BetterGenshinImpact\GameTask\AutoPathing\PathExecutor.cs(416,62): warning CS0420: “PathExecutor._multiplayerRevivalDetected”: 对 volatile 字段的引用不被视为 volatile [E:\Program Files\better-genshin-impact-LCB\BetterGenshinImpact\BetterGenshinImpact.csproj]
E:\Program Files\better-genshin-impact-LCB\BetterGenshinImpact\GameTask\LogParse\TravelsDiaryDetailManager.cs(162,29): warning CS8602: 解引用可能出现空引用。 [E:\Program Files\better-genshin-impact-LCB\BetterGenshinImpact\BetterGenshinImpact.csproj]
E:\Program Files\better-genshin-impact-LCB\BetterGenshinImpact\GameTask\LogParse\TravelsDiaryDetailManager.cs(192,33): warning CS0168: 声明了变量“e”，但从未使用过 [E:\Program Files\better-genshin-impact-LCB\BetterGenshinImpact\BetterGenshinImpact.csproj]
E:\Program Files\better-genshin-impact-LCB\BetterGenshinImpact\GameTask\LogParse\TravelsDiaryDetailManager.cs(216,28): warning CS8600: 将 null 文本或可能的 null 值转换为不可为 null 类型。 [E:\Program Files\better-genshin-impact-LCB\BetterGenshinImpact\BetterGenshinImpact.csproj]
E:\Program Files\better-genshin-impact-LCB\BetterGenshinImpact\GameTask\LogParse\TravelsDiaryDetailManager.cs(221,39): warning CS8604: “DirectoryInfo Directory.CreateDirectory(string path)”中的形参“path”可能传入 null 引用实参。 [E:\Program Files\better-genshin-impact-LCB\BetterGenshinImpact\BetterGenshinImpact.csproj]
E:\Program Files\better-genshin-impact-LCB\BetterGenshinImpact\GameTask\AutoTrackPath\TpTaskOfficial.cs(1248,52): warning CS0168: 声明了变量“e”，但从未使用过 [E:\Program Files\better-genshin-impact-LCB\BetterGenshinImpact\BetterGenshinImpact.csproj]
E:\Program Files\better-genshin-impact-LCB\BetterGenshinImpact\GameTask\AutoWood\AutoWoodTask.cs(55,12): warning CS8618: 在退出构造函数时，不可为 null 的 字段 "_printer" 必须包含非 null 值。请考虑添加 "required" 修饰符或将该 字段 声明为可为 null。 [E:\Program Files\better-genshin-impact-LCB\BetterGenshinImpact\BetterGenshinImpact.csproj]
E:\Program Files\better-genshin-impact-LCB\BetterGenshinImpact\GameTask\AutoWood\AutoWoodTask.cs(55,12): warning CS8618: 在退出构造函数时，不可为 null 的 字段 "_enterAndExitWonderlandJob" 必须包含非 null 值。请考虑添加 "required" 修饰符或将该 字段 声明为可为 null。 [E:\Program Files\better-genshin-impact-LCB\BetterGenshinImpact\BetterGenshinImpact.csproj]
E:\Program Files\better-genshin-impact-LCB\BetterGenshinImpact\GameTask\LogParse\MoraStatistics.cs(57,40): warning CS8603: 可能返回 null 引用。 [E:\Program Files\better-genshin-impact-LCB\BetterGenshinImpact\BetterGenshinImpact.csproj]
E:\Program Files\better-genshin-impact-LCB\BetterGenshinImpact\GameTask\LogParse\MoraStatistics.cs(58,40): warning CS8603: 可能返回 null 引用。 [E:\Program Files\better-genshin-impact-LCB\BetterGenshinImpact\BetterGenshinImpact.csproj]
E:\Program Files\better-genshin-impact-LCB\BetterGenshinImpact\GameTask\LogParse\MoraStatistics.cs(74,17): warning CS8602: 解引用可能出现空引用。 [E:\Program Files\better-genshin-impact-LCB\BetterGenshinImpact\BetterGenshinImpact.csproj]
E:\Program Files\better-genshin-impact-LCB\BetterGenshinImpact\ViewModel\Pages\OneDragonFlowViewModel.cs(1070,32): warning CS8625: 无法将 null 字面量转换为非 null 的引用类型。 [E:\Program Files\better-genshin-impact-LCB\BetterGenshinImpact\BetterGenshinImpact.csproj]
E:\Program Files\better-genshin-impact-LCB\BetterGenshinImpact\GameTask\AutoWood\Assets\AutoWoodAssets.cs(29,13): warning CS8618: 在退出构造函数时，不可为 null 的 字段 "WoodCountRo" 必须包含非 null 值。请考虑添加 "required" 修饰符或将该 字段 声明为可为 null。 [E:\Program Files\better-genshin-impact-LCB\BetterGenshinImpact\BetterGenshinImpact.csproj]
E:\Program Files\better-genshin-impact-LCB\BetterGenshinImpact\GameTask\AutoWood\Assets\AutoWoodAssets.cs(29,13): warning CS8618: 在退出构造函数时，不可为 null 的 字段 "WoodCountMRo" 必须包含非 null 值。请考虑添加 "required" 修饰符或将该 字段 声明为可为 null。 [E:\Program Files\better-genshin-impact-LCB\BetterGenshinImpact\BetterGenshinImpact.csproj]
E:\Program Files\better-genshin-impact-LCB\BetterGenshinImpact\GameTask\LogParse\MoraStatistics.cs(9,23): warning CS8618: 在退出构造函数时，不可为 null 的 字段 "Name" 必须包含非 null 值。请考虑添加 "required" 修饰符或将该 字段 声明为可为 null。 [E:\Program Files\better-genshin-impact-LCB\BetterGenshinImpact\BetterGenshinImpact.csproj]
E:\Program Files\better-genshin-impact-LCB\BetterGenshinImpact\GameTask\AutoSkip\Audio\ProcessLoopbackAudioCapture.cs(33,77): warning CS9191: 与 “in” 参数对应的参数 1 的 “ref” 修饰符等效于 “in”。请考虑改用 “in”。 [E:\Program Files\better-genshin-impact-LCB\BetterGenshinImpact\BetterGenshinImpact.csproj]
E:\Program Files\better-genshin-impact-LCB\BetterGenshinImpact\GameTask\AutoSkip\Audio\ProcessLoopbackAudioCapture.cs(33,29): warning CS8600: 将 null 文本或可能的 null 值转换为不可为 null 类型。 [E:\Program Files\better-genshin-impact-LCB\BetterGenshinImpact\BetterGenshinImpact.csproj]
E:\Program Files\better-genshin-impact-LCB\BetterGenshinImpact\GameTask\AutoSkip\Audio\ProcessLoopbackAudioCapture.cs(37,30): warning CS8601: 可能的 null 引用赋值。 [E:\Program Files\better-genshin-impact-LCB\BetterGenshinImpact\BetterGenshinImpact.csproj]
E:\Program Files\better-genshin-impact-LCB\BetterGenshinImpact\GameTask\AutoSkip\Audio\ProcessLoopbackAudioCapture.cs(24,12): warning CS8618: 在退出构造函数时，不可为 null 的 字段 "_captureClient" 必须包含非 null 值。请考虑添加 "required" 修饰符或将该 字段 声明为可为 null。 [E:\Program Files\better-genshin-impact-LCB\BetterGenshinImpact\BetterGenshinImpact.csproj]
E:\Program Files\better-genshin-impact-LCB\BetterGenshinImpact\GameTask\AutoSkip\Audio\ProcessLoopbackAudioCapture.cs(158,21): warning CS9191: 与 “in” 参数对应的参数 6 的 “ref” 修饰符等效于 “in”。请考虑改用 “in”。 [E:\Program Files\better-genshin-impact-LCB\BetterGenshinImpact\BetterGenshinImpact.csproj]
E:\Program Files\better-genshin-impact-LCB\BetterGenshinImpact\GameTask\LogParse\LogParse.cs(206,29): warning CS8602: 解引用可能出现空引用。 [E:\Program Files\better-genshin-impact-LCB\BetterGenshinImpact\BetterGenshinImpact.csproj]
E:\Program Files\better-genshin-impact-LCB\BetterGenshinImpact\GameTask\LogParse\LogParse.cs(934,36): warning CS8600: 将 null 文本或可能的 null 值转换为不可为 null 类型。 [E:\Program Files\better-genshin-impact-LCB\BetterGenshinImpact\BetterGenshinImpact.csproj]
E:\Program Files\better-genshin-impact-LCB\BetterGenshinImpact\GameTask\LogParse\LogParse.cs(939,43): warning CS8604: “DirectoryInfo Directory.CreateDirectory(string path)”中的形参“path”可能传入 null 引用实参。 [E:\Program Files\better-genshin-impact-LCB\BetterGenshinImpact\BetterGenshinImpact.csproj]
E:\Program Files\better-genshin-impact-LCB\BetterGenshinImpact\GameTask\LogParse\LogParse.cs(266,27): warning CS8618: 在退出构造函数时，不可为 null 的 属性 "Name" 必须包含非 null 值。请考虑添加 "required" 修饰符或将该 属性 声明为可为 null。 [E:\Program Files\better-genshin-impact-LCB\BetterGenshinImpact\BetterGenshinImpact.csproj]
E:\Program Files\better-genshin-impact-LCB\BetterGenshinImpact\GameTask\LogParse\LogParse.cs(280,31): warning CS8618: 在退出构造函数时，不可为 null 的 属性 "Name" 必须包含非 null 值。请考虑添加 "required" 修饰符或将该 属性 声明为可为 null。 [E:\Program Files\better-genshin-impact-LCB\BetterGenshinImpact\BetterGenshinImpact.csproj]
E:\Program Files\better-genshin-impact-LCB\BetterGenshinImpact\GameTask\AutoHoeing\Multiplayer\MultiplayerCoordinator.cs(1003,28): warning CS1998: 此异步方法缺少 "await" 运算符，将以同步方式运行。请考虑使用 "await" 运算符等待非阻止的 API 调用，或者使用 "await Task.Run(...)" 在后台线程上执行占用大量 CPU 的工作。 [E:\Program Files\better-genshin-impact-LCB\BetterGenshinImpact\BetterGenshinImpact.csproj]
E:\Program Files\better-genshin-impact-LCB\BetterGenshinImpact\GameTask\GameLoading\GameLoading.cs(110,34): warning CS0168: 声明了变量“e”，但从未使用过 [E:\Program Files\better-genshin-impact-LCB\BetterGenshinImpact\BetterGenshinImpact.csproj]
E:\Program Files\better-genshin-impact-LCB\BetterGenshinImpact\GameTask\GameLoading\GameLoading.cs(157,26): warning CS0168: 声明了变量“ex”，但从未使用过 [E:\Program Files\better-genshin-impact-LCB\BetterGenshinImpact\BetterGenshinImpact.csproj]
E:\Program Files\better-genshin-impact-LCB\BetterGenshinImpact\GameTask\GameTaskManager.cs(118,114): warning CS8604: “AutoSkipTrigger.AutoSkipTrigger(AutoSkipConfig config)”中的形参“config”可能传入 null 引用实参。 [E:\Program Files\better-genshin-impact-LCB\BetterGenshinImpact\BetterGenshinImpact.csproj]
E:\Program Files\better-genshin-impact-LCB\BetterGenshinImpact\GameTask\GameLoading\GameLoading.cs(210,38): warning CS8600: 将 null 文本或可能的 null 值转换为不可为 null 类型。 [E:\Program Files\better-genshin-impact-LCB\BetterGenshinImpact\BetterGenshinImpact.csproj]
E:\Program Files\better-genshin-impact-LCB\BetterGenshinImpact\GameTask\GameLoading\GameLoading.cs(216,42): warning CS8600: 将 null 文本或可能的 null 值转换为不可为 null 类型。 [E:\Program Files\better-genshin-impact-LCB\BetterGenshinImpact\BetterGenshinImpact.csproj]
E:\Program Files\better-genshin-impact-LCB\BetterGenshinImpact\GameTask\GameLoading\GameLoading.cs(335,64): warning CS8604: “(nint windowHandle, string windowType) GameLoadingTrigger.GetBiliLoginWindow(Process process)”中的形参“process”可能传入 null 引用实参。 [E:\Program Files\better-genshin-impact-LCB\BetterGenshinImpact\BetterGenshinImpact.csproj]
E:\Program Files\better-genshin-impact-LCB\BetterGenshinImpact\GameTask\AutoPathing\Handler\ActionFactory.cs(21,40): warning CS0612: “NormalAttackHandler”已过时 [E:\Program Files\better-genshin-impact-LCB\BetterGenshinImpact\BetterGenshinImpact.csproj]
E:\Program Files\better-genshin-impact-LCB\BetterGenshinImpact\GameTask\AutoPathing\Handler\ActionFactory.cs(22,42): warning CS0612: “ElementalSkillHandler”已过时 [E:\Program Files\better-genshin-impact-LCB\BetterGenshinImpact\BetterGenshinImpact.csproj]
E:\Program Files\better-genshin-impact-LCB\BetterGenshinImpact\GameTask\AutoPathing\Handler\AutoFightHandler.cs(69,37): warning CS8600: 将 null 文本或可能的 null 值转换为不可为 null 类型。 [E:\Program Files\better-genshin-impact-LCB\BetterGenshinImpact\BetterGenshinImpact.csproj]
E:\Program Files\better-genshin-impact-LCB\BetterGenshinImpact\GameTask\AutoPathing\Handler\AutoFightHandler.cs(212,77): warning CS8604: “string AutoFightHandler.GetFightStrategy(AutoFightConfig config)”中的形参“config”可能传入 null 引用实参。 [E:\Program Files\better-genshin-impact-LCB\BetterGenshinImpact\BetterGenshinImpact.csproj]
E:\Program Files\better-genshin-impact-LCB\BetterGenshinImpact\GameTask\Common\Map\Camera\CameraOrientationFromLimint.cs(28,12): warning CS8618: 在退出构造函数时，不可为 null 的 字段 "rotationRemapDataX" 必须包含非 null 值。请考虑添加 "required" 修饰符或将该 字段 声明为可为 null。 [E:\Program Files\better-genshin-impact-LCB\BetterGenshinImpact\BetterGenshinImpact.csproj]
E:\Program Files\better-genshin-impact-LCB\BetterGenshinImpact\GameTask\Common\Map\Camera\CameraOrientationFromLimint.cs(28,12): warning CS8618: 在退出构造函数时，不可为 null 的 字段 "rotationRemapDataY" 必须包含非 null 值。请考虑添加 "required" 修饰符或将该 字段 声明为可为 null。 [E:\Program Files\better-genshin-impact-LCB\BetterGenshinImpact\BetterGenshinImpact.csproj]
E:\Program Files\better-genshin-impact-LCB\BetterGenshinImpact\GameTask\Common\Map\Camera\CameraOrientationFromLimint.cs(28,12): warning CS8618: 在退出构造函数时，不可为 null 的 字段 "alphaMask1" 必须包含非 null 值。请考虑添加 "required" 修饰符或将该 字段 声明为可为 null。 [E:\Program Files\better-genshin-impact-LCB\BetterGenshinImpact\BetterGenshinImpact.csproj]
E:\Program Files\better-genshin-impact-LCB\BetterGenshinImpact\GameTask\Common\Map\Camera\CameraOrientationFromLimint.cs(28,12): warning CS8618: 在退出构造函数时，不可为 null 的 字段 "alphaMask2" 必须包含非 null 值。请考虑添加 "required" 修饰符或将该 字段 声明为可为 null。 [E:\Program Files\better-genshin-impact-LCB\BetterGenshinImpact\BetterGenshinImpact.csproj]
E:\Program Files\better-genshin-impact-LCB\BetterGenshinImpact\GameTask\AutoHoeing\Multiplayer\KazuhaCollectSyncCoordinator.cs(301,40): warning CS8604: “Task KazuhaCollectSyncCoordinator.RunAsKazuhaAsync(WaypointForTrack fightPointWaypoint, string syncKey, Task<PreparationResult>? prepTask, CancellationToken ct)”中的形参“fightPointWaypoint”可能传入 null 引用实参。 [E:\Program Files\better-genshin-impact-LCB\BetterGenshinImpact\BetterGenshinImpact.csproj]
E:\Program Files\better-genshin-impact-LCB\BetterGenshinImpact\GameTask\Common\Job\GoToSereniteaPotTask.cs(55,12): warning CS8618: 在退出构造函数时，不可为 null 的 字段 "dongTianName" 必须包含非 null 值。请考虑添加 "required" 修饰符或将该 字段 声明为可为 null。 [E:\Program Files\better-genshin-impact-LCB\BetterGenshinImpact\BetterGenshinImpact.csproj]
E:\Program Files\better-genshin-impact-LCB\BetterGenshinImpact\GameTask\Common\Job\LinneaMiningTask.cs(214,43): warning CS8600: 将 null 文本或可能的 null 值转换为不可为 null 类型。 [E:\Program Files\better-genshin-impact-LCB\BetterGenshinImpact\BetterGenshinImpact.csproj]
E:\Program Files\better-genshin-impact-LCB\BetterGenshinImpact\GameTask\Common\Job\SetTimeTask.cs(95,24): warning CS1998: 此异步方法缺少 "await" 运算符，将以同步方式运行。请考虑使用 "await" 运算符等待非阻止的 API 调用，或者使用 "await Task.Run(...)" 在后台线程上执行占用大量 CPU 的工作。 [E:\Program Files\better-genshin-impact-LCB\BetterGenshinImpact\BetterGenshinImpact.csproj]
E:\Program Files\better-genshin-impact-LCB\BetterGenshinImpact\GameTask\Common\Job\GoToSereniteaPotTask.cs(504,13): warning CS8602: 解引用可能出现空引用。 [E:\Program Files\better-genshin-impact-LCB\BetterGenshinImpact\BetterGenshinImpact.csproj]
E:\Program Files\better-genshin-impact-LCB\BetterGenshinImpact\GameTask\AutoPathing\PathExecutor.cs(1371,37): warning CS4014: 由于此调用不会等待，因此在此调用完成之前将会继续执行当前方法。请考虑将 "await" 运算符应用于调用结果。 [E:\Program Files\better-genshin-impact-LCB\BetterGenshinImpact\BetterGenshinImpact.csproj]
E:\Program Files\better-genshin-impact-LCB\BetterGenshinImpact\GameTask\AutoPathing\PathExecutor.cs(662,62): warning CS8620: 由于引用类型的可为 null 性差异，Dictionary<int, string> 类型的实参不能用于 Dictionary<int, string?>.Dictionary(IDictionary<int, string?> dictionary) 中 IDictionary<int, string?> 类型的形参 dictionary。 [E:\Program Files\better-genshin-impact-LCB\BetterGenshinImpact\BetterGenshinImpact.csproj]
E:\Program Files\better-genshin-impact-LCB\BetterGenshinImpact\GameTask\AutoPathing\PathExecutor.cs(1440,60): warning CS8602: 解引用可能出现空引用。 [E:\Program Files\better-genshin-impact-LCB\BetterGenshinImpact\BetterGenshinImpact.csproj]
E:\Program Files\better-genshin-impact-LCB\BetterGenshinImpact\GameTask\AutoPathing\PathExecutor.cs(1774,58): warning CS8602: 解引用可能出现空引用。 [E:\Program Files\better-genshin-impact-LCB\BetterGenshinImpact\BetterGenshinImpact.csproj]
E:\Program Files\better-genshin-impact-LCB\BetterGenshinImpact\GameTask\AutoPathing\PathExecutor.cs(1788,67): warning CS8604: “Task PathExecutor.MoveCloseTo(WaypointForTrack waypoint, double closeDistance = 2, int? tailDelayMs = null, int maxSteps = 25, string? fastSyncId = null, WaypointForTrack? fastSyncWaypoint = null, bool escapeClimbOnReturn = false, bool guardJumpOnReturn = false)”中的形参“waypoint”可能传入 null 引用实参。 [E:\Program Files\better-genshin-impact-LCB\BetterGenshinImpact\BetterGenshinImpact.csproj]
E:\Program Files\better-genshin-impact-LCB\BetterGenshinImpact\GameTask\AutoPathing\PathExecutor.cs(1848,51): warning CS8602: 解引用可能出现空引用。 [E:\Program Files\better-genshin-impact-LCB\BetterGenshinImpact\BetterGenshinImpact.csproj]
E:\Program Files\better-genshin-impact-LCB\BetterGenshinImpact\GameTask\AutoPathing\PathExecutor.cs(694,46): warning CS0420: “PathExecutor._multiplayerRevivalDetected”: 对 volatile 字段的引用不被视为 volatile [E:\Program Files\better-genshin-impact-LCB\BetterGenshinImpact\BetterGenshinImpact.csproj]
E:\Program Files\better-genshin-impact-LCB\BetterGenshinImpact\GameTask\AutoPathing\PathExecutor.cs(2051,139): warning CS0420: “PathExecutor._protectionConsumed”: 对 volatile 字段的引用不被视为 volatile [E:\Program Files\better-genshin-impact-LCB\BetterGenshinImpact\BetterGenshinImpact.csproj]
E:\Program Files\better-genshin-impact-LCB\BetterGenshinImpact\GameTask\AutoPathing\PathExecutor.cs(1898,41): warning CS0168: 声明了变量“handledException”，但从未使用过 [E:\Program Files\better-genshin-impact-LCB\BetterGenshinImpact\BetterGenshinImpact.csproj]
E:\Program Files\better-genshin-impact-LCB\BetterGenshinImpact\GameTask\AutoPathing\PathExecutor.cs(1915,46): warning CS0168: 声明了变量“e”，但从未使用过 [E:\Program Files\better-genshin-impact-LCB\BetterGenshinImpact\BetterGenshinImpact.csproj]
E:\Program Files\better-genshin-impact-LCB\BetterGenshinImpact\GameTask\AutoPathing\PathExecutor.cs(2821,13): warning CS4014: 由于此调用不会等待，因此在此调用完成之前将会继续执行当前方法。请考虑将 "await" 运算符应用于调用结果。 [E:\Program Files\better-genshin-impact-LCB\BetterGenshinImpact\BetterGenshinImpact.csproj]
E:\Program Files\better-genshin-impact-LCB\BetterGenshinImpact\GameTask\AutoPathing\PathExecutor.cs(2923,48): warning CS0612: “AutoFightSkill.AvatarQSkillAsync(ImageRegion?, List<int>?, int?)”已过时 [E:\Program Files\better-genshin-impact-LCB\BetterGenshinImpact\BetterGenshinImpact.csproj]
E:\Program Files\better-genshin-impact-LCB\BetterGenshinImpact\GameTask\AutoPathing\PathExecutor.cs(2906,43): warning CS8602: 解引用可能出现空引用。 [E:\Program Files\better-genshin-impact-LCB\BetterGenshinImpact\BetterGenshinImpact.csproj]
E:\Program Files\better-genshin-impact-LCB\BetterGenshinImpact\GameTask\AutoPathing\PathExecutor.cs(2919,35): warning CS8602: 解引用可能出现空引用。 [E:\Program Files\better-genshin-impact-LCB\BetterGenshinImpact\BetterGenshinImpact.csproj]
E:\Program Files\better-genshin-impact-LCB\BetterGenshinImpact\GameTask\AutoPathing\PathExecutor.cs(3197,34): warning CS0168: 声明了变量“e”，但从未使用过 [E:\Program Files\better-genshin-impact-LCB\BetterGenshinImpact\BetterGenshinImpact.csproj]
E:\Program Files\better-genshin-impact-LCB\BetterGenshinImpact\GameTask\AutoHoeing\AutoHoeingTask.cs(3994,31): warning CS8602: 解引用可能出现空引用。 [E:\Program Files\better-genshin-impact-LCB\BetterGenshinImpact\BetterGenshinImpact.csproj]
E:\Program Files\better-genshin-impact-LCB\BetterGenshinImpact\GameTask\AutoHoeing\AutoHoeingTask.cs(4151,48): warning CS8601: 可能的 null 引用赋值。 [E:\Program Files\better-genshin-impact-LCB\BetterGenshinImpact\BetterGenshinImpact.csproj]
E:\Program Files\better-genshin-impact-LCB\BetterGenshinImpact\GameTask\AutoHoeing\AutoHoeingTask.cs(4299,33): warning CS8602: 解引用可能出现空引用。 [E:\Program Files\better-genshin-impact-LCB\BetterGenshinImpact\BetterGenshinImpact.csproj]
E:\Program Files\better-genshin-impact-LCB\BetterGenshinImpact\GameTask\AutoHoeing\AutoHoeingTask.cs(4631,65): warning CS8601: 可能的 null 引用赋值。 [E:\Program Files\better-genshin-impact-LCB\BetterGenshinImpact\BetterGenshinImpact.csproj]
E:\Program Files\better-genshin-impact-LCB\BetterGenshinImpact\GameTask\AutoPathing\PathExecutor.cs(3279,34): warning CS8509: switch 表达式不处理其输入类型的所有可能的值(它不是穷举)。例如，模式“0”未包含在内。 [E:\Program Files\better-genshin-impact-LCB\BetterGenshinImpact\BetterGenshinImpact.csproj]
E:\Program Files\better-genshin-impact-LCB\BetterGenshinImpact\GameTask\AutoPathing\PathExecutor.cs(3271,9): warning CS4014: 由于此调用不会等待，因此在此调用完成之前将会继续执行当前方法。请考虑将 "await" 运算符应用于调用结果。 [E:\Program Files\better-genshin-impact-LCB\BetterGenshinImpact\BetterGenshinImpact.csproj]
E:\Program Files\better-genshin-impact-LCB\BetterGenshinImpact\GameTask\AutoPathing\PathExecutor.cs(3606,17): warning CS4014: 由于此调用不会等待，因此在此调用完成之前将会继续执行当前方法。请考虑将 "await" 运算符应用于调用结果。 [E:\Program Files\better-genshin-impact-LCB\BetterGenshinImpact\BetterGenshinImpact.csproj]
E:\Program Files\better-genshin-impact-LCB\BetterGenshinImpact\GameTask\AutoPathing\PathExecutor.cs(4022,29): warning CS4014: 由于此调用不会等待，因此在此调用完成之前将会继续执行当前方法。请考虑将 "await" 运算符应用于调用结果。 [E:\Program Files\better-genshin-impact-LCB\BetterGenshinImpact\BetterGenshinImpact.csproj]
E:\Program Files\better-genshin-impact-LCB\BetterGenshinImpact\GameTask\AutoPathing\PathExecutor.cs(3461,81): warning CS8604: “Task<(Point2f point, int additionalTimeInMs)> PathExecutor.GetPositionAndTime(ImageRegion imageRegion, WaypointForTrack waypoint, bool isPoint = true)”中的形参“waypoint”可能传入 null 引用实参。 [E:\Program Files\better-genshin-impact-LCB\BetterGenshinImpact\BetterGenshinImpact.csproj]
E:\Program Files\better-genshin-impact-LCB\BetterGenshinImpact\GameTask\AutoPathing\PathExecutor.cs(3810,65): warning CS8602: 解引用可能出现空引用。 [E:\Program Files\better-genshin-impact-LCB\BetterGenshinImpact\BetterGenshinImpact.csproj]
E:\Program Files\better-genshin-impact-LCB\BetterGenshinImpact\GameTask\AutoPathing\PathExecutor.cs(3916,46): warning CS8604: “Task PathExecutor.FaceTo(WaypointForTrack waypoint)”中的形参“waypoint”可能传入 null 引用实参。 [E:\Program Files\better-genshin-impact-LCB\BetterGenshinImpact\BetterGenshinImpact.csproj]
E:\Program Files\better-genshin-impact-LCB\BetterGenshinImpact\GameTask\AutoPathing\PathExecutor.cs(3932,55): warning CS8604: “Task TrapEscaper.MoveTo(WaypointForTrack waypoint)”中的形参“waypoint”可能传入 null 引用实参。 [E:\Program Files\better-genshin-impact-LCB\BetterGenshinImpact\BetterGenshinImpact.csproj]
E:\Program Files\better-genshin-impact-LCB\BetterGenshinImpact\GameTask\AutoPathing\PathExecutor.cs(3945,65): warning CS8604: “int Navigation.GetTargetOrientation(Waypoint waypoint, Point2f position)”中的形参“waypoint”可能传入 null 引用实参。 [E:\Program Files\better-genshin-impact-LCB\BetterGenshinImpact\BetterGenshinImpact.csproj]
E:\Program Files\better-genshin-impact-LCB\BetterGenshinImpact\GameTask\AutoPathing\PathExecutor.cs(3886,147): warning CS0420: “PathExecutor._protectionConsumed”: 对 volatile 字段的引用不被视为 volatile [E:\Program Files\better-genshin-impact-LCB\BetterGenshinImpact\BetterGenshinImpact.csproj]
E:\Program Files\better-genshin-impact-LCB\BetterGenshinImpact\GameTask\AutoPathing\PathExecutor.cs(3271,27): warning CS1998: 此异步方法缺少 "await" 运算符，将以同步方式运行。请考虑使用 "await" 运算符等待非阻止的 API 调用，或者使用 "await Task.Run(...)" 在后台线程上执行占用大量 CPU 的工作。 [E:\Program Files\better-genshin-impact-LCB\BetterGenshinImpact\BetterGenshinImpact.csproj]
E:\Program Files\better-genshin-impact-LCB\BetterGenshinImpact\GameTask\AutoHoeing\AutoHoeingTask.cs(5613,29): warning CS8602: 解引用可能出现空引用。 [E:\Program Files\better-genshin-impact-LCB\BetterGenshinImpact\BetterGenshinImpact.csproj]
E:\Program Files\better-genshin-impact-LCB\BetterGenshinImpact\GameTask\AutoHoeing\AutoHoeingTask.cs(5634,32): warning CS1998: 此异步方法缺少 "await" 运算符，将以同步方式运行。请考虑使用 "await" 运算符等待非阻止的 API 调用，或者使用 "await Task.Run(...)" 在后台线程上执行占用大量 CPU 的工作。 [E:\Program Files\better-genshin-impact-LCB\BetterGenshinImpact\BetterGenshinImpact.csproj]
E:\Program Files\better-genshin-impact-LCB\BetterGenshinImpact\GameTask\AutoPathing\PathExecutor.cs(4626,34): warning CS0168: 声明了变量“e”，但从未使用过 [E:\Program Files\better-genshin-impact-LCB\BetterGenshinImpact\BetterGenshinImpact.csproj]
E:\Program Files\better-genshin-impact-LCB\BetterGenshinImpact\Service\Notifier\BarkNotifier.cs(112,35): warning CS0169: 从不使用字段“BarkNotifier._group” [E:\Program Files\better-genshin-impact-LCB\BetterGenshinImpact\BetterGenshinImpact.csproj]
E:\Program Files\better-genshin-impact-LCB\BetterGenshinImpact\GameTask\AutoPathing\Handler\SkillBoostHelper.cs(40,21): warning CS0649: 从未对字段“PathExecutor.HurryOnState.IsFlyingMwk”赋值，字段将一直保持其默认值 false [E:\Program Files\better-genshin-impact-LCB\BetterGenshinImpact\BetterGenshinImpact.csproj]
E:\Program Files\better-genshin-impact-LCB\BetterGenshinImpact\GameTask\AutoPathing\Handler\SkillBoostHelper.cs(43,23): warning CS0649: 从未对字段“PathExecutor.HurryOnState.DistanceHalf”赋值，字段将一直保持其默认值 0 [E:\Program Files\better-genshin-impact-LCB\BetterGenshinImpact\BetterGenshinImpact.csproj]
E:\Program Files\better-genshin-impact-LCB\BetterGenshinImpact\ViewModel\Pages\JsListViewModel.cs(49,23): warning CS0169: 从不使用字段“JsListViewModel._webView2” [E:\Program Files\better-genshin-impact-LCB\BetterGenshinImpact\BetterGenshinImpact.csproj]
E:\Program Files\better-genshin-impact-LCB\BetterGenshinImpact\Service\Notifier\BarkNotifier.cs(113,35): warning CS0169: 从不使用字段“BarkNotifier._sound” [E:\Program Files\better-genshin-impact-LCB\BetterGenshinImpact\BetterGenshinImpact.csproj]
E:\Program Files\better-genshin-impact-LCB\BetterGenshinImpact\GameTask\AutoPathing\Handler\SkillBoostHelper.cs(47,24): warning CS0649: 从未对字段“PathExecutor.HurryOnState.OriginalMoveMode”赋值，字段将一直保持其默认值 null [E:\Program Files\better-genshin-impact-LCB\BetterGenshinImpact\BetterGenshinImpact.csproj]
E:\Program Files\better-genshin-impact-LCB\BetterGenshinImpact\GameTask\AutoPathing\Handler\SkillBoostHelper.cs(37,20): warning CS0649: 从未对字段“PathExecutor.HurryOnState.MavikaFlyCount”赋值，字段将一直保持其默认值 0 [E:\Program Files\better-genshin-impact-LCB\BetterGenshinImpact\BetterGenshinImpact.csproj]
E:\Program Files\better-genshin-impact-LCB\BetterGenshinImpact\GameTask\AutoHoeing\Multiplayer\WorldStateMonitor.cs(121,30): warning CS0067: 从不使用事件“WorldStateMonitor.OnDroppedFromRoom” [E:\Program Files\better-genshin-impact-LCB\BetterGenshinImpact\BetterGenshinImpact.csproj]
E:\Program Files\better-genshin-impact-LCB\BetterGenshinImpact\ViewModel\Pages\JsListViewModel.cs(53,41): warning CS0169: 从不使用字段“JsListViewModel._navigationCompletionSource” [E:\Program Files\better-genshin-impact-LCB\BetterGenshinImpact\BetterGenshinImpact.csproj]
E:\Program Files\better-genshin-impact-LCB\BetterGenshinImpact\ViewModel\Pages\TaskSettingsPageViewModel.cs(63,38): warning CS0169: 从不使用字段“TaskSettingsPageViewModel._cts” [E:\Program Files\better-genshin-impact-LCB\BetterGenshinImpact\BetterGenshinImpact.csproj]
E:\Program Files\better-genshin-impact-LCB\BetterGenshinImpact\GameTask\AutoPathing\Handler\SkillBoostHelper.cs(49,20): warning CS0649: 从未对字段“PathExecutor.HurryOnState.ChascaFlightCheckCount”赋值，字段将一直保持其默认值 0 [E:\Program Files\better-genshin-impact-LCB\BetterGenshinImpact\BetterGenshinImpact.csproj]
E:\Program Files\better-genshin-impact-LCB\BetterGenshinImpact\ViewModel\Pages\JsListViewModel.cs(51,27): warning CS0169: 从不使用字段“JsListViewModel._mdWebpagePanel” [E:\Program Files\better-genshin-impact-LCB\BetterGenshinImpact\BetterGenshinImpact.csproj]
E:\Program Files\better-genshin-impact-LCB\BetterGenshinImpact\ViewModel\Pages\TaskSettingsPageViewModel.cs(367,17): warning CS0169: 从不使用字段“TaskSettingsPageViewModel._autoHoeingUnlockClickCount” [E:\Program Files\better-genshin-impact-LCB\BetterGenshinImpact\BetterGenshinImpact.csproj]
E:\Program Files\better-genshin-impact-LCB\BetterGenshinImpact\GameTask\AutoPathing\Handler\SkillBoostHelper.cs(39,20): warning CS0649: 从未对字段“PathExecutor.HurryOnState.RunCount”赋值，字段将一直保持其默认值 0 [E:\Program Files\better-genshin-impact-LCB\BetterGenshinImpact\BetterGenshinImpact.csproj]
E:\Program Files\better-genshin-impact-LCB\BetterGenshinImpact\GameTask\TaskTriggerDispatcher.cs(68,36): warning CS0067: 从不使用事件“TaskTriggerDispatcher.UiTaskStartTickEvent” [E:\Program Files\better-genshin-impact-LCB\BetterGenshinImpact\BetterGenshinImpact.csproj]
E:\Program Files\better-genshin-impact-LCB\BetterGenshinImpact\ViewModel\Pages\OneDragonFlowViewModel.cs(40,36): warning CS0169: 从不使用字段“OneDragonFlowViewModel._scriptService” [E:\Program Files\better-genshin-impact-LCB\BetterGenshinImpact\BetterGenshinImpact.csproj]
E:\Program Files\better-genshin-impact-LCB\BetterGenshinImpact\Service\Notification\NotificationService.cs(448,18): warning CS0414: 字段“NotificationService._refreshPending”已被赋值，但从未使用过它的值 [E:\Program Files\better-genshin-impact-LCB\BetterGenshinImpact\BetterGenshinImpact.csproj]
E:\Program Files\better-genshin-impact-LCB\BetterGenshinImpact\GameTask\AutoWood\Utils\Login3rdParty.cs(25,43): warning CS0414: 字段“Login3rdParty.lastAgreementClickPos”已被赋值，但从未使用过它的值 [E:\Program Files\better-genshin-impact-LCB\BetterGenshinImpact\BetterGenshinImpact.csproj]
E:\Program Files\better-genshin-impact-LCB\BetterGenshinImpact\GameTask\GameLoading\GameLoading.cs(57,43): warning CS0414: 字段“GameLoadingTrigger.lastAgreementClickPos”已被赋值，但从未使用过它的值 [E:\Program Files\better-genshin-impact-LCB\BetterGenshinImpact\BetterGenshinImpact.csproj]
E:\Program Files\better-genshin-impact-LCB\BetterGenshinImpact\GameTask\AutoPathing\PathExecutor.cs(4512,17): warning CS0414: 字段“PathExecutor.maxAutoPositionTime”已被赋值，但从未使用过它的值 [E:\Program Files\better-genshin-impact-LCB\BetterGenshinImpact\BetterGenshinImpact.csproj]
E:\Program Files\better-genshin-impact-LCB\BetterGenshinImpact\GameTask\GameLoading\GameLoading.cs(59,18): warning CS0414: 字段“GameLoadingTrigger._agePromptTextMatched”已被赋值，但从未使用过它的值 [E:\Program Files\better-genshin-impact-LCB\BetterGenshinImpact\BetterGenshinImpact.csproj]
E:\Program Files\better-genshin-impact-LCB\BetterGenshinImpact\Core\Config\PathingPartyTaskCycleConfig.cs(37,17): warning MVVMTK0034: The field BetterGenshinImpact.Core.Config.PathingPartyTaskCycleConfig._cycle is annotated with [ObservableProperty] and should not be directly referenced (use the generated property instead) (https://aka.ms/mvvmtoolkit/errors/mvvmtk0034) [E:\Program Files\better-genshin-impact-LCB\BetterGenshinImpact\BetterGenshinImpact.csproj]
E:\Program Files\better-genshin-impact-LCB\BetterGenshinImpact\Core\Config\PathingPartyTaskCycleConfig.cs(37,32): warning MVVMTK0034: The field BetterGenshinImpact.Core.Config.PathingPartyTaskCycleConfig._boundaryTime is annotated with [ObservableProperty] and should not be directly referenced (use the generated property instead) (https://aka.ms/mvvmtoolkit/errors/mvvmtk0034) [E:\Program Files\better-genshin-impact-LCB\BetterGenshinImpact\BetterGenshinImpact.csproj]
E:\Program Files\better-genshin-impact-LCB\BetterGenshinImpact\Core\Config\PathingPartyTaskCycleConfig.cs(37,53): warning MVVMTK0034: The field BetterGenshinImpact.Core.Config.PathingPartyTaskCycleConfig._boundaryTime is annotated with [ObservableProperty] and should not be directly referenced (use the generated property instead) (https://aka.ms/mvvmtoolkit/errors/mvvmtk0034) [E:\Program Files\better-genshin-impact-LCB\BetterGenshinImpact\BetterGenshinImpact.csproj]
E:\Program Files\better-genshin-impact-LCB\BetterGenshinImpact\Core\Config\PathingPartyTaskCycleConfig.cs(41,85): warning MVVMTK0034: The field BetterGenshinImpact.Core.Config.PathingPartyTaskCycleConfig._boundaryTime is annotated with [ObservableProperty] and should not be directly referenced (use the generated property instead) (https://aka.ms/mvvmtoolkit/errors/mvvmtk0034) [E:\Program Files\better-genshin-impact-LCB\BetterGenshinImpact\BetterGenshinImpact.csproj]
E:\Program Files\better-genshin-impact-LCB\BetterGenshinImpact\Core\Config\PathingPartyTaskCycleConfig.cs(54,47): warning MVVMTK0034: The field BetterGenshinImpact.Core.Config.PathingPartyTaskCycleConfig._cycle is annotated with [ObservableProperty] and should not be directly referenced (use the generated property instead) (https://aka.ms/mvvmtoolkit/errors/mvvmtk0034) [E:\Program Files\better-genshin-impact-LCB\BetterGenshinImpact\BetterGenshinImpact.csproj]
E:\Program Files\better-genshin-impact-LCB\BetterGenshinImpact\Core\Config\PathingPartyConfig.cs(109,65): warning MVVMTK0034: The field BetterGenshinImpact.Core.Config.PathingPartyConfig._onlyInTeleportRecover is annotated with [ObservableProperty] and should not be directly referenced (use the generated property instead) (https://aka.ms/mvvmtoolkit/errors/mvvmtk0034) [E:\Program Files\better-genshin-impact-LCB\BetterGenshinImpact\BetterGenshinImpact.csproj]
E:\Program Files\better-genshin-impact-LCB\BetterGenshinImpact\GameTask\UseRedeemCode\AutoRedeemCodeConfig.cs(44,14): warning MVVMTK0034: The field BetterGenshinImpact.GameTask.UseRedeemCode.AutoRedeemCodeConfig._usedCodesByUid is annotated with [ObservableProperty] and should not be directly referenced (use the generated property instead) (https://aka.ms/mvvmtoolkit/errors/mvvmtk0034) [E:\Program Files\better-genshin-impact-LCB\BetterGenshinImpact\BetterGenshinImpact.csproj]
E:\Program Files\better-genshin-impact-LCB\BetterGenshinImpact\GameTask\UseRedeemCode\AutoRedeemCodeConfig.cs(47,13): warning MVVMTK0034: The field BetterGenshinImpact.GameTask.UseRedeemCode.AutoRedeemCodeConfig._usedCodesByUid is annotated with [ObservableProperty] and should not be directly referenced (use the generated property instead) (https://aka.ms/mvvmtoolkit/errors/mvvmtk0034) [E:\Program Files\better-genshin-impact-LCB\BetterGenshinImpact\BetterGenshinImpact.csproj]
E:\Program Files\better-genshin-impact-LCB\BetterGenshinImpact\GameTask\UseRedeemCode\AutoRedeemCodeConfig.cs(66,38): warning MVVMTK0034: The field BetterGenshinImpact.GameTask.UseRedeemCode.AutoRedeemCodeConfig._usedCodesByUid is annotated with [ObservableProperty] and should not be directly referenced (use the generated property instead) (https://aka.ms/mvvmtoolkit/errors/mvvmtk0034) [E:\Program Files\better-genshin-impact-LCB\BetterGenshinImpact\BetterGenshinImpact.csproj]
E:\Program Files\better-genshin-impact-LCB\BetterGenshinImpact\GameTask\UseRedeemCode\AutoRedeemCodeConfig.cs(92,13): warning MVVMTK0034: The field BetterGenshinImpact.GameTask.UseRedeemCode.AutoRedeemCodeConfig._usedCodesByUid is annotated with [ObservableProperty] and should not be directly referenced (use the generated property instead) (https://aka.ms/mvvmtoolkit/errors/mvvmtk0034) [E:\Program Files\better-genshin-impact-LCB\BetterGenshinImpact\BetterGenshinImpact.csproj]
E:\Program Files\better-genshin-impact-LCB\BetterGenshinImpact\GameTask\UseRedeemCode\AutoRedeemCodeConfig.cs(105,9): warning MVVMTK0034: The field BetterGenshinImpact.GameTask.UseRedeemCode.AutoRedeemCodeConfig._lastRedeemCodeCheckDates is annotated with [ObservableProperty] and should not be directly referenced (use the generated property instead) (https://aka.ms/mvvmtoolkit/errors/mvvmtk0034) [E:\Program Files\better-genshin-impact-LCB\BetterGenshinImpact\BetterGenshinImpact.csproj]
E:\Program Files\better-genshin-impact-LCB\BetterGenshinImpact\Core\Config\PathingConditionConfig.cs(43,65): warning MVVMTK0034: The field BetterGenshinImpact.Core.Config.PathingConditionConfig._onlyInTeleportRecover is annotated with [ObservableProperty] and should not be directly referenced (use the generated property instead) (https://aka.ms/mvvmtoolkit/errors/mvvmtk0034) [E:\Program Files\better-genshin-impact-LCB\BetterGenshinImpact\BetterGenshinImpact.csproj]
E:\Program Files\better-genshin-impact-LCB\BetterGenshinImpact\ViewModel\Pages\View\ScriptGroupConfigViewModel.cs(109,21): warning MVVMTK0034: The field BetterGenshinImpact.ViewModel.Pages.View.ScriptGroupConfigViewModel._pathingConfig is annotated with [ObservableProperty] and should not be directly referenced (use the generated property instead) (https://aka.ms/mvvmtoolkit/errors/mvvmtk0034) [E:\Program Files\better-genshin-impact-LCB\BetterGenshinImpact\BetterGenshinImpact.csproj]
E:\Program Files\better-genshin-impact-LCB\BetterGenshinImpact\GameTask\AutoFight\AutoFightConfig.cs(227,13): warning MVVMTK0034: The field BetterGenshinImpact.GameTask.AutoFight.AutoFightConfig.FightFinishDetectConfig._returnToFightPointStopDistance is annotated with [ObservableProperty] and should not be directly referenced (use the generated property instead) (https://aka.ms/mvvmtoolkit/errors/mvvmtk0034) [E:\Program Files\better-genshin-impact-LCB\BetterGenshinImpact\BetterGenshinImpact.csproj]
E:\Program Files\better-genshin-impact-LCB\BetterGenshinImpact\GameTask\AutoFight\AutoFightConfig.cs(228,16): warning MVVMTK0034: The field BetterGenshinImpact.GameTask.AutoFight.AutoFightConfig.FightFinishDetectConfig._returnToFightPointStopDistance is annotated with [ObservableProperty] and should not be directly referenced (use the generated property instead) (https://aka.ms/mvvmtoolkit/errors/mvvmtk0034) [E:\Program Files\better-genshin-impact-LCB\BetterGenshinImpact\BetterGenshinImpact.csproj]
E:\Program Files\better-genshin-impact-LCB\BetterGenshinImpact\GameTask\AutoFight\AutoFightConfig.cs(229,16): warning MVVMTK0034: The field BetterGenshinImpact.GameTask.AutoFight.AutoFightConfig.FightFinishDetectConfig._returnToFightPointTriggerDistance is annotated with [ObservableProperty] and should not be directly referenced (use the generated property instead) (https://aka.ms/mvvmtoolkit/errors/mvvmtk0034) [E:\Program Files\better-genshin-impact-LCB\BetterGenshinImpact\BetterGenshinImpact.csproj]
E:\Program Files\better-genshin-impact-LCB\BetterGenshinImpact\GameTask\AutoFight\AutoFightConfig.cs(230,16): warning MVVMTK0034: The field BetterGenshinImpact.GameTask.AutoFight.AutoFightConfig.FightFinishDetectConfig._returnToFightPointTriggerDistance is annotated with [ObservableProperty] and should not be directly referenced (use the generated property instead) (https://aka.ms/mvvmtoolkit/errors/mvvmtk0034) [E:\Program Files\better-genshin-impact-LCB\BetterGenshinImpact\BetterGenshinImpact.csproj]
E:\Program Files\better-genshin-impact-LCB\BetterGenshinImpact\GameTask\AutoHoeing\AutoHoeingConfig.cs(721,9): warning MVVMTK0034: The field BetterGenshinImpact.GameTask.AutoHoeing.AutoHoeingConfig._variantPreferences is annotated with [ObservableProperty] and should not be directly referenced (use the generated property instead) (https://aka.ms/mvvmtoolkit/errors/mvvmtk0034) [E:\Program Files\better-genshin-impact-LCB\BetterGenshinImpact\BetterGenshinImpact.csproj]
E:\Program Files\better-genshin-impact-LCB\BetterGenshinImpact\GameTask\AutoHoeing\AutoHoeingConfig.cs(731,13): warning MVVMTK0034: The field BetterGenshinImpact.GameTask.AutoHoeing.AutoHoeingConfig._variantPreferences is annotated with [ObservableProperty] and should not be directly referenced (use the generated property instead) (https://aka.ms/mvvmtoolkit/errors/mvvmtk0034) [E:\Program Files\better-genshin-impact-LCB\BetterGenshinImpact\BetterGenshinImpact.csproj]
E:\Program Files\better-genshin-impact-LCB\BetterGenshinImpact\ViewModel\Pages\MapPathingViewModel.cs(174,23): warning MVVMTK0039: The method BetterGenshinImpact.ViewModel.Pages.MapPathingViewModel.OnOpenSettings() annotated with [RelayCommand] is async void (make sure to return a Task type instead) (https://aka.ms/mvvmtoolkit/errors/mvvmtk0039) [E:\Program Files\better-genshin-impact-LCB\BetterGenshinImpact\BetterGenshinImpact.csproj]
E:\Program Files\better-genshin-impact-LCB\BetterGenshinImpact\ViewModel\Pages\OneDragonFlowViewModel.cs(143,35): warning MVVMTK0034: The field BetterGenshinImpact.ViewModel.Pages.OneDragonFlowViewModel._scriptGroupsdefault is annotated with [ObservableProperty] and should not be directly referenced (use the generated property instead) (https://aka.ms/mvvmtoolkit/errors/mvvmtk0034) [E:\Program Files\better-genshin-impact-LCB\BetterGenshinImpact\BetterGenshinImpact.csproj]
E:\Program Files\better-genshin-impact-LCB\BetterGenshinImpact\GameTask\Common\StateMachine\StateMachineBase.cs(68,31): warning CA2021: 类型'TState'与类型'System.Enum'不兼容，强制转换尝试将在运行时引发 InvalidCastException (https://learn.microsoft.com/dotnet/fundamentals/code-analysis/quality-rules/ca2021) [E:\Program Files\better-genshin-impact-LCB\BetterGenshinImpact\BetterGenshinImpact.csproj]
  BetterGenshinImpact -> E:\BgiVersionCheck-01a10954\c17-products\BetterGI.dll
  CopyAutoHoeingUpdater: 复制 AutoHoeingUpdater 到 E:\BgiVersionCheck-01a10954\c17-products\Tools\AutoHoeingUpdater
E:\Program Files\better-genshin-impact-LCB\MultiplayerHoeingAssistant\MultiplayerHoeingAssistant_m4mxyswz_wpftmp.csproj : warning NU1902: 包 "SharpCompress" 0.38.0 具有已知的 中 严重性漏洞，https://github.com/advisories/GHSA-6c8g-7p36-r338
E:\Program Files\better-genshin-impact-LCB\MultiplayerHoeingAssistant\Services\BgiLogTailService.cs(177,44): warning CS8604: “FileInfo.FileInfo(string fileName)”中的形参“fileName”可能传入 null 引用实参。 [E:\Program Files\better-genshin-impact-LCB\MultiplayerHoeingAssistant\MultiplayerHoeingAssistant_m4mxyswz_wpftmp.csproj]
E:\Program Files\better-genshin-impact-LCB\MultiplayerHoeingAssistant\ViewModels\TaskCenterPanelViewModel.EditParts.cs(170,15): warning CS8620: 由于引用类型的可为 null 性差异，IEnumerable<(CatalogSourceVm v, int i)> 类型的实参不能用于 (CatalogSourceVm?, int) Enumerable.FirstOrDefault<(CatalogSourceVm?, int)>(IEnumerable<(CatalogSourceVm?, int)> source, Func<(CatalogSourceVm?, int), bool> predicate, (CatalogSourceVm?, int) defaultValue) 中 IEnumerable<(CatalogSourceVm?, int)> 类型的形参 source。 [E:\Program Files\better-genshin-impact-LCB\MultiplayerHoeingAssistant\MultiplayerHoeingAssistant_m4mxyswz_wpftmp.csproj]
E:\Program Files\better-genshin-impact-LCB\MultiplayerHoeingAssistant\ViewModels\TaskCenterPanelViewModel.EditParts.cs(170,74): warning CS8602: 解引用可能出现空引用。 [E:\Program Files\better-genshin-impact-LCB\MultiplayerHoeingAssistant\MultiplayerHoeingAssistant_m4mxyswz_wpftmp.csproj]
E:\Program Files\better-genshin-impact-LCB\MultiplayerHoeingAssistant\ViewModels\TaskCenterPanelViewModel.EditParts.cs(308,17): warning CS8602: 解引用可能出现空引用。 [E:\Program Files\better-genshin-impact-LCB\MultiplayerHoeingAssistant\MultiplayerHoeingAssistant_m4mxyswz_wpftmp.csproj]
E:\Program Files\better-genshin-impact-LCB\MultiplayerHoeingAssistant\Services\TaskCenter\TaskCenterHost.Admission.cs(400,30): warning CS8602: 解引用可能出现空引用。 [E:\Program Files\better-genshin-impact-LCB\MultiplayerHoeingAssistant\MultiplayerHoeingAssistant_m4mxyswz_wpftmp.csproj]
E:\Program Files\better-genshin-impact-LCB\MultiplayerHoeingAssistant\Services\TaskCenter\RunStoreSendPermit.cs(58,54): warning CS8602: 解引用可能出现空引用。 [E:\Program Files\better-genshin-impact-LCB\MultiplayerHoeingAssistant\MultiplayerHoeingAssistant_m4mxyswz_wpftmp.csproj]
E:\Program Files\better-genshin-impact-LCB\MultiplayerHoeingAssistant\Services\CommandExecutor.cs(1834,35): warning CS8602: 解引用可能出现空引用。 [E:\Program Files\better-genshin-impact-LCB\MultiplayerHoeingAssistant\MultiplayerHoeingAssistant_m4mxyswz_wpftmp.csproj]
E:\Program Files\better-genshin-impact-LCB\MultiplayerHoeingAssistant\Services\CommandExecutor.cs(1938,105): warning CS8601: 可能的 null 引用赋值。 [E:\Program Files\better-genshin-impact-LCB\MultiplayerHoeingAssistant\MultiplayerHoeingAssistant_m4mxyswz_wpftmp.csproj]
E:\Program Files\better-genshin-impact-LCB\MultiplayerHoeingAssistant\Services\TaskCenter\TaskCenterHost.Admission.cs(1415,40): warning CS8601: 可能的 null 引用赋值。 [E:\Program Files\better-genshin-impact-LCB\MultiplayerHoeingAssistant\MultiplayerHoeingAssistant_m4mxyswz_wpftmp.csproj]
E:\Program Files\better-genshin-impact-LCB\MultiplayerHoeingAssistant\Services\TaskCenter\TaskCenterHost.Admission.cs(1443,21): warning CS8601: 可能的 null 引用赋值。 [E:\Program Files\better-genshin-impact-LCB\MultiplayerHoeingAssistant\MultiplayerHoeingAssistant_m4mxyswz_wpftmp.csproj]
E:\Program Files\better-genshin-impact-LCB\MultiplayerHoeingAssistant\Services\TaskCenter\Arbitration\ArbitrationLeaseStore.cs(415,13): warning CS8602: 解引用可能出现空引用。 [E:\Program Files\better-genshin-impact-LCB\MultiplayerHoeingAssistant\MultiplayerHoeingAssistant_m4mxyswz_wpftmp.csproj]
E:\Program Files\better-genshin-impact-LCB\MultiplayerHoeingAssistant\Services\TaskCenter\BgiWorkflowExecutionBoundary.cs(672,84): warning CS8602: 解引用可能出现空引用。 [E:\Program Files\better-genshin-impact-LCB\MultiplayerHoeingAssistant\MultiplayerHoeingAssistant_m4mxyswz_wpftmp.csproj]
E:\Program Files\better-genshin-impact-LCB\MultiplayerHoeingAssistant\Services\TaskCenter\BgiWorkflowExecutionBoundary.cs(688,32): warning CS8602: 解引用可能出现空引用。 [E:\Program Files\better-genshin-impact-LCB\MultiplayerHoeingAssistant\MultiplayerHoeingAssistant_m4mxyswz_wpftmp.csproj]
E:\Program Files\better-genshin-impact-LCB\MultiplayerHoeingAssistant\Services\TaskCenter\WorkflowRunner.cs(1836,49): warning CS8602: 解引用可能出现空引用。 [E:\Program Files\better-genshin-impact-LCB\MultiplayerHoeingAssistant\MultiplayerHoeingAssistant_m4mxyswz_wpftmp.csproj]
E:\Program Files\better-genshin-impact-LCB\MultiplayerHoeingAssistant\Services\TaskCenter\WorkflowRunner.cs(2265,37): warning CS8601: 可能的 null 引用赋值。 [E:\Program Files\better-genshin-impact-LCB\MultiplayerHoeingAssistant\MultiplayerHoeingAssistant_m4mxyswz_wpftmp.csproj]
E:\Program Files\better-genshin-impact-LCB\MultiplayerHoeingAssistant\Services\TaskCenter\TaskCenterHost.Admission.cs(1984,44): warning CS8602: 解引用可能出现空引用。 [E:\Program Files\better-genshin-impact-LCB\MultiplayerHoeingAssistant\MultiplayerHoeingAssistant_m4mxyswz_wpftmp.csproj]
E:\Program Files\better-genshin-impact-LCB\MultiplayerHoeingAssistant\ViewModels\DodocoViewModel.cs(114,62): warning CS8602: 解引用可能出现空引用。 [E:\Program Files\better-genshin-impact-LCB\MultiplayerHoeingAssistant\MultiplayerHoeingAssistant_m4mxyswz_wpftmp.csproj]
E:\Program Files\better-genshin-impact-LCB\MultiplayerHoeingAssistant\Services\TaskCenter\Arbitration\ArbitrationLeaseStore.cs(811,17): warning CS8602: 解引用可能出现空引用。 [E:\Program Files\better-genshin-impact-LCB\MultiplayerHoeingAssistant\MultiplayerHoeingAssistant_m4mxyswz_wpftmp.csproj]
E:\Program Files\better-genshin-impact-LCB\MultiplayerHoeingAssistant\Services\TaskCenter\MigrationSwitchTransaction.cs(2373,23): warning CS8604: “bool MigrationSwitchTransaction.IsWithin(string path, string root)”中的形参“path”可能传入 null 引用实参。 [E:\Program Files\better-genshin-impact-LCB\MultiplayerHoeingAssistant\MultiplayerHoeingAssistant_m4mxyswz_wpftmp.csproj]
E:\Program Files\better-genshin-impact-LCB\MultiplayerHoeingAssistant\ViewModels\MainViewModel.cs(1198,103): warning CS8604: “JsonElement JsonSerializer.Deserialize<JsonElement>(string json, JsonSerializerOptions? options = null)”中的形参“json”可能传入 null 引用实参。 [E:\Program Files\better-genshin-impact-LCB\MultiplayerHoeingAssistant\MultiplayerHoeingAssistant_m4mxyswz_wpftmp.csproj]
E:\Program Files\better-genshin-impact-LCB\MultiplayerHoeingAssistant\Services\TaskCenter\MigrationSwitchTransaction.cs(3498,21): warning CS8602: 解引用可能出现空引用。 [E:\Program Files\better-genshin-impact-LCB\MultiplayerHoeingAssistant\MultiplayerHoeingAssistant_m4mxyswz_wpftmp.csproj]
E:\Program Files\better-genshin-impact-LCB\MultiplayerHoeingAssistant\ViewModels\MainViewModel.cs(2427,30): warning CS8602: 解引用可能出现空引用。 [E:\Program Files\better-genshin-impact-LCB\MultiplayerHoeingAssistant\MultiplayerHoeingAssistant_m4mxyswz_wpftmp.csproj]
E:\Program Files\better-genshin-impact-LCB\MultiplayerHoeingAssistant\ViewModels\MainViewModel.cs(3331,20): warning CS8602: 解引用可能出现空引用。 [E:\Program Files\better-genshin-impact-LCB\MultiplayerHoeingAssistant\MultiplayerHoeingAssistant_m4mxyswz_wpftmp.csproj]
E:\Program Files\better-genshin-impact-LCB\MultiplayerHoeingAssistant\ViewModels\MainViewModel.cs(3804,43): warning CS8602: 解引用可能出现空引用。 [E:\Program Files\better-genshin-impact-LCB\MultiplayerHoeingAssistant\MultiplayerHoeingAssistant_m4mxyswz_wpftmp.csproj]
E:\Program Files\better-genshin-impact-LCB\MultiplayerHoeingAssistant\ViewModels\MainViewModel.cs(3820,25): warning CS8602: 解引用可能出现空引用。 [E:\Program Files\better-genshin-impact-LCB\MultiplayerHoeingAssistant\MultiplayerHoeingAssistant_m4mxyswz_wpftmp.csproj]
E:\Program Files\better-genshin-impact-LCB\MultiplayerHoeingAssistant\ViewModels\MainViewModel.cs(4529,38): warning CS8604: “bool List<string>.Contains(string item)”中的形参“item”可能传入 null 引用实参。 [E:\Program Files\better-genshin-impact-LCB\MultiplayerHoeingAssistant\MultiplayerHoeingAssistant_m4mxyswz_wpftmp.csproj]
E:\Program Files\better-genshin-impact-LCB\MultiplayerHoeingAssistant\ViewModels\MainViewModel.cs(6127,24): warning CS1998: 此异步方法缺少 "await" 运算符，将以同步方式运行。请考虑使用 "await" 运算符等待非阻止的 API 调用，或者使用 "await Task.Run(...)" 在后台线程上执行占用大量 CPU 的工作。 [E:\Program Files\better-genshin-impact-LCB\MultiplayerHoeingAssistant\MultiplayerHoeingAssistant_m4mxyswz_wpftmp.csproj]
E:\Program Files\better-genshin-impact-LCB\MultiplayerHoeingAssistant\ViewModels\MainViewModel.cs(6451,52): warning CS8604: “string string.Join(string? separator, IEnumerable<string?> values)”中的形参“values”可能传入 null 引用实参。 [E:\Program Files\better-genshin-impact-LCB\MultiplayerHoeingAssistant\MultiplayerHoeingAssistant_m4mxyswz_wpftmp.csproj]
E:\Program Files\better-genshin-impact-LCB\MultiplayerHoeingAssistant\Services\TaskCenter\Arbitration\ArbitrationAdmissionService.cs(7199,23): warning CS8604: “ArchivedOperationRecord? Enumerable.FirstOrDefault<ArchivedOperationRecord>(IEnumerable<ArchivedOperationRecord> source, Func<ArchivedOperationRecord, bool> predicate)”中的形参“source”可能传入 null 引用实参。 [E:\Program Files\better-genshin-impact-LCB\MultiplayerHoeingAssistant\MultiplayerHoeingAssistant_m4mxyswz_wpftmp.csproj]
E:\Program Files\better-genshin-impact-LCB\MultiplayerHoeingAssistant\Services\TaskCenter\Arbitration\ArbitrationAdmissionService.cs(7203,23): warning CS8604: “OperationRecord? Enumerable.FirstOrDefault<OperationRecord>(IEnumerable<OperationRecord> source, Func<OperationRecord, bool> predicate)”中的形参“source”可能传入 null 引用实参。 [E:\Program Files\better-genshin-impact-LCB\MultiplayerHoeingAssistant\MultiplayerHoeingAssistant_m4mxyswz_wpftmp.csproj]
E:\Program Files\better-genshin-impact-LCB\MultiplayerHoeingAssistant\Services\TaskCenter\Arbitration\ArbitrationAdmissionService.cs(7206,24): warning CS8604: “OperationRecord? Enumerable.FirstOrDefault<OperationRecord>(IEnumerable<OperationRecord> source, Func<OperationRecord, bool> predicate)”中的形参“source”可能传入 null 引用实参。 [E:\Program Files\better-genshin-impact-LCB\MultiplayerHoeingAssistant\MultiplayerHoeingAssistant_m4mxyswz_wpftmp.csproj]
E:\Program Files\better-genshin-impact-LCB\MultiplayerHoeingAssistant\ViewModels\MainViewModel.cs(20,24): warning CS0169: 从不使用字段“MainViewModel._ipcClient” [E:\Program Files\better-genshin-impact-LCB\MultiplayerHoeingAssistant\MultiplayerHoeingAssistant_m4mxyswz_wpftmp.csproj]
E:\Program Files\better-genshin-impact-LCB\MultiplayerHoeingAssistant\ViewModels\DodocoViewModel.cs(114,62): warning CS8602: 解引用可能出现空引用。 [E:\Program Files\better-genshin-impact-LCB\MultiplayerHoeingAssistant\MultiplayerHoeingAssistant.csproj]
E:\Program Files\better-genshin-impact-LCB\MultiplayerHoeingAssistant\ViewModels\TaskCenterPanelViewModel.EditParts.cs(170,15): warning CS8620: 由于引用类型的可为 null 性差异，IEnumerable<(CatalogSourceVm v, int i)> 类型的实参不能用于 (CatalogSourceVm?, int) Enumerable.FirstOrDefault<(CatalogSourceVm?, int)>(IEnumerable<(CatalogSourceVm?, int)> source, Func<(CatalogSourceVm?, int), bool> predicate, (CatalogSourceVm?, int) defaultValue) 中 IEnumerable<(CatalogSourceVm?, int)> 类型的形参 source。 [E:\Program Files\better-genshin-impact-LCB\MultiplayerHoeingAssistant\MultiplayerHoeingAssistant.csproj]
E:\Program Files\better-genshin-impact-LCB\MultiplayerHoeingAssistant\ViewModels\TaskCenterPanelViewModel.EditParts.cs(170,74): warning CS8602: 解引用可能出现空引用。 [E:\Program Files\better-genshin-impact-LCB\MultiplayerHoeingAssistant\MultiplayerHoeingAssistant.csproj]
E:\Program Files\better-genshin-impact-LCB\MultiplayerHoeingAssistant\ViewModels\TaskCenterPanelViewModel.EditParts.cs(308,17): warning CS8602: 解引用可能出现空引用。 [E:\Program Files\better-genshin-impact-LCB\MultiplayerHoeingAssistant\MultiplayerHoeingAssistant.csproj]
E:\Program Files\better-genshin-impact-LCB\MultiplayerHoeingAssistant\Services\BgiLogTailService.cs(177,44): warning CS8604: “FileInfo.FileInfo(string fileName)”中的形参“fileName”可能传入 null 引用实参。 [E:\Program Files\better-genshin-impact-LCB\MultiplayerHoeingAssistant\MultiplayerHoeingAssistant.csproj]
E:\Program Files\better-genshin-impact-LCB\MultiplayerHoeingAssistant\Services\TaskCenter\WorkflowRunner.cs(1836,49): warning CS8602: 解引用可能出现空引用。 [E:\Program Files\better-genshin-impact-LCB\MultiplayerHoeingAssistant\MultiplayerHoeingAssistant.csproj]
E:\Program Files\better-genshin-impact-LCB\MultiplayerHoeingAssistant\Services\TaskCenter\WorkflowRunner.cs(2265,37): warning CS8601: 可能的 null 引用赋值。 [E:\Program Files\better-genshin-impact-LCB\MultiplayerHoeingAssistant\MultiplayerHoeingAssistant.csproj]
E:\Program Files\better-genshin-impact-LCB\MultiplayerHoeingAssistant\ViewModels\MainViewModel.cs(1198,103): warning CS8604: “JsonElement JsonSerializer.Deserialize<JsonElement>(string json, JsonSerializerOptions? options = null)”中的形参“json”可能传入 null 引用实参。 [E:\Program Files\better-genshin-impact-LCB\MultiplayerHoeingAssistant\MultiplayerHoeingAssistant.csproj]
E:\Program Files\better-genshin-impact-LCB\MultiplayerHoeingAssistant\Services\TaskCenter\Arbitration\ArbitrationLeaseStore.cs(415,13): warning CS8602: 解引用可能出现空引用。 [E:\Program Files\better-genshin-impact-LCB\MultiplayerHoeingAssistant\MultiplayerHoeingAssistant.csproj]
E:\Program Files\better-genshin-impact-LCB\MultiplayerHoeingAssistant\Services\TaskCenter\BgiWorkflowExecutionBoundary.cs(672,84): warning CS8602: 解引用可能出现空引用。 [E:\Program Files\better-genshin-impact-LCB\MultiplayerHoeingAssistant\MultiplayerHoeingAssistant.csproj]
E:\Program Files\better-genshin-impact-LCB\MultiplayerHoeingAssistant\Services\TaskCenter\BgiWorkflowExecutionBoundary.cs(688,32): warning CS8602: 解引用可能出现空引用。 [E:\Program Files\better-genshin-impact-LCB\MultiplayerHoeingAssistant\MultiplayerHoeingAssistant.csproj]
E:\Program Files\better-genshin-impact-LCB\MultiplayerHoeingAssistant\Services\TaskCenter\Arbitration\ArbitrationLeaseStore.cs(811,17): warning CS8602: 解引用可能出现空引用。 [E:\Program Files\better-genshin-impact-LCB\MultiplayerHoeingAssistant\MultiplayerHoeingAssistant.csproj]
E:\Program Files\better-genshin-impact-LCB\MultiplayerHoeingAssistant\Services\CommandExecutor.cs(1834,35): warning CS8602: 解引用可能出现空引用。 [E:\Program Files\better-genshin-impact-LCB\MultiplayerHoeingAssistant\MultiplayerHoeingAssistant.csproj]
E:\Program Files\better-genshin-impact-LCB\MultiplayerHoeingAssistant\ViewModels\MainViewModel.cs(2427,30): warning CS8602: 解引用可能出现空引用。 [E:\Program Files\better-genshin-impact-LCB\MultiplayerHoeingAssistant\MultiplayerHoeingAssistant.csproj]
E:\Program Files\better-genshin-impact-LCB\MultiplayerHoeingAssistant\Services\TaskCenter\TaskCenterHost.Admission.cs(400,30): warning CS8602: 解引用可能出现空引用。 [E:\Program Files\better-genshin-impact-LCB\MultiplayerHoeingAssistant\MultiplayerHoeingAssistant.csproj]
E:\Program Files\better-genshin-impact-LCB\MultiplayerHoeingAssistant\Services\CommandExecutor.cs(1938,105): warning CS8601: 可能的 null 引用赋值。 [E:\Program Files\better-genshin-impact-LCB\MultiplayerHoeingAssistant\MultiplayerHoeingAssistant.csproj]
E:\Program Files\better-genshin-impact-LCB\MultiplayerHoeingAssistant\Services\TaskCenter\RunStoreSendPermit.cs(58,54): warning CS8602: 解引用可能出现空引用。 [E:\Program Files\better-genshin-impact-LCB\MultiplayerHoeingAssistant\MultiplayerHoeingAssistant.csproj]
E:\Program Files\better-genshin-impact-LCB\MultiplayerHoeingAssistant\Services\TaskCenter\TaskCenterHost.Admission.cs(1415,40): warning CS8601: 可能的 null 引用赋值。 [E:\Program Files\better-genshin-impact-LCB\MultiplayerHoeingAssistant\MultiplayerHoeingAssistant.csproj]
E:\Program Files\better-genshin-impact-LCB\MultiplayerHoeingAssistant\Services\TaskCenter\TaskCenterHost.Admission.cs(1443,21): warning CS8601: 可能的 null 引用赋值。 [E:\Program Files\better-genshin-impact-LCB\MultiplayerHoeingAssistant\MultiplayerHoeingAssistant.csproj]
E:\Program Files\better-genshin-impact-LCB\MultiplayerHoeingAssistant\ViewModels\MainViewModel.cs(3331,20): warning CS8602: 解引用可能出现空引用。 [E:\Program Files\better-genshin-impact-LCB\MultiplayerHoeingAssistant\MultiplayerHoeingAssistant.csproj]
E:\Program Files\better-genshin-impact-LCB\MultiplayerHoeingAssistant\ViewModels\MainViewModel.cs(3804,43): warning CS8602: 解引用可能出现空引用。 [E:\Program Files\better-genshin-impact-LCB\MultiplayerHoeingAssistant\MultiplayerHoeingAssistant.csproj]
E:\Program Files\better-genshin-impact-LCB\MultiplayerHoeingAssistant\ViewModels\MainViewModel.cs(3820,25): warning CS8602: 解引用可能出现空引用。 [E:\Program Files\better-genshin-impact-LCB\MultiplayerHoeingAssistant\MultiplayerHoeingAssistant.csproj]
E:\Program Files\better-genshin-impact-LCB\MultiplayerHoeingAssistant\Services\TaskCenter\TaskCenterHost.Admission.cs(1984,44): warning CS8602: 解引用可能出现空引用。 [E:\Program Files\better-genshin-impact-LCB\MultiplayerHoeingAssistant\MultiplayerHoeingAssistant.csproj]
E:\Program Files\better-genshin-impact-LCB\MultiplayerHoeingAssistant\ViewModels\MainViewModel.cs(4529,38): warning CS8604: “bool List<string>.Contains(string item)”中的形参“item”可能传入 null 引用实参。 [E:\Program Files\better-genshin-impact-LCB\MultiplayerHoeingAssistant\MultiplayerHoeingAssistant.csproj]
E:\Program Files\better-genshin-impact-LCB\MultiplayerHoeingAssistant\Services\TaskCenter\MigrationSwitchTransaction.cs(2373,23): warning CS8604: “bool MigrationSwitchTransaction.IsWithin(string path, string root)”中的形参“path”可能传入 null 引用实参。 [E:\Program Files\better-genshin-impact-LCB\MultiplayerHoeingAssistant\MultiplayerHoeingAssistant.csproj]
E:\Program Files\better-genshin-impact-LCB\MultiplayerHoeingAssistant\ViewModels\MainViewModel.cs(6127,24): warning CS1998: 此异步方法缺少 "await" 运算符，将以同步方式运行。请考虑使用 "await" 运算符等待非阻止的 API 调用，或者使用 "await Task.Run(...)" 在后台线程上执行占用大量 CPU 的工作。 [E:\Program Files\better-genshin-impact-LCB\MultiplayerHoeingAssistant\MultiplayerHoeingAssistant.csproj]
E:\Program Files\better-genshin-impact-LCB\MultiplayerHoeingAssistant\ViewModels\MainViewModel.cs(6451,52): warning CS8604: “string string.Join(string? separator, IEnumerable<string?> values)”中的形参“values”可能传入 null 引用实参。 [E:\Program Files\better-genshin-impact-LCB\MultiplayerHoeingAssistant\MultiplayerHoeingAssistant.csproj]
E:\Program Files\better-genshin-impact-LCB\MultiplayerHoeingAssistant\Services\TaskCenter\MigrationSwitchTransaction.cs(3498,21): warning CS8602: 解引用可能出现空引用。 [E:\Program Files\better-genshin-impact-LCB\MultiplayerHoeingAssistant\MultiplayerHoeingAssistant.csproj]
E:\Program Files\better-genshin-impact-LCB\MultiplayerHoeingAssistant\Services\TaskCenter\Arbitration\ArbitrationAdmissionService.cs(7199,23): warning CS8604: “ArchivedOperationRecord? Enumerable.FirstOrDefault<ArchivedOperationRecord>(IEnumerable<ArchivedOperationRecord> source, Func<ArchivedOperationRecord, bool> predicate)”中的形参“source”可能传入 null 引用实参。 [E:\Program Files\better-genshin-impact-LCB\MultiplayerHoeingAssistant\MultiplayerHoeingAssistant.csproj]
E:\Program Files\better-genshin-impact-LCB\MultiplayerHoeingAssistant\Services\TaskCenter\Arbitration\ArbitrationAdmissionService.cs(7203,23): warning CS8604: “OperationRecord? Enumerable.FirstOrDefault<OperationRecord>(IEnumerable<OperationRecord> source, Func<OperationRecord, bool> predicate)”中的形参“source”可能传入 null 引用实参。 [E:\Program Files\better-genshin-impact-LCB\MultiplayerHoeingAssistant\MultiplayerHoeingAssistant.csproj]
E:\Program Files\better-genshin-impact-LCB\MultiplayerHoeingAssistant\Services\TaskCenter\Arbitration\ArbitrationAdmissionService.cs(7206,24): warning CS8604: “OperationRecord? Enumerable.FirstOrDefault<OperationRecord>(IEnumerable<OperationRecord> source, Func<OperationRecord, bool> predicate)”中的形参“source”可能传入 null 引用实参。 [E:\Program Files\better-genshin-impact-LCB\MultiplayerHoeingAssistant\MultiplayerHoeingAssistant.csproj]
E:\Program Files\better-genshin-impact-LCB\MultiplayerHoeingAssistant\ViewModels\MainViewModel.cs(20,24): warning CS0169: 从不使用字段“MainViewModel._ipcClient” [E:\Program Files\better-genshin-impact-LCB\MultiplayerHoeingAssistant\MultiplayerHoeingAssistant.csproj]
  MultiplayerHoeingAssistant -> E:\BgiVersionCheck-01a10954\c17-products\MultiplayerHoeingAssistant.dll
CSC : warning CS9057: 分析器程序集“C:\Users\Administrator\.nuget\packages\wpf-ui.violeta\4.3.0.3\analyzers\dotnet\cs\Wpf.Ui.DependencyPropertyGenerator.dll”引用了编译器的版本“4.14.0.0”，该版本高于当前正在运行的版本“4.11.0.0”。 [E:\Program Files\better-genshin-impact-LCB\Test\BetterGenshinImpact.UnitTest\BetterGenshinImpact.UnitTest.csproj]
E:\Program Files\better-genshin-impact-LCB\Test\BetterGenshinImpact.UnitTest\GameTaskTests\AutoHoeingTests\FightTimeoutTests.cs(44,23): warning CS1998: 此异步方法缺少 "await" 运算符，将以同步方式运行。请考虑使用 "await" 运算符等待非阻止的 API 调用，或者使用 "await Task.Run(...)" 在后台线程上执行占用大量 CPU 的工作。 [E:\Program Files\better-genshin-impact-LCB\Test\BetterGenshinImpact.UnitTest\BetterGenshinImpact.UnitTest.csproj]
E:\Program Files\better-genshin-impact-LCB\Test\BetterGenshinImpact.UnitTest\GameTaskTests\AutoHoeingTests\SyncPointRouteSkipAlignmentPreservationTest.cs(130,14): warning CS0219: 变量“skipToNextSegment”已被赋值，但从未使用过它的值 [E:\Program Files\better-genshin-impact-LCB\Test\BetterGenshinImpact.UnitTest\BetterGenshinImpact.UnitTest.csproj]
E:\Program Files\better-genshin-impact-LCB\Test\BetterGenshinImpact.UnitTest\GameTaskTests\AutoHoeingTests\SyncPointRouteSkipAlignmentPreservationTest.cs(131,14): warning CS0219: 变量“skipRouteRequested”已被赋值，但从未使用过它的值 [E:\Program Files\better-genshin-impact-LCB\Test\BetterGenshinImpact.UnitTest\BetterGenshinImpact.UnitTest.csproj]
E:\Program Files\better-genshin-impact-LCB\Test\BetterGenshinImpact.UnitTest\GameTaskTests\AutoHoeingTests\SyncPointRouteSkipAlignmentPreservationTest.cs(134,14): warning CS0219: 变量“sameRoute”已被赋值，但从未使用过它的值 [E:\Program Files\better-genshin-impact-LCB\Test\BetterGenshinImpact.UnitTest\BetterGenshinImpact.UnitTest.csproj]
E:\Program Files\better-genshin-impact-LCB\Test\BetterGenshinImpact.UnitTest\GameTaskTests\AutoHoeingTests\SyncPointRouteSkipAlignmentPreservationTest.cs(306,22): warning CS0219: 变量“sameRoute”已被赋值，但从未使用过它的值 [E:\Program Files\better-genshin-impact-LCB\Test\BetterGenshinImpact.UnitTest\BetterGenshinImpact.UnitTest.csproj]
E:\Program Files\better-genshin-impact-LCB\Test\BetterGenshinImpact.UnitTest\ServiceTests\Instance\TaskTakeoverIncidentTests.cs(642,23): warning CS1998: 此异步方法缺少 "await" 运算符，将以同步方式运行。请考虑使用 "await" 运算符等待非阻止的 API 调用，或者使用 "await Task.Run(...)" 在后台线程上执行占用大量 CPU 的工作。 [E:\Program Files\better-genshin-impact-LCB\Test\BetterGenshinImpact.UnitTest\BetterGenshinImpact.UnitTest.csproj]
E:\Program Files\better-genshin-impact-LCB\Test\BetterGenshinImpact.UnitTest\ServiceTests\Instance\TaskTakeoverIncidentTests.cs(669,23): warning CS1998: 此异步方法缺少 "await" 运算符，将以同步方式运行。请考虑使用 "await" 运算符等待非阻止的 API 调用，或者使用 "await Task.Run(...)" 在后台线程上执行占用大量 CPU 的工作。 [E:\Program Files\better-genshin-impact-LCB\Test\BetterGenshinImpact.UnitTest\BetterGenshinImpact.UnitTest.csproj]
E:\Program Files\better-genshin-impact-LCB\Test\BetterGenshinImpact.UnitTest\ServiceTests\Instance\TaskTakeoverIncidentTests.cs(1334,23): warning CS1998: 此异步方法缺少 "await" 运算符，将以同步方式运行。请考虑使用 "await" 运算符等待非阻止的 API 调用，或者使用 "await Task.Run(...)" 在后台线程上执行占用大量 CPU 的工作。 [E:\Program Files\better-genshin-impact-LCB\Test\BetterGenshinImpact.UnitTest\BetterGenshinImpact.UnitTest.csproj]
E:\Program Files\better-genshin-impact-LCB\Test\BetterGenshinImpact.UnitTest\ServiceTests\Instance\TaskTakeoverIncidentTests.cs(1359,23): warning CS1998: 此异步方法缺少 "await" 运算符，将以同步方式运行。请考虑使用 "await" 运算符等待非阻止的 API 调用，或者使用 "await Task.Run(...)" 在后台线程上执行占用大量 CPU 的工作。 [E:\Program Files\better-genshin-impact-LCB\Test\BetterGenshinImpact.UnitTest\BetterGenshinImpact.UnitTest.csproj]
E:\Program Files\better-genshin-impact-LCB\Test\BetterGenshinImpact.UnitTest\CoreTests\Config\AllConfigLegacyExtensionDataTests.cs(36,9): warning xUnit2004: Do not use Assert.Equal() to check for boolean conditions. Use Assert.True instead. (https://xunit.net/xunit.analyzers/rules/xUnit2004) [E:\Program Files\better-genshin-impact-LCB\Test\BetterGenshinImpact.UnitTest\BetterGenshinImpact.UnitTest.csproj]
E:\Program Files\better-genshin-impact-LCB\Test\BetterGenshinImpact.UnitTest\ServiceTests\Instance\TaskTakeoverIncidentTests.cs(198,43): warning xUnit1031: Test methods should not use blocking task operations, as they can cause deadlocks. Use an async test method and await instead. (https://xunit.net/xunit.analyzers/rules/xUnit1031) [E:\Program Files\better-genshin-impact-LCB\Test\BetterGenshinImpact.UnitTest\BetterGenshinImpact.UnitTest.csproj]
E:\Program Files\better-genshin-impact-LCB\Test\BetterGenshinImpact.UnitTest\ServiceTests\Instance\TaskTakeoverIncidentTests.cs(199,39): warning xUnit1031: Test methods should not use blocking task operations, as they can cause deadlocks. Use an async test method and await instead. (https://xunit.net/xunit.analyzers/rules/xUnit1031) [E:\Program Files\better-genshin-impact-LCB\Test\BetterGenshinImpact.UnitTest\BetterGenshinImpact.UnitTest.csproj]
E:\Program Files\better-genshin-impact-LCB\Test\BetterGenshinImpact.UnitTest\GameTaskTests\AutoHoeingTests\AutoHoeingLogicTests.cs(282,9): warning xUnit2012: Do not use Assert.True() to check if a value exists in a collection. Use Assert.Contains instead. (https://xunit.net/xunit.analyzers/rules/xUnit2012) [E:\Program Files\better-genshin-impact-LCB\Test\BetterGenshinImpact.UnitTest\BetterGenshinImpact.UnitTest.csproj]
E:\Program Files\better-genshin-impact-LCB\Test\BetterGenshinImpact.UnitTest\ServiceTests\Instance\BgiTaskCoordinatorTests.cs(272,9): warning xUnit2013: Do not use Assert.Equal() to check for collection size. Use Assert.Single instead. (https://xunit.net/xunit.analyzers/rules/xUnit2013) [E:\Program Files\better-genshin-impact-LCB\Test\BetterGenshinImpact.UnitTest\BetterGenshinImpact.UnitTest.csproj]
E:\Program Files\better-genshin-impact-LCB\Test\BetterGenshinImpact.UnitTest\ServiceTests\Instance\TaskTakeoverIncidentTests.cs(918,94): warning xUnit1031: Test methods should not use blocking task operations, as they can cause deadlocks. Use an async test method and await instead. (https://xunit.net/xunit.analyzers/rules/xUnit1031) [E:\Program Files\better-genshin-impact-LCB\Test\BetterGenshinImpact.UnitTest\BetterGenshinImpact.UnitTest.csproj]
E:\Program Files\better-genshin-impact-LCB\Test\BetterGenshinImpact.UnitTest\ServiceTests\Instance\JobTreeEvictionAndSamplingTests.cs(246,18): warning xUnit1031: Test methods should not use blocking task operations, as they can cause deadlocks. Use an async test method and await instead. (https://xunit.net/xunit.analyzers/rules/xUnit1031) [E:\Program Files\better-genshin-impact-LCB\Test\BetterGenshinImpact.UnitTest\BetterGenshinImpact.UnitTest.csproj]
  BetterGenshinImpact.UnitTest -> E:\BgiVersionCheck-01a10954\c17-products\BetterGenshinImpact.UnitTest.dll

已成功生成。

E:\Program Files\better-genshin-impact-LCB\Test\BetterGenshinImpact.UnitTest\BetterGenshinImpact.UnitTest.csproj : warning NU1504: 已找到重复 "PackageReference" 项。删除重复项或使用更新功能来确保一致的还原行为。重复 "PackageReference" 项为: coverlet.collector 6.0.0, coverlet.collector 6.0.0; Microsoft.Extensions.Configuration.Json 9.0.4, Microsoft.Extensions.Configuration.Json 9.0.4; Microsoft.Extensions.TimeProvider.Testing 9.2.0, Microsoft.Extensions.TimeProvider.Testing 9.2.0; Microsoft.NET.Test.Sdk 17.8.0, Microsoft.NET.Test.Sdk 17.8.0; xunit 2.5.3, xunit 2.5.3; xunit.runner.visualstudio 2.5.3, xunit.runner.visualstudio 2.5.3。
E:\Program Files\better-genshin-impact-LCB\MultiplayerHoeingAssistant\MultiplayerHoeingAssistant.csproj : warning NU1902: 包 "SharpCompress" 0.38.0 具有已知的 中 严重性漏洞，https://github.com/advisories/GHSA-6c8g-7p36-r338 [E:\Program Files\better-genshin-impact-LCB\Test\BetterGenshinImpact.UnitTest\BetterGenshinImpact.UnitTest.csproj]
E:\Program Files\better-genshin-impact-LCB\BetterGenshinImpact\BetterGenshinImpact.csproj : warning NU1902: 包 "SharpCompress" 0.38.0 具有已知的 中 严重性漏洞，https://github.com/advisories/GHSA-6c8g-7p36-r338 [E:\Program Files\better-genshin-impact-LCB\Test\BetterGenshinImpact.UnitTest\BetterGenshinImpact.UnitTest.csproj]
E:\Program Files\better-genshin-impact-LCB\Test\BetterGenshinImpact.UnitTest\BetterGenshinImpact.UnitTest.csproj : warning NU1504: 已找到重复 "PackageReference" 项。删除重复项或使用更新功能来确保一致的还原行为。重复 "PackageReference" 项为: coverlet.collector 6.0.0, coverlet.collector 6.0.0; Microsoft.Extensions.Configuration.Json 9.0.4, Microsoft.Extensions.Configuration.Json 9.0.4; Microsoft.Extensions.TimeProvider.Testing 9.2.0, Microsoft.Extensions.TimeProvider.Testing 9.2.0; Microsoft.NET.Test.Sdk 17.8.0, Microsoft.NET.Test.Sdk 17.8.0; xunit 2.5.3, xunit 2.5.3; xunit.runner.visualstudio 2.5.3, xunit.runner.visualstudio 2.5.3。
E:\Program Files\better-genshin-impact-LCB\Fischless.GameCapture\Graphics\Helpers\WinRT.cs(61,27): warning CS0618: “ObjectReference<IActivationFactoryVftbl>.Attach(ref nint)”已过时:“This method is deprecated and will be removed in a future release.” [E:\Program Files\better-genshin-impact-LCB\Fischless.GameCapture\Fischless.GameCapture.csproj]
E:\Program Files\better-genshin-impact-LCB\BetterGenshinImpact\BetterGenshinImpact_lzryyj0u_wpftmp.csproj : warning NU1902: 包 "SharpCompress" 0.38.0 具有已知的 中 严重性漏洞，https://github.com/advisories/GHSA-6c8g-7p36-r338
CSC : warning CS9057: 分析器程序集“C:\Users\Administrator\.nuget\packages\wpf-ui.violeta\4.3.0.3\analyzers\dotnet\cs\Wpf.Ui.DependencyPropertyGenerator.dll”引用了编译器的版本“4.14.0.0”，该版本高于当前正在运行的版本“4.11.0.0”。 [E:\Program Files\better-genshin-impact-LCB\BetterGenshinImpact\BetterGenshinImpact_lzryyj0u_wpftmp.csproj]
E:\Program Files\better-genshin-impact-LCB\BetterGenshinImpact\Core\Config\PathingPartyConfig.cs(11,7): warning CS0105: “CommunityToolkit.Mvvm.ComponentModel”的 using 指令以前在此命名空间中出现过 [E:\Program Files\better-genshin-impact-LCB\BetterGenshinImpact\BetterGenshinImpact_lzryyj0u_wpftmp.csproj]
E:\Program Files\better-genshin-impact-LCB\BetterGenshinImpact\Core\Config\PathingPartyConfig.cs(12,7): warning CS0105: “System”的 using 指令以前在此命名空间中出现过 [E:\Program Files\better-genshin-impact-LCB\BetterGenshinImpact\BetterGenshinImpact_lzryyj0u_wpftmp.csproj]
E:\Program Files\better-genshin-impact-LCB\BetterGenshinImpact\Core\Config\PathingPartyConfig.cs(14,7): warning CS0105: “System.Text.Json.Serialization”的 using 指令以前在此命名空间中出现过 [E:\Program Files\better-genshin-impact-LCB\BetterGenshinImpact\BetterGenshinImpact_lzryyj0u_wpftmp.csproj]
E:\Program Files\better-genshin-impact-LCB\BetterGenshinImpact\Core\Script\Dependence\Dispatcher.cs(36,7): warning CS0105: “Microsoft.Extensions.Logging”的 using 指令以前在此命名空间中出现过 [E:\Program Files\better-genshin-impact-LCB\BetterGenshinImpact\BetterGenshinImpact_lzryyj0u_wpftmp.csproj]
E:\Program Files\better-genshin-impact-LCB\BetterGenshinImpact\Core\Script\Dependence\Dispatcher.cs(37,7): warning CS0105: “System”的 using 指令以前在此命名空间中出现过 [E:\Program Files\better-genshin-impact-LCB\BetterGenshinImpact\BetterGenshinImpact_lzryyj0u_wpftmp.csproj]
E:\Program Files\better-genshin-impact-LCB\BetterGenshinImpact\Core\Script\Dependence\Dispatcher.cs(38,7): warning CS0105: “System.Collections.Generic”的 using 指令以前在此命名空间中出现过 [E:\Program Files\better-genshin-impact-LCB\BetterGenshinImpact\BetterGenshinImpact_lzryyj0u_wpftmp.csproj]
E:\Program Files\better-genshin-impact-LCB\BetterGenshinImpact\Core\Script\Dependence\Dispatcher.cs(40,7): warning CS0105: “System.Linq”的 using 指令以前在此命名空间中出现过 [E:\Program Files\better-genshin-impact-LCB\BetterGenshinImpact\BetterGenshinImpact_lzryyj0u_wpftmp.csproj]
E:\Program Files\better-genshin-impact-LCB\BetterGenshinImpact\Core\Script\Dependence\Dispatcher.cs(41,7): warning CS0105: “System.Threading”的 using 指令以前在此命名空间中出现过 [E:\Program Files\better-genshin-impact-LCB\BetterGenshinImpact\BetterGenshinImpact_lzryyj0u_wpftmp.csproj]
E:\Program Files\better-genshin-impact-LCB\BetterGenshinImpact\Core\Script\Dependence\Dispatcher.cs(42,7): warning CS0105: “System.Threading.Tasks”的 using 指令以前在此命名空间中出现过 [E:\Program Files\better-genshin-impact-LCB\BetterGenshinImpact\BetterGenshinImpact_lzryyj0u_wpftmp.csproj]
E:\Program Files\better-genshin-impact-LCB\BetterGenshinImpact\Core\Script\Dependence\Dispatcher.cs(52,7): warning CS0105: “BetterGenshinImpact.GameTask.Common.Job”的 using 指令以前在此命名空间中出现过 [E:\Program Files\better-genshin-impact-LCB\BetterGenshinImpact\BetterGenshinImpact_lzryyj0u_wpftmp.csproj]
E:\Program Files\better-genshin-impact-LCB\BetterGenshinImpact\Core\Script\Dependence\Dispatcher.cs(56,7): warning CS0105: “BetterGenshinImpact.GameTask.Common”的 using 指令以前在此命名空间中出现过 [E:\Program Files\better-genshin-impact-LCB\BetterGenshinImpact\BetterGenshinImpact_lzryyj0u_wpftmp.csproj]
E:\Program Files\better-genshin-impact-LCB\BetterGenshinImpact\GameTask\AutoDomain\AutoDomainTask.cs(46,7): warning CS0105: “BetterGenshinImpact.Core.Config”的 using 指令以前在此命名空间中出现过 [E:\Program Files\better-genshin-impact-LCB\BetterGenshinImpact\BetterGenshinImpact_lzryyj0u_wpftmp.csproj]
E:\Program Files\better-genshin-impact-LCB\BetterGenshinImpact\GameTask\AutoDomain\AutoDomainTask.cs(52,7): warning CS0105: “BetterGenshinImpact.Core.Config”的 using 指令以前在此命名空间中出现过 [E:\Program Files\better-genshin-impact-LCB\BetterGenshinImpact\BetterGenshinImpact_lzryyj0u_wpftmp.csproj]
E:\Program Files\better-genshin-impact-LCB\BetterGenshinImpact\GameTask\AutoDomain\AutoDomainTask.cs(53,7): warning CS0105: “BetterGenshinImpact.Core.Recognition.OCR”的 using 指令以前在此命名空间中出现过 [E:\Program Files\better-genshin-impact-LCB\BetterGenshinImpact\BetterGenshinImpact_lzryyj0u_wpftmp.csproj]
E:\Program Files\better-genshin-impact-LCB\BetterGenshinImpact\GameTask\AutoDomain\AutoDomainTask.cs(54,7): warning CS0105: “BetterGenshinImpact.Core.Recognition.ONNX”的 using 指令以前在此命名空间中出现过 [E:\Program Files\better-genshin-impact-LCB\BetterGenshinImpact\BetterGenshinImpact_lzryyj0u_wpftmp.csproj]
E:\Program Files\better-genshin-impact-LCB\BetterGenshinImpact\GameTask\AutoDomain\AutoDomainTask.cs(55,7): warning CS0105: “BetterGenshinImpact.Core.Simulator”的 using 指令以前在此命名空间中出现过 [E:\Program Files\better-genshin-impact-LCB\BetterGenshinImpact\BetterGenshinImpact_lzryyj0u_wpftmp.csproj]
E:\Program Files\better-genshin-impact-LCB\BetterGenshinImpact\GameTask\AutoDomain\AutoDomainTask.cs(56,7): warning CS0105: “BetterGenshinImpact.Core.Simulator.Extensions”的 using 指令以前在此命名空间中出现过 [E:\Program Files\better-genshin-impact-LCB\BetterGenshinImpact\BetterGenshinImpact_lzryyj0u_wpftmp.csproj]
E:\Program Files\better-genshin-impact-LCB\BetterGenshinImpact\GameTask\AutoDomain\AutoDomainTask.cs(57,7): warning CS0105: “BetterGenshinImpact.GameTask.AutoFight.Assets”的 using 指令以前在此命名空间中出现过 [E:\Program Files\better-genshin-impact-LCB\BetterGenshinImpact\BetterGenshinImpact_lzryyj0u_wpftmp.csproj]
E:\Program Files\better-genshin-impact-LCB\BetterGenshinImpact\GameTask\AutoDomain\AutoDomainTask.cs(58,7): warning CS0105: “BetterGenshinImpact.GameTask.AutoFight.Model”的 using 指令以前在此命名空间中出现过 [E:\Program Files\better-genshin-impact-LCB\BetterGenshinImpact\BetterGenshinImpact_lzryyj0u_wpftmp.csproj]
E:\Program Files\better-genshin-impact-LCB\BetterGenshinImpact\GameTask\AutoDomain\AutoDomainTask.cs(59,7): warning CS0105: “BetterGenshinImpact.GameTask.AutoFight.Script”的 using 指令以前在此命名空间中出现过 [E:\Program Files\better-genshin-impact-LCB\BetterGenshinImpact\BetterGenshinImpact_lzryyj0u_wpftmp.csproj]
E:\Program Files\better-genshin-impact-LCB\BetterGenshinImpact\GameTask\AutoDomain\AutoDomainTask.cs(60,7): warning CS0105: “BetterGenshinImpact.GameTask.AutoGeniusInvokation.Exception”的 using 指令以前在此命名空间中出现过 [E:\Program Files\better-genshin-impact-LCB\BetterGenshinImpact\BetterGenshinImpact_lzryyj0u_wpftmp.csproj]
E:\Program Files\better-genshin-impact-LCB\BetterGenshinImpact\GameTask\AutoDomain\AutoDomainTask.cs(61,7): warning CS0105: “BetterGenshinImpact.GameTask.AutoPick.Assets”的 using 指令以前在此命名空间中出现过 [E:\Program Files\better-genshin-impact-LCB\BetterGenshinImpact\BetterGenshinImpact_lzryyj0u_wpftmp.csproj]
E:\Program Files\better-genshin-impact-LCB\BetterGenshinImpact\GameTask\AutoDomain\AutoDomainTask.cs(62,7): warning CS0105: “BetterGenshinImpact.GameTask.Common.Map”的 using 指令以前在此命名空间中出现过 [E:\Program Files\better-genshin-impact-LCB\BetterGenshinImpact\BetterGenshinImpact_lzryyj0u_wpftmp.csproj]
E:\Program Files\better-genshin-impact-LCB\BetterGenshinImpact\GameTask\AutoDomain\AutoDomainTask.cs(63,7): warning CS0105: “BetterGenshinImpact.GameTask.Model.Area”的 using 指令以前在此命名空间中出现过 [E:\Program Files\better-genshin-impact-LCB\BetterGenshinImpact\BetterGenshinImpact_lzryyj0u_wpftmp.csproj]
E:\Program Files\better-genshin-impact-LCB\BetterGenshinImpact\GameTask\AutoDomain\AutoDomainTask.cs(64,7): warning CS0105: “BetterGenshinImpact.Helpers”的 using 指令以前在此命名空间中出现过 [E:\Program Files\better-genshin-impact-LCB\BetterGenshinImpact\BetterGenshinImpact_lzryyj0u_wpftmp.csproj]
E:\Program Files\better-genshin-impact-LCB\BetterGenshinImpact\GameTask\AutoDomain\AutoDomainTask.cs(65,7): warning CS0105: “BetterGenshinImpact.Service.Notification”的 using 指令以前在此命名空间中出现过 [E:\Program Files\better-genshin-impact-LCB\BetterGenshinImpact\BetterGenshinImpact_lzryyj0u_wpftmp.csproj]
E:\Program Files\better-genshin-impact-LCB\BetterGenshinImpact\GameTask\AutoDomain\AutoDomainTask.cs(66,7): warning CS0105: “BetterGenshinImpact.View.Drawable”的 using 指令以前在此命名空间中出现过 [E:\Program Files\better-genshin-impact-LCB\BetterGenshinImpact\BetterGenshinImpact_lzryyj0u_wpftmp.csproj]
E:\Program Files\better-genshin-impact-LCB\BetterGenshinImpact\GameTask\AutoDomain\AutoDomainTask.cs(67,7): warning CS0105: “Microsoft.Extensions.Logging”的 using 指令以前在此命名空间中出现过 [E:\Program Files\better-genshin-impact-LCB\BetterGenshinImpact\BetterGenshinImpact_lzryyj0u_wpftmp.csproj]
E:\Program Files\better-genshin-impact-LCB\BetterGenshinImpact\GameTask\AutoDomain\AutoDomainTask.cs(68,7): warning CS0105: “OpenCvSharp”的 using 指令以前在此命名空间中出现过 [E:\Program Files\better-genshin-impact-LCB\BetterGenshinImpact\BetterGenshinImpact_lzryyj0u_wpftmp.csproj]
E:\Program Files\better-genshin-impact-LCB\BetterGenshinImpact\GameTask\AutoDomain\AutoDomainTask.cs(69,7): warning CS0105: “System”的 using 指令以前在此命名空间中出现过 [E:\Program Files\better-genshin-impact-LCB\BetterGenshinImpact\BetterGenshinImpact_lzryyj0u_wpftmp.csproj]
E:\Program Files\better-genshin-impact-LCB\BetterGenshinImpact\GameTask\AutoDomain\AutoDomainTask.cs(70,7): warning CS0105: “System.Collections.Generic”的 using 指令以前在此命名空间中出现过 [E:\Program Files\better-genshin-impact-LCB\BetterGenshinImpact\BetterGenshinImpact_lzryyj0u_wpftmp.csproj]
E:\Program Files\better-genshin-impact-LCB\BetterGenshinImpact\GameTask\AutoDomain\AutoDomainTask.cs(71,7): warning CS0105: “System.Diagnostics”的 using 指令以前在此命名空间中出现过 [E:\Program Files\better-genshin-impact-LCB\BetterGenshinImpact\BetterGenshinImpact_lzryyj0u_wpftmp.csproj]
E:\Program Files\better-genshin-impact-LCB\BetterGenshinImpact\GameTask\AutoDomain\AutoDomainTask.cs(72,7): warning CS0105: “System.Linq”的 using 指令以前在此命名空间中出现过 [E:\Program Files\better-genshin-impact-LCB\BetterGenshinImpact\BetterGenshinImpact_lzryyj0u_wpftmp.csproj]
E:\Program Files\better-genshin-impact-LCB\BetterGenshinImpact\GameTask\AutoDomain\AutoDomainTask.cs(73,7): warning CS0105: “System.Threading”的 using 指令以前在此命名空间中出现过 [E:\Program Files\better-genshin-impact-LCB\BetterGenshinImpact\BetterGenshinImpact_lzryyj0u_wpftmp.csproj]
E:\Program Files\better-genshin-impact-LCB\BetterGenshinImpact\GameTask\AutoDomain\AutoDomainTask.cs(74,7): warning CS0105: “System.Threading.Tasks”的 using 指令以前在此命名空间中出现过 [E:\Program Files\better-genshin-impact-LCB\BetterGenshinImpact\BetterGenshinImpact_lzryyj0u_wpftmp.csproj]
E:\Program Files\better-genshin-impact-LCB\BetterGenshinImpact\GameTask\AutoDomain\AutoDomainTask.cs(75,7): warning CS0105: “BetterGenshinImpact.Core.Recognition”的 using 指令以前在此命名空间中出现过 [E:\Program Files\better-genshin-impact-LCB\BetterGenshinImpact\BetterGenshinImpact_lzryyj0u_wpftmp.csproj]
E:\Program Files\better-genshin-impact-LCB\BetterGenshinImpact\GameTask\AutoDomain\AutoDomainTask.cs(76,7): warning CS0105: “BetterGenshinImpact.GameTask.AutoTrackPath”的 using 指令以前在此命名空间中出现过 [E:\Program Files\better-genshin-impact-LCB\BetterGenshinImpact\BetterGenshinImpact_lzryyj0u_wpftmp.csproj]
E:\Program Files\better-genshin-impact-LCB\BetterGenshinImpact\GameTask\AutoDomain\AutoDomainTask.cs(77,7): warning CS0105: “BetterGenshinImpact.GameTask.Common.BgiVision”的 using 指令以前在此命名空间中出现过 [E:\Program Files\better-genshin-impact-LCB\BetterGenshinImpact\BetterGenshinImpact_lzryyj0u_wpftmp.csproj]
E:\Program Files\better-genshin-impact-LCB\BetterGenshinImpact\GameTask\AutoDomain\AutoDomainTask.cs(78,7): warning CS0105: “BetterGenshinImpact.GameTask.Common.Element.Assets”的 using 指令以前在此命名空间中出现过 [E:\Program Files\better-genshin-impact-LCB\BetterGenshinImpact\BetterGenshinImpact_lzryyj0u_wpftmp.csproj]
E:\Program Files\better-genshin-impact-LCB\BetterGenshinImpact\GameTask\AutoDomain\AutoDomainTask.cs(79,7): warning CS0105: “BetterGenshinImpact.GameTask.Common.Job”的 using 指令以前在此命名空间中出现过 [E:\Program Files\better-genshin-impact-LCB\BetterGenshinImpact\BetterGenshinImpact_lzryyj0u_wpftmp.csproj]
E:\Program Files\better-genshin-impact-LCB\BetterGenshinImpact\GameTask\AutoDomain\AutoDomainTask.cs(80,7): warning CS0105: “BetterGenshinImpact.Service.Notification.Model.Enum”的 using 指令以前在此命名空间中出现过 [E:\Program Files\better-genshin-impact-LCB\BetterGenshinImpact\BetterGenshinImpact_lzryyj0u_wpftmp.csproj]
E:\Program Files\better-genshin-impact-LCB\BetterGenshinImpact\GameTask\AutoDomain\AutoDomainTask.cs(81,14): warning CS0105: “TaskControl”的 using 指令以前在此命名空间中出现过 [E:\Program Files\better-genshin-impact-LCB\BetterGenshinImpact\BetterGenshinImpact_lzryyj0u_wpftmp.csproj]
E:\Program Files\better-genshin-impact-LCB\BetterGenshinImpact\GameTask\AutoDomain\AutoDomainTask.cs(82,14): warning CS0105: “Kernel32”的 using 指令以前在此命名空间中出现过 [E:\Program Files\better-genshin-impact-LCB\BetterGenshinImpact\BetterGenshinImpact_lzryyj0u_wpftmp.csproj]
E:\Program Files\better-genshin-impact-LCB\BetterGenshinImpact\GameTask\AutoDomain\AutoDomainTask.cs(83,14): warning CS0105: “User32”的 using 指令以前在此命名空间中出现过 [E:\Program Files\better-genshin-impact-LCB\BetterGenshinImpact\BetterGenshinImpact_lzryyj0u_wpftmp.csproj]
E:\Program Files\better-genshin-impact-LCB\BetterGenshinImpact\GameTask\AutoDomain\AutoDomainTask.cs(84,7): warning CS0105: “Microsoft.Extensions.Localization”的 using 指令以前在此命名空间中出现过 [E:\Program Files\better-genshin-impact-LCB\BetterGenshinImpact\BetterGenshinImpact_lzryyj0u_wpftmp.csproj]
E:\Program Files\better-genshin-impact-LCB\BetterGenshinImpact\GameTask\AutoDomain\AutoDomainTask.cs(85,7): warning CS0105: “System.Globalization”的 using 指令以前在此命名空间中出现过 [E:\Program Files\better-genshin-impact-LCB\BetterGenshinImpact\BetterGenshinImpact_lzryyj0u_wpftmp.csproj]
E:\Program Files\better-genshin-impact-LCB\BetterGenshinImpact\GameTask\AutoDomain\AutoDomainTask.cs(86,7): warning CS0105: “System.Text.RegularExpressions”的 using 指令以前在此命名空间中出现过 [E:\Program Files\better-genshin-impact-LCB\BetterGenshinImpact\BetterGenshinImpact_lzryyj0u_wpftmp.csproj]
E:\Program Files\better-genshin-impact-LCB\BetterGenshinImpact\GameTask\AutoDomain\AutoDomainTask.cs(87,7): warning CS0105: “BetterGenshinImpact.GameTask.AutoArtifactSalvage”的 using 指令以前在此命名空间中出现过 [E:\Program Files\better-genshin-impact-LCB\BetterGenshinImpact\BetterGenshinImpact_lzryyj0u_wpftmp.csproj]
E:\Program Files\better-genshin-impact-LCB\BetterGenshinImpact\GameTask\AutoDomain\AutoDomainTask.cs(88,7): warning CS0105: “System.Collections.ObjectModel”的 using 指令以前在此命名空间中出现过 [E:\Program Files\better-genshin-impact-LCB\BetterGenshinImpact\BetterGenshinImpact_lzryyj0u_wpftmp.csproj]
E:\Program Files\better-genshin-impact-LCB\BetterGenshinImpact\GameTask\AutoDomain\AutoDomainTask.cs(89,7): warning CS0105: “BetterGenshinImpact.Core.Script.Dependence”的 using 指令以前在此命名空间中出现过 [E:\Program Files\better-genshin-impact-LCB\BetterGenshinImpact\BetterGenshinImpact_lzryyj0u_wpftmp.csproj]
E:\Program Files\better-genshin-impact-LCB\BetterGenshinImpact\GameTask\AutoDomain\AutoDomainTask.cs(90,7): warning CS0105: “BetterGenshinImpact.GameTask.AutoDomain.Model”的 using 指令以前在此命名空间中出现过 [E:\Program Files\better-genshin-impact-LCB\BetterGenshinImpact\BetterGenshinImpact_lzryyj0u_wpftmp.csproj]
E:\Program Files\better-genshin-impact-LCB\BetterGenshinImpact\GameTask\AutoDomain\AutoDomainTask.cs(91,7): warning CS0105: “BetterGenshinImpact.GameTask.Common”的 using 指令以前在此命名空间中出现过 [E:\Program Files\better-genshin-impact-LCB\BetterGenshinImpact\BetterGenshinImpact_lzryyj0u_wpftmp.csproj]
E:\Program Files\better-genshin-impact-LCB\BetterGenshinImpact\GameTask\AutoDomain\AutoDomainTask.cs(93,7): warning CS0105: “Compunet.YoloSharp”的 using 指令以前在此命名空间中出现过 [E:\Program Files\better-genshin-impact-LCB\BetterGenshinImpact\BetterGenshinImpact_lzryyj0u_wpftmp.csproj]
E:\Program Files\better-genshin-impact-LCB\BetterGenshinImpact\GameTask\AutoDomain\AutoDomainTask.cs(94,7): warning CS0105: “Microsoft.Extensions.DependencyInjection”的 using 指令以前在此命名空间中出现过 [E:\Program Files\better-genshin-impact-LCB\BetterGenshinImpact\BetterGenshinImpact_lzryyj0u_wpftmp.csproj]
E:\Program Files\better-genshin-impact-LCB\BetterGenshinImpact\GameTask\AutoDomain\AutoDomainTask.cs(95,7): warning CS0105: “BetterGenshinImpact.GameTask.AutoFight”的 using 指令以前在此命名空间中出现过 [E:\Program Files\better-genshin-impact-LCB\BetterGenshinImpact\BetterGenshinImpact_lzryyj0u_wpftmp.csproj]
E:\Program Files\better-genshin-impact-LCB\BetterGenshinImpact\GameTask\AutoFightOfficial\AutoFightSeek.cs(17,8): warning CS0105: “OpenCvSharp”的 using 指令以前在此命名空间中出现过 [E:\Program Files\better-genshin-impact-LCB\BetterGenshinImpact\BetterGenshinImpact_lzryyj0u_wpftmp.csproj]
E:\Program Files\better-genshin-impact-LCB\BetterGenshinImpact\GameTask\AutoFightOfficial\Model\CombatScenes.cs(27,7): warning CS0105: “BetterGenshinImpact.Core.Recognition”的 using 指令以前在此命名空间中出现过 [E:\Program Files\better-genshin-impact-LCB\BetterGenshinImpact\BetterGenshinImpact_lzryyj0u_wpftmp.csproj]
E:\Program Files\better-genshin-impact-LCB\BetterGenshinImpact\GameTask\AutoFight\AutoFightParam.cs(3,7): warning CS0105: “BetterGenshinImpact.GameTask.Model”的 using 指令以前在此命名空间中出现过 [E:\Program Files\better-genshin-impact-LCB\BetterGenshinImpact\BetterGenshinImpact_lzryyj0u_wpftmp.csproj]
E:\Program Files\better-genshin-impact-LCB\BetterGenshinImpact\GameTask\AutoFight\AutoFightSeek.cs(25,7): warning CS0105: “Microsoft.Extensions.Logging”的 using 指令以前在此命名空间中出现过 [E:\Program Files\better-genshin-impact-LCB\BetterGenshinImpact\BetterGenshinImpact_lzryyj0u_wpftmp.csproj]
E:\Program Files\better-genshin-impact-LCB\BetterGenshinImpact\GameTask\AutoFight\AutoFightSeek.cs(26,7): warning CS0105: “OpenCvSharp”的 using 指令以前在此命名空间中出现过 [E:\Program Files\better-genshin-impact-LCB\BetterGenshinImpact\BetterGenshinImpact_lzryyj0u_wpftmp.csproj]
E:\Program Files\better-genshin-impact-LCB\BetterGenshinImpact\GameTask\AutoFight\AutoFightSeek.cs(27,7): warning CS0105: “System”的 using 指令以前在此命名空间中出现过 [E:\Program Files\better-genshin-impact-LCB\BetterGenshinImpact\BetterGenshinImpact_lzryyj0u_wpftmp.csproj]
E:\Program Files\better-genshin-impact-LCB\BetterGenshinImpact\GameTask\AutoFight\AutoFightSeek.cs(28,7): warning CS0105: “System.Collections.Generic”的 using 指令以前在此命名空间中出现过 [E:\Program Files\better-genshin-impact-LCB\BetterGenshinImpact\BetterGenshinImpact_lzryyj0u_wpftmp.csproj]
E:\Program Files\better-genshin-impact-LCB\BetterGenshinImpact\GameTask\AutoFight\AutoFightSeek.cs(32,7): warning CS0105: “System.Linq”的 using 指令以前在此命名空间中出现过 [E:\Program Files\better-genshin-impact-LCB\BetterGenshinImpact\BetterGenshinImpact_lzryyj0u_wpftmp.csproj]
E:\Program Files\better-genshin-impact-LCB\BetterGenshinImpact\GameTask\AutoFight\AutoFightSeek.cs(33,7): warning CS0105: “System.Threading”的 using 指令以前在此命名空间中出现过 [E:\Program Files\better-genshin-impact-LCB\BetterGenshinImpact\BetterGenshinImpact_lzryyj0u_wpftmp.csproj]
E:\Program Files\better-genshin-impact-LCB\BetterGenshinImpact\GameTask\AutoFight\AutoFightSeek.cs(34,7): warning CS0105: “System.Threading.Tasks”的 using 指令以前在此命名空间中出现过 [E:\Program Files\better-genshin-impact-LCB\BetterGenshinImpact\BetterGenshinImpact_lzryyj0u_wpftmp.csproj]
E:\Program Files\better-genshin-impact-LCB\BetterGenshinImpact\GameTask\AutoFight\AutoFightSeek.cs(37,7): warning CS0105: “BetterGenshinImpact.Core.Recognition.OpenCv”的 using 指令以前在此命名空间中出现过 [E:\Program Files\better-genshin-impact-LCB\BetterGenshinImpact\BetterGenshinImpact_lzryyj0u_wpftmp.csproj]
E:\Program Files\better-genshin-impact-LCB\BetterGenshinImpact\GameTask\AutoFight\AutoFightSeek.cs(38,7): warning CS0105: “BetterGenshinImpact.Core.Script.Dependence”的 using 指令以前在此命名空间中出现过 [E:\Program Files\better-genshin-impact-LCB\BetterGenshinImpact\BetterGenshinImpact_lzryyj0u_wpftmp.csproj]
E:\Program Files\better-genshin-impact-LCB\BetterGenshinImpact\GameTask\AutoFight\AutoFightSeek.cs(39,7): warning CS0105: “BetterGenshinImpact.Core.Simulator”的 using 指令以前在此命名空间中出现过 [E:\Program Files\better-genshin-impact-LCB\BetterGenshinImpact\BetterGenshinImpact_lzryyj0u_wpftmp.csproj]
E:\Program Files\better-genshin-impact-LCB\BetterGenshinImpact\GameTask\AutoFight\AutoFightSeek.cs(40,7): warning CS0105: “BetterGenshinImpact.Core.Simulator.Extensions”的 using 指令以前在此命名空间中出现过 [E:\Program Files\better-genshin-impact-LCB\BetterGenshinImpact\BetterGenshinImpact_lzryyj0u_wpftmp.csproj]
E:\Program Files\better-genshin-impact-LCB\BetterGenshinImpact\GameTask\AutoFight\AutoFightSeek.cs(42,7): warning CS0105: “BetterGenshinImpact.GameTask.Model.Area”的 using 指令以前在此命名空间中出现过 [E:\Program Files\better-genshin-impact-LCB\BetterGenshinImpact\BetterGenshinImpact_lzryyj0u_wpftmp.csproj]
E:\Program Files\better-genshin-impact-LCB\BetterGenshinImpact\GameTask\AutoFight\AutoFightSeek.cs(44,7): warning CS0105: “Microsoft.Extensions.Logging”的 using 指令以前在此命名空间中出现过 [E:\Program Files\better-genshin-impact-LCB\BetterGenshinImpact\BetterGenshinImpact_lzryyj0u_wpftmp.csproj]
E:\Program Files\better-genshin-impact-LCB\BetterGenshinImpact\GameTask\AutoFight\AutoFightSeek.cs(45,7): warning CS0105: “OpenCvSharp”的 using 指令以前在此命名空间中出现过 [E:\Program Files\better-genshin-impact-LCB\BetterGenshinImpact\BetterGenshinImpact_lzryyj0u_wpftmp.csproj]
E:\Program Files\better-genshin-impact-LCB\BetterGenshinImpact\GameTask\AutoFight\AutoFightSeek.cs(46,7): warning CS0105: “System”的 using 指令以前在此命名空间中出现过 [E:\Program Files\better-genshin-impact-LCB\BetterGenshinImpact\BetterGenshinImpact_lzryyj0u_wpftmp.csproj]
E:\Program Files\better-genshin-impact-LCB\BetterGenshinImpact\GameTask\AutoFight\AutoFightSeek.cs(47,7): warning CS0105: “System.Linq”的 using 指令以前在此命名空间中出现过 [E:\Program Files\better-genshin-impact-LCB\BetterGenshinImpact\BetterGenshinImpact_lzryyj0u_wpftmp.csproj]
E:\Program Files\better-genshin-impact-LCB\BetterGenshinImpact\GameTask\AutoFight\AutoFightSeek.cs(48,7): warning CS0105: “System.Threading”的 using 指令以前在此命名空间中出现过 [E:\Program Files\better-genshin-impact-LCB\BetterGenshinImpact\BetterGenshinImpact_lzryyj0u_wpftmp.csproj]
E:\Program Files\better-genshin-impact-LCB\BetterGenshinImpact\GameTask\AutoFight\AutoFightSeek.cs(49,7): warning CS0105: “System.Threading.Tasks”的 using 指令以前在此命名空间中出现过 [E:\Program Files\better-genshin-impact-LCB\BetterGenshinImpact\BetterGenshinImpact_lzryyj0u_wpftmp.csproj]
E:\Program Files\better-genshin-impact-LCB\BetterGenshinImpact\GameTask\AutoFight\AutoFightSeek.cs(52,7): warning CS0105: “BetterGenshinImpact.GameTask.Common.BgiVision”的 using 指令以前在此命名空间中出现过 [E:\Program Files\better-genshin-impact-LCB\BetterGenshinImpact\BetterGenshinImpact_lzryyj0u_wpftmp.csproj]
E:\Program Files\better-genshin-impact-LCB\BetterGenshinImpact\GameTask\AutoFight\AutoFightSeek.cs(54,14): warning CS0105: “TaskControl”的 using 指令以前在此命名空间中出现过 [E:\Program Files\better-genshin-impact-LCB\BetterGenshinImpact\BetterGenshinImpact_lzryyj0u_wpftmp.csproj]
E:\Program Files\better-genshin-impact-LCB\BetterGenshinImpact\GameTask\AutoFight\AutoFightSeek.cs(56,7): warning CS0105: “BetterGenshinImpact.GameTask.AutoFight.Assets”的 using 指令以前在此命名空间中出现过 [E:\Program Files\better-genshin-impact-LCB\BetterGenshinImpact\BetterGenshinImpact_lzryyj0u_wpftmp.csproj]
E:\Program Files\better-genshin-impact-LCB\BetterGenshinImpact\GameTask\AutoFight\Config\DefaultAutoFightConfig.cs(7,7): warning CS0105: “System”的 using 指令以前在此命名空间中出现过 [E:\Program Files\better-genshin-impact-LCB\BetterGenshinImpact\BetterGenshinImpact_lzryyj0u_wpftmp.csproj]
E:\Program Files\better-genshin-impact-LCB\BetterGenshinImpact\GameTask\AutoFight\Config\DefaultAutoFightConfig.cs(15,7): warning CS0105: “System.Linq”的 using 指令以前在此命名空间中出现过 [E:\Program Files\better-genshin-impact-LCB\BetterGenshinImpact\BetterGenshinImpact_lzryyj0u_wpftmp.csproj]
E:\Program Files\better-genshin-impact-LCB\BetterGenshinImpact\GameTask\AutoFight\Config\DefaultAutoFightConfig.cs(16,7): warning CS0105: “System.Collections.Generic”的 using 指令以前在此命名空间中出现过 [E:\Program Files\better-genshin-impact-LCB\BetterGenshinImpact\BetterGenshinImpact_lzryyj0u_wpftmp.csproj]
E:\Program Files\better-genshin-impact-LCB\BetterGenshinImpact\GameTask\AutoFight\Model\CombatScenes.cs(27,7): warning CS0105: “BetterGenshinImpact.Core.Config”的 using 指令以前在此命名空间中出现过 [E:\Program Files\better-genshin-impact-LCB\BetterGenshinImpact\BetterGenshinImpact_lzryyj0u_wpftmp.csproj]
E:\Program Files\better-genshin-impact-LCB\BetterGenshinImpact\GameTask\AutoFight\Model\CombatScenes.cs(28,7): warning CS0105: “BetterGenshinImpact.Core.Simulator”的 using 指令以前在此命名空间中出现过 [E:\Program Files\better-genshin-impact-LCB\BetterGenshinImpact\BetterGenshinImpact_lzryyj0u_wpftmp.csproj]
E:\Program Files\better-genshin-impact-LCB\BetterGenshinImpact\GameTask\AutoFight\Model\CombatScenes.cs(29,7): warning CS0105: “BetterGenshinImpact.GameTask.Common.Element.Assets”的 using 指令以前在此命名空间中出现过 [E:\Program Files\better-genshin-impact-LCB\BetterGenshinImpact\BetterGenshinImpact_lzryyj0u_wpftmp.csproj]
E:\Program Files\better-genshin-impact-LCB\BetterGenshinImpact\GameTask\AutoFight\Model\CombatScenes.cs(30,7): warning CS0105: “Compunet.YoloSharp”的 using 指令以前在此命名空间中出现过 [E:\Program Files\better-genshin-impact-LCB\BetterGenshinImpact\BetterGenshinImpact_lzryyj0u_wpftmp.csproj]
E:\Program Files\better-genshin-impact-LCB\BetterGenshinImpact\GameTask\AutoFight\Model\CombatScenes.cs(31,7): warning CS0105: “Compunet.YoloSharp.Data”的 using 指令以前在此命名空间中出现过 [E:\Program Files\better-genshin-impact-LCB\BetterGenshinImpact\BetterGenshinImpact_lzryyj0u_wpftmp.csproj]
E:\Program Files\better-genshin-impact-LCB\BetterGenshinImpact\GameTask\AutoFight\Model\CombatScenes.cs(32,7): warning CS0105: “SixLabors.ImageSharp”的 using 指令以前在此命名空间中出现过 [E:\Program Files\better-genshin-impact-LCB\BetterGenshinImpact\BetterGenshinImpact_lzryyj0u_wpftmp.csproj]
E:\Program Files\better-genshin-impact-LCB\BetterGenshinImpact\GameTask\AutoFight\Model\CombatScenes.cs(33,7): warning CS0105: “SixLabors.ImageSharp.PixelFormats”的 using 指令以前在此命名空间中出现过 [E:\Program Files\better-genshin-impact-LCB\BetterGenshinImpact\BetterGenshinImpact_lzryyj0u_wpftmp.csproj]
E:\Program Files\better-genshin-impact-LCB\BetterGenshinImpact\GameTask\AutoFight\Model\CombatScenes.cs(35,7): warning CS0105: “Microsoft.Extensions.DependencyInjection”的 using 指令以前在此命名空间中出现过 [E:\Program Files\better-genshin-impact-LCB\BetterGenshinImpact\BetterGenshinImpact_lzryyj0u_wpftmp.csproj]
E:\Program Files\better-genshin-impact-LCB\BetterGenshinImpact\GameTask\AutoFight\Model\CombatScenes.cs(36,7): warning CS0105: “BetterGenshinImpact.GameTask.AutoFight.Config”的 using 指令以前在此命名空间中出现过 [E:\Program Files\better-genshin-impact-LCB\BetterGenshinImpact\BetterGenshinImpact_lzryyj0u_wpftmp.csproj]
E:\Program Files\better-genshin-impact-LCB\BetterGenshinImpact\GameTask\AutoFight\Model\CombatScenes.cs(37,7): warning CS0105: “BetterGenshinImpact.Core.Config”的 using 指令以前在此命名空间中出现过 [E:\Program Files\better-genshin-impact-LCB\BetterGenshinImpact\BetterGenshinImpact_lzryyj0u_wpftmp.csproj]
E:\Program Files\better-genshin-impact-LCB\BetterGenshinImpact\GameTask\AutoFight\Model\CombatScenes.cs(39,7): warning CS0105: “OpenCvSharp”的 using 指令以前在此命名空间中出现过 [E:\Program Files\better-genshin-impact-LCB\BetterGenshinImpact\BetterGenshinImpact_lzryyj0u_wpftmp.csproj]
E:\Program Files\better-genshin-impact-LCB\BetterGenshinImpact\GameTask\AutoFight\Model\CombatScenes.cs(42,7): warning CS0105: “BetterGenshinImpact.GameTask.Model.Area”的 using 指令以前在此命名空间中出现过 [E:\Program Files\better-genshin-impact-LCB\BetterGenshinImpact\BetterGenshinImpact_lzryyj0u_wpftmp.csproj]
E:\Program Files\better-genshin-impact-LCB\BetterGenshinImpact\GameTask\AutoFight\Model\CombatScenes.cs(43,7): warning CS0105: “BetterGenshinImpact.Core.Recognition”的 using 指令以前在此命名空间中出现过 [E:\Program Files\better-genshin-impact-LCB\BetterGenshinImpact\BetterGenshinImpact_lzryyj0u_wpftmp.csproj]
E:\Program Files\better-genshin-impact-LCB\BetterGenshinImpact\GameTask\AutoFight\Script\CombatCommand.cs(11,7): warning CS0105: “Vanara.PInvoke”的 using 指令以前在此命名空间中出现过 [E:\Program Files\better-genshin-impact-LCB\BetterGenshinImpact\BetterGenshinImpact_lzryyj0u_wpftmp.csproj]
E:\Program Files\better-genshin-impact-LCB\BetterGenshinImpact\GameTask\AutoPathing\PathExecutor.cs(46,7): warning CS0105: “BetterGenshinImpact.GameTask.Common.Job”的 using 指令以前在此命名空间中出现过 [E:\Program Files\better-genshin-impact-LCB\BetterGenshinImpact\BetterGenshinImpact_lzryyj0u_wpftmp.csproj]
E:\Program Files\better-genshin-impact-LCB\BetterGenshinImpact\GameTask\AutoTrackPath\TpTaskFastDrag.cs(38,7): warning CS0105: “System”的 using 指令以前在此命名空间中出现过 [E:\Program Files\better-genshin-impact-LCB\BetterGenshinImpact\BetterGenshinImpact_lzryyj0u_wpftmp.csproj]
E:\Program Files\better-genshin-impact-LCB\BetterGenshinImpact\GameTask\AutoWood\AutoWoodConfig.cs(13,7): warning CS0105: “System”的 using 指令以前在此命名空间中出现过 [E:\Program Files\better-genshin-impact-LCB\BetterGenshinImpact\BetterGenshinImpact_lzryyj0u_wpftmp.csproj]
E:\Program Files\better-genshin-impact-LCB\BetterGenshinImpact\GameTask\AutoWood\AutoWoodConfig.cs(28,7): warning CS0105: “BetterGenshinImpact.GameTask.Model.Area”的 using 指令以前在此命名空间中出现过 [E:\Program Files\better-genshin-impact-LCB\BetterGenshinImpact\BetterGenshinImpact_lzryyj0u_wpftmp.csproj]
E:\Program Files\better-genshin-impact-LCB\BetterGenshinImpact\GameTask\Common\BgiVision\BvStatus.cs(14,7): warning CS0105: “System.Threading.Tasks”的 using 指令以前在此命名空间中出现过 [E:\Program Files\better-genshin-impact-LCB\BetterGenshinImpact\BetterGenshinImpact_lzryyj0u_wpftmp.csproj]
E:\Program Files\better-genshin-impact-LCB\BetterGenshinImpact\GameTask\Common\BgiVision\BvStatus.cs(15,7): warning CS0105: “BetterGenshinImpact.Core.Recognition”的 using 指令以前在此命名空间中出现过 [E:\Program Files\better-genshin-impact-LCB\BetterGenshinImpact\BetterGenshinImpact_lzryyj0u_wpftmp.csproj]
E:\Program Files\better-genshin-impact-LCB\BetterGenshinImpact\GameTask\Common\BgiVision\BvStatus.cs(16,7): warning CS0105: “System.Threading”的 using 指令以前在此命名空间中出现过 [E:\Program Files\better-genshin-impact-LCB\BetterGenshinImpact\BetterGenshinImpact_lzryyj0u_wpftmp.csproj]
E:\Program Files\better-genshin-impact-LCB\BetterGenshinImpact\GameTask\Common\BgiVision\BvStatus.cs(18,7): warning CS0105: “BetterGenshinImpact.GameTask.AutoFight.Assets”的 using 指令以前在此命名空间中出现过 [E:\Program Files\better-genshin-impact-LCB\BetterGenshinImpact\BetterGenshinImpact_lzryyj0u_wpftmp.csproj]
E:\Program Files\better-genshin-impact-LCB\BetterGenshinImpact\GameTask\Common\BgiVision\BvStatus.cs(22,7): warning CS0105: “System.Threading”的 using 指令以前在此命名空间中出现过 [E:\Program Files\better-genshin-impact-LCB\BetterGenshinImpact\BetterGenshinImpact_lzryyj0u_wpftmp.csproj]
E:\Program Files\better-genshin-impact-LCB\BetterGenshinImpact\GameTask\Common\BgiVision\BvStatus.cs(23,7): warning CS0105: “System.Threading.Tasks”的 using 指令以前在此命名空间中出现过 [E:\Program Files\better-genshin-impact-LCB\BetterGenshinImpact\BetterGenshinImpact_lzryyj0u_wpftmp.csproj]
E:\Program Files\better-genshin-impact-LCB\BetterGenshinImpact\GameTask\Common\Job\GoToSereniteaPotTask.cs(24,7): warning CS0105: “System.Globalization”的 using 指令以前在此命名空间中出现过 [E:\Program Files\better-genshin-impact-LCB\BetterGenshinImpact\BetterGenshinImpact_lzryyj0u_wpftmp.csproj]
E:\Program Files\better-genshin-impact-LCB\BetterGenshinImpact\GameTask\Common\Job\GoToSereniteaPotTask.cs(26,7): warning CS0105: “Newtonsoft.Json”的 using 指令以前在此命名空间中出现过 [E:\Program Files\better-genshin-impact-LCB\BetterGenshinImpact\BetterGenshinImpact_lzryyj0u_wpftmp.csproj]
E:\Program Files\better-genshin-impact-LCB\BetterGenshinImpact\GameTask\Common\Job\GoToSereniteaPotTask.cs(27,7): warning CS0105: “BetterGenshinImpact.GameTask.QuickSereniteaPot”的 using 指令以前在此命名空间中出现过 [E:\Program Files\better-genshin-impact-LCB\BetterGenshinImpact\BetterGenshinImpact_lzryyj0u_wpftmp.csproj]
E:\Program Files\better-genshin-impact-LCB\BetterGenshinImpact\GameTask\Common\Job\GoToSereniteaPotTask.cs(29,7): warning CS0105: “System.Linq”的 using 指令以前在此命名空间中出现过 [E:\Program Files\better-genshin-impact-LCB\BetterGenshinImpact\BetterGenshinImpact_lzryyj0u_wpftmp.csproj]
E:\Program Files\better-genshin-impact-LCB\BetterGenshinImpact\GameTask\Common\Job\GoToSereniteaPotTask.cs(30,7): warning CS0105: “System.Threading”的 using 指令以前在此命名空间中出现过 [E:\Program Files\better-genshin-impact-LCB\BetterGenshinImpact\BetterGenshinImpact_lzryyj0u_wpftmp.csproj]
E:\Program Files\better-genshin-impact-LCB\BetterGenshinImpact\GameTask\Common\Job\GoToSereniteaPotTask.cs(31,7): warning CS0105: “System.Threading.Tasks”的 using 指令以前在此命名空间中出现过 [E:\Program Files\better-genshin-impact-LCB\BetterGenshinImpact\BetterGenshinImpact_lzryyj0u_wpftmp.csproj]
E:\Program Files\better-genshin-impact-LCB\BetterGenshinImpact\GameTask\Common\Job\GoToSereniteaPotTask.cs(32,14): warning CS0105: “TaskControl”的 using 指令以前在此命名空间中出现过 [E:\Program Files\better-genshin-impact-LCB\BetterGenshinImpact\BetterGenshinImpact_lzryyj0u_wpftmp.csproj]
E:\Program Files\better-genshin-impact-LCB\BetterGenshinImpact\GameTask\Common\Job\SwitchPartyTask.cs(16,7): warning CS0105: “BetterGenshinImpact.GameTask.Common.Exceptions”的 using 指令以前在此命名空间中出现过 [E:\Program Files\better-genshin-impact-LCB\BetterGenshinImpact\BetterGenshinImpact_lzryyj0u_wpftmp.csproj]
E:\Program Files\better-genshin-impact-LCB\BetterGenshinImpact\GameTask\Common\Job\SwitchPartyTask.cs(19,7): warning CS0105: “System.Text.RegularExpressions”的 using 指令以前在此命名空间中出现过 [E:\Program Files\better-genshin-impact-LCB\BetterGenshinImpact\BetterGenshinImpact_lzryyj0u_wpftmp.csproj]
E:\Program Files\better-genshin-impact-LCB\BetterGenshinImpact\GameTask\Common\TaskControl.cs(15,7): warning CS0105: “System.Threading”的 using 指令以前在此命名空间中出现过 [E:\Program Files\better-genshin-impact-LCB\BetterGenshinImpact\BetterGenshinImpact_lzryyj0u_wpftmp.csproj]
E:\Program Files\better-genshin-impact-LCB\BetterGenshinImpact\GameTask\Common\TaskControl.cs(16,7): warning CS0105: “System.Threading.Tasks”的 using 指令以前在此命名空间中出现过 [E:\Program Files\better-genshin-impact-LCB\BetterGenshinImpact\BetterGenshinImpact_lzryyj0u_wpftmp.csproj]
E:\Program Files\better-genshin-impact-LCB\BetterGenshinImpact\GameTask\Common\TaskControl.cs(19,7): warning CS0105: “BetterGenshinImpact.GameTask.Model.Area”的 using 指令以前在此命名空间中出现过 [E:\Program Files\better-genshin-impact-LCB\BetterGenshinImpact\BetterGenshinImpact_lzryyj0u_wpftmp.csproj]
E:\Program Files\better-genshin-impact-LCB\BetterGenshinImpact\GameTask\Common\TaskControl.cs(24,7): warning CS0105: “Microsoft.Extensions.Logging”的 using 指令以前在此命名空间中出现过 [E:\Program Files\better-genshin-impact-LCB\BetterGenshinImpact\BetterGenshinImpact_lzryyj0u_wpftmp.csproj]
E:\Program Files\better-genshin-impact-LCB\BetterGenshinImpact\GameTask\GameTaskManager.cs(22,7): warning CS0105: “BetterGenshinImpact.Core.Config”的 using 指令以前在此命名空间中出现过 [E:\Program Files\better-genshin-impact-LCB\BetterGenshinImpact\BetterGenshinImpact_lzryyj0u_wpftmp.csproj]
E:\Program Files\better-genshin-impact-LCB\BetterGenshinImpact\GameTask\GameTaskManager.cs(28,7): warning CS0105: “OpenCvSharp”的 using 指令以前在此命名空间中出现过 [E:\Program Files\better-genshin-impact-LCB\BetterGenshinImpact\BetterGenshinImpact_lzryyj0u_wpftmp.csproj]
E:\Program Files\better-genshin-impact-LCB\BetterGenshinImpact\GameTask\GameTaskManager.cs(30,7): warning CS0105: “System.Collections.Generic”的 using 指令以前在此命名空间中出现过 [E:\Program Files\better-genshin-impact-LCB\BetterGenshinImpact\BetterGenshinImpact_lzryyj0u_wpftmp.csproj]
E:\Program Files\better-genshin-impact-LCB\BetterGenshinImpact\GameTask\GameTaskManager.cs(32,7): warning CS0105: “System.IO”的 using 指令以前在此命名空间中出现过 [E:\Program Files\better-genshin-impact-LCB\BetterGenshinImpact\BetterGenshinImpact_lzryyj0u_wpftmp.csproj]
E:\Program Files\better-genshin-impact-LCB\BetterGenshinImpact\GameTask\GameTaskManager.cs(33,7): warning CS0105: “System.Linq”的 using 指令以前在此命名空间中出现过 [E:\Program Files\better-genshin-impact-LCB\BetterGenshinImpact\BetterGenshinImpact_lzryyj0u_wpftmp.csproj]
E:\Program Files\better-genshin-impact-LCB\BetterGenshinImpact\GameTask\GameTaskManager.cs(37,7): warning CS0105: “BetterGenshinImpact.GameTask.GameLoading”的 using 指令以前在此命名空间中出现过 [E:\Program Files\better-genshin-impact-LCB\BetterGenshinImpact\BetterGenshinImpact_lzryyj0u_wpftmp.csproj]
E:\Program Files\better-genshin-impact-LCB\BetterGenshinImpact\GameTask\GameTaskManager.cs(44,7): warning CS0105: “System”的 using 指令以前在此命名空间中出现过 [E:\Program Files\better-genshin-impact-LCB\BetterGenshinImpact\BetterGenshinImpact_lzryyj0u_wpftmp.csproj]
E:\Program Files\better-genshin-impact-LCB\BetterGenshinImpact\GameTask\SystemControl.cs(14,7): warning CS0105: “System.Text”的 using 指令以前在此命名空间中出现过 [E:\Program Files\better-genshin-impact-LCB\BetterGenshinImpact\BetterGenshinImpact_lzryyj0u_wpftmp.csproj]
E:\Program Files\better-genshin-impact-LCB\BetterGenshinImpact\GameTask\SystemControl.cs(18,7): warning CS0105: “Microsoft.Extensions.Logging”的 using 指令以前在此命名空间中出现过 [E:\Program Files\better-genshin-impact-LCB\BetterGenshinImpact\BetterGenshinImpact_lzryyj0u_wpftmp.csproj]
E:\Program Files\better-genshin-impact-LCB\BetterGenshinImpact\GameTask\UseRedeemCode\UseRedemptionCodeTask.cs(14,7): warning CS0105: “BetterGenshinImpact.Helpers.Extensions”的 using 指令以前在此命名空间中出现过 [E:\Program Files\better-genshin-impact-LCB\BetterGenshinImpact\BetterGenshinImpact_lzryyj0u_wpftmp.csproj]
E:\Program Files\better-genshin-impact-LCB\BetterGenshinImpact\Service\ScriptService.cs(29,7): warning CS0105: “BetterGenshinImpact.Core.Config”的 using 指令以前在此命名空间中出现过 [E:\Program Files\better-genshin-impact-LCB\BetterGenshinImpact\BetterGenshinImpact_lzryyj0u_wpftmp.csproj]
E:\Program Files\better-genshin-impact-LCB\BetterGenshinImpact\ViewModel\Pages\TaskSettingsPageViewModel.cs(50,7): warning CS0105: “BetterGenshinImpact.GameTask.AutoFriendship”的 using 指令以前在此命名空间中出现过 [E:\Program Files\better-genshin-impact-LCB\BetterGenshinImpact\BetterGenshinImpact_lzryyj0u_wpftmp.csproj]
E:\Program Files\better-genshin-impact-LCB\BetterGenshinImpact\View\Pages\OneDragonFlowPage.xaml.cs(2,7): warning CS0105: “BetterGenshinImpact.ViewModel.Pages”的 using 指令以前在此命名空间中出现过 [E:\Program Files\better-genshin-impact-LCB\BetterGenshinImpact\BetterGenshinImpact_lzryyj0u_wpftmp.csproj]
E:\Program Files\better-genshin-impact-LCB\BetterGenshinImpact\GameTask\AutoFriendship\Assets\AutoFriendshipAssets.cs(11,37): warning CS0612: “BaseAssets<AutoFriendshipAssets>”已过时 [E:\Program Files\better-genshin-impact-LCB\BetterGenshinImpact\BetterGenshinImpact_lzryyj0u_wpftmp.csproj]
E:\Program Files\better-genshin-impact-LCB\BetterGenshinImpact\GameTask\AutoPathing\Model\WaypointForTrack.cs(27,30): warning CS0108: “WaypointForTrack.Misidentification”隐藏继承的成员“Waypoint.Misidentification”。如果是有意隐藏，请使用关键字 new。 [E:\Program Files\better-genshin-impact-LCB\BetterGenshinImpact\BetterGenshinImpact_lzryyj0u_wpftmp.csproj]
E:\Program Files\better-genshin-impact-LCB\BetterGenshinImpact\Helpers\Security\MD5Helper.cs(14,71): warning CS8625: 无法将 null 字面量转换为非 null 的引用类型。 [E:\Program Files\better-genshin-impact-LCB\BetterGenshinImpact\BetterGenshinImpact_lzryyj0u_wpftmp.csproj]
E:\Program Files\better-genshin-impact-LCB\BetterGenshinImpact\GameTask\Common\Element\Assets\ElementAssets.cs(10,30): warning CS0612: “BaseAssets<ElementAssets>”已过时 [E:\Program Files\better-genshin-impact-LCB\BetterGenshinImpact\BetterGenshinImpact_lzryyj0u_wpftmp.csproj]
E:\Program Files\better-genshin-impact-LCB\BetterGenshinImpact\View\Behavior\ResponsiveTitleBarBehavior.cs(103,18): warning CS0108: “ResponsiveTitleBarBehavior.Detach()”隐藏继承的成员“Behavior.Detach()”。如果是有意隐藏，请使用关键字 new。 [E:\Program Files\better-genshin-impact-LCB\BetterGenshinImpact\BetterGenshinImpact_lzryyj0u_wpftmp.csproj]
E:\Program Files\better-genshin-impact-LCB\BetterGenshinImpact\GameTask\AutoWood\Assets\AutoWoodAssets.cs(7,31): warning CS0612: “BaseAssets<AutoWoodAssets>”已过时 [E:\Program Files\better-genshin-impact-LCB\BetterGenshinImpact\BetterGenshinImpact_lzryyj0u_wpftmp.csproj]
E:\Program Files\better-genshin-impact-LCB\BetterGenshinImpact\GameTask\LogParse\YsHttp.cs(228,115): warning CS8625: 无法将 null 字面量转换为非 null 的引用类型。 [E:\Program Files\better-genshin-impact-LCB\BetterGenshinImpact\BetterGenshinImpact_lzryyj0u_wpftmp.csproj]
E:\Program Files\better-genshin-impact-LCB\BetterGenshinImpact\Service\Notifier\BarkNotifier.cs(129,35): warning CS8625: 无法将 null 字面量转换为非 null 的引用类型。 [E:\Program Files\better-genshin-impact-LCB\BetterGenshinImpact\BetterGenshinImpact_lzryyj0u_wpftmp.csproj]
E:\Program Files\better-genshin-impact-LCB\BetterGenshinImpact\View\Windows\PictureInPictureWindow.xaml.cs(23,26): warning CS0108: “PictureInPictureWindow.MinWidth”隐藏继承的成员“FrameworkElement.MinWidth”。如果是有意隐藏，请使用关键字 new。 [E:\Program Files\better-genshin-impact-LCB\BetterGenshinImpact\BetterGenshinImpact_lzryyj0u_wpftmp.csproj]
E:\Program Files\better-genshin-impact-LCB\BetterGenshinImpact\View\Windows\PictureInPictureWindow.xaml.cs(24,26): warning CS0108: “PictureInPictureWindow.MaxWidth”隐藏继承的成员“FrameworkElement.MaxWidth”。如果是有意隐藏，请使用关键字 new。 [E:\Program Files\better-genshin-impact-LCB\BetterGenshinImpact\BetterGenshinImpact_lzryyj0u_wpftmp.csproj]
E:\Program Files\better-genshin-impact-LCB\BetterGenshinImpact\Helpers\Win32\MirrorChyanHelper.cs(98,9): warning CS4014: 由于此调用不会等待，因此在此调用完成之前将会继续执行当前方法。请考虑将 "await" 运算符应用于调用结果。 [E:\Program Files\better-genshin-impact-LCB\BetterGenshinImpact\BetterGenshinImpact_lzryyj0u_wpftmp.csproj]
E:\Program Files\better-genshin-impact-LCB\BetterGenshinImpact\Helpers\Win32\ConsoleHelper.cs(91,28): warning CS0618: “FileStream.FileStream(nint, FileAccess)”已过时:“This constructor has been deprecated. Use FileStream(SafeFileHandle handle, FileAccess access) instead.” [E:\Program Files\better-genshin-impact-LCB\BetterGenshinImpact\BetterGenshinImpact_lzryyj0u_wpftmp.csproj]
E:\Program Files\better-genshin-impact-LCB\BetterGenshinImpact\Helpers\Win32\ConsoleHelper.cs(97,28): warning CS0618: “FileStream.FileStream(nint, FileAccess)”已过时:“This constructor has been deprecated. Use FileStream(SafeFileHandle handle, FileAccess access) instead.” [E:\Program Files\better-genshin-impact-LCB\BetterGenshinImpact\BetterGenshinImpact_lzryyj0u_wpftmp.csproj]
E:\Program Files\better-genshin-impact-LCB\BetterGenshinImpact\Helpers\Win32\ConsoleHelper.cs(103,27): warning CS0618: “FileStream.FileStream(nint, FileAccess)”已过时:“This constructor has been deprecated. Use FileStream(SafeFileHandle handle, FileAccess access) instead.” [E:\Program Files\better-genshin-impact-LCB\BetterGenshinImpact\BetterGenshinImpact_lzryyj0u_wpftmp.csproj]
E:\Program Files\better-genshin-impact-LCB\BetterGenshinImpact\GameTask\AutoBoss\AutoBossTask.cs(97,64): warning CS8604: “CombatScriptBag CombatScriptParser.ReadAndParse(string path)”中的形参“path”可能传入 null 引用实参。 [E:\Program Files\better-genshin-impact-LCB\BetterGenshinImpact\BetterGenshinImpact_lzryyj0u_wpftmp.csproj]
E:\Program Files\better-genshin-impact-LCB\BetterGenshinImpact\Core\Config\PathingPartyTaskCycleConfig.cs(57,26): warning CS0168: 声明了变量“e”，但从未使用过 [E:\Program Files\better-genshin-impact-LCB\BetterGenshinImpact\BetterGenshinImpact_lzryyj0u_wpftmp.csproj]
E:\Program Files\better-genshin-impact-LCB\BetterGenshinImpact\View\Windows\WelcomeDialog.xaml.cs(40,9): warning CS4014: 由于此调用不会等待，因此在此调用完成之前将会继续执行当前方法。请考虑将 "await" 运算符应用于调用结果。 [E:\Program Files\better-genshin-impact-LCB\BetterGenshinImpact\BetterGenshinImpact_lzryyj0u_wpftmp.csproj]
E:\Program Files\better-genshin-impact-LCB\BetterGenshinImpact\Core\Recognition\RecognitionObjectJsonLoader.cs(377,20): warning CS8603: 可能返回 null 引用。 [E:\Program Files\better-genshin-impact-LCB\BetterGenshinImpact\BetterGenshinImpact_lzryyj0u_wpftmp.csproj]
E:\Program Files\better-genshin-impact-LCB\BetterGenshinImpact\Core\Recognition\OpenCv\TemplateMatch\TemplateMatchNormalizer.cs(128,60): warning CS8604: “InputArray.implicit operator InputArray(Mat mat)”中的形参“mat”可能传入 null 引用实参。 [E:\Program Files\better-genshin-impact-LCB\BetterGenshinImpact\BetterGenshinImpact_lzryyj0u_wpftmp.csproj]
E:\Program Files\better-genshin-impact-LCB\BetterGenshinImpact\Core\Recognition\OpenCv\TemplateMatch\TemplateMatchNormalizer.cs(134,59): warning CS8604: “InputArray.implicit operator InputArray(Mat mat)”中的形参“mat”可能传入 null 引用实参。 [E:\Program Files\better-genshin-impact-LCB\BetterGenshinImpact\BetterGenshinImpact_lzryyj0u_wpftmp.csproj]
E:\Program Files\better-genshin-impact-LCB\BetterGenshinImpact\Core\Recognition\OpenCv\TemplateMatch\TemplateMatchNormalizer.cs(141,82): warning CS8604: “InputArray.implicit operator InputArray(Mat mat)”中的形参“mat”可能传入 null 引用实参。 [E:\Program Files\better-genshin-impact-LCB\BetterGenshinImpact\BetterGenshinImpact_lzryyj0u_wpftmp.csproj]
E:\Program Files\better-genshin-impact-LCB\BetterGenshinImpact\Core\Recognition\OpenCv\TemplateMatch\TemplateMatchHelper.cs(9,59): warning CS8604: “InputArray.implicit operator InputArray(Mat mat)”中的形参“mat”可能传入 null 引用实参。 [E:\Program Files\better-genshin-impact-LCB\BetterGenshinImpact\BetterGenshinImpact_lzryyj0u_wpftmp.csproj]
E:\Program Files\better-genshin-impact-LCB\BetterGenshinImpact\Core\Recognition\OpenCv\TemplateMatch\TemplateMatchHelper.cs(33,59): warning CS8604: “InputArray.implicit operator InputArray(Mat mat)”中的形参“mat”可能传入 null 引用实参。 [E:\Program Files\better-genshin-impact-LCB\BetterGenshinImpact\BetterGenshinImpact_lzryyj0u_wpftmp.csproj]
E:\Program Files\better-genshin-impact-LCB\BetterGenshinImpact\Helpers\Ui\FileTreeNodeHelper.cs(93,60): warning CS8620: 由于引用类型的可为 null 性差异，List<string?> 类型的实参不能用于 ObservableCollection<FileTreeNode<T>> FilterNodes(ObservableCollection<FileTreeNode<T>> inputNodes, List<string> paths) 中 List<string> 类型的形参 paths。 [E:\Program Files\better-genshin-impact-LCB\BetterGenshinImpact\BetterGenshinImpact_lzryyj0u_wpftmp.csproj]
E:\Program Files\better-genshin-impact-LCB\BetterGenshinImpact\GameTask\UseRedeemCode\GetLiveRedeemCode.cs(129,20): warning CS8619: 类型“(string?, string?)”的值中引用类型的为 Null 性与目标类型“(string codeVer, string title)”不匹配。 [E:\Program Files\better-genshin-impact-LCB\BetterGenshinImpact\BetterGenshinImpact_lzryyj0u_wpftmp.csproj]
E:\Program Files\better-genshin-impact-LCB\BetterGenshinImpact\GameTask\UseRedeemCode\GetLiveRedeemCode.cs(132,37): warning CS8619: 类型“(string?, string?)”的值中引用类型的为 Null 性与目标类型“(string codeVer, string title)”不匹配。 [E:\Program Files\better-genshin-impact-LCB\BetterGenshinImpact\BetterGenshinImpact_lzryyj0u_wpftmp.csproj]
E:\Program Files\better-genshin-impact-LCB\BetterGenshinImpact\GameTask\UseRedeemCode\GetLiveRedeemCode.cs(134,26): warning CS8600: 将 null 文本或可能的 null 值转换为不可为 null 类型。 [E:\Program Files\better-genshin-impact-LCB\BetterGenshinImpact\BetterGenshinImpact_lzryyj0u_wpftmp.csproj]
E:\Program Files\better-genshin-impact-LCB\BetterGenshinImpact\GameTask\UseRedeemCode\GetLiveRedeemCode.cs(135,24): warning CS8600: 将 null 文本或可能的 null 值转换为不可为 null 类型。 [E:\Program Files\better-genshin-impact-LCB\BetterGenshinImpact\BetterGenshinImpact_lzryyj0u_wpftmp.csproj]
E:\Program Files\better-genshin-impact-LCB\BetterGenshinImpact\GameTask\UseRedeemCode\GetLiveRedeemCode.cs(136,16): warning CS8619: 类型“(string? codeVer, string? title)”的值中引用类型的为 Null 性与目标类型“(string codeVer, string title)”不匹配。 [E:\Program Files\better-genshin-impact-LCB\BetterGenshinImpact\BetterGenshinImpact_lzryyj0u_wpftmp.csproj]
E:\Program Files\better-genshin-impact-LCB\BetterGenshinImpact\Core\Recognition\OpenCv\TemplateMatch\MatchContext.cs(23,12): warning CS8618: 在退出构造函数时，不可为 null 的 字段 "MaskedMiniMapRoughs" 必须包含非 null 值。请考虑添加 "required" 修饰符或将该 字段 声明为可为 null。 [E:\Program Files\better-genshin-impact-LCB\BetterGenshinImpact\BetterGenshinImpact_lzryyj0u_wpftmp.csproj]
E:\Program Files\better-genshin-impact-LCB\BetterGenshinImpact\Core\Recognition\OpenCv\TemplateMatch\MatchContext.cs(23,12): warning CS8618: 在退出构造函数时，不可为 null 的 字段 "MaskRoughF" 必须包含非 null 值。请考虑添加 "required" 修饰符或将该 字段 声明为可为 null。 [E:\Program Files\better-genshin-impact-LCB\BetterGenshinImpact\BetterGenshinImpact_lzryyj0u_wpftmp.csproj]
E:\Program Files\better-genshin-impact-LCB\BetterGenshinImpact\Core\Recognition\OpenCv\TemplateMatch\MatchContext.cs(23,12): warning CS8618: 在退出构造函数时，不可为 null 的 字段 "NormalizerRough" 必须包含非 null 值。请考虑添加 "required" 修饰符或将该 字段 声明为可为 null。 [E:\Program Files\better-genshin-impact-LCB\BetterGenshinImpact\BetterGenshinImpact_lzryyj0u_wpftmp.csproj]
E:\Program Files\better-genshin-impact-LCB\BetterGenshinImpact\Core\Recognition\OpenCv\TemplateMatch\MatchContext.cs(23,12): warning CS8618: 在退出构造函数时，不可为 null 的 字段 "NormalizerRoughChan" 必须包含非 null 值。请考虑添加 "required" 修饰符或将该 字段 声明为可为 null。 [E:\Program Files\better-genshin-impact-LCB\BetterGenshinImpact\BetterGenshinImpact_lzryyj0u_wpftmp.csproj]
E:\Program Files\better-genshin-impact-LCB\BetterGenshinImpact\Core\Recognition\OpenCv\TemplateMatch\MatchContext.cs(23,12): warning CS8618: 在退出构造函数时，不可为 null 的 字段 "NormalizerExact" 必须包含非 null 值。请考虑添加 "required" 修饰符或将该 字段 声明为可为 null。 [E:\Program Files\better-genshin-impact-LCB\BetterGenshinImpact\BetterGenshinImpact_lzryyj0u_wpftmp.csproj]
E:\Program Files\better-genshin-impact-LCB\BetterGenshinImpact\GameTask\UseRedeemCode\GetLiveRedeemCode.cs(153,27): warning CS8600: 将 null 文本或可能的 null 值转换为不可为 null 类型。 [E:\Program Files\better-genshin-impact-LCB\BetterGenshinImpact\BetterGenshinImpact_lzryyj0u_wpftmp.csproj]
E:\Program Files\better-genshin-impact-LCB\BetterGenshinImpact\Genshin\Settings2\GenshinGameSettings.cs(17,19): warning CS8618: 在退出构造函数时，不可为 null 的 属性 "DeviceUUID" 必须包含非 null 值。请考虑添加 "required" 修饰符或将该 属性 声明为可为 null。 [E:\Program Files\better-genshin-impact-LCB\BetterGenshinImpact\BetterGenshinImpact_lzryyj0u_wpftmp.csproj]
E:\Program Files\better-genshin-impact-LCB\BetterGenshinImpact\Genshin\Settings2\GenshinGameSettings.cs(20,19): warning CS8618: 在退出构造函数时，不可为 null 的 属性 "UserLocalDataVersionId" 必须包含非 null 值。请考虑添加 "required" 修饰符或将该 属性 声明为可为 null。 [E:\Program Files\better-genshin-impact-LCB\BetterGenshinImpact\BetterGenshinImpact_lzryyj0u_wpftmp.csproj]
E:\Program Files\better-genshin-impact-LCB\BetterGenshinImpact\Genshin\Settings2\GenshinGameSettings.cs(29,19): warning CS8618: 在退出构造函数时，不可为 null 的 属性 "SelectedServerName" 必须包含非 null 值。请考虑添加 "required" 修饰符或将该 属性 声明为可为 null。 [E:\Program Files\better-genshin-impact-LCB\BetterGenshinImpact\BetterGenshinImpact_lzryyj0u_wpftmp.csproj]
E:\Program Files\better-genshin-impact-LCB\BetterGenshinImpact\Genshin\Settings2\GenshinGameSettings.cs(35,19): warning CS8618: 在退出构造函数时，不可为 null 的 属性 "DeviceID" 必须包含非 null 值。请考虑添加 "required" 修饰符或将该 属性 声明为可为 null。 [E:\Program Files\better-genshin-impact-LCB\BetterGenshinImpact\BetterGenshinImpact_lzryyj0u_wpftmp.csproj]
E:\Program Files\better-genshin-impact-LCB\BetterGenshinImpact\Genshin\Settings2\GenshinGameSettings.cs(38,19): warning CS8618: 在退出构造函数时，不可为 null 的 属性 "TargetUID" 必须包含非 null 值。请考虑添加 "required" 修饰符或将该 属性 声明为可为 null。 [E:\Program Files\better-genshin-impact-LCB\BetterGenshinImpact\BetterGenshinImpact_lzryyj0u_wpftmp.csproj]
E:\Program Files\better-genshin-impact-LCB\BetterGenshinImpact\Genshin\Settings2\GenshinGameSettings.cs(41,19): warning CS8618: 在退出构造函数时，不可为 null 的 属性 "CurAccountName" 必须包含非 null 值。请考虑添加 "required" 修饰符或将该 属性 声明为可为 null。 [E:\Program Files\better-genshin-impact-LCB\BetterGenshinImpact\BetterGenshinImpact_lzryyj0u_wpftmp.csproj]
E:\Program Files\better-genshin-impact-LCB\BetterGenshinImpact\Genshin\Settings2\GenshinGameSettings.cs(44,19): warning CS8618: 在退出构造函数时，不可为 null 的 属性 "UiSaveData" 必须包含非 null 值。请考虑添加 "required" 修饰符或将该 属性 声明为可为 null。 [E:\Program Files\better-genshin-impact-LCB\BetterGenshinImpact\BetterGenshinImpact_lzryyj0u_wpftmp.csproj]
E:\Program Files\better-genshin-impact-LCB\BetterGenshinImpact\Genshin\Settings2\GenshinGameSettings.cs(47,19): warning CS8618: 在退出构造函数时，不可为 null 的 属性 "InputData" 必须包含非 null 值。请考虑添加 "required" 修饰符或将该 属性 声明为可为 null。 [E:\Program Files\better-genshin-impact-LCB\BetterGenshinImpact\BetterGenshinImpact_lzryyj0u_wpftmp.csproj]
E:\Program Files\better-genshin-impact-LCB\BetterGenshinImpact\Genshin\Settings2\GenshinGameSettings.cs(50,19): warning CS8618: 在退出构造函数时，不可为 null 的 属性 "GraphicsData" 必须包含非 null 值。请考虑添加 "required" 修饰符或将该 属性 声明为可为 null。 [E:\Program Files\better-genshin-impact-LCB\BetterGenshinImpact\BetterGenshinImpact_lzryyj0u_wpftmp.csproj]
E:\Program Files\better-genshin-impact-LCB\BetterGenshinImpact\Genshin\Settings2\GenshinGameSettings.cs(53,19): warning CS8618: 在退出构造函数时，不可为 null 的 属性 "GlobalPerfData" 必须包含非 null 值。请考虑添加 "required" 修饰符或将该 属性 声明为可为 null。 [E:\Program Files\better-genshin-impact-LCB\BetterGenshinImpact\BetterGenshinImpact_lzryyj0u_wpftmp.csproj]
E:\Program Files\better-genshin-impact-LCB\BetterGenshinImpact\Genshin\Settings2\GenshinGameSettings.cs(164,19): warning CS8618: 在退出构造函数时，不可为 null 的 属性 "GammaValue" 必须包含非 null 值。请考虑添加 "required" 修饰符或将该 属性 声明为可为 null。 [E:\Program Files\better-genshin-impact-LCB\BetterGenshinImpact\BetterGenshinImpact_lzryyj0u_wpftmp.csproj]
E:\Program Files\better-genshin-impact-LCB\BetterGenshinImpact\Genshin\Settings2\GenshinGameSettings.cs(170,25): warning CS8618: 在退出构造函数时，不可为 null 的 属性 "OverrideControllerMapKeyList" 必须包含非 null 值。请考虑添加 "required" 修饰符或将该 属性 声明为可为 null。 [E:\Program Files\better-genshin-impact-LCB\BetterGenshinImpact\BetterGenshinImpact_lzryyj0u_wpftmp.csproj]
E:\Program Files\better-genshin-impact-LCB\BetterGenshinImpact\Genshin\Settings2\GenshinGameSettings.cs(173,25): warning CS8618: 在退出构造函数时，不可为 null 的 属性 "OverrideControllerMapValueList" 必须包含非 null 值。请考虑添加 "required" 修饰符或将该 属性 声明为可为 null。 [E:\Program Files\better-genshin-impact-LCB\BetterGenshinImpact\BetterGenshinImpact_lzryyj0u_wpftmp.csproj]
E:\Program Files\better-genshin-impact-LCB\BetterGenshinImpact\Genshin\Settings2\GenshinGameSettings.cs(176,25): warning CS8618: 在退出构造函数时，不可为 null 的 属性 "RewiredMapMigrateRecord" 必须包含非 null 值。请考虑添加 "required" 修饰符或将该 属性 声明为可为 null。 [E:\Program Files\better-genshin-impact-LCB\BetterGenshinImpact\BetterGenshinImpact_lzryyj0u_wpftmp.csproj]
E:\Program Files\better-genshin-impact-LCB\BetterGenshinImpact\Genshin\Settings2\GenshinGameSettings.cs(197,22): warning CS8618: 在退出构造函数时，不可为 null 的 属性 "ConflictKeyBindingElementId" 必须包含非 null 值。请考虑添加 "required" 修饰符或将该 属性 声明为可为 null。 [E:\Program Files\better-genshin-impact-LCB\BetterGenshinImpact\BetterGenshinImpact_lzryyj0u_wpftmp.csproj]
E:\Program Files\better-genshin-impact-LCB\BetterGenshinImpact\Genshin\Settings2\GenshinGameSettings.cs(200,22): warning CS8618: 在退出构造函数时，不可为 null 的 属性 "ConflictKeyBindingActionId" 必须包含非 null 值。请考虑添加 "required" 修饰符或将该 属性 声明为可为 null。 [E:\Program Files\better-genshin-impact-LCB\BetterGenshinImpact\BetterGenshinImpact_lzryyj0u_wpftmp.csproj]
E:\Program Files\better-genshin-impact-LCB\BetterGenshinImpact\Genshin\Settings2\GenshinGameSettings.cs(206,19): warning CS8618: 在退出构造函数时，不可为 null 的 属性 "LastSeenSettingResourceTabScriptVersion" 必须包含非 null 值。请考虑添加 "required" 修饰符或将该 属性 声明为可为 null。 [E:\Program Files\better-genshin-impact-LCB\BetterGenshinImpact\BetterGenshinImpact_lzryyj0u_wpftmp.csproj]
E:\Program Files\better-genshin-impact-LCB\BetterGenshinImpact\Genshin\Settings2\GenshinGameSettings.cs(251,25): warning CS8618: 在退出构造函数时，不可为 null 的 属性 "MtrBanReasons" 必须包含非 null 值。请考虑添加 "required" 修饰符或将该 属性 声明为可为 null。 [E:\Program Files\better-genshin-impact-LCB\BetterGenshinImpact\BetterGenshinImpact_lzryyj0u_wpftmp.csproj]
E:\Program Files\better-genshin-impact-LCB\BetterGenshinImpact\Genshin\Settings2\GenshinGameSettings.cs(254,25): warning CS8618: 在退出构造函数时，不可为 null 的 属性 "CustomDataKeyList" 必须包含非 null 值。请考虑添加 "required" 修饰符或将该 属性 声明为可为 null。 [E:\Program Files\better-genshin-impact-LCB\BetterGenshinImpact\BetterGenshinImpact_lzryyj0u_wpftmp.csproj]
E:\Program Files\better-genshin-impact-LCB\BetterGenshinImpact\Genshin\Settings2\GenshinGameSettings.cs(257,25): warning CS8618: 在退出构造函数时，不可为 null 的 属性 "CustomDataValueList" 必须包含非 null 值。请考虑添加 "required" 修饰符或将该 属性 声明为可为 null。 [E:\Program Files\better-genshin-impact-LCB\BetterGenshinImpact\BetterGenshinImpact_lzryyj0u_wpftmp.csproj]
E:\Program Files\better-genshin-impact-LCB\BetterGenshinImpact\Genshin\Settings2\GenshinGameSettings.cs(260,22): warning CS8618: 在退出构造函数时，不可为 null 的 属性 "SerializedCodeSwitches" 必须包含非 null 值。请考虑添加 "required" 修饰符或将该 属性 声明为可为 null。 [E:\Program Files\better-genshin-impact-LCB\BetterGenshinImpact\BetterGenshinImpact_lzryyj0u_wpftmp.csproj]
E:\Program Files\better-genshin-impact-LCB\BetterGenshinImpact\Genshin\Settings2\GenshinGameSettings.cs(290,25): warning CS8618: 在退出构造函数时，不可为 null 的 属性 "UrlCheckBanReasons" 必须包含非 null 值。请考虑添加 "required" 修饰符或将该 属性 声明为可为 null。 [E:\Program Files\better-genshin-impact-LCB\BetterGenshinImpact\BetterGenshinImpact_lzryyj0u_wpftmp.csproj]
E:\Program Files\better-genshin-impact-LCB\BetterGenshinImpact\Genshin\Settings2\GenshinGameSettings.cs(296,19): warning CS8618: 在退出构造函数时，不可为 null 的 属性 "GreyTestDeviceUniqueId" 必须包含非 null 值。请考虑添加 "required" 修饰符或将该 属性 声明为可为 null。 [E:\Program Files\better-genshin-impact-LCB\BetterGenshinImpact\BetterGenshinImpact_lzryyj0u_wpftmp.csproj]
E:\Program Files\better-genshin-impact-LCB\BetterGenshinImpact\Genshin\Settings2\GenshinGameInputSettings.cs(8,19): warning CS8618: 在退出构造函数时，不可为 null 的 属性 "ScriptVersion" 必须包含非 null 值。请考虑添加 "required" 修饰符或将该 属性 声明为可为 null。 [E:\Program Files\better-genshin-impact-LCB\BetterGenshinImpact\BetterGenshinImpact_lzryyj0u_wpftmp.csproj]
E:\Program Files\better-genshin-impact-LCB\BetterGenshinImpact\Genshin\Settings2\GenshinGameInputSettings.cs(11,19): warning CS8618: 在退出构造函数时，不可为 null 的 属性 "MouseSensitivity" 必须包含非 null 值。请考虑添加 "required" 修饰符或将该 属性 声明为可为 null。 [E:\Program Files\better-genshin-impact-LCB\BetterGenshinImpact\BetterGenshinImpact_lzryyj0u_wpftmp.csproj]
E:\Program Files\better-genshin-impact-LCB\BetterGenshinImpact\GameTask\AutoDomain\AutoDomainTask.cs(168,64): warning CS8604: “CombatScriptBag CombatScriptParser.ReadAndParse(string path)”中的形参“path”可能传入 null 引用实参。 [E:\Program Files\better-genshin-impact-LCB\BetterGenshinImpact\BetterGenshinImpact_lzryyj0u_wpftmp.csproj]
E:\Program Files\better-genshin-impact-LCB\BetterGenshinImpact\Core\Recognition\OpenCv\TemplateMatchStabilityDetector.cs(95,25): warning CS8625: 无法将 null 字面量转换为非 null 的引用类型。 [E:\Program Files\better-genshin-impact-LCB\BetterGenshinImpact\BetterGenshinImpact_lzryyj0u_wpftmp.csproj]
E:\Program Files\better-genshin-impact-LCB\BetterGenshinImpact\Core\Recognition\OpenCv\TemplateMatchStabilityDetector.cs(101,25): warning CS8625: 无法将 null 字面量转换为非 null 的引用类型。 [E:\Program Files\better-genshin-impact-LCB\BetterGenshinImpact\BetterGenshinImpact_lzryyj0u_wpftmp.csproj]
E:\Program Files\better-genshin-impact-LCB\BetterGenshinImpact\Core\Recognition\OpenCv\TemplateMatchStabilityDetector.cs(9,17): warning CS8618: 在退出构造函数时，不可为 null 的 字段 "previousFrame" 必须包含非 null 值。请考虑添加 "required" 修饰符或将该 字段 声明为可为 null。 [E:\Program Files\better-genshin-impact-LCB\BetterGenshinImpact\BetterGenshinImpact_lzryyj0u_wpftmp.csproj]
E:\Program Files\better-genshin-impact-LCB\BetterGenshinImpact\GameTask\AutoEat\AutoEatTask.cs(101,39): warning CS8600: 将 null 文本或可能的 null 值转换为不可为 null 类型。 [E:\Program Files\better-genshin-impact-LCB\BetterGenshinImpact\BetterGenshinImpact_lzryyj0u_wpftmp.csproj]
E:\Program Files\better-genshin-impact-LCB\BetterGenshinImpact\Core\Script\WebView\FileAccessBridge.cs(12,19): warning CS8618: 在退出构造函数时，不可为 null 的 属性 "Name" 必须包含非 null 值。请考虑添加 "required" 修饰符或将该 属性 声明为可为 null。 [E:\Program Files\better-genshin-impact-LCB\BetterGenshinImpact\BetterGenshinImpact_lzryyj0u_wpftmp.csproj]
E:\Program Files\better-genshin-impact-LCB\BetterGenshinImpact\Core\Script\WebView\FileAccessBridge.cs(13,19): warning CS8618: 在退出构造函数时，不可为 null 的 属性 "RelativePath" 必须包含非 null 值。请考虑添加 "required" 修饰符或将该 属性 声明为可为 null。 [E:\Program Files\better-genshin-impact-LCB\BetterGenshinImpact\BetterGenshinImpact_lzryyj0u_wpftmp.csproj]
E:\Program Files\better-genshin-impact-LCB\BetterGenshinImpact\Core\Script\Utils\JsonMerger.cs(53,35): warning CS8604: “JObject? JsonMerger.GetRefFile(JObject jObject, string filePath)”中的形参“jObject”可能传入 null 引用实参。 [E:\Program Files\better-genshin-impact-LCB\BetterGenshinImpact\BetterGenshinImpact_lzryyj0u_wpftmp.csproj]
E:\Program Files\better-genshin-impact-LCB\BetterGenshinImpact\Core\Script\Utils\JsonMerger.cs(72,41): warning CS8604: “string Path.Combine(string path1, string path2)”中的形参“path1”可能传入 null 引用实参。 [E:\Program Files\better-genshin-impact-LCB\BetterGenshinImpact\BetterGenshinImpact_lzryyj0u_wpftmp.csproj]
E:\Program Files\better-genshin-impact-LCB\BetterGenshinImpact\Core\Script\Utils\JsonMerger.cs(89,31): warning CS8600: 将 null 文本或可能的 null 值转换为不可为 null 类型。 [E:\Program Files\better-genshin-impact-LCB\BetterGenshinImpact\BetterGenshinImpact_lzryyj0u_wpftmp.csproj]
E:\Program Files\better-genshin-impact-LCB\BetterGenshinImpact\Core\Script\Utils\JsonMerger.cs(91,49): warning CS8604: “string Path.Combine(string path1, string path2)”中的形参“path1”可能传入 null 引用实参。 [E:\Program Files\better-genshin-impact-LCB\BetterGenshinImpact\BetterGenshinImpact_lzryyj0u_wpftmp.csproj]
E:\Program Files\better-genshin-impact-LCB\BetterGenshinImpact\Core\Script\Utils\JsonMerger.cs(123,30): warning CS8600: 将 null 文本或可能的 null 值转换为不可为 null 类型。 [E:\Program Files\better-genshin-impact-LCB\BetterGenshinImpact\BetterGenshinImpact_lzryyj0u_wpftmp.csproj]
E:\Program Files\better-genshin-impact-LCB\BetterGenshinImpact\Core\Script\Utils\JsonMerger.cs(130,27): warning CS8600: 将 null 文本或可能的 null 值转换为不可为 null 类型。 [E:\Program Files\better-genshin-impact-LCB\BetterGenshinImpact\BetterGenshinImpact_lzryyj0u_wpftmp.csproj]
E:\Program Files\better-genshin-impact-LCB\BetterGenshinImpact\Core\Script\Utils\JsonMerger.cs(137,36): warning CS8600: 将 null 文本或可能的 null 值转换为不可为 null 类型。 [E:\Program Files\better-genshin-impact-LCB\BetterGenshinImpact\BetterGenshinImpact_lzryyj0u_wpftmp.csproj]
E:\Program Files\better-genshin-impact-LCB\BetterGenshinImpact\View\Windows\SkillCdConfigWindow.xaml.cs(64,31): warning CS8601: 可能的 null 引用赋值。 [E:\Program Files\better-genshin-impact-LCB\BetterGenshinImpact\BetterGenshinImpact_lzryyj0u_wpftmp.csproj]
E:\Program Files\better-genshin-impact-LCB\BetterGenshinImpact\Core\Script\Utils\JsonMerger.cs(165,34): warning CS8600: 将 null 文本或可能的 null 值转换为不可为 null 类型。 [E:\Program Files\better-genshin-impact-LCB\BetterGenshinImpact\BetterGenshinImpact_lzryyj0u_wpftmp.csproj]
E:\Program Files\better-genshin-impact-LCB\BetterGenshinImpact\Core\Script\Utils\JsonMerger.cs(196,26): warning CS8600: 将 null 文本或可能的 null 值转换为不可为 null 类型。 [E:\Program Files\better-genshin-impact-LCB\BetterGenshinImpact\BetterGenshinImpact_lzryyj0u_wpftmp.csproj]
E:\Program Files\better-genshin-impact-LCB\BetterGenshinImpact\Core\Script\Utils\JsonMerger.cs(204,40): warning CS8602: 解引用可能出现空引用。 [E:\Program Files\better-genshin-impact-LCB\BetterGenshinImpact\BetterGenshinImpact_lzryyj0u_wpftmp.csproj]
E:\Program Files\better-genshin-impact-LCB\BetterGenshinImpact\Core\Script\Utils\JsonMerger.cs(212,25): warning CS8600: 将 null 文本或可能的 null 值转换为不可为 null 类型。 [E:\Program Files\better-genshin-impact-LCB\BetterGenshinImpact\BetterGenshinImpact_lzryyj0u_wpftmp.csproj]
E:\Program Files\better-genshin-impact-LCB\BetterGenshinImpact\Core\Script\Utils\JsonMerger.cs(218,39): warning CS8600: 将 null 文本或可能的 null 值转换为不可为 null 类型。 [E:\Program Files\better-genshin-impact-LCB\BetterGenshinImpact\BetterGenshinImpact_lzryyj0u_wpftmp.csproj]
E:\Program Files\better-genshin-impact-LCB\BetterGenshinImpact\Core\Script\Utils\JsonMerger.cs(222,42): warning CS8600: 将 null 文本或可能的 null 值转换为不可为 null 类型。 [E:\Program Files\better-genshin-impact-LCB\BetterGenshinImpact\BetterGenshinImpact_lzryyj0u_wpftmp.csproj]
E:\Program Files\better-genshin-impact-LCB\BetterGenshinImpact\Core\Recognition\OpenCv\MatchTemplateHelper.cs(73,16): warning CS0612: “MatchTemplateHelper.MatchTemplateMulti(Mat, Mat, Mat?, double, int)”已过时 [E:\Program Files\better-genshin-impact-LCB\BetterGenshinImpact\BetterGenshinImpact_lzryyj0u_wpftmp.csproj]
E:\Program Files\better-genshin-impact-LCB\BetterGenshinImpact\View\Windows\ScriptRepoWindow.xaml.cs(85,12): warning CS8618: 在退出构造函数时，不可为 null 的 字段 "_repoChannels" 必须包含非 null 值。请考虑添加 "required" 修饰符或将该 字段 声明为可为 null。 [E:\Program Files\better-genshin-impact-LCB\BetterGenshinImpact\BetterGenshinImpact_lzryyj0u_wpftmp.csproj]
E:\Program Files\better-genshin-impact-LCB\BetterGenshinImpact\GameTask\UseRedeemCode\AutoRedeemCodeChecker.cs(279,30): warning CS8604: “IEnumerable<RedeemCode> Enumerable.Select<string, RedeemCode>(IEnumerable<string> source, Func<string, RedeemCode> selector)”中的形参“source”可能传入 null 引用实参。 [E:\Program Files\better-genshin-impact-LCB\BetterGenshinImpact\BetterGenshinImpact_lzryyj0u_wpftmp.csproj]
E:\Program Files\better-genshin-impact-LCB\BetterGenshinImpact\Core\Recognition\OCR\OcrFactory.cs(80,26): warning CS0168: 声明了变量“e”，但从未使用过 [E:\Program Files\better-genshin-impact-LCB\BetterGenshinImpact\BetterGenshinImpact_lzryyj0u_wpftmp.csproj]
E:\Program Files\better-genshin-impact-LCB\BetterGenshinImpact\GameTask\TaskTriggerDispatcher.cs(74,16): warning CS8618: 在退出构造函数时，不可为 null 的 字段 "_winEventProc" 必须包含非 null 值。请考虑添加 "required" 修饰符或将该 字段 声明为可为 null。 [E:\Program Files\better-genshin-impact-LCB\BetterGenshinImpact\BetterGenshinImpact_lzryyj0u_wpftmp.csproj]
E:\Program Files\better-genshin-impact-LCB\BetterGenshinImpact\Core\Recognition\OpenCv\MatchTemplateHelper.cs(215,68): warning CS8604: “InputArray.implicit operator InputArray(Mat mat)”中的形参“mat”可能传入 null 引用实参。 [E:\Program Files\better-genshin-impact-LCB\BetterGenshinImpact\BetterGenshinImpact_lzryyj0u_wpftmp.csproj]
E:\Program Files\better-genshin-impact-LCB\BetterGenshinImpact\Core\Script\EngineExtend.cs(51,59): warning CS8604: “Dispatcher.Dispatcher(object config)”中的形参“config”可能传入 null 引用实参。 [E:\Program Files\better-genshin-impact-LCB\BetterGenshinImpact\BetterGenshinImpact_lzryyj0u_wpftmp.csproj]
E:\Program Files\better-genshin-impact-LCB\BetterGenshinImpact\Core\Script\Dependence\Dispatcher.cs(183,81): warning CS8600: 将 null 文本或可能的 null 值转换为不可为 null 类型。 [E:\Program Files\better-genshin-impact-LCB\BetterGenshinImpact\BetterGenshinImpact_lzryyj0u_wpftmp.csproj]
E:\Program Files\better-genshin-impact-LCB\BetterGenshinImpact\Core\Script\Dependence\Dispatcher.cs(183,81): warning CS8604: “string ScriptObjectConverter.GetValue<string>(ScriptObject source, string propertyName, string defaultValue)”中的形参“source”可能传入 null 引用实参。 [E:\Program Files\better-genshin-impact-LCB\BetterGenshinImpact\BetterGenshinImpact_lzryyj0u_wpftmp.csproj]
E:\Program Files\better-genshin-impact-LCB\BetterGenshinImpact\GameTask\AutoDomain\AutoDomainTask.cs(783,30): warning CS8602: 解引用可能出现空引用。 [E:\Program Files\better-genshin-impact-LCB\BetterGenshinImpact\BetterGenshinImpact_lzryyj0u_wpftmp.csproj]
E:\Program Files\better-genshin-impact-LCB\BetterGenshinImpact\GameTask\AutoDomain\AutoDomainTask.cs(784,48): warning CS8602: 解引用可能出现空引用。 [E:\Program Files\better-genshin-impact-LCB\BetterGenshinImpact\BetterGenshinImpact_lzryyj0u_wpftmp.csproj]
E:\Program Files\better-genshin-impact-LCB\BetterGenshinImpact\Core\Script\Group\ScriptGroupProject.cs(258,39): warning CS8601: 可能的 null 引用赋值。 [E:\Program Files\better-genshin-impact-LCB\BetterGenshinImpact\BetterGenshinImpact_lzryyj0u_wpftmp.csproj]
E:\Program Files\better-genshin-impact-LCB\BetterGenshinImpact\Core\Script\Dependence\GlobalMethod.cs(291,13): warning CS4014: 由于此调用不会等待，因此在此调用完成之前将会继续执行当前方法。请考虑将 "await" 运算符应用于调用结果。 [E:\Program Files\better-genshin-impact-LCB\BetterGenshinImpact\BetterGenshinImpact_lzryyj0u_wpftmp.csproj]
E:\Program Files\better-genshin-impact-LCB\BetterGenshinImpact\Core\Script\Dependence\GlobalMethod.cs(293,13): warning CS4014: 由于此调用不会等待，因此在此调用完成之前将会继续执行当前方法。请考虑将 "await" 运算符应用于调用结果。 [E:\Program Files\better-genshin-impact-LCB\BetterGenshinImpact\BetterGenshinImpact_lzryyj0u_wpftmp.csproj]
E:\Program Files\better-genshin-impact-LCB\BetterGenshinImpact\Core\Script\Dependence\GlobalMethod.cs(297,13): warning CS4014: 由于此调用不会等待，因此在此调用完成之前将会继续执行当前方法。请考虑将 "await" 运算符应用于调用结果。 [E:\Program Files\better-genshin-impact-LCB\BetterGenshinImpact\BetterGenshinImpact_lzryyj0u_wpftmp.csproj]
E:\Program Files\better-genshin-impact-LCB\BetterGenshinImpact\Core\Script\Dependence\KeyMouseHook.cs(144,42): warning CS0168: 声明了变量“ex”，但从未使用过 [E:\Program Files\better-genshin-impact-LCB\BetterGenshinImpact\BetterGenshinImpact_lzryyj0u_wpftmp.csproj]
E:\Program Files\better-genshin-impact-LCB\BetterGenshinImpact\Service\UpdateService.cs(131,25): warning CS0162: 检测到无法访问的代码 [E:\Program Files\better-genshin-impact-LCB\BetterGenshinImpact\BetterGenshinImpact_lzryyj0u_wpftmp.csproj]
E:\Program Files\better-genshin-impact-LCB\BetterGenshinImpact\GameTask\AutoBoss\AutoBossTask.cs(857,30): warning CS8602: 解引用可能出现空引用。 [E:\Program Files\better-genshin-impact-LCB\BetterGenshinImpact\BetterGenshinImpact_lzryyj0u_wpftmp.csproj]
E:\Program Files\better-genshin-impact-LCB\BetterGenshinImpact\GameTask\AutoBoss\AutoBossTask.cs(858,13): warning CS8602: 解引用可能出现空引用。 [E:\Program Files\better-genshin-impact-LCB\BetterGenshinImpact\BetterGenshinImpact_lzryyj0u_wpftmp.csproj]
E:\Program Files\better-genshin-impact-LCB\BetterGenshinImpact\GameTask\AutoFightOfficial\Script\ConditionEvaluator.cs(590,42): warning CS0612: “AutoFightSkill.AvatarQSkillAsync(ImageRegion?, List<int>?, int?)”已过时 [E:\Program Files\better-genshin-impact-LCB\BetterGenshinImpact\BetterGenshinImpact_lzryyj0u_wpftmp.csproj]
E:\Program Files\better-genshin-impact-LCB\BetterGenshinImpact\GameTask\AutoFightOfficial\Script\ConditionEvaluator.cs(598,39): warning CS0612: “AutoFightSkill.AvatarQSkillAsync(ImageRegion?, List<int>?, int?)”已过时 [E:\Program Files\better-genshin-impact-LCB\BetterGenshinImpact\BetterGenshinImpact_lzryyj0u_wpftmp.csproj]
E:\Program Files\better-genshin-impact-LCB\BetterGenshinImpact\GameTask\AutoFight\AllExpDetector.cs(93,51): warning CS8604: “InputArray.implicit operator InputArray(Mat mat)”中的形参“mat”可能传入 null 引用实参。 [E:\Program Files\better-genshin-impact-LCB\BetterGenshinImpact\BetterGenshinImpact_lzryyj0u_wpftmp.csproj]
E:\Program Files\better-genshin-impact-LCB\BetterGenshinImpact\GameTask\AutoFightOfficial\AutoFightParam.cs(115,12): warning CS8618: 在退出构造函数时，不可为 null 的 属性 "CombatStrategyPath" 必须包含非 null 值。请考虑添加 "required" 修饰符或将该 属性 声明为可为 null。 [E:\Program Files\better-genshin-impact-LCB\BetterGenshinImpact\BetterGenshinImpact_lzryyj0u_wpftmp.csproj]
E:\Program Files\better-genshin-impact-LCB\BetterGenshinImpact\GameTask\AutoFightOfficial\AutoFightParam.cs(115,12): warning CS8618: 在退出构造函数时，不可为 null 的 字段 "KazuhaPartyName" 必须包含非 null 值。请考虑添加 "required" 修饰符或将该 字段 声明为可为 null。 [E:\Program Files\better-genshin-impact-LCB\BetterGenshinImpact\BetterGenshinImpact_lzryyj0u_wpftmp.csproj]
E:\Program Files\better-genshin-impact-LCB\BetterGenshinImpact\GameTask\AutoFishing\Behaviours.PartII.cs(480,47): warning CS1998: 此异步方法缺少 "await" 运算符，将以同步方式运行。请考虑使用 "await" 运算符等待非阻止的 API 调用，或者使用 "await Task.Run(...)" 在后台线程上执行占用大量 CPU 的工作。 [E:\Program Files\better-genshin-impact-LCB\BetterGenshinImpact\BetterGenshinImpact_lzryyj0u_wpftmp.csproj]
E:\Program Files\better-genshin-impact-LCB\BetterGenshinImpact\GameTask\AutoFishing\Behaviours.PartII.cs(445,47): warning CS1998: 此异步方法缺少 "await" 运算符，将以同步方式运行。请考虑使用 "await" 运算符等待非阻止的 API 调用，或者使用 "await Task.Run(...)" 在后台线程上执行占用大量 CPU 的工作。 [E:\Program Files\better-genshin-impact-LCB\BetterGenshinImpact\BetterGenshinImpact_lzryyj0u_wpftmp.csproj]
E:\Program Files\better-genshin-impact-LCB\BetterGenshinImpact\GameTask\AutoFishing\Behaviours.PartII.cs(414,47): warning CS1998: 此异步方法缺少 "await" 运算符，将以同步方式运行。请考虑使用 "await" 运算符等待非阻止的 API 调用，或者使用 "await Task.Run(...)" 在后台线程上执行占用大量 CPU 的工作。 [E:\Program Files\better-genshin-impact-LCB\BetterGenshinImpact\BetterGenshinImpact_lzryyj0u_wpftmp.csproj]
E:\Program Files\better-genshin-impact-LCB\BetterGenshinImpact\GameTask\AutoFightOfficial\Script\CombatScriptExecutor.cs(24,30): warning CS1998: 此异步方法缺少 "await" 运算符，将以同步方式运行。请考虑使用 "await" 运算符等待非阻止的 API 调用，或者使用 "await Task.Run(...)" 在后台线程上执行占用大量 CPU 的工作。 [E:\Program Files\better-genshin-impact-LCB\BetterGenshinImpact\BetterGenshinImpact_lzryyj0u_wpftmp.csproj]
E:\Program Files\better-genshin-impact-LCB\BetterGenshinImpact\GameTask\AutoFishing\Behaviours.PartII.cs(380,47): warning CS1998: 此异步方法缺少 "await" 运算符，将以同步方式运行。请考虑使用 "await" 运算符等待非阻止的 API 调用，或者使用 "await Task.Run(...)" 在后台线程上执行占用大量 CPU 的工作。 [E:\Program Files\better-genshin-impact-LCB\BetterGenshinImpact\BetterGenshinImpact_lzryyj0u_wpftmp.csproj]
E:\Program Files\better-genshin-impact-LCB\BetterGenshinImpact\GameTask\AutoFightOfficial\AutoFightSeek.cs(294,29): warning CS4014: 由于此调用不会等待，因此在此调用完成之前将会继续执行当前方法。请考虑将 "await" 运算符应用于调用结果。 [E:\Program Files\better-genshin-impact-LCB\BetterGenshinImpact\BetterGenshinImpact_lzryyj0u_wpftmp.csproj]
E:\Program Files\better-genshin-impact-LCB\BetterGenshinImpact\GameTask\AutoFightOfficial\AutoFightSeek.cs(403,29): warning CS4014: 由于此调用不会等待，因此在此调用完成之前将会继续执行当前方法。请考虑将 "await" 运算符应用于调用结果。 [E:\Program Files\better-genshin-impact-LCB\BetterGenshinImpact\BetterGenshinImpact_lzryyj0u_wpftmp.csproj]
E:\Program Files\better-genshin-impact-LCB\BetterGenshinImpact\GameTask\AutoFishing\Behaviours.PartII.cs(328,47): warning CS1998: 此异步方法缺少 "await" 运算符，将以同步方式运行。请考虑使用 "await" 运算符等待非阻止的 API 调用，或者使用 "await Task.Run(...)" 在后台线程上执行占用大量 CPU 的工作。 [E:\Program Files\better-genshin-impact-LCB\BetterGenshinImpact\BetterGenshinImpact_lzryyj0u_wpftmp.csproj]
E:\Program Files\better-genshin-impact-LCB\BetterGenshinImpact\GameTask\AutoFightOfficial\Script\CombatCommand.cs(22,12): warning CS8618: 在退出构造函数时，不可为 null 的 属性 "ActivatingRound" 必须包含非 null 值。请考虑添加 "required" 修饰符或将该 属性 声明为可为 null。 [E:\Program Files\better-genshin-impact-LCB\BetterGenshinImpact\BetterGenshinImpact_lzryyj0u_wpftmp.csproj]
E:\Program Files\better-genshin-impact-LCB\BetterGenshinImpact\GameTask\AutoFightOfficial\Script\CombatCommand.cs(122,17): warning CS8604: “void CombatCommand.Execute(Avatar avatar)”中的形参“avatar”可能传入 null 引用实参。 [E:\Program Files\better-genshin-impact-LCB\BetterGenshinImpact\BetterGenshinImpact_lzryyj0u_wpftmp.csproj]
E:\Program Files\better-genshin-impact-LCB\BetterGenshinImpact\GameTask\AutoFishing\Behaviours.PartII.cs(238,47): warning CS1998: 此异步方法缺少 "await" 运算符，将以同步方式运行。请考虑使用 "await" 运算符等待非阻止的 API 调用，或者使用 "await Task.Run(...)" 在后台线程上执行占用大量 CPU 的工作。 [E:\Program Files\better-genshin-impact-LCB\BetterGenshinImpact\BetterGenshinImpact_lzryyj0u_wpftmp.csproj]
E:\Program Files\better-genshin-impact-LCB\BetterGenshinImpact\Model\KeyBindingSettingModel.cs(36,12): warning CS8618: 在退出构造函数时，不可为 null 的 属性 "ConfigPropertyName" 必须包含非 null 值。请考虑添加 "required" 修饰符或将该 属性 声明为可为 null。 [E:\Program Files\better-genshin-impact-LCB\BetterGenshinImpact\BetterGenshinImpact_lzryyj0u_wpftmp.csproj]
E:\Program Files\better-genshin-impact-LCB\BetterGenshinImpact\GameTask\AutoFishing\Behaviours.PartII.cs(136,47): warning CS1998: 此异步方法缺少 "await" 运算符，将以同步方式运行。请考虑使用 "await" 运算符等待非阻止的 API 调用，或者使用 "await Task.Run(...)" 在后台线程上执行占用大量 CPU 的工作。 [E:\Program Files\better-genshin-impact-LCB\BetterGenshinImpact\BetterGenshinImpact_lzryyj0u_wpftmp.csproj]
E:\Program Files\better-genshin-impact-LCB\BetterGenshinImpact\GameTask\AutoFightOfficial\AutoFightTask.cs(181,12): warning CS8618: 在退出构造函数时，不可为 null 的 字段 "_predictor" 必须包含非 null 值。请考虑添加 "required" 修饰符或将该 字段 声明为可为 null。 [E:\Program Files\better-genshin-impact-LCB\BetterGenshinImpact\BetterGenshinImpact_lzryyj0u_wpftmp.csproj]
E:\Program Files\better-genshin-impact-LCB\BetterGenshinImpact\GameTask\AutoFishing\Behaviours.PartII.cs(99,47): warning CS1998: 此异步方法缺少 "await" 运算符，将以同步方式运行。请考虑使用 "await" 运算符等待非阻止的 API 调用，或者使用 "await Task.Run(...)" 在后台线程上执行占用大量 CPU 的工作。 [E:\Program Files\better-genshin-impact-LCB\BetterGenshinImpact\BetterGenshinImpact_lzryyj0u_wpftmp.csproj]
E:\Program Files\better-genshin-impact-LCB\BetterGenshinImpact\GameTask\AutoFightOfficial\AutoFightJsonTask.cs(74,27): warning CS8618: 在退出构造函数时，不可为 null 的 属性 "Action" 必须包含非 null 值。请考虑添加 "required" 修饰符或将该 属性 声明为可为 null。 [E:\Program Files\better-genshin-impact-LCB\BetterGenshinImpact\BetterGenshinImpact_lzryyj0u_wpftmp.csproj]
E:\Program Files\better-genshin-impact-LCB\BetterGenshinImpact\GameTask\AutoFightOfficial\AutoFightJsonTask.cs(75,23): warning CS8618: 在退出构造函数时，不可为 null 的 属性 "Expression" 必须包含非 null 值。请考虑添加 "required" 修饰符或将该 属性 声明为可为 null。 [E:\Program Files\better-genshin-impact-LCB\BetterGenshinImpact\BetterGenshinImpact_lzryyj0u_wpftmp.csproj]
E:\Program Files\better-genshin-impact-LCB\BetterGenshinImpact\GameTask\AutoFishing\Behaviours.PartII.cs(60,47): warning CS1998: 此异步方法缺少 "await" 运算符，将以同步方式运行。请考虑使用 "await" 运算符等待非阻止的 API 调用，或者使用 "await Task.Run(...)" 在后台线程上执行占用大量 CPU 的工作。 [E:\Program Files\better-genshin-impact-LCB\BetterGenshinImpact\BetterGenshinImpact_lzryyj0u_wpftmp.csproj]
E:\Program Files\better-genshin-impact-LCB\BetterGenshinImpact\Model\HotKeySettingModel.cs(70,12): warning CS8618: 在退出构造函数时，不可为 null 的 字段 "_hotKeyTypeName" 必须包含非 null 值。请考虑添加 "required" 修饰符或将该 字段 声明为可为 null。 [E:\Program Files\better-genshin-impact-LCB\BetterGenshinImpact\BetterGenshinImpact_lzryyj0u_wpftmp.csproj]
E:\Program Files\better-genshin-impact-LCB\BetterGenshinImpact\Model\HotKeySettingModel.cs(70,12): warning CS8618: 在退出构造函数时，不可为 null 的 属性 "ConfigPropertyName" 必须包含非 null 值。请考虑添加 "required" 修饰符或将该 属性 声明为可为 null。 [E:\Program Files\better-genshin-impact-LCB\BetterGenshinImpact\BetterGenshinImpact_lzryyj0u_wpftmp.csproj]
E:\Program Files\better-genshin-impact-LCB\BetterGenshinImpact\GameTask\AutoFishing\Behaviours.cs(1417,47): warning CS1998: 此异步方法缺少 "await" 运算符，将以同步方式运行。请考虑使用 "await" 运算符等待非阻止的 API 调用，或者使用 "await Task.Run(...)" 在后台线程上执行占用大量 CPU 的工作。 [E:\Program Files\better-genshin-impact-LCB\BetterGenshinImpact\BetterGenshinImpact_lzryyj0u_wpftmp.csproj]
E:\Program Files\better-genshin-impact-LCB\BetterGenshinImpact\GameTask\AutoFishing\Behaviours.cs(1374,47): warning CS1998: 此异步方法缺少 "await" 运算符，将以同步方式运行。请考虑使用 "await" 运算符等待非阻止的 API 调用，或者使用 "await Task.Run(...)" 在后台线程上执行占用大量 CPU 的工作。 [E:\Program Files\better-genshin-impact-LCB\BetterGenshinImpact\BetterGenshinImpact_lzryyj0u_wpftmp.csproj]
E:\Program Files\better-genshin-impact-LCB\BetterGenshinImpact\GameTask\AutoFishing\Behaviours.cs(1197,47): warning CS1998: 此异步方法缺少 "await" 运算符，将以同步方式运行。请考虑使用 "await" 运算符等待非阻止的 API 调用，或者使用 "await Task.Run(...)" 在后台线程上执行占用大量 CPU 的工作。 [E:\Program Files\better-genshin-impact-LCB\BetterGenshinImpact\BetterGenshinImpact_lzryyj0u_wpftmp.csproj]
E:\Program Files\better-genshin-impact-LCB\BetterGenshinImpact\GameTask\AutoFightOfficial\ExperienceDetector.cs(117,82): warning CS8602: 解引用可能出现空引用。 [E:\Program Files\better-genshin-impact-LCB\BetterGenshinImpact\BetterGenshinImpact_lzryyj0u_wpftmp.csproj]
E:\Program Files\better-genshin-impact-LCB\BetterGenshinImpact\GameTask\SystemControl.cs(452,26): warning CS8602: 解引用可能出现空引用。 [E:\Program Files\better-genshin-impact-LCB\BetterGenshinImpact\BetterGenshinImpact_lzryyj0u_wpftmp.csproj]
E:\Program Files\better-genshin-impact-LCB\BetterGenshinImpact\GameTask\AutoFishing\Behaviours.cs(1094,47): warning CS1998: 此异步方法缺少 "await" 运算符，将以同步方式运行。请考虑使用 "await" 运算符等待非阻止的 API 调用，或者使用 "await Task.Run(...)" 在后台线程上执行占用大量 CPU 的工作。 [E:\Program Files\better-genshin-impact-LCB\BetterGenshinImpact\BetterGenshinImpact_lzryyj0u_wpftmp.csproj]
E:\Program Files\better-genshin-impact-LCB\BetterGenshinImpact\View\Controls\CascadeSelector.xaml.cs(229,9): warning CS8602: 解引用可能出现空引用。 [E:\Program Files\better-genshin-impact-LCB\BetterGenshinImpact\BetterGenshinImpact_lzryyj0u_wpftmp.csproj]
E:\Program Files\better-genshin-impact-LCB\BetterGenshinImpact\GameTask\AutoFishing\Behaviours.cs(1036,47): warning CS1998: 此异步方法缺少 "await" 运算符，将以同步方式运行。请考虑使用 "await" 运算符等待非阻止的 API 调用，或者使用 "await Task.Run(...)" 在后台线程上执行占用大量 CPU 的工作。 [E:\Program Files\better-genshin-impact-LCB\BetterGenshinImpact\BetterGenshinImpact_lzryyj0u_wpftmp.csproj]
E:\Program Files\better-genshin-impact-LCB\BetterGenshinImpact\GameTask\AutoFishing\Behaviours.cs(948,47): warning CS1998: 此异步方法缺少 "await" 运算符，将以同步方式运行。请考虑使用 "await" 运算符等待非阻止的 API 调用，或者使用 "await Task.Run(...)" 在后台线程上执行占用大量 CPU 的工作。 [E:\Program Files\better-genshin-impact-LCB\BetterGenshinImpact\BetterGenshinImpact_lzryyj0u_wpftmp.csproj]
E:\Program Files\better-genshin-impact-LCB\BetterGenshinImpact\GameTask\AutoFishing\Behaviours.cs(899,47): warning CS1998: 此异步方法缺少 "await" 运算符，将以同步方式运行。请考虑使用 "await" 运算符等待非阻止的 API 调用，或者使用 "await Task.Run(...)" 在后台线程上执行占用大量 CPU 的工作。 [E:\Program Files\better-genshin-impact-LCB\BetterGenshinImpact\BetterGenshinImpact_lzryyj0u_wpftmp.csproj]
E:\Program Files\better-genshin-impact-LCB\BetterGenshinImpact\Model\EnumItem.cs(8,14): warning CS8618: 在退出构造函数时，不可为 null 的 属性 "Value" 必须包含非 null 值。请考虑添加 "required" 修饰符或将该 属性 声明为可为 null。 [E:\Program Files\better-genshin-impact-LCB\BetterGenshinImpact\BetterGenshinImpact_lzryyj0u_wpftmp.csproj]
E:\Program Files\better-genshin-impact-LCB\BetterGenshinImpact\Model\EnumItem.cs(9,19): warning CS8618: 在退出构造函数时，不可为 null 的 属性 "DisplayName" 必须包含非 null 值。请考虑添加 "required" 修饰符或将该 属性 声明为可为 null。 [E:\Program Files\better-genshin-impact-LCB\BetterGenshinImpact\BetterGenshinImpact_lzryyj0u_wpftmp.csproj]
E:\Program Files\better-genshin-impact-LCB\BetterGenshinImpact\GameTask\AutoFishing\Behaviours.cs(844,47): warning CS1998: 此异步方法缺少 "await" 运算符，将以同步方式运行。请考虑使用 "await" 运算符等待非阻止的 API 调用，或者使用 "await Task.Run(...)" 在后台线程上执行占用大量 CPU 的工作。 [E:\Program Files\better-genshin-impact-LCB\BetterGenshinImpact\BetterGenshinImpact_lzryyj0u_wpftmp.csproj]
E:\Program Files\better-genshin-impact-LCB\BetterGenshinImpact\GameTask\AutoFishing\Behaviours.cs(791,47): warning CS1998: 此异步方法缺少 "await" 运算符，将以同步方式运行。请考虑使用 "await" 运算符等待非阻止的 API 调用，或者使用 "await Task.Run(...)" 在后台线程上执行占用大量 CPU 的工作。 [E:\Program Files\better-genshin-impact-LCB\BetterGenshinImpact\BetterGenshinImpact_lzryyj0u_wpftmp.csproj]
E:\Program Files\better-genshin-impact-LCB\BetterGenshinImpact\GameTask\AutoFishing\Behaviours.cs(748,47): warning CS1998: 此异步方法缺少 "await" 运算符，将以同步方式运行。请考虑使用 "await" 运算符等待非阻止的 API 调用，或者使用 "await Task.Run(...)" 在后台线程上执行占用大量 CPU 的工作。 [E:\Program Files\better-genshin-impact-LCB\BetterGenshinImpact\BetterGenshinImpact_lzryyj0u_wpftmp.csproj]
E:\Program Files\better-genshin-impact-LCB\BetterGenshinImpact\GameTask\AutoFight\Script\ConditionEvaluator.cs(607,42): warning CS0612: “AutoFightSkill.AvatarQSkillAsync(ImageRegion?, List<int>?, int?)”已过时 [E:\Program Files\better-genshin-impact-LCB\BetterGenshinImpact\BetterGenshinImpact_lzryyj0u_wpftmp.csproj]
E:\Program Files\better-genshin-impact-LCB\BetterGenshinImpact\GameTask\AutoFight\Script\ConditionEvaluator.cs(615,39): warning CS0612: “AutoFightSkill.AvatarQSkillAsync(ImageRegion?, List<int>?, int?)”已过时 [E:\Program Files\better-genshin-impact-LCB\BetterGenshinImpact\BetterGenshinImpact_lzryyj0u_wpftmp.csproj]
E:\Program Files\better-genshin-impact-LCB\BetterGenshinImpact\View\Behavior\RightClickSelectBehavior.cs(42,57): warning CS8604: “TreeViewItem RightClickSelectBehavior.VisualUpwardSearch<TreeViewItem>(DependencyObject source)”中的形参“source”可能传入 null 引用实参。 [E:\Program Files\better-genshin-impact-LCB\BetterGenshinImpact\BetterGenshinImpact_lzryyj0u_wpftmp.csproj]
E:\Program Files\better-genshin-impact-LCB\BetterGenshinImpact\View\Behavior\RightClickSelectBehavior.cs(57,16): warning CS8603: 可能返回 null 引用。 [E:\Program Files\better-genshin-impact-LCB\BetterGenshinImpact\BetterGenshinImpact_lzryyj0u_wpftmp.csproj]
E:\Program Files\better-genshin-impact-LCB\BetterGenshinImpact\GameTask\AutoFightOfficial\AutoFightJsonTask.cs(643,17): warning CS4014: 由于此调用不会等待，因此在此调用完成之前将会继续执行当前方法。请考虑将 "await" 运算符应用于调用结果。 [E:\Program Files\better-genshin-impact-LCB\BetterGenshinImpact\BetterGenshinImpact_lzryyj0u_wpftmp.csproj]
E:\Program Files\better-genshin-impact-LCB\BetterGenshinImpact\GameTask\AutoFightOfficial\AutoFightTask.cs(311,21): warning CS4014: 由于此调用不会等待，因此在此调用完成之前将会继续执行当前方法。请考虑将 "await" 运算符应用于调用结果。 [E:\Program Files\better-genshin-impact-LCB\BetterGenshinImpact\BetterGenshinImpact_lzryyj0u_wpftmp.csproj]
E:\Program Files\better-genshin-impact-LCB\BetterGenshinImpact\GameTask\AutoFightOfficial\AutoFightTask.cs(772,37): warning CS4014: 由于此调用不会等待，因此在此调用完成之前将会继续执行当前方法。请考虑将 "await" 运算符应用于调用结果。 [E:\Program Files\better-genshin-impact-LCB\BetterGenshinImpact\BetterGenshinImpact_lzryyj0u_wpftmp.csproj]
E:\Program Files\better-genshin-impact-LCB\BetterGenshinImpact\GameTask\AutoFightOfficial\AutoFightTask.cs(354,81): warning CS8604: “Task AutoFightSkill.EnsureGuardianSkill(Avatar guardianAvatar, CombatCommand command, string lastFightName, string guardianAvatarName, bool guardianAvatarHold, int retryCount, CancellationToken ct, bool guardianCombatSkip = false, bool burstEnabled = false)”中的形参“guardianAvatar”可能传入 null 引用实参。 [E:\Program Files\better-genshin-impact-LCB\BetterGenshinImpact\BetterGenshinImpact_lzryyj0u_wpftmp.csproj]
E:\Program Files\better-genshin-impact-LCB\BetterGenshinImpact\GameTask\AutoFightOfficial\AutoFightTask.cs(432,141): warning CS8602: 解引用可能出现空引用。 [E:\Program Files\better-genshin-impact-LCB\BetterGenshinImpact\BetterGenshinImpact_lzryyj0u_wpftmp.csproj]
E:\Program Files\better-genshin-impact-LCB\BetterGenshinImpact\GameTask\AutoFightOfficial\AutoFightTask.cs(701,34): warning CS0168: 声明了变量“e”，但从未使用过 [E:\Program Files\better-genshin-impact-LCB\BetterGenshinImpact\BetterGenshinImpact_lzryyj0u_wpftmp.csproj]
E:\Program Files\better-genshin-impact-LCB\BetterGenshinImpact\GameTask\AutoFightOfficial\AutoFightTask.cs(836,34): warning CS0168: 声明了变量“e”，但从未使用过 [E:\Program Files\better-genshin-impact-LCB\BetterGenshinImpact\BetterGenshinImpact_lzryyj0u_wpftmp.csproj]
E:\Program Files\better-genshin-impact-LCB\BetterGenshinImpact\GameTask\AutoFishing\Behaviours.cs(490,47): warning CS1998: 此异步方法缺少 "await" 运算符，将以同步方式运行。请考虑使用 "await" 运算符等待非阻止的 API 调用，或者使用 "await Task.Run(...)" 在后台线程上执行占用大量 CPU 的工作。 [E:\Program Files\better-genshin-impact-LCB\BetterGenshinImpact\BetterGenshinImpact_lzryyj0u_wpftmp.csproj]
E:\Program Files\better-genshin-impact-LCB\BetterGenshinImpact\GameTask\AutoFight\Script\CombatScriptExecutor.cs(24,30): warning CS1998: 此异步方法缺少 "await" 运算符，将以同步方式运行。请考虑使用 "await" 运算符等待非阻止的 API 调用，或者使用 "await Task.Run(...)" 在后台线程上执行占用大量 CPU 的工作。 [E:\Program Files\better-genshin-impact-LCB\BetterGenshinImpact\BetterGenshinImpact_lzryyj0u_wpftmp.csproj]
E:\Program Files\better-genshin-impact-LCB\BetterGenshinImpact\GameTask\AutoFightOfficial\AutoFightTask.cs(992,25): warning CS4014: 由于此调用不会等待，因此在此调用完成之前将会继续执行当前方法。请考虑将 "await" 运算符应用于调用结果。 [E:\Program Files\better-genshin-impact-LCB\BetterGenshinImpact\BetterGenshinImpact_lzryyj0u_wpftmp.csproj]
E:\Program Files\better-genshin-impact-LCB\BetterGenshinImpact\ViewModel\Windows\MapViewerViewModel.cs(45,12): warning CS8618: 在退出构造函数时，不可为 null 的 字段 "_mapImage" 必须包含非 null 值。请考虑添加 "required" 修饰符或将该 字段 声明为可为 null。 [E:\Program Files\better-genshin-impact-LCB\BetterGenshinImpact\BetterGenshinImpact_lzryyj0u_wpftmp.csproj]
E:\Program Files\better-genshin-impact-LCB\BetterGenshinImpact\GameTask\AutoFishing\Behaviours.cs(362,47): warning CS1998: 此异步方法缺少 "await" 运算符，将以同步方式运行。请考虑使用 "await" 运算符等待非阻止的 API 调用，或者使用 "await Task.Run(...)" 在后台线程上执行占用大量 CPU 的工作。 [E:\Program Files\better-genshin-impact-LCB\BetterGenshinImpact\BetterGenshinImpact_lzryyj0u_wpftmp.csproj]
E:\Program Files\better-genshin-impact-LCB\BetterGenshinImpact\GameTask\SkillCd\SkillCdConfig.cs(147,20): warning CS8618: 在退出构造函数时，不可为 null 的 字段 "_roleName" 必须包含非 null 值。请考虑添加 "required" 修饰符或将该 字段 声明为可为 null。 [E:\Program Files\better-genshin-impact-LCB\BetterGenshinImpact\BetterGenshinImpact_lzryyj0u_wpftmp.csproj]
E:\Program Files\better-genshin-impact-LCB\BetterGenshinImpact\GameTask\SkillCd\SkillCdConfig.cs(150,20): warning CS8618: 在退出构造函数时，不可为 null 的 字段 "_cdValueText" 必须包含非 null 值。请考虑添加 "required" 修饰符或将该 字段 声明为可为 null。 [E:\Program Files\better-genshin-impact-LCB\BetterGenshinImpact\BetterGenshinImpact_lzryyj0u_wpftmp.csproj]
E:\Program Files\better-genshin-impact-LCB\BetterGenshinImpact\GameTask\AutoGeniusInvokation\Model\Duel.cs(292,38): warning CS0168: 声明了变量“ex”，但从未使用过 [E:\Program Files\better-genshin-impact-LCB\BetterGenshinImpact\BetterGenshinImpact_lzryyj0u_wpftmp.csproj]
E:\Program Files\better-genshin-impact-LCB\BetterGenshinImpact\GameTask\AutoGeniusInvokation\Model\Duel.cs(296,35): warning CS0168: 声明了变量“ex”，但从未使用过 [E:\Program Files\better-genshin-impact-LCB\BetterGenshinImpact\BetterGenshinImpact_lzryyj0u_wpftmp.csproj]
E:\Program Files\better-genshin-impact-LCB\BetterGenshinImpact\GameTask\AutoFight\Script\CombatCommand.cs(25,12): warning CS8618: 在退出构造函数时，不可为 null 的 属性 "ActivatingRound" 必须包含非 null 值。请考虑添加 "required" 修饰符或将该 属性 声明为可为 null。 [E:\Program Files\better-genshin-impact-LCB\BetterGenshinImpact\BetterGenshinImpact_lzryyj0u_wpftmp.csproj]
E:\Program Files\better-genshin-impact-LCB\BetterGenshinImpact\GameTask\AutoFight\Script\CombatCommand.cs(125,17): warning CS8604: “void CombatCommand.Execute(Avatar avatar)”中的形参“avatar”可能传入 null 引用实参。 [E:\Program Files\better-genshin-impact-LCB\BetterGenshinImpact\BetterGenshinImpact_lzryyj0u_wpftmp.csproj]
E:\Program Files\better-genshin-impact-LCB\BetterGenshinImpact\View\Controls\PointsCanvas.cs(195,44): warning CS8622: “void PointsCanvas.OnPointPropertyChanged(object sender, PropertyChangedEventArgs e)”的参数“sender”类型中引用类型的为 Null 性与目标委托“PropertyChangedEventHandler”不匹配(可能是由于为 Null 性特性)。 [E:\Program Files\better-genshin-impact-LCB\BetterGenshinImpact\BetterGenshinImpact_lzryyj0u_wpftmp.csproj]
E:\Program Files\better-genshin-impact-LCB\BetterGenshinImpact\View\Controls\PointsCanvas.cs(203,44): warning CS8622: “void PointsCanvas.OnPointPropertyChanged(object sender, PropertyChangedEventArgs e)”的参数“sender”类型中引用类型的为 Null 性与目标委托“PropertyChangedEventHandler”不匹配(可能是由于为 Null 性特性)。 [E:\Program Files\better-genshin-impact-LCB\BetterGenshinImpact\BetterGenshinImpact_lzryyj0u_wpftmp.csproj]
E:\Program Files\better-genshin-impact-LCB\BetterGenshinImpact\Service\ScriptService.cs(243,48): warning CS8602: 解引用可能出现空引用。 [E:\Program Files\better-genshin-impact-LCB\BetterGenshinImpact\BetterGenshinImpact_lzryyj0u_wpftmp.csproj]
E:\Program Files\better-genshin-impact-LCB\BetterGenshinImpact\Service\ScriptService.cs(354,66): warning CS8604: “void TaskProgressManager.SaveTaskProgress(TaskProgress taskProgress)”中的形参“taskProgress”可能传入 null 引用实参。 [E:\Program Files\better-genshin-impact-LCB\BetterGenshinImpact\BetterGenshinImpact_lzryyj0u_wpftmp.csproj]
E:\Program Files\better-genshin-impact-LCB\BetterGenshinImpact\Service\ScriptService.cs(450,70): warning CS8604: “void TaskProgressManager.SaveTaskProgress(TaskProgress taskProgress)”中的形参“taskProgress”可能传入 null 引用实参。 [E:\Program Files\better-genshin-impact-LCB\BetterGenshinImpact\BetterGenshinImpact_lzryyj0u_wpftmp.csproj]
E:\Program Files\better-genshin-impact-LCB\BetterGenshinImpact\Service\ScriptService.cs(397,55): warning CS0168: 声明了变量“e”，但从未使用过 [E:\Program Files\better-genshin-impact-LCB\BetterGenshinImpact\BetterGenshinImpact_lzryyj0u_wpftmp.csproj]
E:\Program Files\better-genshin-impact-LCB\BetterGenshinImpact\GameTask\AutoFishing\Behaviours.cs(191,47): warning CS1998: 此异步方法缺少 "await" 运算符，将以同步方式运行。请考虑使用 "await" 运算符等待非阻止的 API 调用，或者使用 "await Task.Run(...)" 在后台线程上执行占用大量 CPU 的工作。 [E:\Program Files\better-genshin-impact-LCB\BetterGenshinImpact\BetterGenshinImpact_lzryyj0u_wpftmp.csproj]
E:\Program Files\better-genshin-impact-LCB\BetterGenshinImpact\GameTask\RunnerContext.cs(154,18): warning CS8602: 解引用可能出现空引用。 [E:\Program Files\better-genshin-impact-LCB\BetterGenshinImpact\BetterGenshinImpact_lzryyj0u_wpftmp.csproj]
E:\Program Files\better-genshin-impact-LCB\BetterGenshinImpact\GameTask\AutoFightOfficial\AutoFightJsonTask.cs(888,37): warning CS4014: 由于此调用不会等待，因此在此调用完成之前将会继续执行当前方法。请考虑将 "await" 运算符应用于调用结果。 [E:\Program Files\better-genshin-impact-LCB\BetterGenshinImpact\BetterGenshinImpact_lzryyj0u_wpftmp.csproj]
E:\Program Files\better-genshin-impact-LCB\BetterGenshinImpact\GameTask\AutoFishing\Behaviours.cs(86,47): warning CS1998: 此异步方法缺少 "await" 运算符，将以同步方式运行。请考虑使用 "await" 运算符等待非阻止的 API 调用，或者使用 "await Task.Run(...)" 在后台线程上执行占用大量 CPU 的工作。 [E:\Program Files\better-genshin-impact-LCB\BetterGenshinImpact\BetterGenshinImpact_lzryyj0u_wpftmp.csproj]
E:\Program Files\better-genshin-impact-LCB\BetterGenshinImpact\GameTask\AutoFishing\AutoFishingTrigger.cs(367,47): warning CS1998: 此异步方法缺少 "await" 运算符，将以同步方式运行。请考虑使用 "await" 运算符等待非阻止的 API 调用，或者使用 "await Task.Run(...)" 在后台线程上执行占用大量 CPU 的工作。 [E:\Program Files\better-genshin-impact-LCB\BetterGenshinImpact\BetterGenshinImpact_lzryyj0u_wpftmp.csproj]
E:\Program Files\better-genshin-impact-LCB\BetterGenshinImpact\View\Controls\PointsCanvas.cs(513,20): warning CS8603: 可能返回 null 引用。 [E:\Program Files\better-genshin-impact-LCB\BetterGenshinImpact\BetterGenshinImpact_lzryyj0u_wpftmp.csproj]
E:\Program Files\better-genshin-impact-LCB\BetterGenshinImpact\View\Controls\PointsCanvas.cs(549,16): warning CS8603: 可能返回 null 引用。 [E:\Program Files\better-genshin-impact-LCB\BetterGenshinImpact\BetterGenshinImpact_lzryyj0u_wpftmp.csproj]
E:\Program Files\better-genshin-impact-LCB\BetterGenshinImpact\View\Controls\PointsCanvas.cs(564,42): warning CS8622: “void PointsCanvas.OnPointsCollectionChanged(object sender, NotifyCollectionChangedEventArgs e)”的参数“sender”类型中引用类型的为 Null 性与目标委托“NotifyCollectionChangedEventHandler”不匹配(可能是由于为 Null 性特性)。 [E:\Program Files\better-genshin-impact-LCB\BetterGenshinImpact\BetterGenshinImpact_lzryyj0u_wpftmp.csproj]
E:\Program Files\better-genshin-impact-LCB\BetterGenshinImpact\View\Controls\PointsCanvas.cs(575,42): warning CS8622: “void PointsCanvas.OnPointsCollectionChanged(object sender, NotifyCollectionChangedEventArgs e)”的参数“sender”类型中引用类型的为 Null 性与目标委托“NotifyCollectionChangedEventHandler”不匹配(可能是由于为 Null 性特性)。 [E:\Program Files\better-genshin-impact-LCB\BetterGenshinImpact\BetterGenshinImpact_lzryyj0u_wpftmp.csproj]
E:\Program Files\better-genshin-impact-LCB\BetterGenshinImpact\GameTask\AutoFight\Model\PartyAvatarSideIndexHelper.cs(105,64): warning CS8602: 解引用可能出现空引用。 [E:\Program Files\better-genshin-impact-LCB\BetterGenshinImpact\BetterGenshinImpact_lzryyj0u_wpftmp.csproj]
E:\Program Files\better-genshin-impact-LCB\BetterGenshinImpact\View\Controls\Drawer\DrawerViewModel.cs(27,26): warning CS8618: 在退出构造函数时，不可为 null 的 字段 "_onDrawerOpenedCommand" 必须包含非 null 值。请考虑添加 "required" 修饰符或将该 字段 声明为可为 null。 [E:\Program Files\better-genshin-impact-LCB\BetterGenshinImpact\BetterGenshinImpact_lzryyj0u_wpftmp.csproj]
E:\Program Files\better-genshin-impact-LCB\BetterGenshinImpact\View\Controls\Drawer\DrawerViewModel.cs(30,43): warning CS8618: 在退出构造函数时，不可为 null 的 字段 "_onDrawerClosingCommand" 必须包含非 null 值。请考虑添加 "required" 修饰符或将该 字段 声明为可为 null。 [E:\Program Files\better-genshin-impact-LCB\BetterGenshinImpact\BetterGenshinImpact_lzryyj0u_wpftmp.csproj]
E:\Program Files\better-genshin-impact-LCB\BetterGenshinImpact\View\Controls\Drawer\CustomDrawer.cs(137,12): warning CS8618: 在退出构造函数时，不可为 null 的 事件 "Opened" 必须包含非 null 值。请考虑添加 "required" 修饰符或将该 事件 声明为可为 null。 [E:\Program Files\better-genshin-impact-LCB\BetterGenshinImpact\BetterGenshinImpact_lzryyj0u_wpftmp.csproj]
E:\Program Files\better-genshin-impact-LCB\BetterGenshinImpact\View\Controls\Drawer\CustomDrawer.cs(137,12): warning CS8618: 在退出构造函数时，不可为 null 的 事件 "Closing" 必须包含非 null 值。请考虑添加 "required" 修饰符或将该 事件 声明为可为 null。 [E:\Program Files\better-genshin-impact-LCB\BetterGenshinImpact\BetterGenshinImpact_lzryyj0u_wpftmp.csproj]
E:\Program Files\better-genshin-impact-LCB\BetterGenshinImpact\View\Controls\Drawer\CustomDrawer.cs(137,12): warning CS8618: 在退出构造函数时，不可为 null 的 字段 "_backgroundOverlay" 必须包含非 null 值。请考虑添加 "required" 修饰符或将该 字段 声明为可为 null。 [E:\Program Files\better-genshin-impact-LCB\BetterGenshinImpact\BetterGenshinImpact_lzryyj0u_wpftmp.csproj]
E:\Program Files\better-genshin-impact-LCB\BetterGenshinImpact\View\Controls\Drawer\CustomDrawer.cs(137,12): warning CS8618: 在退出构造函数时，不可为 null 的 字段 "_drawerContainer" 必须包含非 null 值。请考虑添加 "required" 修饰符或将该 字段 声明为可为 null。 [E:\Program Files\better-genshin-impact-LCB\BetterGenshinImpact\BetterGenshinImpact_lzryyj0u_wpftmp.csproj]
E:\Program Files\better-genshin-impact-LCB\BetterGenshinImpact\View\Controls\Drawer\CustomDrawer.cs(137,12): warning CS8618: 在退出构造函数时，不可为 null 的 字段 "_mainGrid" 必须包含非 null 值。请考虑添加 "required" 修饰符或将该 字段 声明为可为 null。 [E:\Program Files\better-genshin-impact-LCB\BetterGenshinImpact\BetterGenshinImpact_lzryyj0u_wpftmp.csproj]
E:\Program Files\better-genshin-impact-LCB\BetterGenshinImpact\View\Controls\Drawer\CustomDrawer.cs(146,21): warning CS8601: 可能的 null 引用赋值。 [E:\Program Files\better-genshin-impact-LCB\BetterGenshinImpact\BetterGenshinImpact_lzryyj0u_wpftmp.csproj]
E:\Program Files\better-genshin-impact-LCB\BetterGenshinImpact\View\Controls\Drawer\CustomDrawer.cs(147,30): warning CS8601: 可能的 null 引用赋值。 [E:\Program Files\better-genshin-impact-LCB\BetterGenshinImpact\BetterGenshinImpact_lzryyj0u_wpftmp.csproj]
E:\Program Files\better-genshin-impact-LCB\BetterGenshinImpact\View\Controls\Drawer\CustomDrawer.cs(148,28): warning CS8601: 可能的 null 引用赋值。 [E:\Program Files\better-genshin-impact-LCB\BetterGenshinImpact\BetterGenshinImpact_lzryyj0u_wpftmp.csproj]
E:\Program Files\better-genshin-impact-LCB\BetterGenshinImpact\GameTask\AutoMusicGame\AutoMusicGameTask.cs(15,51): warning CS9113: 参数“taskParam”未读。 [E:\Program Files\better-genshin-impact-LCB\BetterGenshinImpact\BetterGenshinImpact_lzryyj0u_wpftmp.csproj]
E:\Program Files\better-genshin-impact-LCB\BetterGenshinImpact\GameTask\AutoOpenChest\AutoOpenChestTask.cs(96,24): warning CS1998: 此异步方法缺少 "await" 运算符，将以同步方式运行。请考虑使用 "await" 运算符等待非阻止的 API 调用，或者使用 "await Task.Run(...)" 在后台线程上执行占用大量 CPU 的工作。 [E:\Program Files\better-genshin-impact-LCB\BetterGenshinImpact\BetterGenshinImpact_lzryyj0u_wpftmp.csproj]
E:\Program Files\better-genshin-impact-LCB\BetterGenshinImpact\GameTask\OcrSwitchWeapon\Recognition\OcrWeaponReader.cs(118,29): warning CS1998: 此异步方法缺少 "await" 运算符，将以同步方式运行。请考虑使用 "await" 运算符等待非阻止的 API 调用，或者使用 "await Task.Run(...)" 在后台线程上执行占用大量 CPU 的工作。 [E:\Program Files\better-genshin-impact-LCB\BetterGenshinImpact\BetterGenshinImpact_lzryyj0u_wpftmp.csproj]
E:\Program Files\better-genshin-impact-LCB\BetterGenshinImpact\GameTask\AutoFight\Model\CombatScenes.cs(431,33): warning CS0612: “CombatScenes.InitializeTeamOldOcr(CaptureContent)”已过时 [E:\Program Files\better-genshin-impact-LCB\BetterGenshinImpact\BetterGenshinImpact_lzryyj0u_wpftmp.csproj]
E:\Program Files\better-genshin-impact-LCB\BetterGenshinImpact\Service\Execution\SuspendContextCapture.cs(87,31): warning CS8601: 可能的 null 引用赋值。 [E:\Program Files\better-genshin-impact-LCB\BetterGenshinImpact\BetterGenshinImpact_lzryyj0u_wpftmp.csproj]
E:\Program Files\better-genshin-impact-LCB\BetterGenshinImpact\Service\RecognitionTemplateEditorService.cs(231,17): warning CS8602: 解引用可能出现空引用。 [E:\Program Files\better-genshin-impact-LCB\BetterGenshinImpact\BetterGenshinImpact_lzryyj0u_wpftmp.csproj]
E:\Program Files\better-genshin-impact-LCB\BetterGenshinImpact\GameTask\AutoSkip\AutoTrackTask.cs(28,43): warning CS9113: 参数“param”未读。 [E:\Program Files\better-genshin-impact-LCB\BetterGenshinImpact\BetterGenshinImpact_lzryyj0u_wpftmp.csproj]
E:\Program Files\better-genshin-impact-LCB\BetterGenshinImpact\ViewModel\MainWindowViewModel.cs(673,37): warning CS1998: 此异步方法缺少 "await" 运算符，将以同步方式运行。请考虑使用 "await" 运算符等待非阻止的 API 调用，或者使用 "await Task.Run(...)" 在后台线程上执行占用大量 CPU 的工作。 [E:\Program Files\better-genshin-impact-LCB\BetterGenshinImpact\BetterGenshinImpact_lzryyj0u_wpftmp.csproj]
E:\Program Files\better-genshin-impact-LCB\BetterGenshinImpact\GameTask\AutoStygianOnslaught\AutoStygianOnslaughtTask.cs(103,64): warning CS8604: “CombatScriptBag CombatScriptParser.ReadAndParse(string path)”中的形参“path”可能传入 null 引用实参。 [E:\Program Files\better-genshin-impact-LCB\BetterGenshinImpact\BetterGenshinImpact_lzryyj0u_wpftmp.csproj]
E:\Program Files\better-genshin-impact-LCB\BetterGenshinImpact\GameTask\AutoStygianOnslaught\AutoStygianOnslaughtTask.cs(121,64): warning CS8604: “CombatScriptBag CombatScriptParser.ReadAndParse(string path)”中的形参“path”可能传入 null 引用实参。 [E:\Program Files\better-genshin-impact-LCB\BetterGenshinImpact\BetterGenshinImpact_lzryyj0u_wpftmp.csproj]
E:\Program Files\better-genshin-impact-LCB\BetterGenshinImpact\View\Windows\CheckUpdateWindow.xaml.cs(222,9): warning CS0162: 检测到无法访问的代码 [E:\Program Files\better-genshin-impact-LCB\BetterGenshinImpact\BetterGenshinImpact_lzryyj0u_wpftmp.csproj]
E:\Program Files\better-genshin-impact-LCB\BetterGenshinImpact\GameTask\AutoFight\Model\Avatar.cs(815,58): warning CS8604: “Task<bool> AutoFightSkill.AvatarSkillAsync(ILogger logger, Avatar guardianAvatar, bool skills, int retryCount, CancellationToken ct, ImageRegion? image = null, bool needLog = false, bool isResetCd = false)”中的形参“guardianAvatar”可能传入 null 引用实参。 [E:\Program Files\better-genshin-impact-LCB\BetterGenshinImpact\BetterGenshinImpact_lzryyj0u_wpftmp.csproj]
E:\Program Files\better-genshin-impact-LCB\BetterGenshinImpact\GameTask\AutoPathing\Model\Waypoint.cs(32,23): warning CS8618: 在退出构造函数时，不可为 null 的 属性 "MonsterTag" 必须包含非 null 值。请考虑添加 "required" 修饰符或将该 属性 声明为可为 null。 [E:\Program Files\better-genshin-impact-LCB\BetterGenshinImpact\BetterGenshinImpact_lzryyj0u_wpftmp.csproj]
E:\Program Files\better-genshin-impact-LCB\BetterGenshinImpact\GameTask\AutoLeyLineOutcrop\AutoLeyLineOutcropTask.cs(733,34): warning CS1998: 此异步方法缺少 "await" 运算符，将以同步方式运行。请考虑使用 "await" 运算符等待非阻止的 API 调用，或者使用 "await Task.Run(...)" 在后台线程上执行占用大量 CPU 的工作。 [E:\Program Files\better-genshin-impact-LCB\BetterGenshinImpact\BetterGenshinImpact_lzryyj0u_wpftmp.csproj]
E:\Program Files\better-genshin-impact-LCB\BetterGenshinImpact\GameTask\AutoFight\Model\Avatar.cs(1041,62): warning CS8604: “Task<bool> AutoFightSkill.AvatarSkillAsync(ILogger logger, Avatar guardianAvatar, bool skills, int retryCount, CancellationToken ct, ImageRegion? image = null, bool needLog = false, bool isResetCd = false)”中的形参“guardianAvatar”可能传入 null 引用实参。 [E:\Program Files\better-genshin-impact-LCB\BetterGenshinImpact\BetterGenshinImpact_lzryyj0u_wpftmp.csproj]
E:\Program Files\better-genshin-impact-LCB\BetterGenshinImpact\GameTask\AutoSkip\Audio\ProcessLoopbackAudioCapture.cs(33,77): warning CS9191: 与 “in” 参数对应的参数 1 的 “ref” 修饰符等效于 “in”。请考虑改用 “in”。 [E:\Program Files\better-genshin-impact-LCB\BetterGenshinImpact\BetterGenshinImpact_lzryyj0u_wpftmp.csproj]
E:\Program Files\better-genshin-impact-LCB\BetterGenshinImpact\GameTask\AutoSkip\Audio\ProcessLoopbackAudioCapture.cs(33,29): warning CS8600: 将 null 文本或可能的 null 值转换为不可为 null 类型。 [E:\Program Files\better-genshin-impact-LCB\BetterGenshinImpact\BetterGenshinImpact_lzryyj0u_wpftmp.csproj]
E:\Program Files\better-genshin-impact-LCB\BetterGenshinImpact\GameTask\AutoSkip\Audio\ProcessLoopbackAudioCapture.cs(37,30): warning CS8601: 可能的 null 引用赋值。 [E:\Program Files\better-genshin-impact-LCB\BetterGenshinImpact\BetterGenshinImpact_lzryyj0u_wpftmp.csproj]
E:\Program Files\better-genshin-impact-LCB\BetterGenshinImpact\GameTask\AutoSkip\Audio\ProcessLoopbackAudioCapture.cs(24,12): warning CS8618: 在退出构造函数时，不可为 null 的 字段 "_captureClient" 必须包含非 null 值。请考虑添加 "required" 修饰符或将该 字段 声明为可为 null。 [E:\Program Files\better-genshin-impact-LCB\BetterGenshinImpact\BetterGenshinImpact_lzryyj0u_wpftmp.csproj]
E:\Program Files\better-genshin-impact-LCB\BetterGenshinImpact\GameTask\AutoSkip\Audio\ProcessLoopbackAudioCapture.cs(158,21): warning CS9191: 与 “in” 参数对应的参数 6 的 “ref” 修饰符等效于 “in”。请考虑改用 “in”。 [E:\Program Files\better-genshin-impact-LCB\BetterGenshinImpact\BetterGenshinImpact_lzryyj0u_wpftmp.csproj]
E:\Program Files\better-genshin-impact-LCB\BetterGenshinImpact\GameTask\AutoStygianOnslaught\AutoStygianOnslaughtTask.cs(732,30): warning CS1998: 此异步方法缺少 "await" 运算符，将以同步方式运行。请考虑使用 "await" 运算符等待非阻止的 API 调用，或者使用 "await Task.Run(...)" 在后台线程上执行占用大量 CPU 的工作。 [E:\Program Files\better-genshin-impact-LCB\BetterGenshinImpact\BetterGenshinImpact_lzryyj0u_wpftmp.csproj]
E:\Program Files\better-genshin-impact-LCB\BetterGenshinImpact\GameTask\AutoStygianOnslaught\AutoStygianOnslaughtParam.cs(52,12): warning CS8618: 在退出构造函数时，不可为 null 的 属性 "FightTeamName" 必须包含非 null 值。请考虑添加 "required" 修饰符或将该 属性 声明为可为 null。 [E:\Program Files\better-genshin-impact-LCB\BetterGenshinImpact\BetterGenshinImpact_lzryyj0u_wpftmp.csproj]
E:\Program Files\better-genshin-impact-LCB\BetterGenshinImpact\GameTask\AutoStygianOnslaught\AutoStygianOnslaughtParam.cs(52,12): warning CS8618: 在退出构造函数时，不可为 null 的 属性 "CombatScriptBagPath" 必须包含非 null 值。请考虑添加 "required" 修饰符或将该 属性 声明为可为 null。 [E:\Program Files\better-genshin-impact-LCB\BetterGenshinImpact\BetterGenshinImpact_lzryyj0u_wpftmp.csproj]
E:\Program Files\better-genshin-impact-LCB\BetterGenshinImpact\GameTask\AutoStygianOnslaught\AutoStygianOnslaughtParam.cs(56,12): warning CS8618: 在退出构造函数时，不可为 null 的 属性 "FightTeamName" 必须包含非 null 值。请考虑添加 "required" 修饰符或将该 属性 声明为可为 null。 [E:\Program Files\better-genshin-impact-LCB\BetterGenshinImpact\BetterGenshinImpact_lzryyj0u_wpftmp.csproj]
E:\Program Files\better-genshin-impact-LCB\BetterGenshinImpact\GameTask\AutoLeyLineOutcrop\AutoLeyLineOutcropTask.cs(1062,25): warning CS4014: 由于此调用不会等待，因此在此调用完成之前将会继续执行当前方法。请考虑将 "await" 运算符应用于调用结果。 [E:\Program Files\better-genshin-impact-LCB\BetterGenshinImpact\BetterGenshinImpact_lzryyj0u_wpftmp.csproj]
E:\Program Files\better-genshin-impact-LCB\BetterGenshinImpact\GameTask\AutoStygianOnslaught\AutoStygianOnslaughtTask.cs(863,30): warning CS8602: 解引用可能出现空引用。 [E:\Program Files\better-genshin-impact-LCB\BetterGenshinImpact\BetterGenshinImpact_lzryyj0u_wpftmp.csproj]
E:\Program Files\better-genshin-impact-LCB\BetterGenshinImpact\GameTask\AutoStygianOnslaught\AutoStygianOnslaughtTask.cs(864,48): warning CS8602: 解引用可能出现空引用。 [E:\Program Files\better-genshin-impact-LCB\BetterGenshinImpact\BetterGenshinImpact_lzryyj0u_wpftmp.csproj]
E:\Program Files\better-genshin-impact-LCB\BetterGenshinImpact\ViewModel\Pages\TriggerSettingsPageViewModel.cs(50,12): warning CS8618: 在退出构造函数时，不可为 null 的 字段 "_temporarySkillCdCollection" 必须包含非 null 值。请考虑添加 "required" 修饰符或将该 字段 声明为可为 null。 [E:\Program Files\better-genshin-impact-LCB\BetterGenshinImpact\BetterGenshinImpact_lzryyj0u_wpftmp.csproj]
E:\Program Files\better-genshin-impact-LCB\BetterGenshinImpact\GameTask\AutoWood\AutoWoodTask.cs(55,12): warning CS8618: 在退出构造函数时，不可为 null 的 字段 "_printer" 必须包含非 null 值。请考虑添加 "required" 修饰符或将该 字段 声明为可为 null。 [E:\Program Files\better-genshin-impact-LCB\BetterGenshinImpact\BetterGenshinImpact_lzryyj0u_wpftmp.csproj]
E:\Program Files\better-genshin-impact-LCB\BetterGenshinImpact\GameTask\AutoWood\AutoWoodTask.cs(55,12): warning CS8618: 在退出构造函数时，不可为 null 的 字段 "_enterAndExitWonderlandJob" 必须包含非 null 值。请考虑添加 "required" 修饰符或将该 字段 声明为可为 null。 [E:\Program Files\better-genshin-impact-LCB\BetterGenshinImpact\BetterGenshinImpact_lzryyj0u_wpftmp.csproj]
E:\Program Files\better-genshin-impact-LCB\BetterGenshinImpact\GameTask\AutoWood\Assets\AutoWoodAssets.cs(29,13): warning CS8618: 在退出构造函数时，不可为 null 的 字段 "WoodCountRo" 必须包含非 null 值。请考虑添加 "required" 修饰符或将该 字段 声明为可为 null。 [E:\Program Files\better-genshin-impact-LCB\BetterGenshinImpact\BetterGenshinImpact_lzryyj0u_wpftmp.csproj]
E:\Program Files\better-genshin-impact-LCB\BetterGenshinImpact\GameTask\AutoWood\Assets\AutoWoodAssets.cs(29,13): warning CS8618: 在退出构造函数时，不可为 null 的 字段 "WoodCountMRo" 必须包含非 null 值。请考虑添加 "required" 修饰符或将该 字段 声明为可为 null。 [E:\Program Files\better-genshin-impact-LCB\BetterGenshinImpact\BetterGenshinImpact_lzryyj0u_wpftmp.csproj]
E:\Program Files\better-genshin-impact-LCB\BetterGenshinImpact\GameTask\AutoLeyLineOutcrop\AutoLeyLineOutcropTask.cs(1493,30): warning CS1998: 此异步方法缺少 "await" 运算符，将以同步方式运行。请考虑使用 "await" 运算符等待非阻止的 API 调用，或者使用 "await Task.Run(...)" 在后台线程上执行占用大量 CPU 的工作。 [E:\Program Files\better-genshin-impact-LCB\BetterGenshinImpact\BetterGenshinImpact_lzryyj0u_wpftmp.csproj]
E:\Program Files\better-genshin-impact-LCB\BetterGenshinImpact\View\Windows\ArtifactOcrDialog.xaml.cs(106,24): warning CS1998: 此异步方法缺少 "await" 运算符，将以同步方式运行。请考虑使用 "await" 运算符等待非阻止的 API 调用，或者使用 "await Task.Run(...)" 在后台线程上执行占用大量 CPU 的工作。 [E:\Program Files\better-genshin-impact-LCB\BetterGenshinImpact\BetterGenshinImpact_lzryyj0u_wpftmp.csproj]
E:\Program Files\better-genshin-impact-LCB\BetterGenshinImpact\GameTask\AutoLeyLineOutcrop\AutoLeyLineOutcropTask.cs(1649,30): warning CS1998: 此异步方法缺少 "await" 运算符，将以同步方式运行。请考虑使用 "await" 运算符等待非阻止的 API 调用，或者使用 "await Task.Run(...)" 在后台线程上执行占用大量 CPU 的工作。 [E:\Program Files\better-genshin-impact-LCB\BetterGenshinImpact\BetterGenshinImpact_lzryyj0u_wpftmp.csproj]
E:\Program Files\better-genshin-impact-LCB\BetterGenshinImpact\GameTask\AutoLeyLineOutcrop\AutoLeyLineOutcropParam.cs(66,12): warning CS8618: 在退出构造函数时，不可为 null 的 属性 "Country" 必须包含非 null 值。请考虑添加 "required" 修饰符或将该 属性 声明为可为 null。 [E:\Program Files\better-genshin-impact-LCB\BetterGenshinImpact\BetterGenshinImpact_lzryyj0u_wpftmp.csproj]
E:\Program Files\better-genshin-impact-LCB\BetterGenshinImpact\GameTask\AutoLeyLineOutcrop\AutoLeyLineOutcropParam.cs(66,12): warning CS8618: 在退出构造函数时，不可为 null 的 属性 "LeyLineOutcropType" 必须包含非 null 值。请考虑添加 "required" 修饰符或将该 属性 声明为可为 null。 [E:\Program Files\better-genshin-impact-LCB\BetterGenshinImpact\BetterGenshinImpact_lzryyj0u_wpftmp.csproj]
E:\Program Files\better-genshin-impact-LCB\BetterGenshinImpact\GameTask\AutoLeyLineOutcrop\AutoLeyLineOutcropParam.cs(66,12): warning CS8618: 在退出构造函数时，不可为 null 的 属性 "FriendshipTeam" 必须包含非 null 值。请考虑添加 "required" 修饰符或将该 属性 声明为可为 null。 [E:\Program Files\better-genshin-impact-LCB\BetterGenshinImpact\BetterGenshinImpact_lzryyj0u_wpftmp.csproj]
E:\Program Files\better-genshin-impact-LCB\BetterGenshinImpact\GameTask\AutoLeyLineOutcrop\AutoLeyLineOutcropParam.cs(66,12): warning CS8618: 在退出构造函数时，不可为 null 的 属性 "Team" 必须包含非 null 值。请考虑添加 "required" 修饰符或将该 属性 声明为可为 null。 [E:\Program Files\better-genshin-impact-LCB\BetterGenshinImpact\BetterGenshinImpact_lzryyj0u_wpftmp.csproj]
E:\Program Files\better-genshin-impact-LCB\BetterGenshinImpact\GameTask\AutoLeyLineOutcrop\AutoLeyLineOutcropParam.cs(71,12): warning CS8618: 在退出构造函数时，不可为 null 的 属性 "FriendshipTeam" 必须包含非 null 值。请考虑添加 "required" 修饰符或将该 属性 声明为可为 null。 [E:\Program Files\better-genshin-impact-LCB\BetterGenshinImpact\BetterGenshinImpact_lzryyj0u_wpftmp.csproj]
E:\Program Files\better-genshin-impact-LCB\BetterGenshinImpact\GameTask\AutoLeyLineOutcrop\AutoLeyLineOutcropParam.cs(71,12): warning CS8618: 在退出构造函数时，不可为 null 的 属性 "Team" 必须包含非 null 值。请考虑添加 "required" 修饰符或将该 属性 声明为可为 null。 [E:\Program Files\better-genshin-impact-LCB\BetterGenshinImpact\BetterGenshinImpact_lzryyj0u_wpftmp.csproj]
E:\Program Files\better-genshin-impact-LCB\BetterGenshinImpact\ViewModel\Pages\TaskSettingsPageViewModel.cs(813,13): warning CS8602: 解引用可能出现空引用。 [E:\Program Files\better-genshin-impact-LCB\BetterGenshinImpact\BetterGenshinImpact_lzryyj0u_wpftmp.csproj]
E:\Program Files\better-genshin-impact-LCB\BetterGenshinImpact\View\Pages\CommonSettingsPage.xaml.cs(161,29): warning CS8604: “int int.Parse(string s)”中的形参“s”可能传入 null 引用实参。 [E:\Program Files\better-genshin-impact-LCB\BetterGenshinImpact\BetterGenshinImpact_lzryyj0u_wpftmp.csproj]
E:\Program Files\better-genshin-impact-LCB\BetterGenshinImpact\View\Pages\CommonSettingsPage.xaml.cs(134,24): warning CS1998: 此异步方法缺少 "await" 运算符，将以同步方式运行。请考虑使用 "await" 运算符等待非阻止的 API 调用，或者使用 "await Task.Run(...)" 在后台线程上执行占用大量 CPU 的工作。 [E:\Program Files\better-genshin-impact-LCB\BetterGenshinImpact\BetterGenshinImpact_lzryyj0u_wpftmp.csproj]
E:\Program Files\better-genshin-impact-LCB\BetterGenshinImpact\GameTask\AutoFight\AvatarCombatSpecialization.cs(672,24): warning CS8602: 解引用可能出现空引用。 [E:\Program Files\better-genshin-impact-LCB\BetterGenshinImpact\BetterGenshinImpact_lzryyj0u_wpftmp.csproj]
E:\Program Files\better-genshin-impact-LCB\BetterGenshinImpact\GameTask\AutoLeyLineOutcrop\AutoLeyLineOutcropTask.cs(2169,30): warning CS1998: 此异步方法缺少 "await" 运算符，将以同步方式运行。请考虑使用 "await" 运算符等待非阻止的 API 调用，或者使用 "await Task.Run(...)" 在后台线程上执行占用大量 CPU 的工作。 [E:\Program Files\better-genshin-impact-LCB\BetterGenshinImpact\BetterGenshinImpact_lzryyj0u_wpftmp.csproj]
E:\Program Files\better-genshin-impact-LCB\BetterGenshinImpact\GameTask\AutoHoeing\Services\RouteExecutionEngine.cs(353,44): warning CS8601: 可能的 null 引用赋值。 [E:\Program Files\better-genshin-impact-LCB\BetterGenshinImpact\BetterGenshinImpact_lzryyj0u_wpftmp.csproj]
E:\Program Files\better-genshin-impact-LCB\BetterGenshinImpact\GameTask\AutoHoeing\Services\RouteExecutionEngine.cs(375,25): warning CS8602: 解引用可能出现空引用。 [E:\Program Files\better-genshin-impact-LCB\BetterGenshinImpact\BetterGenshinImpact_lzryyj0u_wpftmp.csproj]
E:\Program Files\better-genshin-impact-LCB\BetterGenshinImpact\GameTask\AutoPathing\Handler\SkillBoostHelper.cs(571,29): warning CS4014: 由于此调用不会等待，因此在此调用完成之前将会继续执行当前方法。请考虑将 "await" 运算符应用于调用结果。 [E:\Program Files\better-genshin-impact-LCB\BetterGenshinImpact\BetterGenshinImpact_lzryyj0u_wpftmp.csproj]
E:\Program Files\better-genshin-impact-LCB\BetterGenshinImpact\GameTask\AutoPathing\Handler\SkillBoostHelper.cs(740,17): warning CS0162: 检测到无法访问的代码 [E:\Program Files\better-genshin-impact-LCB\BetterGenshinImpact\BetterGenshinImpact_lzryyj0u_wpftmp.csproj]
E:\Program Files\better-genshin-impact-LCB\BetterGenshinImpact\GameTask\AutoPathing\Handler\SkillBoostHelper.cs(1324,20): warning CS8602: 解引用可能出现空引用。 [E:\Program Files\better-genshin-impact-LCB\BetterGenshinImpact\BetterGenshinImpact_lzryyj0u_wpftmp.csproj]
E:\Program Files\better-genshin-impact-LCB\BetterGenshinImpact\GameTask\AutoPathing\Handler\SkillBoostHelper.cs(1326,35): warning CS8604: “bool PathExecutor.IsTurnTooSharp(WaypointForTrack waypoint, WaypointForTrack? nextWaypoint, string avatarName)”中的形参“waypoint”可能传入 null 引用实参。 [E:\Program Files\better-genshin-impact-LCB\BetterGenshinImpact\BetterGenshinImpact_lzryyj0u_wpftmp.csproj]
E:\Program Files\better-genshin-impact-LCB\BetterGenshinImpact\Service\Execution\DurableSubmissionIdentityStore.cs(118,97): warning CS8620: 由于引用类型的可为 null 性差异，string?[] 类型的实参不能用于 byte[] DurableSubmissionIdentityStore.HashNames(string[] names) 中 string[] 类型的形参 names。 [E:\Program Files\better-genshin-impact-LCB\BetterGenshinImpact\BetterGenshinImpact_lzryyj0u_wpftmp.csproj]
E:\Program Files\better-genshin-impact-LCB\BetterGenshinImpact\GameTask\AutoLeyLineOutcrop\AutoLeyLineOutcropTask.cs(2373,29): warning CS1998: 此异步方法缺少 "await" 运算符，将以同步方式运行。请考虑使用 "await" 运算符等待非阻止的 API 调用，或者使用 "await Task.Run(...)" 在后台线程上执行占用大量 CPU 的工作。 [E:\Program Files\better-genshin-impact-LCB\BetterGenshinImpact\BetterGenshinImpact_lzryyj0u_wpftmp.csproj]
E:\Program Files\better-genshin-impact-LCB\BetterGenshinImpact\View\Pages\OneDragonFlowPage.xaml.cs(40,38): warning CS8622: “void OneDragonFlowPage.ViewModel_PropertyChanged(object sender, PropertyChangedEventArgs e)”的参数“sender”类型中引用类型的为 Null 性与目标委托“PropertyChangedEventHandler”不匹配(可能是由于为 Null 性特性)。 [E:\Program Files\better-genshin-impact-LCB\BetterGenshinImpact\BetterGenshinImpact_lzryyj0u_wpftmp.csproj]
E:\Program Files\better-genshin-impact-LCB\BetterGenshinImpact\GameTask\AutoPathing\Handler\ActionFactory.cs(21,40): warning CS0612: “NormalAttackHandler”已过时 [E:\Program Files\better-genshin-impact-LCB\BetterGenshinImpact\BetterGenshinImpact_lzryyj0u_wpftmp.csproj]
E:\Program Files\better-genshin-impact-LCB\BetterGenshinImpact\GameTask\AutoPathing\Handler\ActionFactory.cs(22,42): warning CS0612: “ElementalSkillHandler”已过时 [E:\Program Files\better-genshin-impact-LCB\BetterGenshinImpact\BetterGenshinImpact_lzryyj0u_wpftmp.csproj]
E:\Program Files\better-genshin-impact-LCB\BetterGenshinImpact\GameTask\AutoLeyLineOutcrop\AutoLeyLineOutcropTask.cs(2462,29): warning CS1998: 此异步方法缺少 "await" 运算符，将以同步方式运行。请考虑使用 "await" 运算符等待非阻止的 API 调用，或者使用 "await Task.Run(...)" 在后台线程上执行占用大量 CPU 的工作。 [E:\Program Files\better-genshin-impact-LCB\BetterGenshinImpact\BetterGenshinImpact_lzryyj0u_wpftmp.csproj]
E:\Program Files\better-genshin-impact-LCB\BetterGenshinImpact\View\Pages\OneDragonFlowPage.xaml.cs(130,38): warning CS8625: 无法将 null 字面量转换为非 null 的引用类型。 [E:\Program Files\better-genshin-impact-LCB\BetterGenshinImpact\BetterGenshinImpact_lzryyj0u_wpftmp.csproj]
E:\Program Files\better-genshin-impact-LCB\BetterGenshinImpact\GameTask\AutoLeyLineOutcrop\AutoLeyLineOutcropTask.cs(2495,24): warning CS1998: 此异步方法缺少 "await" 运算符，将以同步方式运行。请考虑使用 "await" 运算符等待非阻止的 API 调用，或者使用 "await Task.Run(...)" 在后台线程上执行占用大量 CPU 的工作。 [E:\Program Files\better-genshin-impact-LCB\BetterGenshinImpact\BetterGenshinImpact_lzryyj0u_wpftmp.csproj]
E:\Program Files\better-genshin-impact-LCB\BetterGenshinImpact\Service\Execution\DurableSubmissionIdentityStore.cs(198,27): warning CS8620: 由于引用类型的可为 null 性差异，string?[] 类型的实参不能用于 byte[] DurableSubmissionIdentityStore.HashNames(string[] names) 中 string[] 类型的形参 names。 [E:\Program Files\better-genshin-impact-LCB\BetterGenshinImpact\BetterGenshinImpact_lzryyj0u_wpftmp.csproj]
E:\Program Files\better-genshin-impact-LCB\BetterGenshinImpact\View\Pages\OneDragonFlowPage.xaml.cs(154,16): warning CS8603: 可能返回 null 引用。 [E:\Program Files\better-genshin-impact-LCB\BetterGenshinImpact\BetterGenshinImpact_lzryyj0u_wpftmp.csproj]
E:\Program Files\better-genshin-impact-LCB\BetterGenshinImpact\GameTask\GameTaskManager.cs(118,114): warning CS8604: “AutoSkipTrigger.AutoSkipTrigger(AutoSkipConfig config)”中的形参“config”可能传入 null 引用实参。 [E:\Program Files\better-genshin-impact-LCB\BetterGenshinImpact\BetterGenshinImpact_lzryyj0u_wpftmp.csproj]
E:\Program Files\better-genshin-impact-LCB\BetterGenshinImpact\GameTask\AutoFight\AvatarCombatSpecialization.cs(703,26): warning CS8618: 在退出构造函数时，不可为 null 的 属性 "fire" 必须包含非 null 值。请考虑添加 "required" 修饰符或将该 属性 声明为可为 null。 [E:\Program Files\better-genshin-impact-LCB\BetterGenshinImpact\BetterGenshinImpact_lzryyj0u_wpftmp.csproj]
E:\Program Files\better-genshin-impact-LCB\BetterGenshinImpact\GameTask\AutoFight\AvatarCombatSpecialization.cs(704,26): warning CS8618: 在退出构造函数时，不可为 null 的 属性 "electro" 必须包含非 null 值。请考虑添加 "required" 修饰符或将该 属性 声明为可为 null。 [E:\Program Files\better-genshin-impact-LCB\BetterGenshinImpact\BetterGenshinImpact_lzryyj0u_wpftmp.csproj]
E:\Program Files\better-genshin-impact-LCB\BetterGenshinImpact\GameTask\AutoFight\AvatarCombatSpecialization.cs(705,26): warning CS8618: 在退出构造函数时，不可为 null 的 属性 "cryo" 必须包含非 null 值。请考虑添加 "required" 修饰符或将该 属性 声明为可为 null。 [E:\Program Files\better-genshin-impact-LCB\BetterGenshinImpact\BetterGenshinImpact_lzryyj0u_wpftmp.csproj]
E:\Program Files\better-genshin-impact-LCB\BetterGenshinImpact\GameTask\AutoFight\AvatarCombatSpecialization.cs(706,26): warning CS8618: 在退出构造函数时，不可为 null 的 属性 "hydro" 必须包含非 null 值。请考虑添加 "required" 修饰符或将该 属性 声明为可为 null。 [E:\Program Files\better-genshin-impact-LCB\BetterGenshinImpact\BetterGenshinImpact_lzryyj0u_wpftmp.csproj]
E:\Program Files\better-genshin-impact-LCB\BetterGenshinImpact\View\Pages\OneDragonFlowPage.xaml.cs(176,36): warning CS8603: 可能返回 null 引用。 [E:\Program Files\better-genshin-impact-LCB\BetterGenshinImpact\BetterGenshinImpact_lzryyj0u_wpftmp.csproj]
E:\Program Files\better-genshin-impact-LCB\BetterGenshinImpact\GameTask\AutoTrackPath\TpTaskOfficial.cs(1248,52): warning CS0168: 声明了变量“e”，但从未使用过 [E:\Program Files\better-genshin-impact-LCB\BetterGenshinImpact\BetterGenshinImpact_lzryyj0u_wpftmp.csproj]
E:\Program Files\better-genshin-impact-LCB\BetterGenshinImpact\GameTask\AutoPathing\Handler\SkillBoostHelper.cs(1589,32): warning CS1998: 此异步方法缺少 "await" 运算符，将以同步方式运行。请考虑使用 "await" 运算符等待非阻止的 API 调用，或者使用 "await Task.Run(...)" 在后台线程上执行占用大量 CPU 的工作。 [E:\Program Files\better-genshin-impact-LCB\BetterGenshinImpact\BetterGenshinImpact_lzryyj0u_wpftmp.csproj]
E:\Program Files\better-genshin-impact-LCB\BetterGenshinImpact\GameTask\AutoFight\AutoFightEndDetection.cs(70,21): warning CS4014: 由于此调用不会等待，因此在此调用完成之前将会继续执行当前方法。请考虑将 "await" 运算符应用于调用结果。 [E:\Program Files\better-genshin-impact-LCB\BetterGenshinImpact\BetterGenshinImpact_lzryyj0u_wpftmp.csproj]
E:\Program Files\better-genshin-impact-LCB\BetterGenshinImpact\GameTask\AutoFight\AutoFightEndDetection.cs(232,21): warning CS4014: 由于此调用不会等待，因此在此调用完成之前将会继续执行当前方法。请考虑将 "await" 运算符应用于调用结果。 [E:\Program Files\better-genshin-impact-LCB\BetterGenshinImpact\BetterGenshinImpact_lzryyj0u_wpftmp.csproj]
E:\Program Files\better-genshin-impact-LCB\BetterGenshinImpact\View\Pages\OneDragonFlowPage.xaml.cs(192,52): warning CS8602: 解引用可能出现空引用。 [E:\Program Files\better-genshin-impact-LCB\BetterGenshinImpact\BetterGenshinImpact_lzryyj0u_wpftmp.csproj]
E:\Program Files\better-genshin-impact-LCB\BetterGenshinImpact\View\Pages\OneDragonFlowPage.xaml.cs(181,24): warning CS1998: 此异步方法缺少 "await" 运算符，将以同步方式运行。请考虑使用 "await" 运算符等待非阻止的 API 调用，或者使用 "await Task.Run(...)" 在后台线程上执行占用大量 CPU 的工作。 [E:\Program Files\better-genshin-impact-LCB\BetterGenshinImpact\BetterGenshinImpact_lzryyj0u_wpftmp.csproj]
E:\Program Files\better-genshin-impact-LCB\BetterGenshinImpact\GameTask\AutoFight\AutoFightTask.cs(333,135): warning CS8604: “bool string.Contains(string value)”中的形参“value”可能传入 null 引用实参。 [E:\Program Files\better-genshin-impact-LCB\BetterGenshinImpact\BetterGenshinImpact_lzryyj0u_wpftmp.csproj]
E:\Program Files\better-genshin-impact-LCB\BetterGenshinImpact\GameTask\AutoFight\AutoFightTask.cs(298,12): warning CS8618: 在退出构造函数时，不可为 null 的 字段 "_predictor" 必须包含非 null 值。请考虑添加 "required" 修饰符或将该 字段 声明为可为 null。 [E:\Program Files\better-genshin-impact-LCB\BetterGenshinImpact\BetterGenshinImpact_lzryyj0u_wpftmp.csproj]
E:\Program Files\better-genshin-impact-LCB\BetterGenshinImpact\GameTask\AutoFight\AutoFightJsonTask.cs(73,27): warning CS8618: 在退出构造函数时，不可为 null 的 属性 "Action" 必须包含非 null 值。请考虑添加 "required" 修饰符或将该 属性 声明为可为 null。 [E:\Program Files\better-genshin-impact-LCB\BetterGenshinImpact\BetterGenshinImpact_lzryyj0u_wpftmp.csproj]
E:\Program Files\better-genshin-impact-LCB\BetterGenshinImpact\GameTask\AutoFight\AutoFightJsonTask.cs(74,23): warning CS8618: 在退出构造函数时，不可为 null 的 属性 "Expression" 必须包含非 null 值。请考虑添加 "required" 修饰符或将该 属性 声明为可为 null。 [E:\Program Files\better-genshin-impact-LCB\BetterGenshinImpact\BetterGenshinImpact_lzryyj0u_wpftmp.csproj]
E:\Program Files\better-genshin-impact-LCB\BetterGenshinImpact\GameTask\AutoPathing\Handler\AutoFightHandler.cs(69,37): warning CS8600: 将 null 文本或可能的 null 值转换为不可为 null 类型。 [E:\Program Files\better-genshin-impact-LCB\BetterGenshinImpact\BetterGenshinImpact_lzryyj0u_wpftmp.csproj]
E:\Program Files\better-genshin-impact-LCB\BetterGenshinImpact\GameTask\AutoPathing\Handler\AutoFightHandler.cs(212,77): warning CS8604: “string AutoFightHandler.GetFightStrategy(AutoFightConfig config)”中的形参“config”可能传入 null 引用实参。 [E:\Program Files\better-genshin-impact-LCB\BetterGenshinImpact\BetterGenshinImpact_lzryyj0u_wpftmp.csproj]
E:\Program Files\better-genshin-impact-LCB\BetterGenshinImpact\Service\OneDragon\OneDragonConfigReferenceService.cs(327,81): warning CS8604: “bool List<string>.Contains(string item)”中的形参“item”可能传入 null 引用实参。 [E:\Program Files\better-genshin-impact-LCB\BetterGenshinImpact\BetterGenshinImpact_lzryyj0u_wpftmp.csproj]
E:\Program Files\better-genshin-impact-LCB\BetterGenshinImpact\Service\OneDragon\OneDragonConfigReferenceService.cs(334,41): warning CS8604: “bool List<string>.Contains(string item)”中的形参“item”可能传入 null 引用实参。 [E:\Program Files\better-genshin-impact-LCB\BetterGenshinImpact\BetterGenshinImpact_lzryyj0u_wpftmp.csproj]
E:\Program Files\better-genshin-impact-LCB\BetterGenshinImpact\ViewModel\Pages\HomePageViewModel.cs(94,12): warning CS8618: 在退出构造函数时，不可为 null 的 字段 "_bannerImageSource" 必须包含非 null 值。请考虑添加 "required" 修饰符或将该 字段 声明为可为 null。 [E:\Program Files\better-genshin-impact-LCB\BetterGenshinImpact\BetterGenshinImpact_lzryyj0u_wpftmp.csproj]
E:\Program Files\better-genshin-impact-LCB\BetterGenshinImpact\GameTask\GameLoading\GameLoading.cs(110,34): warning CS0168: 声明了变量“e”，但从未使用过 [E:\Program Files\better-genshin-impact-LCB\BetterGenshinImpact\BetterGenshinImpact_lzryyj0u_wpftmp.csproj]
E:\Program Files\better-genshin-impact-LCB\BetterGenshinImpact\GameTask\GameLoading\GameLoading.cs(157,26): warning CS0168: 声明了变量“ex”，但从未使用过 [E:\Program Files\better-genshin-impact-LCB\BetterGenshinImpact\BetterGenshinImpact_lzryyj0u_wpftmp.csproj]
E:\Program Files\better-genshin-impact-LCB\BetterGenshinImpact\GameTask\GameLoading\GameLoading.cs(210,38): warning CS8600: 将 null 文本或可能的 null 值转换为不可为 null 类型。 [E:\Program Files\better-genshin-impact-LCB\BetterGenshinImpact\BetterGenshinImpact_lzryyj0u_wpftmp.csproj]
E:\Program Files\better-genshin-impact-LCB\BetterGenshinImpact\GameTask\GameLoading\GameLoading.cs(216,42): warning CS8600: 将 null 文本或可能的 null 值转换为不可为 null 类型。 [E:\Program Files\better-genshin-impact-LCB\BetterGenshinImpact\BetterGenshinImpact_lzryyj0u_wpftmp.csproj]
E:\Program Files\better-genshin-impact-LCB\BetterGenshinImpact\GameTask\GameLoading\GameLoading.cs(335,64): warning CS8604: “(nint windowHandle, string windowType) GameLoadingTrigger.GetBiliLoginWindow(Process process)”中的形参“process”可能传入 null 引用实参。 [E:\Program Files\better-genshin-impact-LCB\BetterGenshinImpact\BetterGenshinImpact_lzryyj0u_wpftmp.csproj]
E:\Program Files\better-genshin-impact-LCB\BetterGenshinImpact\GameTask\AutoFight\AutoFightParam.cs(199,12): warning CS8618: 在退出构造函数时，不可为 null 的 属性 "CombatStrategyPath" 必须包含非 null 值。请考虑添加 "required" 修饰符或将该 属性 声明为可为 null。 [E:\Program Files\better-genshin-impact-LCB\BetterGenshinImpact\BetterGenshinImpact_lzryyj0u_wpftmp.csproj]
E:\Program Files\better-genshin-impact-LCB\BetterGenshinImpact\GameTask\AutoFight\AutoFightParam.cs(199,12): warning CS8618: 在退出构造函数时，不可为 null 的 字段 "KazuhaPartyName" 必须包含非 null 值。请考虑添加 "required" 修饰符或将该 字段 声明为可为 null。 [E:\Program Files\better-genshin-impact-LCB\BetterGenshinImpact\BetterGenshinImpact_lzryyj0u_wpftmp.csproj]
E:\Program Files\better-genshin-impact-LCB\BetterGenshinImpact\ViewModel\Pages\HomePageViewModel.cs(388,26): warning CS0168: 声明了变量“e”，但从未使用过 [E:\Program Files\better-genshin-impact-LCB\BetterGenshinImpact\BetterGenshinImpact_lzryyj0u_wpftmp.csproj]
E:\Program Files\better-genshin-impact-LCB\BetterGenshinImpact\GameTask\AutoHoeing\Services\DumperService.cs(126,23): warning CS1998: 此异步方法缺少 "await" 运算符，将以同步方式运行。请考虑使用 "await" 运算符等待非阻止的 API 调用，或者使用 "await Task.Run(...)" 在后台线程上执行占用大量 CPU 的工作。 [E:\Program Files\better-genshin-impact-LCB\BetterGenshinImpact\BetterGenshinImpact_lzryyj0u_wpftmp.csproj]
E:\Program Files\better-genshin-impact-LCB\BetterGenshinImpact\GameTask\LogParse\YsHttp.cs(136,17): warning CS8602: 解引用可能出现空引用。 [E:\Program Files\better-genshin-impact-LCB\BetterGenshinImpact\BetterGenshinImpact_lzryyj0u_wpftmp.csproj]
E:\Program Files\better-genshin-impact-LCB\BetterGenshinImpact\Service\OneDragon\OneDragonAccountCapability.cs(114,47): warning CS8604: “bool string.Contains(string value)”中的形参“value”可能传入 null 引用实参。 [E:\Program Files\better-genshin-impact-LCB\BetterGenshinImpact\BetterGenshinImpact_lzryyj0u_wpftmp.csproj]
E:\Program Files\better-genshin-impact-LCB\BetterGenshinImpact\GameTask\Model\GameUI\GridScreen.cs(218,22): warning CS8321: 声明了本地函数“getLine”，但从未使用过 [E:\Program Files\better-genshin-impact-LCB\BetterGenshinImpact\BetterGenshinImpact_lzryyj0u_wpftmp.csproj]
E:\Program Files\better-genshin-impact-LCB\BetterGenshinImpact\GameTask\AutoFight\AutoFightJsonTask.cs(628,13): warning CS4014: 由于此调用不会等待，因此在此调用完成之前将会继续执行当前方法。请考虑将 "await" 运算符应用于调用结果。 [E:\Program Files\better-genshin-impact-LCB\BetterGenshinImpact\BetterGenshinImpact_lzryyj0u_wpftmp.csproj]
E:\Program Files\better-genshin-impact-LCB\BetterGenshinImpact\GameTask\Model\Area\Region.cs(60,12): warning CS8618: 在退出构造函数时，不可为 null 的 字段 "drawContent" 必须包含非 null 值。请考虑添加 "required" 修饰符或将该 字段 声明为可为 null。 [E:\Program Files\better-genshin-impact-LCB\BetterGenshinImpact\BetterGenshinImpact_lzryyj0u_wpftmp.csproj]
E:\Program Files\better-genshin-impact-LCB\BetterGenshinImpact\GameTask\LogParse\YsHttp.cs(233,36): warning CS8602: 解引用可能出现空引用。 [E:\Program Files\better-genshin-impact-LCB\BetterGenshinImpact\BetterGenshinImpact_lzryyj0u_wpftmp.csproj]
E:\Program Files\better-genshin-impact-LCB\BetterGenshinImpact\GameTask\LogParse\YsHttp.cs(254,40): warning CS8602: 解引用可能出现空引用。 [E:\Program Files\better-genshin-impact-LCB\BetterGenshinImpact\BetterGenshinImpact_lzryyj0u_wpftmp.csproj]
E:\Program Files\better-genshin-impact-LCB\BetterGenshinImpact\GameTask\AutoFight\AutoFightJsonTask.cs(874,37): warning CS4014: 由于此调用不会等待，因此在此调用完成之前将会继续执行当前方法。请考虑将 "await" 运算符应用于调用结果。 [E:\Program Files\better-genshin-impact-LCB\BetterGenshinImpact\BetterGenshinImpact_lzryyj0u_wpftmp.csproj]
E:\Program Files\better-genshin-impact-LCB\BetterGenshinImpact\GameTask\AutoFight\AutoFightJsonTask.cs(813,34): warning CS8602: 解引用可能出现空引用。 [E:\Program Files\better-genshin-impact-LCB\BetterGenshinImpact\BetterGenshinImpact_lzryyj0u_wpftmp.csproj]
E:\Program Files\better-genshin-impact-LCB\BetterGenshinImpact\GameTask\AutoPathing\Handler\TeapotHurryOnHelper.cs(100,41): warning CS4014: 由于此调用不会等待，因此在此调用完成之前将会继续执行当前方法。请考虑将 "await" 运算符应用于调用结果。 [E:\Program Files\better-genshin-impact-LCB\BetterGenshinImpact\BetterGenshinImpact_lzryyj0u_wpftmp.csproj]
E:\Program Files\better-genshin-impact-LCB\BetterGenshinImpact\GameTask\AutoPathing\Handler\TeapotHurryOnHelper.cs(219,33): warning CS4014: 由于此调用不会等待，因此在此调用完成之前将会继续执行当前方法。请考虑将 "await" 运算符应用于调用结果。 [E:\Program Files\better-genshin-impact-LCB\BetterGenshinImpact\BetterGenshinImpact_lzryyj0u_wpftmp.csproj]
E:\Program Files\better-genshin-impact-LCB\BetterGenshinImpact\GameTask\AutoPathing\Handler\TeapotHurryOnHelper.cs(269,29): warning CS4014: 由于此调用不会等待，因此在此调用完成之前将会继续执行当前方法。请考虑将 "await" 运算符应用于调用结果。 [E:\Program Files\better-genshin-impact-LCB\BetterGenshinImpact\BetterGenshinImpact_lzryyj0u_wpftmp.csproj]
E:\Program Files\better-genshin-impact-LCB\BetterGenshinImpact\GameTask\AutoPathing\Handler\TeapotHurryOnHelper.cs(255,25): warning CS8602: 解引用可能出现空引用。 [E:\Program Files\better-genshin-impact-LCB\BetterGenshinImpact\BetterGenshinImpact_lzryyj0u_wpftmp.csproj]
E:\Program Files\better-genshin-impact-LCB\BetterGenshinImpact\GameTask\AutoPathing\Handler\TeapotHurryOnHelper.cs(343,75): warning CS8602: 解引用可能出现空引用。 [E:\Program Files\better-genshin-impact-LCB\BetterGenshinImpact\BetterGenshinImpact_lzryyj0u_wpftmp.csproj]
E:\Program Files\better-genshin-impact-LCB\BetterGenshinImpact\GameTask\AutoPathing\Handler\TeapotHurryOnHelper.cs(368,45): warning CS8602: 解引用可能出现空引用。 [E:\Program Files\better-genshin-impact-LCB\BetterGenshinImpact\BetterGenshinImpact_lzryyj0u_wpftmp.csproj]
E:\Program Files\better-genshin-impact-LCB\BetterGenshinImpact\GameTask\AutoPathing\Handler\TeapotHurryOnHelper.cs(498,107): warning CS8604: “Task<(Point2f point, int additionalTimeInMs)> PathExecutor.GetPositionAndTime(ImageRegion imageRegion, WaypointForTrack waypoint, bool isPoint = true)”中的形参“waypoint”可能传入 null 引用实参。 [E:\Program Files\better-genshin-impact-LCB\BetterGenshinImpact\BetterGenshinImpact_lzryyj0u_wpftmp.csproj]
E:\Program Files\better-genshin-impact-LCB\BetterGenshinImpact\GameTask\AutoPathing\Handler\TeapotHurryOnHelper.cs(566,41): warning CS8602: 解引用可能出现空引用。 [E:\Program Files\better-genshin-impact-LCB\BetterGenshinImpact\BetterGenshinImpact_lzryyj0u_wpftmp.csproj]
E:\Program Files\better-genshin-impact-LCB\BetterGenshinImpact\GameTask\AutoPathing\Handler\TeapotHurryOnHelper.cs(597,45): warning CS8602: 解引用可能出现空引用。 [E:\Program Files\better-genshin-impact-LCB\BetterGenshinImpact\BetterGenshinImpact_lzryyj0u_wpftmp.csproj]
E:\Program Files\better-genshin-impact-LCB\BetterGenshinImpact\GameTask\AutoFight\AutoFightSeek.cs(492,33): warning CS4014: 由于此调用不会等待，因此在此调用完成之前将会继续执行当前方法。请考虑将 "await" 运算符应用于调用结果。 [E:\Program Files\better-genshin-impact-LCB\BetterGenshinImpact\BetterGenshinImpact_lzryyj0u_wpftmp.csproj]
E:\Program Files\better-genshin-impact-LCB\BetterGenshinImpact\GameTask\AutoFight\AutoFightSeek.cs(635,33): warning CS4014: 由于此调用不会等待，因此在此调用完成之前将会继续执行当前方法。请考虑将 "await" 运算符应用于调用结果。 [E:\Program Files\better-genshin-impact-LCB\BetterGenshinImpact\BetterGenshinImpact_lzryyj0u_wpftmp.csproj]
E:\Program Files\better-genshin-impact-LCB\BetterGenshinImpact\GameTask\AutoPathing\PathExecutor.cs(396,43): warning CS0420: “PathExecutor._multiplayerRevivalDetected”: 对 volatile 字段的引用不被视为 volatile [E:\Program Files\better-genshin-impact-LCB\BetterGenshinImpact\BetterGenshinImpact_lzryyj0u_wpftmp.csproj]
E:\Program Files\better-genshin-impact-LCB\BetterGenshinImpact\GameTask\AutoPathing\PathExecutor.cs(416,62): warning CS0420: “PathExecutor._multiplayerRevivalDetected”: 对 volatile 字段的引用不被视为 volatile [E:\Program Files\better-genshin-impact-LCB\BetterGenshinImpact\BetterGenshinImpact_lzryyj0u_wpftmp.csproj]
E:\Program Files\better-genshin-impact-LCB\BetterGenshinImpact\GameTask\AutoHoeing\AutoHoeingTask.cs(3994,31): warning CS8602: 解引用可能出现空引用。 [E:\Program Files\better-genshin-impact-LCB\BetterGenshinImpact\BetterGenshinImpact_lzryyj0u_wpftmp.csproj]
E:\Program Files\better-genshin-impact-LCB\BetterGenshinImpact\GameTask\AutoHoeing\AutoHoeingTask.cs(4151,48): warning CS8601: 可能的 null 引用赋值。 [E:\Program Files\better-genshin-impact-LCB\BetterGenshinImpact\BetterGenshinImpact_lzryyj0u_wpftmp.csproj]
E:\Program Files\better-genshin-impact-LCB\BetterGenshinImpact\GameTask\AutoHoeing\AutoHoeingTask.cs(4299,33): warning CS8602: 解引用可能出现空引用。 [E:\Program Files\better-genshin-impact-LCB\BetterGenshinImpact\BetterGenshinImpact_lzryyj0u_wpftmp.csproj]
E:\Program Files\better-genshin-impact-LCB\BetterGenshinImpact\ViewModel\Pages\ScriptControlViewModel.cs(643,30): warning CS8600: 将 null 文本或可能的 null 值转换为不可为 null 类型。 [E:\Program Files\better-genshin-impact-LCB\BetterGenshinImpact\BetterGenshinImpact_lzryyj0u_wpftmp.csproj]
E:\Program Files\better-genshin-impact-LCB\BetterGenshinImpact\ViewModel\Pages\ScriptControlViewModel.cs(646,47): warning CS8604: “DirectoryInfo Directory.CreateDirectory(string path)”中的形参“path”可能传入 null 引用实参。 [E:\Program Files\better-genshin-impact-LCB\BetterGenshinImpact\BetterGenshinImpact_lzryyj0u_wpftmp.csproj]
E:\Program Files\better-genshin-impact-LCB\BetterGenshinImpact\GameTask\AutoHoeing\AutoHoeingTask.cs(4631,65): warning CS8601: 可能的 null 引用赋值。 [E:\Program Files\better-genshin-impact-LCB\BetterGenshinImpact\BetterGenshinImpact_lzryyj0u_wpftmp.csproj]
E:\Program Files\better-genshin-impact-LCB\BetterGenshinImpact\GameTask\AutoHoeing\Multiplayer\MultiplayerCoordinator.cs(1003,28): warning CS1998: 此异步方法缺少 "await" 运算符，将以同步方式运行。请考虑使用 "await" 运算符等待非阻止的 API 调用，或者使用 "await Task.Run(...)" 在后台线程上执行占用大量 CPU 的工作。 [E:\Program Files\better-genshin-impact-LCB\BetterGenshinImpact\BetterGenshinImpact_lzryyj0u_wpftmp.csproj]
E:\Program Files\better-genshin-impact-LCB\BetterGenshinImpact\GameTask\LogParse\YsHttp.cs(58,54): warning CS8618: 在退出构造函数时，不可为 null 的 属性 "GameBiz" 必须包含非 null 值。请考虑添加 "required" 修饰符或将该 属性 声明为可为 null。 [E:\Program Files\better-genshin-impact-LCB\BetterGenshinImpact\BetterGenshinImpact_lzryyj0u_wpftmp.csproj]
E:\Program Files\better-genshin-impact-LCB\BetterGenshinImpact\GameTask\LogParse\YsHttp.cs(60,52): warning CS8618: 在退出构造函数时，不可为 null 的 属性 "Region" 必须包含非 null 值。请考虑添加 "required" 修饰符或将该 属性 声明为可为 null。 [E:\Program Files\better-genshin-impact-LCB\BetterGenshinImpact\BetterGenshinImpact_lzryyj0u_wpftmp.csproj]
E:\Program Files\better-genshin-impact-LCB\BetterGenshinImpact\GameTask\LogParse\YsHttp.cs(62,54): warning CS8618: 在退出构造函数时，不可为 null 的 属性 "GameUid" 必须包含非 null 值。请考虑添加 "required" 修饰符或将该 属性 声明为可为 null。 [E:\Program Files\better-genshin-impact-LCB\BetterGenshinImpact\BetterGenshinImpact_lzryyj0u_wpftmp.csproj]
E:\Program Files\better-genshin-impact-LCB\BetterGenshinImpact\GameTask\LogParse\YsHttp.cs(64,54): warning CS8618: 在退出构造函数时，不可为 null 的 属性 "Nickname" 必须包含非 null 值。请考虑添加 "required" 修饰符或将该 属性 声明为可为 null。 [E:\Program Files\better-genshin-impact-LCB\BetterGenshinImpact\BetterGenshinImpact_lzryyj0u_wpftmp.csproj]
E:\Program Files\better-genshin-impact-LCB\BetterGenshinImpact\GameTask\LogParse\YsHttp.cs(70,57): warning CS8618: 在退出构造函数时，不可为 null 的 属性 "RegionName" 必须包含非 null 值。请考虑添加 "required" 修饰符或将该 属性 声明为可为 null。 [E:\Program Files\better-genshin-impact-LCB\BetterGenshinImpact\BetterGenshinImpact_lzryyj0u_wpftmp.csproj]
E:\Program Files\better-genshin-impact-LCB\BetterGenshinImpact\GameTask\LogParse\YsHttp.cs(49,52): warning CS8618: 在退出构造函数时，不可为 null 的 属性 "Action" 必须包含非 null 值。请考虑添加 "required" 修饰符或将该 属性 声明为可为 null。 [E:\Program Files\better-genshin-impact-LCB\BetterGenshinImpact\BetterGenshinImpact_lzryyj0u_wpftmp.csproj]
E:\Program Files\better-genshin-impact-LCB\BetterGenshinImpact\GameTask\LogParse\YsHttp.cs(51,50): warning CS8618: 在退出构造函数时，不可为 null 的 属性 "Time" 必须包含非 null 值。请考虑添加 "required" 修饰符或将该 属性 声明为可为 null。 [E:\Program Files\better-genshin-impact-LCB\BetterGenshinImpact\BetterGenshinImpact_lzryyj0u_wpftmp.csproj]
E:\Program Files\better-genshin-impact-LCB\BetterGenshinImpact\GameTask\LogParse\YsHttp.cs(27,52): warning CS8618: 在退出构造函数时，不可为 null 的 属性 "Region" 必须包含非 null 值。请考虑添加 "required" 修饰符或将该 属性 声明为可为 null。 [E:\Program Files\better-genshin-impact-LCB\BetterGenshinImpact\BetterGenshinImpact_lzryyj0u_wpftmp.csproj]
E:\Program Files\better-genshin-impact-LCB\BetterGenshinImpact\GameTask\LogParse\YsHttp.cs(31,54): warning CS8618: 在退出构造函数时，不可为 null 的 属性 "Nickname" 必须包含非 null 值。请考虑添加 "required" 修饰符或将该 属性 声明为可为 null。 [E:\Program Files\better-genshin-impact-LCB\BetterGenshinImpact\BetterGenshinImpact_lzryyj0u_wpftmp.csproj]
E:\Program Files\better-genshin-impact-LCB\BetterGenshinImpact\GameTask\LogParse\YsHttp.cs(33,50): warning CS8618: 在退出构造函数时，不可为 null 的 属性 "Date" 必须包含非 null 值。请考虑添加 "required" 修饰符或将该 属性 声明为可为 null。 [E:\Program Files\better-genshin-impact-LCB\BetterGenshinImpact\BetterGenshinImpact_lzryyj0u_wpftmp.csproj]
E:\Program Files\better-genshin-impact-LCB\BetterGenshinImpact\GameTask\LogParse\YsHttp.cs(37,63): warning CS8618: 在退出构造函数时，不可为 null 的 属性 "OptionalMonth" 必须包含非 null 值。请考虑添加 "required" 修饰符或将该 属性 声明为可为 null。 [E:\Program Files\better-genshin-impact-LCB\BetterGenshinImpact\BetterGenshinImpact_lzryyj0u_wpftmp.csproj]
E:\Program Files\better-genshin-impact-LCB\BetterGenshinImpact\GameTask\LogParse\YsHttp.cs(42,24): warning CS8618: 在退出构造函数时，不可为 null 的 属性 "List" 必须包含非 null 值。请考虑添加 "required" 修饰符或将该 属性 声明为可为 null。 [E:\Program Files\better-genshin-impact-LCB\BetterGenshinImpact\BetterGenshinImpact_lzryyj0u_wpftmp.csproj]
E:\Program Files\better-genshin-impact-LCB\BetterGenshinImpact\GameTask\LogParse\YsHttp.cs(19,53): warning CS8618: 在退出构造函数时，不可为 null 的 属性 "Message" 必须包含非 null 值。请考虑添加 "required" 修饰符或将该 属性 声明为可为 null。 [E:\Program Files\better-genshin-impact-LCB\BetterGenshinImpact\BetterGenshinImpact_lzryyj0u_wpftmp.csproj]
E:\Program Files\better-genshin-impact-LCB\BetterGenshinImpact\GameTask\LogParse\YsHttp.cs(20,24): warning CS8618: 在退出构造函数时，不可为 null 的 属性 "Data" 必须包含非 null 值。请考虑添加 "required" 修饰符或将该 属性 声明为可为 null。 [E:\Program Files\better-genshin-impact-LCB\BetterGenshinImpact\BetterGenshinImpact_lzryyj0u_wpftmp.csproj]
E:\Program Files\better-genshin-impact-LCB\BetterGenshinImpact\GameTask\LogParse\MoraStatistics.cs(57,40): warning CS8603: 可能返回 null 引用。 [E:\Program Files\better-genshin-impact-LCB\BetterGenshinImpact\BetterGenshinImpact_lzryyj0u_wpftmp.csproj]
E:\Program Files\better-genshin-impact-LCB\BetterGenshinImpact\GameTask\LogParse\TravelsDiaryDetailManager.cs(162,29): warning CS8602: 解引用可能出现空引用。 [E:\Program Files\better-genshin-impact-LCB\BetterGenshinImpact\BetterGenshinImpact_lzryyj0u_wpftmp.csproj]
E:\Program Files\better-genshin-impact-LCB\BetterGenshinImpact\GameTask\LogParse\TravelsDiaryDetailManager.cs(192,33): warning CS0168: 声明了变量“e”，但从未使用过 [E:\Program Files\better-genshin-impact-LCB\BetterGenshinImpact\BetterGenshinImpact_lzryyj0u_wpftmp.csproj]
E:\Program Files\better-genshin-impact-LCB\BetterGenshinImpact\GameTask\LogParse\MoraStatistics.cs(58,40): warning CS8603: 可能返回 null 引用。 [E:\Program Files\better-genshin-impact-LCB\BetterGenshinImpact\BetterGenshinImpact_lzryyj0u_wpftmp.csproj]
E:\Program Files\better-genshin-impact-LCB\BetterGenshinImpact\GameTask\LogParse\TravelsDiaryDetailManager.cs(216,28): warning CS8600: 将 null 文本或可能的 null 值转换为不可为 null 类型。 [E:\Program Files\better-genshin-impact-LCB\BetterGenshinImpact\BetterGenshinImpact_lzryyj0u_wpftmp.csproj]
E:\Program Files\better-genshin-impact-LCB\BetterGenshinImpact\GameTask\LogParse\TravelsDiaryDetailManager.cs(221,39): warning CS8604: “DirectoryInfo Directory.CreateDirectory(string path)”中的形参“path”可能传入 null 引用实参。 [E:\Program Files\better-genshin-impact-LCB\BetterGenshinImpact\BetterGenshinImpact_lzryyj0u_wpftmp.csproj]
E:\Program Files\better-genshin-impact-LCB\BetterGenshinImpact\GameTask\AutoHoeing\Multiplayer\KazuhaCollectSyncCoordinator.cs(301,40): warning CS8604: “Task KazuhaCollectSyncCoordinator.RunAsKazuhaAsync(WaypointForTrack fightPointWaypoint, string syncKey, Task<PreparationResult>? prepTask, CancellationToken ct)”中的形参“fightPointWaypoint”可能传入 null 引用实参。 [E:\Program Files\better-genshin-impact-LCB\BetterGenshinImpact\BetterGenshinImpact_lzryyj0u_wpftmp.csproj]
E:\Program Files\better-genshin-impact-LCB\BetterGenshinImpact\GameTask\LogParse\MoraStatistics.cs(74,17): warning CS8602: 解引用可能出现空引用。 [E:\Program Files\better-genshin-impact-LCB\BetterGenshinImpact\BetterGenshinImpact_lzryyj0u_wpftmp.csproj]
E:\Program Files\better-genshin-impact-LCB\BetterGenshinImpact\ViewModel\Pages\ScriptControlViewModel.cs(1769,16): warning CS8619: 类型“List<ScriptProject?>”的值中引用类型的为 Null 性与目标类型“List<ScriptProject>”不匹配。 [E:\Program Files\better-genshin-impact-LCB\BetterGenshinImpact\BetterGenshinImpact_lzryyj0u_wpftmp.csproj]
E:\Program Files\better-genshin-impact-LCB\BetterGenshinImpact\GameTask\LogParse\MoraStatistics.cs(9,23): warning CS8618: 在退出构造函数时，不可为 null 的 字段 "Name" 必须包含非 null 值。请考虑添加 "required" 修饰符或将该 字段 声明为可为 null。 [E:\Program Files\better-genshin-impact-LCB\BetterGenshinImpact\BetterGenshinImpact_lzryyj0u_wpftmp.csproj]
E:\Program Files\better-genshin-impact-LCB\BetterGenshinImpact\GameTask\LogParse\LogParse.cs(206,29): warning CS8602: 解引用可能出现空引用。 [E:\Program Files\better-genshin-impact-LCB\BetterGenshinImpact\BetterGenshinImpact_lzryyj0u_wpftmp.csproj]
E:\Program Files\better-genshin-impact-LCB\BetterGenshinImpact\GameTask\AutoHoeing\AutoHoeingTask.cs(5613,29): warning CS8602: 解引用可能出现空引用。 [E:\Program Files\better-genshin-impact-LCB\BetterGenshinImpact\BetterGenshinImpact_lzryyj0u_wpftmp.csproj]
E:\Program Files\better-genshin-impact-LCB\BetterGenshinImpact\GameTask\AutoHoeing\AutoHoeingTask.cs(5634,32): warning CS1998: 此异步方法缺少 "await" 运算符，将以同步方式运行。请考虑使用 "await" 运算符等待非阻止的 API 调用，或者使用 "await Task.Run(...)" 在后台线程上执行占用大量 CPU 的工作。 [E:\Program Files\better-genshin-impact-LCB\BetterGenshinImpact\BetterGenshinImpact_lzryyj0u_wpftmp.csproj]
E:\Program Files\better-genshin-impact-LCB\BetterGenshinImpact\GameTask\LogParse\LogParse.cs(934,36): warning CS8600: 将 null 文本或可能的 null 值转换为不可为 null 类型。 [E:\Program Files\better-genshin-impact-LCB\BetterGenshinImpact\BetterGenshinImpact_lzryyj0u_wpftmp.csproj]
E:\Program Files\better-genshin-impact-LCB\BetterGenshinImpact\GameTask\LogParse\LogParse.cs(939,43): warning CS8604: “DirectoryInfo Directory.CreateDirectory(string path)”中的形参“path”可能传入 null 引用实参。 [E:\Program Files\better-genshin-impact-LCB\BetterGenshinImpact\BetterGenshinImpact_lzryyj0u_wpftmp.csproj]
E:\Program Files\better-genshin-impact-LCB\BetterGenshinImpact\GameTask\LogParse\LogParse.cs(266,27): warning CS8618: 在退出构造函数时，不可为 null 的 属性 "Name" 必须包含非 null 值。请考虑添加 "required" 修饰符或将该 属性 声明为可为 null。 [E:\Program Files\better-genshin-impact-LCB\BetterGenshinImpact\BetterGenshinImpact_lzryyj0u_wpftmp.csproj]
E:\Program Files\better-genshin-impact-LCB\BetterGenshinImpact\GameTask\LogParse\LogParse.cs(280,31): warning CS8618: 在退出构造函数时，不可为 null 的 属性 "Name" 必须包含非 null 值。请考虑添加 "required" 修饰符或将该 属性 声明为可为 null。 [E:\Program Files\better-genshin-impact-LCB\BetterGenshinImpact\BetterGenshinImpact_lzryyj0u_wpftmp.csproj]
E:\Program Files\better-genshin-impact-LCB\BetterGenshinImpact\ViewModel\Pages\ScriptControlViewModel.cs(2677,47): warning CS8604: “Task ScriptControlViewModel.OnContinueTaskProgressAsync(string name, List<TaskProgress>? taskProgresses = null, JobSource source = JobSource.Ui)”中的形参“name”可能传入 null 引用实参。 [E:\Program Files\better-genshin-impact-LCB\BetterGenshinImpact\BetterGenshinImpact_lzryyj0u_wpftmp.csproj]
E:\Program Files\better-genshin-impact-LCB\BetterGenshinImpact\Service\Notifier\BarkNotifier.cs(22,23): warning CS8618: 在退出构造函数时，不可为 null 的 属性 "Title" 必须包含非 null 值。请考虑添加 "required" 修饰符或将该 属性 声明为可为 null。 [E:\Program Files\better-genshin-impact-LCB\BetterGenshinImpact\BetterGenshinImpact_lzryyj0u_wpftmp.csproj]
E:\Program Files\better-genshin-impact-LCB\BetterGenshinImpact\Service\Notifier\BarkNotifier.cs(27,23): warning CS8618: 在退出构造函数时，不可为 null 的 属性 "Subtitle" 必须包含非 null 值。请考虑添加 "required" 修饰符或将该 属性 声明为可为 null。 [E:\Program Files\better-genshin-impact-LCB\BetterGenshinImpact\BetterGenshinImpact_lzryyj0u_wpftmp.csproj]
E:\Program Files\better-genshin-impact-LCB\BetterGenshinImpact\Service\Notifier\BarkNotifier.cs(32,23): warning CS8618: 在退出构造函数时，不可为 null 的 属性 "Body" 必须包含非 null 值。请考虑添加 "required" 修饰符或将该 属性 声明为可为 null。 [E:\Program Files\better-genshin-impact-LCB\BetterGenshinImpact\BetterGenshinImpact_lzryyj0u_wpftmp.csproj]
E:\Program Files\better-genshin-impact-LCB\BetterGenshinImpact\Service\Notifier\BarkNotifier.cs(37,23): warning CS8618: 在退出构造函数时，不可为 null 的 属性 "DeviceKey" 必须包含非 null 值。请考虑添加 "required" 修饰符或将该 属性 声明为可为 null。 [E:\Program Files\better-genshin-impact-LCB\BetterGenshinImpact\BetterGenshinImpact_lzryyj0u_wpftmp.csproj]
E:\Program Files\better-genshin-impact-LCB\BetterGenshinImpact\Service\Notifier\BarkNotifier.cs(62,23): warning CS8618: 在退出构造函数时，不可为 null 的 属性 "Call" 必须包含非 null 值。请考虑添加 "required" 修饰符或将该 属性 声明为可为 null。 [E:\Program Files\better-genshin-impact-LCB\BetterGenshinImpact\BetterGenshinImpact_lzryyj0u_wpftmp.csproj]
E:\Program Files\better-genshin-impact-LCB\BetterGenshinImpact\Service\Notifier\BarkNotifier.cs(67,23): warning CS8618: 在退出构造函数时，不可为 null 的 属性 "AutoCopy" 必须包含非 null 值。请考虑添加 "required" 修饰符或将该 属性 声明为可为 null。 [E:\Program Files\better-genshin-impact-LCB\BetterGenshinImpact\BetterGenshinImpact_lzryyj0u_wpftmp.csproj]
E:\Program Files\better-genshin-impact-LCB\BetterGenshinImpact\Service\Notifier\BarkNotifier.cs(72,23): warning CS8618: 在退出构造函数时，不可为 null 的 属性 "Copy" 必须包含非 null 值。请考虑添加 "required" 修饰符或将该 属性 声明为可为 null。 [E:\Program Files\better-genshin-impact-LCB\BetterGenshinImpact\BetterGenshinImpact_lzryyj0u_wpftmp.csproj]
E:\Program Files\better-genshin-impact-LCB\BetterGenshinImpact\Service\Notifier\BarkNotifier.cs(77,23): warning CS8618: 在退出构造函数时，不可为 null 的 属性 "Icon" 必须包含非 null 值。请考虑添加 "required" 修饰符或将该 属性 声明为可为 null。 [E:\Program Files\better-genshin-impact-LCB\BetterGenshinImpact\BetterGenshinImpact_lzryyj0u_wpftmp.csproj]
E:\Program Files\better-genshin-impact-LCB\BetterGenshinImpact\Service\Notifier\BarkNotifier.cs(87,23): warning CS8618: 在退出构造函数时，不可为 null 的 属性 "Ciphertext" 必须包含非 null 值。请考虑添加 "required" 修饰符或将该 属性 声明为可为 null。 [E:\Program Files\better-genshin-impact-LCB\BetterGenshinImpact\BetterGenshinImpact_lzryyj0u_wpftmp.csproj]
E:\Program Files\better-genshin-impact-LCB\BetterGenshinImpact\Service\Notifier\BarkNotifier.cs(92,23): warning CS8618: 在退出构造函数时，不可为 null 的 属性 "IsArchive" 必须包含非 null 值。请考虑添加 "required" 修饰符或将该 属性 声明为可为 null。 [E:\Program Files\better-genshin-impact-LCB\BetterGenshinImpact\BetterGenshinImpact_lzryyj0u_wpftmp.csproj]
E:\Program Files\better-genshin-impact-LCB\BetterGenshinImpact\Service\Notifier\BarkNotifier.cs(97,23): warning CS8618: 在退出构造函数时，不可为 null 的 属性 "Url" 必须包含非 null 值。请考虑添加 "required" 修饰符或将该 属性 声明为可为 null。 [E:\Program Files\better-genshin-impact-LCB\BetterGenshinImpact\BetterGenshinImpact_lzryyj0u_wpftmp.csproj]
E:\Program Files\better-genshin-impact-LCB\BetterGenshinImpact\Service\Notifier\BarkNotifier.cs(102,23): warning CS8618: 在退出构造函数时，不可为 null 的 属性 "Action" 必须包含非 null 值。请考虑添加 "required" 修饰符或将该 属性 声明为可为 null。 [E:\Program Files\better-genshin-impact-LCB\BetterGenshinImpact\BetterGenshinImpact_lzryyj0u_wpftmp.csproj]
E:\Program Files\better-genshin-impact-LCB\BetterGenshinImpact\Service\Notifier\BarkNotifier.cs(123,16): warning CS8618: 在退出构造函数时，不可为 null 的 字段 "_group" 必须包含非 null 值。请考虑添加 "required" 修饰符或将该 字段 声明为可为 null。 [E:\Program Files\better-genshin-impact-LCB\BetterGenshinImpact\BetterGenshinImpact_lzryyj0u_wpftmp.csproj]
E:\Program Files\better-genshin-impact-LCB\BetterGenshinImpact\Service\Notifier\BarkNotifier.cs(123,16): warning CS8618: 在退出构造函数时，不可为 null 的 字段 "_sound" 必须包含非 null 值。请考虑添加 "required" 修饰符或将该 字段 声明为可为 null。 [E:\Program Files\better-genshin-impact-LCB\BetterGenshinImpact\BetterGenshinImpact_lzryyj0u_wpftmp.csproj]
E:\Program Files\better-genshin-impact-LCB\BetterGenshinImpact\Service\Notifier\BarkNotifier.cs(165,38): warning CS8625: 无法将 null 字面量转换为非 null 的引用类型。 [E:\Program Files\better-genshin-impact-LCB\BetterGenshinImpact\BetterGenshinImpact_lzryyj0u_wpftmp.csproj]
E:\Program Files\better-genshin-impact-LCB\BetterGenshinImpact\ViewModel\Pages\MapPathingViewModel.cs(186,42): warning CS8604: “PathingConfigView.PathingConfigView(PathingConfigViewModel viewModel)”中的形参“viewModel”可能传入 null 引用实参。 [E:\Program Files\better-genshin-impact-LCB\BetterGenshinImpact\BetterGenshinImpact_lzryyj0u_wpftmp.csproj]
E:\Program Files\better-genshin-impact-LCB\BetterGenshinImpact\ViewModel\Pages\MapPathingViewModel.cs(174,23): warning CS1998: 此异步方法缺少 "await" 运算符，将以同步方式运行。请考虑使用 "await" 运算符等待非阻止的 API 调用，或者使用 "await Task.Run(...)" 在后台线程上执行占用大量 CPU 的工作。 [E:\Program Files\better-genshin-impact-LCB\BetterGenshinImpact\BetterGenshinImpact_lzryyj0u_wpftmp.csproj]
E:\Program Files\better-genshin-impact-LCB\BetterGenshinImpact\ViewModel\Pages\OneDragonFlowViewModel.cs(185,24): warning CS1998: 此异步方法缺少 "await" 运算符，将以同步方式运行。请考虑使用 "await" 运算符等待非阻止的 API 调用，或者使用 "await Task.Run(...)" 在后台线程上执行占用大量 CPU 的工作。 [E:\Program Files\better-genshin-impact-LCB\BetterGenshinImpact\BetterGenshinImpact_lzryyj0u_wpftmp.csproj]
E:\Program Files\better-genshin-impact-LCB\BetterGenshinImpact\ViewModel\Pages\OneDragonFlowViewModel.cs(281,12): warning CS8618: 在退出构造函数时，不可为 null 的 字段 "_scriptService" 必须包含非 null 值。请考虑添加 "required" 修饰符或将该 字段 声明为可为 null。 [E:\Program Files\better-genshin-impact-LCB\BetterGenshinImpact\BetterGenshinImpact_lzryyj0u_wpftmp.csproj]
E:\Program Files\better-genshin-impact-LCB\BetterGenshinImpact\ViewModel\Pages\OneDragonFlowViewModel.cs(281,12): warning CS8618: 在退出构造函数时，不可为 null 的 字段 "_selectedTask" 必须包含非 null 值。请考虑添加 "required" 修饰符或将该 字段 声明为可为 null。 [E:\Program Files\better-genshin-impact-LCB\BetterGenshinImpact\BetterGenshinImpact_lzryyj0u_wpftmp.csproj]
E:\Program Files\better-genshin-impact-LCB\BetterGenshinImpact\ViewModel\Pages\OneDragonFlowViewModel.cs(430,22): warning CS8602: 解引用可能出现空引用。 [E:\Program Files\better-genshin-impact-LCB\BetterGenshinImpact\BetterGenshinImpact_lzryyj0u_wpftmp.csproj]
E:\Program Files\better-genshin-impact-LCB\BetterGenshinImpact\ViewModel\Pages\OneDragonFlowViewModel.cs(462,24): warning CS8625: 无法将 null 字面量转换为非 null 的引用类型。 [E:\Program Files\better-genshin-impact-LCB\BetterGenshinImpact\BetterGenshinImpact_lzryyj0u_wpftmp.csproj]
E:\Program Files\better-genshin-impact-LCB\BetterGenshinImpact\ViewModel\Pages\OneDragonFlowViewModel.cs(605,13): warning CS4014: 由于此调用不会等待，因此在此调用完成之前将会继续执行当前方法。请考虑将 "await" 运算符应用于调用结果。 [E:\Program Files\better-genshin-impact-LCB\BetterGenshinImpact\BetterGenshinImpact_lzryyj0u_wpftmp.csproj]
E:\Program Files\better-genshin-impact-LCB\BetterGenshinImpact\ViewModel\Pages\OneDragonFlowViewModel.cs(604,41): warning CS8602: 解引用可能出现空引用。 [E:\Program Files\better-genshin-impact-LCB\BetterGenshinImpact\BetterGenshinImpact_lzryyj0u_wpftmp.csproj]
E:\Program Files\better-genshin-impact-LCB\BetterGenshinImpact\GameTask\Common\Job\GoToSereniteaPotTask.cs(55,12): warning CS8618: 在退出构造函数时，不可为 null 的 字段 "dongTianName" 必须包含非 null 值。请考虑添加 "required" 修饰符或将该 字段 声明为可为 null。 [E:\Program Files\better-genshin-impact-LCB\BetterGenshinImpact\BetterGenshinImpact_lzryyj0u_wpftmp.csproj]
E:\Program Files\better-genshin-impact-LCB\BetterGenshinImpact\GameTask\Common\Job\LinneaMiningTask.cs(214,43): warning CS8600: 将 null 文本或可能的 null 值转换为不可为 null 类型。 [E:\Program Files\better-genshin-impact-LCB\BetterGenshinImpact\BetterGenshinImpact_lzryyj0u_wpftmp.csproj]
E:\Program Files\better-genshin-impact-LCB\BetterGenshinImpact\ViewModel\Pages\OneDragonFlowViewModel.cs(1070,32): warning CS8625: 无法将 null 字面量转换为非 null 的引用类型。 [E:\Program Files\better-genshin-impact-LCB\BetterGenshinImpact\BetterGenshinImpact_lzryyj0u_wpftmp.csproj]
E:\Program Files\better-genshin-impact-LCB\BetterGenshinImpact\GameTask\Common\Map\Camera\CameraOrientationFromLimint.cs(28,12): warning CS8618: 在退出构造函数时，不可为 null 的 字段 "rotationRemapDataX" 必须包含非 null 值。请考虑添加 "required" 修饰符或将该 字段 声明为可为 null。 [E:\Program Files\better-genshin-impact-LCB\BetterGenshinImpact\BetterGenshinImpact_lzryyj0u_wpftmp.csproj]
E:\Program Files\better-genshin-impact-LCB\BetterGenshinImpact\GameTask\Common\Map\Camera\CameraOrientationFromLimint.cs(28,12): warning CS8618: 在退出构造函数时，不可为 null 的 字段 "rotationRemapDataY" 必须包含非 null 值。请考虑添加 "required" 修饰符或将该 字段 声明为可为 null。 [E:\Program Files\better-genshin-impact-LCB\BetterGenshinImpact\BetterGenshinImpact_lzryyj0u_wpftmp.csproj]
E:\Program Files\better-genshin-impact-LCB\BetterGenshinImpact\GameTask\Common\Map\Camera\CameraOrientationFromLimint.cs(28,12): warning CS8618: 在退出构造函数时，不可为 null 的 字段 "alphaMask1" 必须包含非 null 值。请考虑添加 "required" 修饰符或将该 字段 声明为可为 null。 [E:\Program Files\better-genshin-impact-LCB\BetterGenshinImpact\BetterGenshinImpact_lzryyj0u_wpftmp.csproj]
E:\Program Files\better-genshin-impact-LCB\BetterGenshinImpact\GameTask\Common\Map\Camera\CameraOrientationFromLimint.cs(28,12): warning CS8618: 在退出构造函数时，不可为 null 的 字段 "alphaMask2" 必须包含非 null 值。请考虑添加 "required" 修饰符或将该 字段 声明为可为 null。 [E:\Program Files\better-genshin-impact-LCB\BetterGenshinImpact\BetterGenshinImpact_lzryyj0u_wpftmp.csproj]
E:\Program Files\better-genshin-impact-LCB\BetterGenshinImpact\GameTask\Common\Job\SetTimeTask.cs(95,24): warning CS1998: 此异步方法缺少 "await" 运算符，将以同步方式运行。请考虑使用 "await" 运算符等待非阻止的 API 调用，或者使用 "await Task.Run(...)" 在后台线程上执行占用大量 CPU 的工作。 [E:\Program Files\better-genshin-impact-LCB\BetterGenshinImpact\BetterGenshinImpact_lzryyj0u_wpftmp.csproj]
E:\Program Files\better-genshin-impact-LCB\BetterGenshinImpact\GameTask\AutoPathing\PathExecutor.cs(1371,37): warning CS4014: 由于此调用不会等待，因此在此调用完成之前将会继续执行当前方法。请考虑将 "await" 运算符应用于调用结果。 [E:\Program Files\better-genshin-impact-LCB\BetterGenshinImpact\BetterGenshinImpact_lzryyj0u_wpftmp.csproj]
E:\Program Files\better-genshin-impact-LCB\BetterGenshinImpact\GameTask\AutoPathing\PathExecutor.cs(662,62): warning CS8620: 由于引用类型的可为 null 性差异，Dictionary<int, string> 类型的实参不能用于 Dictionary<int, string?>.Dictionary(IDictionary<int, string?> dictionary) 中 IDictionary<int, string?> 类型的形参 dictionary。 [E:\Program Files\better-genshin-impact-LCB\BetterGenshinImpact\BetterGenshinImpact_lzryyj0u_wpftmp.csproj]
E:\Program Files\better-genshin-impact-LCB\BetterGenshinImpact\GameTask\AutoPathing\PathExecutor.cs(1440,60): warning CS8602: 解引用可能出现空引用。 [E:\Program Files\better-genshin-impact-LCB\BetterGenshinImpact\BetterGenshinImpact_lzryyj0u_wpftmp.csproj]
E:\Program Files\better-genshin-impact-LCB\BetterGenshinImpact\GameTask\AutoPathing\PathExecutor.cs(1774,58): warning CS8602: 解引用可能出现空引用。 [E:\Program Files\better-genshin-impact-LCB\BetterGenshinImpact\BetterGenshinImpact_lzryyj0u_wpftmp.csproj]
E:\Program Files\better-genshin-impact-LCB\BetterGenshinImpact\GameTask\AutoPathing\PathExecutor.cs(1788,67): warning CS8604: “Task PathExecutor.MoveCloseTo(WaypointForTrack waypoint, double closeDistance = 2, int? tailDelayMs = null, int maxSteps = 25, string? fastSyncId = null, WaypointForTrack? fastSyncWaypoint = null, bool escapeClimbOnReturn = false, bool guardJumpOnReturn = false)”中的形参“waypoint”可能传入 null 引用实参。 [E:\Program Files\better-genshin-impact-LCB\BetterGenshinImpact\BetterGenshinImpact_lzryyj0u_wpftmp.csproj]
E:\Program Files\better-genshin-impact-LCB\BetterGenshinImpact\GameTask\AutoPathing\PathExecutor.cs(1848,51): warning CS8602: 解引用可能出现空引用。 [E:\Program Files\better-genshin-impact-LCB\BetterGenshinImpact\BetterGenshinImpact_lzryyj0u_wpftmp.csproj]
E:\Program Files\better-genshin-impact-LCB\BetterGenshinImpact\GameTask\AutoPathing\PathExecutor.cs(694,46): warning CS0420: “PathExecutor._multiplayerRevivalDetected”: 对 volatile 字段的引用不被视为 volatile [E:\Program Files\better-genshin-impact-LCB\BetterGenshinImpact\BetterGenshinImpact_lzryyj0u_wpftmp.csproj]
E:\Program Files\better-genshin-impact-LCB\BetterGenshinImpact\GameTask\AutoPathing\PathExecutor.cs(2051,139): warning CS0420: “PathExecutor._protectionConsumed”: 对 volatile 字段的引用不被视为 volatile [E:\Program Files\better-genshin-impact-LCB\BetterGenshinImpact\BetterGenshinImpact_lzryyj0u_wpftmp.csproj]
E:\Program Files\better-genshin-impact-LCB\BetterGenshinImpact\GameTask\AutoPathing\PathExecutor.cs(1898,41): warning CS0168: 声明了变量“handledException”，但从未使用过 [E:\Program Files\better-genshin-impact-LCB\BetterGenshinImpact\BetterGenshinImpact_lzryyj0u_wpftmp.csproj]
E:\Program Files\better-genshin-impact-LCB\BetterGenshinImpact\GameTask\AutoPathing\PathExecutor.cs(1915,46): warning CS0168: 声明了变量“e”，但从未使用过 [E:\Program Files\better-genshin-impact-LCB\BetterGenshinImpact\BetterGenshinImpact_lzryyj0u_wpftmp.csproj]
E:\Program Files\better-genshin-impact-LCB\BetterGenshinImpact\GameTask\AutoFight\AutoFightTask.cs(1026,21): warning CS4014: 由于此调用不会等待，因此在此调用完成之前将会继续执行当前方法。请考虑将 "await" 运算符应用于调用结果。 [E:\Program Files\better-genshin-impact-LCB\BetterGenshinImpact\BetterGenshinImpact_lzryyj0u_wpftmp.csproj]
E:\Program Files\better-genshin-impact-LCB\BetterGenshinImpact\GameTask\AutoFight\AutoFightTask.cs(1140,55): warning CS0612: “AutoFightSkill.AvatarQSkillAsync(ImageRegion?, List<int>?, int?)”已过时 [E:\Program Files\better-genshin-impact-LCB\BetterGenshinImpact\BetterGenshinImpact_lzryyj0u_wpftmp.csproj]
E:\Program Files\better-genshin-impact-LCB\BetterGenshinImpact\GameTask\AutoFight\AutoFightTask.cs(1529,33): warning CS4014: 由于此调用不会等待，因此在此调用完成之前将会继续执行当前方法。请考虑将 "await" 运算符应用于调用结果。 [E:\Program Files\better-genshin-impact-LCB\BetterGenshinImpact\BetterGenshinImpact_lzryyj0u_wpftmp.csproj]
E:\Program Files\better-genshin-impact-LCB\BetterGenshinImpact\GameTask\AutoFight\AutoFightTask.cs(1566,25): warning CS4014: 由于此调用不会等待，因此在此调用完成之前将会继续执行当前方法。请考虑将 "await" 运算符应用于调用结果。 [E:\Program Files\better-genshin-impact-LCB\BetterGenshinImpact\BetterGenshinImpact_lzryyj0u_wpftmp.csproj]
E:\Program Files\better-genshin-impact-LCB\BetterGenshinImpact\GameTask\AutoFight\AutoFightTask.cs(1600,33): warning CS4014: 由于此调用不会等待，因此在此调用完成之前将会继续执行当前方法。请考虑将 "await" 运算符应用于调用结果。 [E:\Program Files\better-genshin-impact-LCB\BetterGenshinImpact\BetterGenshinImpact_lzryyj0u_wpftmp.csproj]
E:\Program Files\better-genshin-impact-LCB\BetterGenshinImpact\GameTask\AutoFight\AutoFightTask.cs(1661,37): warning CS4014: 由于此调用不会等待，因此在此调用完成之前将会继续执行当前方法。请考虑将 "await" 运算符应用于调用结果。 [E:\Program Files\better-genshin-impact-LCB\BetterGenshinImpact\BetterGenshinImpact_lzryyj0u_wpftmp.csproj]
E:\Program Files\better-genshin-impact-LCB\BetterGenshinImpact\GameTask\AutoFight\AutoFightTask.cs(2082,37): warning CS4014: 由于此调用不会等待，因此在此调用完成之前将会继续执行当前方法。请考虑将 "await" 运算符应用于调用结果。 [E:\Program Files\better-genshin-impact-LCB\BetterGenshinImpact\BetterGenshinImpact_lzryyj0u_wpftmp.csproj]
E:\Program Files\better-genshin-impact-LCB\BetterGenshinImpact\GameTask\AutoFight\AutoFightTask.cs(700,34): warning CS8604: “IEnumerable<string> Enumerable.Select<CombatCommand, string>(IEnumerable<CombatCommand> source, Func<CombatCommand, string> selector)”中的形参“source”可能传入 null 引用实参。 [E:\Program Files\better-genshin-impact-LCB\BetterGenshinImpact\BetterGenshinImpact_lzryyj0u_wpftmp.csproj]
E:\Program Files\better-genshin-impact-LCB\BetterGenshinImpact\GameTask\AutoFight\AutoFightTask.cs(811,29): warning CS8600: 将 null 文本或可能的 null 值转换为不可为 null 类型。 [E:\Program Files\better-genshin-impact-LCB\BetterGenshinImpact\BetterGenshinImpact_lzryyj0u_wpftmp.csproj]
E:\Program Files\better-genshin-impact-LCB\BetterGenshinImpact\GameTask\AutoFight\AutoFightTask.cs(1483,38): warning CS8602: 解引用可能出现空引用。 [E:\Program Files\better-genshin-impact-LCB\BetterGenshinImpact\BetterGenshinImpact_lzryyj0u_wpftmp.csproj]
E:\Program Files\better-genshin-impact-LCB\BetterGenshinImpact\GameTask\AutoFight\AutoFightTask.cs(1524,141): warning CS8602: 解引用可能出现空引用。 [E:\Program Files\better-genshin-impact-LCB\BetterGenshinImpact\BetterGenshinImpact_lzryyj0u_wpftmp.csproj]
E:\Program Files\better-genshin-impact-LCB\BetterGenshinImpact\GameTask\AutoFight\AutoFightTask.cs(1963,34): warning CS8602: 解引用可能出现空引用。 [E:\Program Files\better-genshin-impact-LCB\BetterGenshinImpact\BetterGenshinImpact_lzryyj0u_wpftmp.csproj]
E:\Program Files\better-genshin-impact-LCB\BetterGenshinImpact\GameTask\AutoFight\AutoFightTask.cs(1966,34): warning CS0168: 声明了变量“e”，但从未使用过 [E:\Program Files\better-genshin-impact-LCB\BetterGenshinImpact\BetterGenshinImpact_lzryyj0u_wpftmp.csproj]
E:\Program Files\better-genshin-impact-LCB\BetterGenshinImpact\GameTask\AutoFight\AutoFightTask.cs(2152,34): warning CS0168: 声明了变量“e”，但从未使用过 [E:\Program Files\better-genshin-impact-LCB\BetterGenshinImpact\BetterGenshinImpact_lzryyj0u_wpftmp.csproj]
E:\Program Files\better-genshin-impact-LCB\BetterGenshinImpact\GameTask\AutoPathing\PathExecutor.cs(2821,13): warning CS4014: 由于此调用不会等待，因此在此调用完成之前将会继续执行当前方法。请考虑将 "await" 运算符应用于调用结果。 [E:\Program Files\better-genshin-impact-LCB\BetterGenshinImpact\BetterGenshinImpact_lzryyj0u_wpftmp.csproj]
E:\Program Files\better-genshin-impact-LCB\BetterGenshinImpact\GameTask\AutoPathing\PathExecutor.cs(2923,48): warning CS0612: “AutoFightSkill.AvatarQSkillAsync(ImageRegion?, List<int>?, int?)”已过时 [E:\Program Files\better-genshin-impact-LCB\BetterGenshinImpact\BetterGenshinImpact_lzryyj0u_wpftmp.csproj]
E:\Program Files\better-genshin-impact-LCB\BetterGenshinImpact\GameTask\AutoPathing\PathExecutor.cs(2906,43): warning CS8602: 解引用可能出现空引用。 [E:\Program Files\better-genshin-impact-LCB\BetterGenshinImpact\BetterGenshinImpact_lzryyj0u_wpftmp.csproj]
E:\Program Files\better-genshin-impact-LCB\BetterGenshinImpact\GameTask\AutoPathing\PathExecutor.cs(2919,35): warning CS8602: 解引用可能出现空引用。 [E:\Program Files\better-genshin-impact-LCB\BetterGenshinImpact\BetterGenshinImpact_lzryyj0u_wpftmp.csproj]
E:\Program Files\better-genshin-impact-LCB\BetterGenshinImpact\GameTask\AutoPathing\PathExecutor.cs(3197,34): warning CS0168: 声明了变量“e”，但从未使用过 [E:\Program Files\better-genshin-impact-LCB\BetterGenshinImpact\BetterGenshinImpact_lzryyj0u_wpftmp.csproj]
E:\Program Files\better-genshin-impact-LCB\BetterGenshinImpact\GameTask\AutoFight\AutoFightTask.cs(2439,21): warning CS4014: 由于此调用不会等待，因此在此调用完成之前将会继续执行当前方法。请考虑将 "await" 运算符应用于调用结果。 [E:\Program Files\better-genshin-impact-LCB\BetterGenshinImpact\BetterGenshinImpact_lzryyj0u_wpftmp.csproj]
E:\Program Files\better-genshin-impact-LCB\BetterGenshinImpact\GameTask\AutoFight\AutoFightTask.cs(2608,21): warning CS4014: 由于此调用不会等待，因此在此调用完成之前将会继续执行当前方法。请考虑将 "await" 运算符应用于调用结果。 [E:\Program Files\better-genshin-impact-LCB\BetterGenshinImpact\BetterGenshinImpact_lzryyj0u_wpftmp.csproj]
E:\Program Files\better-genshin-impact-LCB\BetterGenshinImpact\GameTask\Common\Job\GoToSereniteaPotTask.cs(504,13): warning CS8602: 解引用可能出现空引用。 [E:\Program Files\better-genshin-impact-LCB\BetterGenshinImpact\BetterGenshinImpact_lzryyj0u_wpftmp.csproj]
E:\Program Files\better-genshin-impact-LCB\BetterGenshinImpact\GameTask\AutoPathing\PathExecutor.cs(3279,34): warning CS8509: switch 表达式不处理其输入类型的所有可能的值(它不是穷举)。例如，模式“0”未包含在内。 [E:\Program Files\better-genshin-impact-LCB\BetterGenshinImpact\BetterGenshinImpact_lzryyj0u_wpftmp.csproj]
E:\Program Files\better-genshin-impact-LCB\BetterGenshinImpact\GameTask\AutoPathing\PathExecutor.cs(3271,9): warning CS4014: 由于此调用不会等待，因此在此调用完成之前将会继续执行当前方法。请考虑将 "await" 运算符应用于调用结果。 [E:\Program Files\better-genshin-impact-LCB\BetterGenshinImpact\BetterGenshinImpact_lzryyj0u_wpftmp.csproj]
E:\Program Files\better-genshin-impact-LCB\BetterGenshinImpact\GameTask\AutoPathing\PathExecutor.cs(3606,17): warning CS4014: 由于此调用不会等待，因此在此调用完成之前将会继续执行当前方法。请考虑将 "await" 运算符应用于调用结果。 [E:\Program Files\better-genshin-impact-LCB\BetterGenshinImpact\BetterGenshinImpact_lzryyj0u_wpftmp.csproj]
E:\Program Files\better-genshin-impact-LCB\BetterGenshinImpact\GameTask\AutoPathing\PathExecutor.cs(4022,29): warning CS4014: 由于此调用不会等待，因此在此调用完成之前将会继续执行当前方法。请考虑将 "await" 运算符应用于调用结果。 [E:\Program Files\better-genshin-impact-LCB\BetterGenshinImpact\BetterGenshinImpact_lzryyj0u_wpftmp.csproj]
E:\Program Files\better-genshin-impact-LCB\BetterGenshinImpact\GameTask\AutoPathing\PathExecutor.cs(3461,81): warning CS8604: “Task<(Point2f point, int additionalTimeInMs)> PathExecutor.GetPositionAndTime(ImageRegion imageRegion, WaypointForTrack waypoint, bool isPoint = true)”中的形参“waypoint”可能传入 null 引用实参。 [E:\Program Files\better-genshin-impact-LCB\BetterGenshinImpact\BetterGenshinImpact_lzryyj0u_wpftmp.csproj]
E:\Program Files\better-genshin-impact-LCB\BetterGenshinImpact\GameTask\AutoPathing\PathExecutor.cs(3810,65): warning CS8602: 解引用可能出现空引用。 [E:\Program Files\better-genshin-impact-LCB\BetterGenshinImpact\BetterGenshinImpact_lzryyj0u_wpftmp.csproj]
E:\Program Files\better-genshin-impact-LCB\BetterGenshinImpact\GameTask\AutoPathing\PathExecutor.cs(3916,46): warning CS8604: “Task PathExecutor.FaceTo(WaypointForTrack waypoint)”中的形参“waypoint”可能传入 null 引用实参。 [E:\Program Files\better-genshin-impact-LCB\BetterGenshinImpact\BetterGenshinImpact_lzryyj0u_wpftmp.csproj]
E:\Program Files\better-genshin-impact-LCB\BetterGenshinImpact\GameTask\AutoPathing\PathExecutor.cs(3932,55): warning CS8604: “Task TrapEscaper.MoveTo(WaypointForTrack waypoint)”中的形参“waypoint”可能传入 null 引用实参。 [E:\Program Files\better-genshin-impact-LCB\BetterGenshinImpact\BetterGenshinImpact_lzryyj0u_wpftmp.csproj]
E:\Program Files\better-genshin-impact-LCB\BetterGenshinImpact\GameTask\AutoPathing\PathExecutor.cs(3945,65): warning CS8604: “int Navigation.GetTargetOrientation(Waypoint waypoint, Point2f position)”中的形参“waypoint”可能传入 null 引用实参。 [E:\Program Files\better-genshin-impact-LCB\BetterGenshinImpact\BetterGenshinImpact_lzryyj0u_wpftmp.csproj]
E:\Program Files\better-genshin-impact-LCB\BetterGenshinImpact\GameTask\AutoPathing\PathExecutor.cs(3886,147): warning CS0420: “PathExecutor._protectionConsumed”: 对 volatile 字段的引用不被视为 volatile [E:\Program Files\better-genshin-impact-LCB\BetterGenshinImpact\BetterGenshinImpact_lzryyj0u_wpftmp.csproj]
E:\Program Files\better-genshin-impact-LCB\BetterGenshinImpact\GameTask\AutoPathing\PathExecutor.cs(3271,27): warning CS1998: 此异步方法缺少 "await" 运算符，将以同步方式运行。请考虑使用 "await" 运算符等待非阻止的 API 调用，或者使用 "await Task.Run(...)" 在后台线程上执行占用大量 CPU 的工作。 [E:\Program Files\better-genshin-impact-LCB\BetterGenshinImpact\BetterGenshinImpact_lzryyj0u_wpftmp.csproj]
E:\Program Files\better-genshin-impact-LCB\BetterGenshinImpact\GameTask\AutoPathing\PathExecutor.cs(4626,34): warning CS0168: 声明了变量“e”，但从未使用过 [E:\Program Files\better-genshin-impact-LCB\BetterGenshinImpact\BetterGenshinImpact_lzryyj0u_wpftmp.csproj]
E:\Program Files\better-genshin-impact-LCB\BetterGenshinImpact\GameTask\AutoPathing\Handler\SkillBoostHelper.cs(39,20): warning CS0649: 从未对字段“PathExecutor.HurryOnState.RunCount”赋值，字段将一直保持其默认值 0 [E:\Program Files\better-genshin-impact-LCB\BetterGenshinImpact\BetterGenshinImpact_lzryyj0u_wpftmp.csproj]
E:\Program Files\better-genshin-impact-LCB\BetterGenshinImpact\GameTask\AutoHoeing\Multiplayer\WorldStateMonitor.cs(121,30): warning CS0067: 从不使用事件“WorldStateMonitor.OnDroppedFromRoom” [E:\Program Files\better-genshin-impact-LCB\BetterGenshinImpact\BetterGenshinImpact_lzryyj0u_wpftmp.csproj]
E:\Program Files\better-genshin-impact-LCB\BetterGenshinImpact\ViewModel\Pages\TaskSettingsPageViewModel.cs(367,17): warning CS0169: 从不使用字段“TaskSettingsPageViewModel._autoHoeingUnlockClickCount” [E:\Program Files\better-genshin-impact-LCB\BetterGenshinImpact\BetterGenshinImpact_lzryyj0u_wpftmp.csproj]
E:\Program Files\better-genshin-impact-LCB\BetterGenshinImpact\GameTask\AutoPathing\Handler\SkillBoostHelper.cs(47,24): warning CS0649: 从未对字段“PathExecutor.HurryOnState.OriginalMoveMode”赋值，字段将一直保持其默认值 null [E:\Program Files\better-genshin-impact-LCB\BetterGenshinImpact\BetterGenshinImpact_lzryyj0u_wpftmp.csproj]
E:\Program Files\better-genshin-impact-LCB\BetterGenshinImpact\Service\Notifier\BarkNotifier.cs(112,35): warning CS0169: 从不使用字段“BarkNotifier._group” [E:\Program Files\better-genshin-impact-LCB\BetterGenshinImpact\BetterGenshinImpact_lzryyj0u_wpftmp.csproj]
E:\Program Files\better-genshin-impact-LCB\BetterGenshinImpact\ViewModel\Pages\TaskSettingsPageViewModel.cs(63,38): warning CS0169: 从不使用字段“TaskSettingsPageViewModel._cts” [E:\Program Files\better-genshin-impact-LCB\BetterGenshinImpact\BetterGenshinImpact_lzryyj0u_wpftmp.csproj]
E:\Program Files\better-genshin-impact-LCB\BetterGenshinImpact\ViewModel\Pages\JsListViewModel.cs(51,27): warning CS0169: 从不使用字段“JsListViewModel._mdWebpagePanel” [E:\Program Files\better-genshin-impact-LCB\BetterGenshinImpact\BetterGenshinImpact_lzryyj0u_wpftmp.csproj]
E:\Program Files\better-genshin-impact-LCB\BetterGenshinImpact\GameTask\TaskTriggerDispatcher.cs(68,36): warning CS0067: 从不使用事件“TaskTriggerDispatcher.UiTaskStartTickEvent” [E:\Program Files\better-genshin-impact-LCB\BetterGenshinImpact\BetterGenshinImpact_lzryyj0u_wpftmp.csproj]
E:\Program Files\better-genshin-impact-LCB\BetterGenshinImpact\Service\Notifier\BarkNotifier.cs(113,35): warning CS0169: 从不使用字段“BarkNotifier._sound” [E:\Program Files\better-genshin-impact-LCB\BetterGenshinImpact\BetterGenshinImpact_lzryyj0u_wpftmp.csproj]
E:\Program Files\better-genshin-impact-LCB\BetterGenshinImpact\ViewModel\Pages\JsListViewModel.cs(53,41): warning CS0169: 从不使用字段“JsListViewModel._navigationCompletionSource” [E:\Program Files\better-genshin-impact-LCB\BetterGenshinImpact\BetterGenshinImpact_lzryyj0u_wpftmp.csproj]
E:\Program Files\better-genshin-impact-LCB\BetterGenshinImpact\GameTask\AutoPathing\Handler\SkillBoostHelper.cs(37,20): warning CS0649: 从未对字段“PathExecutor.HurryOnState.MavikaFlyCount”赋值，字段将一直保持其默认值 0 [E:\Program Files\better-genshin-impact-LCB\BetterGenshinImpact\BetterGenshinImpact_lzryyj0u_wpftmp.csproj]
E:\Program Files\better-genshin-impact-LCB\BetterGenshinImpact\GameTask\AutoPathing\Handler\SkillBoostHelper.cs(49,20): warning CS0649: 从未对字段“PathExecutor.HurryOnState.ChascaFlightCheckCount”赋值，字段将一直保持其默认值 0 [E:\Program Files\better-genshin-impact-LCB\BetterGenshinImpact\BetterGenshinImpact_lzryyj0u_wpftmp.csproj]
E:\Program Files\better-genshin-impact-LCB\BetterGenshinImpact\ViewModel\Pages\OneDragonFlowViewModel.cs(40,36): warning CS0169: 从不使用字段“OneDragonFlowViewModel._scriptService” [E:\Program Files\better-genshin-impact-LCB\BetterGenshinImpact\BetterGenshinImpact_lzryyj0u_wpftmp.csproj]
E:\Program Files\better-genshin-impact-LCB\BetterGenshinImpact\GameTask\AutoPathing\Handler\SkillBoostHelper.cs(40,21): warning CS0649: 从未对字段“PathExecutor.HurryOnState.IsFlyingMwk”赋值，字段将一直保持其默认值 false [E:\Program Files\better-genshin-impact-LCB\BetterGenshinImpact\BetterGenshinImpact_lzryyj0u_wpftmp.csproj]
E:\Program Files\better-genshin-impact-LCB\BetterGenshinImpact\ViewModel\Pages\JsListViewModel.cs(49,23): warning CS0169: 从不使用字段“JsListViewModel._webView2” [E:\Program Files\better-genshin-impact-LCB\BetterGenshinImpact\BetterGenshinImpact_lzryyj0u_wpftmp.csproj]
E:\Program Files\better-genshin-impact-LCB\BetterGenshinImpact\GameTask\AutoPathing\Handler\SkillBoostHelper.cs(43,23): warning CS0649: 从未对字段“PathExecutor.HurryOnState.DistanceHalf”赋值，字段将一直保持其默认值 0 [E:\Program Files\better-genshin-impact-LCB\BetterGenshinImpact\BetterGenshinImpact_lzryyj0u_wpftmp.csproj]
E:\Program Files\better-genshin-impact-LCB\BetterGenshinImpact\GameTask\AutoPathing\PathExecutor.cs(4512,17): warning CS0414: 字段“PathExecutor.maxAutoPositionTime”已被赋值，但从未使用过它的值 [E:\Program Files\better-genshin-impact-LCB\BetterGenshinImpact\BetterGenshinImpact_lzryyj0u_wpftmp.csproj]
E:\Program Files\better-genshin-impact-LCB\BetterGenshinImpact\GameTask\GameLoading\GameLoading.cs(59,18): warning CS0414: 字段“GameLoadingTrigger._agePromptTextMatched”已被赋值，但从未使用过它的值 [E:\Program Files\better-genshin-impact-LCB\BetterGenshinImpact\BetterGenshinImpact_lzryyj0u_wpftmp.csproj]
E:\Program Files\better-genshin-impact-LCB\BetterGenshinImpact\GameTask\GameLoading\GameLoading.cs(57,43): warning CS0414: 字段“GameLoadingTrigger.lastAgreementClickPos”已被赋值，但从未使用过它的值 [E:\Program Files\better-genshin-impact-LCB\BetterGenshinImpact\BetterGenshinImpact_lzryyj0u_wpftmp.csproj]
E:\Program Files\better-genshin-impact-LCB\BetterGenshinImpact\GameTask\AutoWood\Utils\Login3rdParty.cs(25,43): warning CS0414: 字段“Login3rdParty.lastAgreementClickPos”已被赋值，但从未使用过它的值 [E:\Program Files\better-genshin-impact-LCB\BetterGenshinImpact\BetterGenshinImpact_lzryyj0u_wpftmp.csproj]
E:\Program Files\better-genshin-impact-LCB\BetterGenshinImpact\Service\Notification\NotificationService.cs(448,18): warning CS0414: 字段“NotificationService._refreshPending”已被赋值，但从未使用过它的值 [E:\Program Files\better-genshin-impact-LCB\BetterGenshinImpact\BetterGenshinImpact_lzryyj0u_wpftmp.csproj]
E:\Program Files\better-genshin-impact-LCB\BetterGenshinImpact\Core\Config\PathingPartyTaskCycleConfig.cs(37,17): warning MVVMTK0034: The field BetterGenshinImpact.Core.Config.PathingPartyTaskCycleConfig._cycle is annotated with [ObservableProperty] and should not be directly referenced (use the generated property instead) (https://aka.ms/mvvmtoolkit/errors/mvvmtk0034) [E:\Program Files\better-genshin-impact-LCB\BetterGenshinImpact\BetterGenshinImpact_lzryyj0u_wpftmp.csproj]
E:\Program Files\better-genshin-impact-LCB\BetterGenshinImpact\Core\Config\PathingPartyTaskCycleConfig.cs(37,32): warning MVVMTK0034: The field BetterGenshinImpact.Core.Config.PathingPartyTaskCycleConfig._boundaryTime is annotated with [ObservableProperty] and should not be directly referenced (use the generated property instead) (https://aka.ms/mvvmtoolkit/errors/mvvmtk0034) [E:\Program Files\better-genshin-impact-LCB\BetterGenshinImpact\BetterGenshinImpact_lzryyj0u_wpftmp.csproj]
E:\Program Files\better-genshin-impact-LCB\BetterGenshinImpact\Core\Config\PathingPartyTaskCycleConfig.cs(37,53): warning MVVMTK0034: The field BetterGenshinImpact.Core.Config.PathingPartyTaskCycleConfig._boundaryTime is annotated with [ObservableProperty] and should not be directly referenced (use the generated property instead) (https://aka.ms/mvvmtoolkit/errors/mvvmtk0034) [E:\Program Files\better-genshin-impact-LCB\BetterGenshinImpact\BetterGenshinImpact_lzryyj0u_wpftmp.csproj]
E:\Program Files\better-genshin-impact-LCB\BetterGenshinImpact\Core\Config\PathingPartyTaskCycleConfig.cs(41,85): warning MVVMTK0034: The field BetterGenshinImpact.Core.Config.PathingPartyTaskCycleConfig._boundaryTime is annotated with [ObservableProperty] and should not be directly referenced (use the generated property instead) (https://aka.ms/mvvmtoolkit/errors/mvvmtk0034) [E:\Program Files\better-genshin-impact-LCB\BetterGenshinImpact\BetterGenshinImpact_lzryyj0u_wpftmp.csproj]
E:\Program Files\better-genshin-impact-LCB\BetterGenshinImpact\Core\Config\PathingPartyTaskCycleConfig.cs(54,47): warning MVVMTK0034: The field BetterGenshinImpact.Core.Config.PathingPartyTaskCycleConfig._cycle is annotated with [ObservableProperty] and should not be directly referenced (use the generated property instead) (https://aka.ms/mvvmtoolkit/errors/mvvmtk0034) [E:\Program Files\better-genshin-impact-LCB\BetterGenshinImpact\BetterGenshinImpact_lzryyj0u_wpftmp.csproj]
E:\Program Files\better-genshin-impact-LCB\BetterGenshinImpact\Core\Config\PathingPartyConfig.cs(109,65): warning MVVMTK0034: The field BetterGenshinImpact.Core.Config.PathingPartyConfig._onlyInTeleportRecover is annotated with [ObservableProperty] and should not be directly referenced (use the generated property instead) (https://aka.ms/mvvmtoolkit/errors/mvvmtk0034) [E:\Program Files\better-genshin-impact-LCB\BetterGenshinImpact\BetterGenshinImpact_lzryyj0u_wpftmp.csproj]
E:\Program Files\better-genshin-impact-LCB\BetterGenshinImpact\GameTask\UseRedeemCode\AutoRedeemCodeConfig.cs(44,14): warning MVVMTK0034: The field BetterGenshinImpact.GameTask.UseRedeemCode.AutoRedeemCodeConfig._usedCodesByUid is annotated with [ObservableProperty] and should not be directly referenced (use the generated property instead) (https://aka.ms/mvvmtoolkit/errors/mvvmtk0034) [E:\Program Files\better-genshin-impact-LCB\BetterGenshinImpact\BetterGenshinImpact_lzryyj0u_wpftmp.csproj]
E:\Program Files\better-genshin-impact-LCB\BetterGenshinImpact\GameTask\UseRedeemCode\AutoRedeemCodeConfig.cs(47,13): warning MVVMTK0034: The field BetterGenshinImpact.GameTask.UseRedeemCode.AutoRedeemCodeConfig._usedCodesByUid is annotated with [ObservableProperty] and should not be directly referenced (use the generated property instead) (https://aka.ms/mvvmtoolkit/errors/mvvmtk0034) [E:\Program Files\better-genshin-impact-LCB\BetterGenshinImpact\BetterGenshinImpact_lzryyj0u_wpftmp.csproj]
E:\Program Files\better-genshin-impact-LCB\BetterGenshinImpact\GameTask\UseRedeemCode\AutoRedeemCodeConfig.cs(66,38): warning MVVMTK0034: The field BetterGenshinImpact.GameTask.UseRedeemCode.AutoRedeemCodeConfig._usedCodesByUid is annotated with [ObservableProperty] and should not be directly referenced (use the generated property instead) (https://aka.ms/mvvmtoolkit/errors/mvvmtk0034) [E:\Program Files\better-genshin-impact-LCB\BetterGenshinImpact\BetterGenshinImpact_lzryyj0u_wpftmp.csproj]
E:\Program Files\better-genshin-impact-LCB\BetterGenshinImpact\GameTask\UseRedeemCode\AutoRedeemCodeConfig.cs(92,13): warning MVVMTK0034: The field BetterGenshinImpact.GameTask.UseRedeemCode.AutoRedeemCodeConfig._usedCodesByUid is annotated with [ObservableProperty] and should not be directly referenced (use the generated property instead) (https://aka.ms/mvvmtoolkit/errors/mvvmtk0034) [E:\Program Files\better-genshin-impact-LCB\BetterGenshinImpact\BetterGenshinImpact_lzryyj0u_wpftmp.csproj]
E:\Program Files\better-genshin-impact-LCB\BetterGenshinImpact\GameTask\UseRedeemCode\AutoRedeemCodeConfig.cs(105,9): warning MVVMTK0034: The field BetterGenshinImpact.GameTask.UseRedeemCode.AutoRedeemCodeConfig._lastRedeemCodeCheckDates is annotated with [ObservableProperty] and should not be directly referenced (use the generated property instead) (https://aka.ms/mvvmtoolkit/errors/mvvmtk0034) [E:\Program Files\better-genshin-impact-LCB\BetterGenshinImpact\BetterGenshinImpact_lzryyj0u_wpftmp.csproj]
E:\Program Files\better-genshin-impact-LCB\BetterGenshinImpact\Core\Config\PathingConditionConfig.cs(43,65): warning MVVMTK0034: The field BetterGenshinImpact.Core.Config.PathingConditionConfig._onlyInTeleportRecover is annotated with [ObservableProperty] and should not be directly referenced (use the generated property instead) (https://aka.ms/mvvmtoolkit/errors/mvvmtk0034) [E:\Program Files\better-genshin-impact-LCB\BetterGenshinImpact\BetterGenshinImpact_lzryyj0u_wpftmp.csproj]
E:\Program Files\better-genshin-impact-LCB\BetterGenshinImpact\GameTask\AutoHoeing\AutoHoeingConfig.cs(721,9): warning MVVMTK0034: The field BetterGenshinImpact.GameTask.AutoHoeing.AutoHoeingConfig._variantPreferences is annotated with [ObservableProperty] and should not be directly referenced (use the generated property instead) (https://aka.ms/mvvmtoolkit/errors/mvvmtk0034) [E:\Program Files\better-genshin-impact-LCB\BetterGenshinImpact\BetterGenshinImpact_lzryyj0u_wpftmp.csproj]
E:\Program Files\better-genshin-impact-LCB\BetterGenshinImpact\GameTask\AutoHoeing\AutoHoeingConfig.cs(731,13): warning MVVMTK0034: The field BetterGenshinImpact.GameTask.AutoHoeing.AutoHoeingConfig._variantPreferences is annotated with [ObservableProperty] and should not be directly referenced (use the generated property instead) (https://aka.ms/mvvmtoolkit/errors/mvvmtk0034) [E:\Program Files\better-genshin-impact-LCB\BetterGenshinImpact\BetterGenshinImpact_lzryyj0u_wpftmp.csproj]
E:\Program Files\better-genshin-impact-LCB\BetterGenshinImpact\ViewModel\Pages\View\ScriptGroupConfigViewModel.cs(109,21): warning MVVMTK0034: The field BetterGenshinImpact.ViewModel.Pages.View.ScriptGroupConfigViewModel._pathingConfig is annotated with [ObservableProperty] and should not be directly referenced (use the generated property instead) (https://aka.ms/mvvmtoolkit/errors/mvvmtk0034) [E:\Program Files\better-genshin-impact-LCB\BetterGenshinImpact\BetterGenshinImpact_lzryyj0u_wpftmp.csproj]
E:\Program Files\better-genshin-impact-LCB\BetterGenshinImpact\GameTask\AutoFight\AutoFightConfig.cs(227,13): warning MVVMTK0034: The field BetterGenshinImpact.GameTask.AutoFight.AutoFightConfig.FightFinishDetectConfig._returnToFightPointStopDistance is annotated with [ObservableProperty] and should not be directly referenced (use the generated property instead) (https://aka.ms/mvvmtoolkit/errors/mvvmtk0034) [E:\Program Files\better-genshin-impact-LCB\BetterGenshinImpact\BetterGenshinImpact_lzryyj0u_wpftmp.csproj]
E:\Program Files\better-genshin-impact-LCB\BetterGenshinImpact\GameTask\AutoFight\AutoFightConfig.cs(228,16): warning MVVMTK0034: The field BetterGenshinImpact.GameTask.AutoFight.AutoFightConfig.FightFinishDetectConfig._returnToFightPointStopDistance is annotated with [ObservableProperty] and should not be directly referenced (use the generated property instead) (https://aka.ms/mvvmtoolkit/errors/mvvmtk0034) [E:\Program Files\better-genshin-impact-LCB\BetterGenshinImpact\BetterGenshinImpact_lzryyj0u_wpftmp.csproj]
E:\Program Files\better-genshin-impact-LCB\BetterGenshinImpact\GameTask\AutoFight\AutoFightConfig.cs(229,16): warning MVVMTK0034: The field BetterGenshinImpact.GameTask.AutoFight.AutoFightConfig.FightFinishDetectConfig._returnToFightPointTriggerDistance is annotated with [ObservableProperty] and should not be directly referenced (use the generated property instead) (https://aka.ms/mvvmtoolkit/errors/mvvmtk0034) [E:\Program Files\better-genshin-impact-LCB\BetterGenshinImpact\BetterGenshinImpact_lzryyj0u_wpftmp.csproj]
E:\Program Files\better-genshin-impact-LCB\BetterGenshinImpact\GameTask\AutoFight\AutoFightConfig.cs(230,16): warning MVVMTK0034: The field BetterGenshinImpact.GameTask.AutoFight.AutoFightConfig.FightFinishDetectConfig._returnToFightPointTriggerDistance is annotated with [ObservableProperty] and should not be directly referenced (use the generated property instead) (https://aka.ms/mvvmtoolkit/errors/mvvmtk0034) [E:\Program Files\better-genshin-impact-LCB\BetterGenshinImpact\BetterGenshinImpact_lzryyj0u_wpftmp.csproj]
E:\Program Files\better-genshin-impact-LCB\BetterGenshinImpact\GameTask\Common\StateMachine\StateMachineBase.cs(68,31): warning CA2021: 类型'TState'与类型'System.Enum'不兼容，强制转换尝试将在运行时引发 InvalidCastException (https://learn.microsoft.com/dotnet/fundamentals/code-analysis/quality-rules/ca2021) [E:\Program Files\better-genshin-impact-LCB\BetterGenshinImpact\BetterGenshinImpact_lzryyj0u_wpftmp.csproj]
E:\Program Files\better-genshin-impact-LCB\BetterGenshinImpact\ViewModel\Pages\MapPathingViewModel.cs(174,23): warning MVVMTK0039: The method BetterGenshinImpact.ViewModel.Pages.MapPathingViewModel.OnOpenSettings() annotated with [RelayCommand] is async void (make sure to return a Task type instead) (https://aka.ms/mvvmtoolkit/errors/mvvmtk0039) [E:\Program Files\better-genshin-impact-LCB\BetterGenshinImpact\BetterGenshinImpact_lzryyj0u_wpftmp.csproj]
E:\Program Files\better-genshin-impact-LCB\BetterGenshinImpact\ViewModel\Pages\OneDragonFlowViewModel.cs(143,35): warning MVVMTK0034: The field BetterGenshinImpact.ViewModel.Pages.OneDragonFlowViewModel._scriptGroupsdefault is annotated with [ObservableProperty] and should not be directly referenced (use the generated property instead) (https://aka.ms/mvvmtoolkit/errors/mvvmtk0034) [E:\Program Files\better-genshin-impact-LCB\BetterGenshinImpact\BetterGenshinImpact_lzryyj0u_wpftmp.csproj]
CSC : warning CS9057: 分析器程序集“C:\Users\Administrator\.nuget\packages\wpf-ui.violeta\4.3.0.3\analyzers\dotnet\cs\Wpf.Ui.DependencyPropertyGenerator.dll”引用了编译器的版本“4.14.0.0”，该版本高于当前正在运行的版本“4.11.0.0”。 [E:\Program Files\better-genshin-impact-LCB\BetterGenshinImpact\BetterGenshinImpact.csproj]
E:\Program Files\better-genshin-impact-LCB\BetterGenshinImpact\Core\Config\PathingPartyConfig.cs(11,7): warning CS0105: “CommunityToolkit.Mvvm.ComponentModel”的 using 指令以前在此命名空间中出现过 [E:\Program Files\better-genshin-impact-LCB\BetterGenshinImpact\BetterGenshinImpact.csproj]
E:\Program Files\better-genshin-impact-LCB\BetterGenshinImpact\Core\Config\PathingPartyConfig.cs(12,7): warning CS0105: “System”的 using 指令以前在此命名空间中出现过 [E:\Program Files\better-genshin-impact-LCB\BetterGenshinImpact\BetterGenshinImpact.csproj]
E:\Program Files\better-genshin-impact-LCB\BetterGenshinImpact\Core\Config\PathingPartyConfig.cs(14,7): warning CS0105: “System.Text.Json.Serialization”的 using 指令以前在此命名空间中出现过 [E:\Program Files\better-genshin-impact-LCB\BetterGenshinImpact\BetterGenshinImpact.csproj]
E:\Program Files\better-genshin-impact-LCB\BetterGenshinImpact\Core\Script\Dependence\Dispatcher.cs(36,7): warning CS0105: “Microsoft.Extensions.Logging”的 using 指令以前在此命名空间中出现过 [E:\Program Files\better-genshin-impact-LCB\BetterGenshinImpact\BetterGenshinImpact.csproj]
E:\Program Files\better-genshin-impact-LCB\BetterGenshinImpact\Core\Script\Dependence\Dispatcher.cs(37,7): warning CS0105: “System”的 using 指令以前在此命名空间中出现过 [E:\Program Files\better-genshin-impact-LCB\BetterGenshinImpact\BetterGenshinImpact.csproj]
E:\Program Files\better-genshin-impact-LCB\BetterGenshinImpact\Core\Script\Dependence\Dispatcher.cs(38,7): warning CS0105: “System.Collections.Generic”的 using 指令以前在此命名空间中出现过 [E:\Program Files\better-genshin-impact-LCB\BetterGenshinImpact\BetterGenshinImpact.csproj]
E:\Program Files\better-genshin-impact-LCB\BetterGenshinImpact\Core\Script\Dependence\Dispatcher.cs(40,7): warning CS0105: “System.Linq”的 using 指令以前在此命名空间中出现过 [E:\Program Files\better-genshin-impact-LCB\BetterGenshinImpact\BetterGenshinImpact.csproj]
E:\Program Files\better-genshin-impact-LCB\BetterGenshinImpact\Core\Script\Dependence\Dispatcher.cs(41,7): warning CS0105: “System.Threading”的 using 指令以前在此命名空间中出现过 [E:\Program Files\better-genshin-impact-LCB\BetterGenshinImpact\BetterGenshinImpact.csproj]
E:\Program Files\better-genshin-impact-LCB\BetterGenshinImpact\Core\Script\Dependence\Dispatcher.cs(42,7): warning CS0105: “System.Threading.Tasks”的 using 指令以前在此命名空间中出现过 [E:\Program Files\better-genshin-impact-LCB\BetterGenshinImpact\BetterGenshinImpact.csproj]
E:\Program Files\better-genshin-impact-LCB\BetterGenshinImpact\Core\Script\Dependence\Dispatcher.cs(52,7): warning CS0105: “BetterGenshinImpact.GameTask.Common.Job”的 using 指令以前在此命名空间中出现过 [E:\Program Files\better-genshin-impact-LCB\BetterGenshinImpact\BetterGenshinImpact.csproj]
E:\Program Files\better-genshin-impact-LCB\BetterGenshinImpact\Core\Script\Dependence\Dispatcher.cs(56,7): warning CS0105: “BetterGenshinImpact.GameTask.Common”的 using 指令以前在此命名空间中出现过 [E:\Program Files\better-genshin-impact-LCB\BetterGenshinImpact\BetterGenshinImpact.csproj]
E:\Program Files\better-genshin-impact-LCB\BetterGenshinImpact\GameTask\AutoDomain\AutoDomainTask.cs(46,7): warning CS0105: “BetterGenshinImpact.Core.Config”的 using 指令以前在此命名空间中出现过 [E:\Program Files\better-genshin-impact-LCB\BetterGenshinImpact\BetterGenshinImpact.csproj]
E:\Program Files\better-genshin-impact-LCB\BetterGenshinImpact\GameTask\AutoDomain\AutoDomainTask.cs(52,7): warning CS0105: “BetterGenshinImpact.Core.Config”的 using 指令以前在此命名空间中出现过 [E:\Program Files\better-genshin-impact-LCB\BetterGenshinImpact\BetterGenshinImpact.csproj]
E:\Program Files\better-genshin-impact-LCB\BetterGenshinImpact\GameTask\AutoDomain\AutoDomainTask.cs(53,7): warning CS0105: “BetterGenshinImpact.Core.Recognition.OCR”的 using 指令以前在此命名空间中出现过 [E:\Program Files\better-genshin-impact-LCB\BetterGenshinImpact\BetterGenshinImpact.csproj]
E:\Program Files\better-genshin-impact-LCB\BetterGenshinImpact\GameTask\AutoDomain\AutoDomainTask.cs(54,7): warning CS0105: “BetterGenshinImpact.Core.Recognition.ONNX”的 using 指令以前在此命名空间中出现过 [E:\Program Files\better-genshin-impact-LCB\BetterGenshinImpact\BetterGenshinImpact.csproj]
E:\Program Files\better-genshin-impact-LCB\BetterGenshinImpact\GameTask\AutoDomain\AutoDomainTask.cs(55,7): warning CS0105: “BetterGenshinImpact.Core.Simulator”的 using 指令以前在此命名空间中出现过 [E:\Program Files\better-genshin-impact-LCB\BetterGenshinImpact\BetterGenshinImpact.csproj]
E:\Program Files\better-genshin-impact-LCB\BetterGenshinImpact\GameTask\AutoDomain\AutoDomainTask.cs(56,7): warning CS0105: “BetterGenshinImpact.Core.Simulator.Extensions”的 using 指令以前在此命名空间中出现过 [E:\Program Files\better-genshin-impact-LCB\BetterGenshinImpact\BetterGenshinImpact.csproj]
E:\Program Files\better-genshin-impact-LCB\BetterGenshinImpact\GameTask\AutoDomain\AutoDomainTask.cs(57,7): warning CS0105: “BetterGenshinImpact.GameTask.AutoFight.Assets”的 using 指令以前在此命名空间中出现过 [E:\Program Files\better-genshin-impact-LCB\BetterGenshinImpact\BetterGenshinImpact.csproj]
E:\Program Files\better-genshin-impact-LCB\BetterGenshinImpact\GameTask\AutoDomain\AutoDomainTask.cs(58,7): warning CS0105: “BetterGenshinImpact.GameTask.AutoFight.Model”的 using 指令以前在此命名空间中出现过 [E:\Program Files\better-genshin-impact-LCB\BetterGenshinImpact\BetterGenshinImpact.csproj]
E:\Program Files\better-genshin-impact-LCB\BetterGenshinImpact\GameTask\AutoDomain\AutoDomainTask.cs(59,7): warning CS0105: “BetterGenshinImpact.GameTask.AutoFight.Script”的 using 指令以前在此命名空间中出现过 [E:\Program Files\better-genshin-impact-LCB\BetterGenshinImpact\BetterGenshinImpact.csproj]
E:\Program Files\better-genshin-impact-LCB\BetterGenshinImpact\GameTask\AutoDomain\AutoDomainTask.cs(60,7): warning CS0105: “BetterGenshinImpact.GameTask.AutoGeniusInvokation.Exception”的 using 指令以前在此命名空间中出现过 [E:\Program Files\better-genshin-impact-LCB\BetterGenshinImpact\BetterGenshinImpact.csproj]
E:\Program Files\better-genshin-impact-LCB\BetterGenshinImpact\GameTask\AutoDomain\AutoDomainTask.cs(61,7): warning CS0105: “BetterGenshinImpact.GameTask.AutoPick.Assets”的 using 指令以前在此命名空间中出现过 [E:\Program Files\better-genshin-impact-LCB\BetterGenshinImpact\BetterGenshinImpact.csproj]
E:\Program Files\better-genshin-impact-LCB\BetterGenshinImpact\GameTask\AutoDomain\AutoDomainTask.cs(62,7): warning CS0105: “BetterGenshinImpact.GameTask.Common.Map”的 using 指令以前在此命名空间中出现过 [E:\Program Files\better-genshin-impact-LCB\BetterGenshinImpact\BetterGenshinImpact.csproj]
E:\Program Files\better-genshin-impact-LCB\BetterGenshinImpact\GameTask\AutoDomain\AutoDomainTask.cs(63,7): warning CS0105: “BetterGenshinImpact.GameTask.Model.Area”的 using 指令以前在此命名空间中出现过 [E:\Program Files\better-genshin-impact-LCB\BetterGenshinImpact\BetterGenshinImpact.csproj]
E:\Program Files\better-genshin-impact-LCB\BetterGenshinImpact\GameTask\AutoDomain\AutoDomainTask.cs(64,7): warning CS0105: “BetterGenshinImpact.Helpers”的 using 指令以前在此命名空间中出现过 [E:\Program Files\better-genshin-impact-LCB\BetterGenshinImpact\BetterGenshinImpact.csproj]
E:\Program Files\better-genshin-impact-LCB\BetterGenshinImpact\GameTask\AutoDomain\AutoDomainTask.cs(65,7): warning CS0105: “BetterGenshinImpact.Service.Notification”的 using 指令以前在此命名空间中出现过 [E:\Program Files\better-genshin-impact-LCB\BetterGenshinImpact\BetterGenshinImpact.csproj]
E:\Program Files\better-genshin-impact-LCB\BetterGenshinImpact\GameTask\AutoDomain\AutoDomainTask.cs(66,7): warning CS0105: “BetterGenshinImpact.View.Drawable”的 using 指令以前在此命名空间中出现过 [E:\Program Files\better-genshin-impact-LCB\BetterGenshinImpact\BetterGenshinImpact.csproj]
E:\Program Files\better-genshin-impact-LCB\BetterGenshinImpact\GameTask\AutoDomain\AutoDomainTask.cs(67,7): warning CS0105: “Microsoft.Extensions.Logging”的 using 指令以前在此命名空间中出现过 [E:\Program Files\better-genshin-impact-LCB\BetterGenshinImpact\BetterGenshinImpact.csproj]
E:\Program Files\better-genshin-impact-LCB\BetterGenshinImpact\GameTask\AutoDomain\AutoDomainTask.cs(68,7): warning CS0105: “OpenCvSharp”的 using 指令以前在此命名空间中出现过 [E:\Program Files\better-genshin-impact-LCB\BetterGenshinImpact\BetterGenshinImpact.csproj]
E:\Program Files\better-genshin-impact-LCB\BetterGenshinImpact\GameTask\AutoDomain\AutoDomainTask.cs(69,7): warning CS0105: “System”的 using 指令以前在此命名空间中出现过 [E:\Program Files\better-genshin-impact-LCB\BetterGenshinImpact\BetterGenshinImpact.csproj]
E:\Program Files\better-genshin-impact-LCB\BetterGenshinImpact\GameTask\AutoDomain\AutoDomainTask.cs(70,7): warning CS0105: “System.Collections.Generic”的 using 指令以前在此命名空间中出现过 [E:\Program Files\better-genshin-impact-LCB\BetterGenshinImpact\BetterGenshinImpact.csproj]
E:\Program Files\better-genshin-impact-LCB\BetterGenshinImpact\GameTask\AutoDomain\AutoDomainTask.cs(71,7): warning CS0105: “System.Diagnostics”的 using 指令以前在此命名空间中出现过 [E:\Program Files\better-genshin-impact-LCB\BetterGenshinImpact\BetterGenshinImpact.csproj]
E:\Program Files\better-genshin-impact-LCB\BetterGenshinImpact\GameTask\AutoDomain\AutoDomainTask.cs(72,7): warning CS0105: “System.Linq”的 using 指令以前在此命名空间中出现过 [E:\Program Files\better-genshin-impact-LCB\BetterGenshinImpact\BetterGenshinImpact.csproj]
E:\Program Files\better-genshin-impact-LCB\BetterGenshinImpact\GameTask\AutoDomain\AutoDomainTask.cs(73,7): warning CS0105: “System.Threading”的 using 指令以前在此命名空间中出现过 [E:\Program Files\better-genshin-impact-LCB\BetterGenshinImpact\BetterGenshinImpact.csproj]
E:\Program Files\better-genshin-impact-LCB\BetterGenshinImpact\GameTask\AutoDomain\AutoDomainTask.cs(74,7): warning CS0105: “System.Threading.Tasks”的 using 指令以前在此命名空间中出现过 [E:\Program Files\better-genshin-impact-LCB\BetterGenshinImpact\BetterGenshinImpact.csproj]
E:\Program Files\better-genshin-impact-LCB\BetterGenshinImpact\GameTask\AutoDomain\AutoDomainTask.cs(75,7): warning CS0105: “BetterGenshinImpact.Core.Recognition”的 using 指令以前在此命名空间中出现过 [E:\Program Files\better-genshin-impact-LCB\BetterGenshinImpact\BetterGenshinImpact.csproj]
E:\Program Files\better-genshin-impact-LCB\BetterGenshinImpact\GameTask\AutoDomain\AutoDomainTask.cs(76,7): warning CS0105: “BetterGenshinImpact.GameTask.AutoTrackPath”的 using 指令以前在此命名空间中出现过 [E:\Program Files\better-genshin-impact-LCB\BetterGenshinImpact\BetterGenshinImpact.csproj]
E:\Program Files\better-genshin-impact-LCB\BetterGenshinImpact\GameTask\AutoDomain\AutoDomainTask.cs(77,7): warning CS0105: “BetterGenshinImpact.GameTask.Common.BgiVision”的 using 指令以前在此命名空间中出现过 [E:\Program Files\better-genshin-impact-LCB\BetterGenshinImpact\BetterGenshinImpact.csproj]
E:\Program Files\better-genshin-impact-LCB\BetterGenshinImpact\GameTask\AutoDomain\AutoDomainTask.cs(78,7): warning CS0105: “BetterGenshinImpact.GameTask.Common.Element.Assets”的 using 指令以前在此命名空间中出现过 [E:\Program Files\better-genshin-impact-LCB\BetterGenshinImpact\BetterGenshinImpact.csproj]
E:\Program Files\better-genshin-impact-LCB\BetterGenshinImpact\GameTask\AutoDomain\AutoDomainTask.cs(79,7): warning CS0105: “BetterGenshinImpact.GameTask.Common.Job”的 using 指令以前在此命名空间中出现过 [E:\Program Files\better-genshin-impact-LCB\BetterGenshinImpact\BetterGenshinImpact.csproj]
E:\Program Files\better-genshin-impact-LCB\BetterGenshinImpact\GameTask\AutoDomain\AutoDomainTask.cs(80,7): warning CS0105: “BetterGenshinImpact.Service.Notification.Model.Enum”的 using 指令以前在此命名空间中出现过 [E:\Program Files\better-genshin-impact-LCB\BetterGenshinImpact\BetterGenshinImpact.csproj]
E:\Program Files\better-genshin-impact-LCB\BetterGenshinImpact\GameTask\AutoDomain\AutoDomainTask.cs(81,14): warning CS0105: “TaskControl”的 using 指令以前在此命名空间中出现过 [E:\Program Files\better-genshin-impact-LCB\BetterGenshinImpact\BetterGenshinImpact.csproj]
E:\Program Files\better-genshin-impact-LCB\BetterGenshinImpact\GameTask\AutoDomain\AutoDomainTask.cs(82,14): warning CS0105: “Kernel32”的 using 指令以前在此命名空间中出现过 [E:\Program Files\better-genshin-impact-LCB\BetterGenshinImpact\BetterGenshinImpact.csproj]
E:\Program Files\better-genshin-impact-LCB\BetterGenshinImpact\GameTask\AutoDomain\AutoDomainTask.cs(83,14): warning CS0105: “User32”的 using 指令以前在此命名空间中出现过 [E:\Program Files\better-genshin-impact-LCB\BetterGenshinImpact\BetterGenshinImpact.csproj]
E:\Program Files\better-genshin-impact-LCB\BetterGenshinImpact\GameTask\AutoDomain\AutoDomainTask.cs(84,7): warning CS0105: “Microsoft.Extensions.Localization”的 using 指令以前在此命名空间中出现过 [E:\Program Files\better-genshin-impact-LCB\BetterGenshinImpact\BetterGenshinImpact.csproj]
E:\Program Files\better-genshin-impact-LCB\BetterGenshinImpact\GameTask\AutoDomain\AutoDomainTask.cs(85,7): warning CS0105: “System.Globalization”的 using 指令以前在此命名空间中出现过 [E:\Program Files\better-genshin-impact-LCB\BetterGenshinImpact\BetterGenshinImpact.csproj]
E:\Program Files\better-genshin-impact-LCB\BetterGenshinImpact\GameTask\AutoDomain\AutoDomainTask.cs(86,7): warning CS0105: “System.Text.RegularExpressions”的 using 指令以前在此命名空间中出现过 [E:\Program Files\better-genshin-impact-LCB\BetterGenshinImpact\BetterGenshinImpact.csproj]
E:\Program Files\better-genshin-impact-LCB\BetterGenshinImpact\GameTask\AutoDomain\AutoDomainTask.cs(87,7): warning CS0105: “BetterGenshinImpact.GameTask.AutoArtifactSalvage”的 using 指令以前在此命名空间中出现过 [E:\Program Files\better-genshin-impact-LCB\BetterGenshinImpact\BetterGenshinImpact.csproj]
E:\Program Files\better-genshin-impact-LCB\BetterGenshinImpact\GameTask\AutoDomain\AutoDomainTask.cs(88,7): warning CS0105: “System.Collections.ObjectModel”的 using 指令以前在此命名空间中出现过 [E:\Program Files\better-genshin-impact-LCB\BetterGenshinImpact\BetterGenshinImpact.csproj]
E:\Program Files\better-genshin-impact-LCB\BetterGenshinImpact\GameTask\AutoDomain\AutoDomainTask.cs(89,7): warning CS0105: “BetterGenshinImpact.Core.Script.Dependence”的 using 指令以前在此命名空间中出现过 [E:\Program Files\better-genshin-impact-LCB\BetterGenshinImpact\BetterGenshinImpact.csproj]
E:\Program Files\better-genshin-impact-LCB\BetterGenshinImpact\GameTask\AutoDomain\AutoDomainTask.cs(90,7): warning CS0105: “BetterGenshinImpact.GameTask.AutoDomain.Model”的 using 指令以前在此命名空间中出现过 [E:\Program Files\better-genshin-impact-LCB\BetterGenshinImpact\BetterGenshinImpact.csproj]
E:\Program Files\better-genshin-impact-LCB\BetterGenshinImpact\GameTask\AutoDomain\AutoDomainTask.cs(91,7): warning CS0105: “BetterGenshinImpact.GameTask.Common”的 using 指令以前在此命名空间中出现过 [E:\Program Files\better-genshin-impact-LCB\BetterGenshinImpact\BetterGenshinImpact.csproj]
E:\Program Files\better-genshin-impact-LCB\BetterGenshinImpact\GameTask\AutoDomain\AutoDomainTask.cs(93,7): warning CS0105: “Compunet.YoloSharp”的 using 指令以前在此命名空间中出现过 [E:\Program Files\better-genshin-impact-LCB\BetterGenshinImpact\BetterGenshinImpact.csproj]
E:\Program Files\better-genshin-impact-LCB\BetterGenshinImpact\GameTask\AutoDomain\AutoDomainTask.cs(94,7): warning CS0105: “Microsoft.Extensions.DependencyInjection”的 using 指令以前在此命名空间中出现过 [E:\Program Files\better-genshin-impact-LCB\BetterGenshinImpact\BetterGenshinImpact.csproj]
E:\Program Files\better-genshin-impact-LCB\BetterGenshinImpact\GameTask\AutoDomain\AutoDomainTask.cs(95,7): warning CS0105: “BetterGenshinImpact.GameTask.AutoFight”的 using 指令以前在此命名空间中出现过 [E:\Program Files\better-genshin-impact-LCB\BetterGenshinImpact\BetterGenshinImpact.csproj]
E:\Program Files\better-genshin-impact-LCB\BetterGenshinImpact\GameTask\AutoFightOfficial\AutoFightSeek.cs(17,8): warning CS0105: “OpenCvSharp”的 using 指令以前在此命名空间中出现过 [E:\Program Files\better-genshin-impact-LCB\BetterGenshinImpact\BetterGenshinImpact.csproj]
E:\Program Files\better-genshin-impact-LCB\BetterGenshinImpact\GameTask\AutoFightOfficial\Model\CombatScenes.cs(27,7): warning CS0105: “BetterGenshinImpact.Core.Recognition”的 using 指令以前在此命名空间中出现过 [E:\Program Files\better-genshin-impact-LCB\BetterGenshinImpact\BetterGenshinImpact.csproj]
E:\Program Files\better-genshin-impact-LCB\BetterGenshinImpact\GameTask\AutoFight\AutoFightParam.cs(3,7): warning CS0105: “BetterGenshinImpact.GameTask.Model”的 using 指令以前在此命名空间中出现过 [E:\Program Files\better-genshin-impact-LCB\BetterGenshinImpact\BetterGenshinImpact.csproj]
E:\Program Files\better-genshin-impact-LCB\BetterGenshinImpact\GameTask\AutoFight\AutoFightSeek.cs(25,7): warning CS0105: “Microsoft.Extensions.Logging”的 using 指令以前在此命名空间中出现过 [E:\Program Files\better-genshin-impact-LCB\BetterGenshinImpact\BetterGenshinImpact.csproj]
E:\Program Files\better-genshin-impact-LCB\BetterGenshinImpact\GameTask\AutoFight\AutoFightSeek.cs(26,7): warning CS0105: “OpenCvSharp”的 using 指令以前在此命名空间中出现过 [E:\Program Files\better-genshin-impact-LCB\BetterGenshinImpact\BetterGenshinImpact.csproj]
E:\Program Files\better-genshin-impact-LCB\BetterGenshinImpact\GameTask\AutoFight\AutoFightSeek.cs(27,7): warning CS0105: “System”的 using 指令以前在此命名空间中出现过 [E:\Program Files\better-genshin-impact-LCB\BetterGenshinImpact\BetterGenshinImpact.csproj]
E:\Program Files\better-genshin-impact-LCB\BetterGenshinImpact\GameTask\AutoFight\AutoFightSeek.cs(28,7): warning CS0105: “System.Collections.Generic”的 using 指令以前在此命名空间中出现过 [E:\Program Files\better-genshin-impact-LCB\BetterGenshinImpact\BetterGenshinImpact.csproj]
E:\Program Files\better-genshin-impact-LCB\BetterGenshinImpact\GameTask\AutoFight\AutoFightSeek.cs(32,7): warning CS0105: “System.Linq”的 using 指令以前在此命名空间中出现过 [E:\Program Files\better-genshin-impact-LCB\BetterGenshinImpact\BetterGenshinImpact.csproj]
E:\Program Files\better-genshin-impact-LCB\BetterGenshinImpact\GameTask\AutoFight\AutoFightSeek.cs(33,7): warning CS0105: “System.Threading”的 using 指令以前在此命名空间中出现过 [E:\Program Files\better-genshin-impact-LCB\BetterGenshinImpact\BetterGenshinImpact.csproj]
E:\Program Files\better-genshin-impact-LCB\BetterGenshinImpact\GameTask\AutoFight\AutoFightSeek.cs(34,7): warning CS0105: “System.Threading.Tasks”的 using 指令以前在此命名空间中出现过 [E:\Program Files\better-genshin-impact-LCB\BetterGenshinImpact\BetterGenshinImpact.csproj]
E:\Program Files\better-genshin-impact-LCB\BetterGenshinImpact\GameTask\AutoFight\AutoFightSeek.cs(37,7): warning CS0105: “BetterGenshinImpact.Core.Recognition.OpenCv”的 using 指令以前在此命名空间中出现过 [E:\Program Files\better-genshin-impact-LCB\BetterGenshinImpact\BetterGenshinImpact.csproj]
E:\Program Files\better-genshin-impact-LCB\BetterGenshinImpact\GameTask\AutoFight\AutoFightSeek.cs(38,7): warning CS0105: “BetterGenshinImpact.Core.Script.Dependence”的 using 指令以前在此命名空间中出现过 [E:\Program Files\better-genshin-impact-LCB\BetterGenshinImpact\BetterGenshinImpact.csproj]
E:\Program Files\better-genshin-impact-LCB\BetterGenshinImpact\GameTask\AutoFight\AutoFightSeek.cs(39,7): warning CS0105: “BetterGenshinImpact.Core.Simulator”的 using 指令以前在此命名空间中出现过 [E:\Program Files\better-genshin-impact-LCB\BetterGenshinImpact\BetterGenshinImpact.csproj]
E:\Program Files\better-genshin-impact-LCB\BetterGenshinImpact\GameTask\AutoFight\AutoFightSeek.cs(40,7): warning CS0105: “BetterGenshinImpact.Core.Simulator.Extensions”的 using 指令以前在此命名空间中出现过 [E:\Program Files\better-genshin-impact-LCB\BetterGenshinImpact\BetterGenshinImpact.csproj]
E:\Program Files\better-genshin-impact-LCB\BetterGenshinImpact\GameTask\AutoFight\AutoFightSeek.cs(42,7): warning CS0105: “BetterGenshinImpact.GameTask.Model.Area”的 using 指令以前在此命名空间中出现过 [E:\Program Files\better-genshin-impact-LCB\BetterGenshinImpact\BetterGenshinImpact.csproj]
E:\Program Files\better-genshin-impact-LCB\BetterGenshinImpact\GameTask\AutoFight\AutoFightSeek.cs(44,7): warning CS0105: “Microsoft.Extensions.Logging”的 using 指令以前在此命名空间中出现过 [E:\Program Files\better-genshin-impact-LCB\BetterGenshinImpact\BetterGenshinImpact.csproj]
E:\Program Files\better-genshin-impact-LCB\BetterGenshinImpact\GameTask\AutoFight\AutoFightSeek.cs(45,7): warning CS0105: “OpenCvSharp”的 using 指令以前在此命名空间中出现过 [E:\Program Files\better-genshin-impact-LCB\BetterGenshinImpact\BetterGenshinImpact.csproj]
E:\Program Files\better-genshin-impact-LCB\BetterGenshinImpact\GameTask\AutoFight\AutoFightSeek.cs(46,7): warning CS0105: “System”的 using 指令以前在此命名空间中出现过 [E:\Program Files\better-genshin-impact-LCB\BetterGenshinImpact\BetterGenshinImpact.csproj]
E:\Program Files\better-genshin-impact-LCB\BetterGenshinImpact\GameTask\AutoFight\AutoFightSeek.cs(47,7): warning CS0105: “System.Linq”的 using 指令以前在此命名空间中出现过 [E:\Program Files\better-genshin-impact-LCB\BetterGenshinImpact\BetterGenshinImpact.csproj]
E:\Program Files\better-genshin-impact-LCB\BetterGenshinImpact\GameTask\AutoFight\AutoFightSeek.cs(48,7): warning CS0105: “System.Threading”的 using 指令以前在此命名空间中出现过 [E:\Program Files\better-genshin-impact-LCB\BetterGenshinImpact\BetterGenshinImpact.csproj]
E:\Program Files\better-genshin-impact-LCB\BetterGenshinImpact\GameTask\AutoFight\AutoFightSeek.cs(49,7): warning CS0105: “System.Threading.Tasks”的 using 指令以前在此命名空间中出现过 [E:\Program Files\better-genshin-impact-LCB\BetterGenshinImpact\BetterGenshinImpact.csproj]
E:\Program Files\better-genshin-impact-LCB\BetterGenshinImpact\GameTask\AutoFight\AutoFightSeek.cs(52,7): warning CS0105: “BetterGenshinImpact.GameTask.Common.BgiVision”的 using 指令以前在此命名空间中出现过 [E:\Program Files\better-genshin-impact-LCB\BetterGenshinImpact\BetterGenshinImpact.csproj]
E:\Program Files\better-genshin-impact-LCB\BetterGenshinImpact\GameTask\AutoFight\AutoFightSeek.cs(54,14): warning CS0105: “TaskControl”的 using 指令以前在此命名空间中出现过 [E:\Program Files\better-genshin-impact-LCB\BetterGenshinImpact\BetterGenshinImpact.csproj]
E:\Program Files\better-genshin-impact-LCB\BetterGenshinImpact\GameTask\AutoFight\AutoFightSeek.cs(56,7): warning CS0105: “BetterGenshinImpact.GameTask.AutoFight.Assets”的 using 指令以前在此命名空间中出现过 [E:\Program Files\better-genshin-impact-LCB\BetterGenshinImpact\BetterGenshinImpact.csproj]
E:\Program Files\better-genshin-impact-LCB\BetterGenshinImpact\GameTask\AutoFight\Config\DefaultAutoFightConfig.cs(7,7): warning CS0105: “System”的 using 指令以前在此命名空间中出现过 [E:\Program Files\better-genshin-impact-LCB\BetterGenshinImpact\BetterGenshinImpact.csproj]
E:\Program Files\better-genshin-impact-LCB\BetterGenshinImpact\GameTask\AutoFight\Config\DefaultAutoFightConfig.cs(15,7): warning CS0105: “System.Linq”的 using 指令以前在此命名空间中出现过 [E:\Program Files\better-genshin-impact-LCB\BetterGenshinImpact\BetterGenshinImpact.csproj]
E:\Program Files\better-genshin-impact-LCB\BetterGenshinImpact\GameTask\AutoFight\Config\DefaultAutoFightConfig.cs(16,7): warning CS0105: “System.Collections.Generic”的 using 指令以前在此命名空间中出现过 [E:\Program Files\better-genshin-impact-LCB\BetterGenshinImpact\BetterGenshinImpact.csproj]
E:\Program Files\better-genshin-impact-LCB\BetterGenshinImpact\GameTask\AutoFight\Model\CombatScenes.cs(27,7): warning CS0105: “BetterGenshinImpact.Core.Config”的 using 指令以前在此命名空间中出现过 [E:\Program Files\better-genshin-impact-LCB\BetterGenshinImpact\BetterGenshinImpact.csproj]
E:\Program Files\better-genshin-impact-LCB\BetterGenshinImpact\GameTask\AutoFight\Model\CombatScenes.cs(28,7): warning CS0105: “BetterGenshinImpact.Core.Simulator”的 using 指令以前在此命名空间中出现过 [E:\Program Files\better-genshin-impact-LCB\BetterGenshinImpact\BetterGenshinImpact.csproj]
E:\Program Files\better-genshin-impact-LCB\BetterGenshinImpact\GameTask\AutoFight\Model\CombatScenes.cs(29,7): warning CS0105: “BetterGenshinImpact.GameTask.Common.Element.Assets”的 using 指令以前在此命名空间中出现过 [E:\Program Files\better-genshin-impact-LCB\BetterGenshinImpact\BetterGenshinImpact.csproj]
E:\Program Files\better-genshin-impact-LCB\BetterGenshinImpact\GameTask\AutoFight\Model\CombatScenes.cs(30,7): warning CS0105: “Compunet.YoloSharp”的 using 指令以前在此命名空间中出现过 [E:\Program Files\better-genshin-impact-LCB\BetterGenshinImpact\BetterGenshinImpact.csproj]
E:\Program Files\better-genshin-impact-LCB\BetterGenshinImpact\GameTask\AutoFight\Model\CombatScenes.cs(31,7): warning CS0105: “Compunet.YoloSharp.Data”的 using 指令以前在此命名空间中出现过 [E:\Program Files\better-genshin-impact-LCB\BetterGenshinImpact\BetterGenshinImpact.csproj]
E:\Program Files\better-genshin-impact-LCB\BetterGenshinImpact\GameTask\AutoFight\Model\CombatScenes.cs(32,7): warning CS0105: “SixLabors.ImageSharp”的 using 指令以前在此命名空间中出现过 [E:\Program Files\better-genshin-impact-LCB\BetterGenshinImpact\BetterGenshinImpact.csproj]
E:\Program Files\better-genshin-impact-LCB\BetterGenshinImpact\GameTask\AutoFight\Model\CombatScenes.cs(33,7): warning CS0105: “SixLabors.ImageSharp.PixelFormats”的 using 指令以前在此命名空间中出现过 [E:\Program Files\better-genshin-impact-LCB\BetterGenshinImpact\BetterGenshinImpact.csproj]
E:\Program Files\better-genshin-impact-LCB\BetterGenshinImpact\GameTask\AutoFight\Model\CombatScenes.cs(35,7): warning CS0105: “Microsoft.Extensions.DependencyInjection”的 using 指令以前在此命名空间中出现过 [E:\Program Files\better-genshin-impact-LCB\BetterGenshinImpact\BetterGenshinImpact.csproj]
E:\Program Files\better-genshin-impact-LCB\BetterGenshinImpact\GameTask\AutoFight\Model\CombatScenes.cs(36,7): warning CS0105: “BetterGenshinImpact.GameTask.AutoFight.Config”的 using 指令以前在此命名空间中出现过 [E:\Program Files\better-genshin-impact-LCB\BetterGenshinImpact\BetterGenshinImpact.csproj]
E:\Program Files\better-genshin-impact-LCB\BetterGenshinImpact\GameTask\AutoFight\Model\CombatScenes.cs(37,7): warning CS0105: “BetterGenshinImpact.Core.Config”的 using 指令以前在此命名空间中出现过 [E:\Program Files\better-genshin-impact-LCB\BetterGenshinImpact\BetterGenshinImpact.csproj]
E:\Program Files\better-genshin-impact-LCB\BetterGenshinImpact\GameTask\AutoFight\Model\CombatScenes.cs(39,7): warning CS0105: “OpenCvSharp”的 using 指令以前在此命名空间中出现过 [E:\Program Files\better-genshin-impact-LCB\BetterGenshinImpact\BetterGenshinImpact.csproj]
E:\Program Files\better-genshin-impact-LCB\BetterGenshinImpact\GameTask\AutoFight\Model\CombatScenes.cs(42,7): warning CS0105: “BetterGenshinImpact.GameTask.Model.Area”的 using 指令以前在此命名空间中出现过 [E:\Program Files\better-genshin-impact-LCB\BetterGenshinImpact\BetterGenshinImpact.csproj]
E:\Program Files\better-genshin-impact-LCB\BetterGenshinImpact\GameTask\AutoFight\Model\CombatScenes.cs(43,7): warning CS0105: “BetterGenshinImpact.Core.Recognition”的 using 指令以前在此命名空间中出现过 [E:\Program Files\better-genshin-impact-LCB\BetterGenshinImpact\BetterGenshinImpact.csproj]
E:\Program Files\better-genshin-impact-LCB\BetterGenshinImpact\GameTask\AutoFight\Script\CombatCommand.cs(11,7): warning CS0105: “Vanara.PInvoke”的 using 指令以前在此命名空间中出现过 [E:\Program Files\better-genshin-impact-LCB\BetterGenshinImpact\BetterGenshinImpact.csproj]
E:\Program Files\better-genshin-impact-LCB\BetterGenshinImpact\GameTask\AutoPathing\PathExecutor.cs(46,7): warning CS0105: “BetterGenshinImpact.GameTask.Common.Job”的 using 指令以前在此命名空间中出现过 [E:\Program Files\better-genshin-impact-LCB\BetterGenshinImpact\BetterGenshinImpact.csproj]
E:\Program Files\better-genshin-impact-LCB\BetterGenshinImpact\GameTask\AutoTrackPath\TpTaskFastDrag.cs(38,7): warning CS0105: “System”的 using 指令以前在此命名空间中出现过 [E:\Program Files\better-genshin-impact-LCB\BetterGenshinImpact\BetterGenshinImpact.csproj]
E:\Program Files\better-genshin-impact-LCB\BetterGenshinImpact\GameTask\AutoWood\AutoWoodConfig.cs(13,7): warning CS0105: “System”的 using 指令以前在此命名空间中出现过 [E:\Program Files\better-genshin-impact-LCB\BetterGenshinImpact\BetterGenshinImpact.csproj]
E:\Program Files\better-genshin-impact-LCB\BetterGenshinImpact\GameTask\AutoWood\AutoWoodConfig.cs(28,7): warning CS0105: “BetterGenshinImpact.GameTask.Model.Area”的 using 指令以前在此命名空间中出现过 [E:\Program Files\better-genshin-impact-LCB\BetterGenshinImpact\BetterGenshinImpact.csproj]
E:\Program Files\better-genshin-impact-LCB\BetterGenshinImpact\GameTask\Common\BgiVision\BvStatus.cs(14,7): warning CS0105: “System.Threading.Tasks”的 using 指令以前在此命名空间中出现过 [E:\Program Files\better-genshin-impact-LCB\BetterGenshinImpact\BetterGenshinImpact.csproj]
E:\Program Files\better-genshin-impact-LCB\BetterGenshinImpact\GameTask\Common\BgiVision\BvStatus.cs(15,7): warning CS0105: “BetterGenshinImpact.Core.Recognition”的 using 指令以前在此命名空间中出现过 [E:\Program Files\better-genshin-impact-LCB\BetterGenshinImpact\BetterGenshinImpact.csproj]
E:\Program Files\better-genshin-impact-LCB\BetterGenshinImpact\GameTask\Common\BgiVision\BvStatus.cs(16,7): warning CS0105: “System.Threading”的 using 指令以前在此命名空间中出现过 [E:\Program Files\better-genshin-impact-LCB\BetterGenshinImpact\BetterGenshinImpact.csproj]
E:\Program Files\better-genshin-impact-LCB\BetterGenshinImpact\GameTask\Common\BgiVision\BvStatus.cs(18,7): warning CS0105: “BetterGenshinImpact.GameTask.AutoFight.Assets”的 using 指令以前在此命名空间中出现过 [E:\Program Files\better-genshin-impact-LCB\BetterGenshinImpact\BetterGenshinImpact.csproj]
E:\Program Files\better-genshin-impact-LCB\BetterGenshinImpact\GameTask\Common\BgiVision\BvStatus.cs(22,7): warning CS0105: “System.Threading”的 using 指令以前在此命名空间中出现过 [E:\Program Files\better-genshin-impact-LCB\BetterGenshinImpact\BetterGenshinImpact.csproj]
E:\Program Files\better-genshin-impact-LCB\BetterGenshinImpact\GameTask\Common\BgiVision\BvStatus.cs(23,7): warning CS0105: “System.Threading.Tasks”的 using 指令以前在此命名空间中出现过 [E:\Program Files\better-genshin-impact-LCB\BetterGenshinImpact\BetterGenshinImpact.csproj]
E:\Program Files\better-genshin-impact-LCB\BetterGenshinImpact\GameTask\Common\Job\GoToSereniteaPotTask.cs(24,7): warning CS0105: “System.Globalization”的 using 指令以前在此命名空间中出现过 [E:\Program Files\better-genshin-impact-LCB\BetterGenshinImpact\BetterGenshinImpact.csproj]
E:\Program Files\better-genshin-impact-LCB\BetterGenshinImpact\GameTask\Common\Job\GoToSereniteaPotTask.cs(26,7): warning CS0105: “Newtonsoft.Json”的 using 指令以前在此命名空间中出现过 [E:\Program Files\better-genshin-impact-LCB\BetterGenshinImpact\BetterGenshinImpact.csproj]
E:\Program Files\better-genshin-impact-LCB\BetterGenshinImpact\GameTask\Common\Job\GoToSereniteaPotTask.cs(27,7): warning CS0105: “BetterGenshinImpact.GameTask.QuickSereniteaPot”的 using 指令以前在此命名空间中出现过 [E:\Program Files\better-genshin-impact-LCB\BetterGenshinImpact\BetterGenshinImpact.csproj]
E:\Program Files\better-genshin-impact-LCB\BetterGenshinImpact\GameTask\Common\Job\GoToSereniteaPotTask.cs(29,7): warning CS0105: “System.Linq”的 using 指令以前在此命名空间中出现过 [E:\Program Files\better-genshin-impact-LCB\BetterGenshinImpact\BetterGenshinImpact.csproj]
E:\Program Files\better-genshin-impact-LCB\BetterGenshinImpact\GameTask\Common\Job\GoToSereniteaPotTask.cs(30,7): warning CS0105: “System.Threading”的 using 指令以前在此命名空间中出现过 [E:\Program Files\better-genshin-impact-LCB\BetterGenshinImpact\BetterGenshinImpact.csproj]
E:\Program Files\better-genshin-impact-LCB\BetterGenshinImpact\GameTask\Common\Job\GoToSereniteaPotTask.cs(31,7): warning CS0105: “System.Threading.Tasks”的 using 指令以前在此命名空间中出现过 [E:\Program Files\better-genshin-impact-LCB\BetterGenshinImpact\BetterGenshinImpact.csproj]
E:\Program Files\better-genshin-impact-LCB\BetterGenshinImpact\GameTask\Common\Job\GoToSereniteaPotTask.cs(32,14): warning CS0105: “TaskControl”的 using 指令以前在此命名空间中出现过 [E:\Program Files\better-genshin-impact-LCB\BetterGenshinImpact\BetterGenshinImpact.csproj]
E:\Program Files\better-genshin-impact-LCB\BetterGenshinImpact\GameTask\Common\Job\SwitchPartyTask.cs(16,7): warning CS0105: “BetterGenshinImpact.GameTask.Common.Exceptions”的 using 指令以前在此命名空间中出现过 [E:\Program Files\better-genshin-impact-LCB\BetterGenshinImpact\BetterGenshinImpact.csproj]
E:\Program Files\better-genshin-impact-LCB\BetterGenshinImpact\GameTask\Common\Job\SwitchPartyTask.cs(19,7): warning CS0105: “System.Text.RegularExpressions”的 using 指令以前在此命名空间中出现过 [E:\Program Files\better-genshin-impact-LCB\BetterGenshinImpact\BetterGenshinImpact.csproj]
E:\Program Files\better-genshin-impact-LCB\BetterGenshinImpact\GameTask\Common\TaskControl.cs(15,7): warning CS0105: “System.Threading”的 using 指令以前在此命名空间中出现过 [E:\Program Files\better-genshin-impact-LCB\BetterGenshinImpact\BetterGenshinImpact.csproj]
E:\Program Files\better-genshin-impact-LCB\BetterGenshinImpact\GameTask\Common\TaskControl.cs(16,7): warning CS0105: “System.Threading.Tasks”的 using 指令以前在此命名空间中出现过 [E:\Program Files\better-genshin-impact-LCB\BetterGenshinImpact\BetterGenshinImpact.csproj]
E:\Program Files\better-genshin-impact-LCB\BetterGenshinImpact\GameTask\Common\TaskControl.cs(19,7): warning CS0105: “BetterGenshinImpact.GameTask.Model.Area”的 using 指令以前在此命名空间中出现过 [E:\Program Files\better-genshin-impact-LCB\BetterGenshinImpact\BetterGenshinImpact.csproj]
E:\Program Files\better-genshin-impact-LCB\BetterGenshinImpact\GameTask\Common\TaskControl.cs(24,7): warning CS0105: “Microsoft.Extensions.Logging”的 using 指令以前在此命名空间中出现过 [E:\Program Files\better-genshin-impact-LCB\BetterGenshinImpact\BetterGenshinImpact.csproj]
E:\Program Files\better-genshin-impact-LCB\BetterGenshinImpact\GameTask\GameTaskManager.cs(22,7): warning CS0105: “BetterGenshinImpact.Core.Config”的 using 指令以前在此命名空间中出现过 [E:\Program Files\better-genshin-impact-LCB\BetterGenshinImpact\BetterGenshinImpact.csproj]
E:\Program Files\better-genshin-impact-LCB\BetterGenshinImpact\GameTask\GameTaskManager.cs(28,7): warning CS0105: “OpenCvSharp”的 using 指令以前在此命名空间中出现过 [E:\Program Files\better-genshin-impact-LCB\BetterGenshinImpact\BetterGenshinImpact.csproj]
E:\Program Files\better-genshin-impact-LCB\BetterGenshinImpact\GameTask\GameTaskManager.cs(30,7): warning CS0105: “System.Collections.Generic”的 using 指令以前在此命名空间中出现过 [E:\Program Files\better-genshin-impact-LCB\BetterGenshinImpact\BetterGenshinImpact.csproj]
E:\Program Files\better-genshin-impact-LCB\BetterGenshinImpact\GameTask\GameTaskManager.cs(32,7): warning CS0105: “System.IO”的 using 指令以前在此命名空间中出现过 [E:\Program Files\better-genshin-impact-LCB\BetterGenshinImpact\BetterGenshinImpact.csproj]
E:\Program Files\better-genshin-impact-LCB\BetterGenshinImpact\GameTask\GameTaskManager.cs(33,7): warning CS0105: “System.Linq”的 using 指令以前在此命名空间中出现过 [E:\Program Files\better-genshin-impact-LCB\BetterGenshinImpact\BetterGenshinImpact.csproj]
E:\Program Files\better-genshin-impact-LCB\BetterGenshinImpact\GameTask\GameTaskManager.cs(37,7): warning CS0105: “BetterGenshinImpact.GameTask.GameLoading”的 using 指令以前在此命名空间中出现过 [E:\Program Files\better-genshin-impact-LCB\BetterGenshinImpact\BetterGenshinImpact.csproj]
E:\Program Files\better-genshin-impact-LCB\BetterGenshinImpact\GameTask\GameTaskManager.cs(44,7): warning CS0105: “System”的 using 指令以前在此命名空间中出现过 [E:\Program Files\better-genshin-impact-LCB\BetterGenshinImpact\BetterGenshinImpact.csproj]
E:\Program Files\better-genshin-impact-LCB\BetterGenshinImpact\GameTask\SystemControl.cs(14,7): warning CS0105: “System.Text”的 using 指令以前在此命名空间中出现过 [E:\Program Files\better-genshin-impact-LCB\BetterGenshinImpact\BetterGenshinImpact.csproj]
E:\Program Files\better-genshin-impact-LCB\BetterGenshinImpact\GameTask\SystemControl.cs(18,7): warning CS0105: “Microsoft.Extensions.Logging”的 using 指令以前在此命名空间中出现过 [E:\Program Files\better-genshin-impact-LCB\BetterGenshinImpact\BetterGenshinImpact.csproj]
E:\Program Files\better-genshin-impact-LCB\BetterGenshinImpact\GameTask\UseRedeemCode\UseRedemptionCodeTask.cs(14,7): warning CS0105: “BetterGenshinImpact.Helpers.Extensions”的 using 指令以前在此命名空间中出现过 [E:\Program Files\better-genshin-impact-LCB\BetterGenshinImpact\BetterGenshinImpact.csproj]
E:\Program Files\better-genshin-impact-LCB\BetterGenshinImpact\Service\ScriptService.cs(29,7): warning CS0105: “BetterGenshinImpact.Core.Config”的 using 指令以前在此命名空间中出现过 [E:\Program Files\better-genshin-impact-LCB\BetterGenshinImpact\BetterGenshinImpact.csproj]
E:\Program Files\better-genshin-impact-LCB\BetterGenshinImpact\ViewModel\Pages\TaskSettingsPageViewModel.cs(50,7): warning CS0105: “BetterGenshinImpact.GameTask.AutoFriendship”的 using 指令以前在此命名空间中出现过 [E:\Program Files\better-genshin-impact-LCB\BetterGenshinImpact\BetterGenshinImpact.csproj]
E:\Program Files\better-genshin-impact-LCB\BetterGenshinImpact\View\Pages\OneDragonFlowPage.xaml.cs(2,7): warning CS0105: “BetterGenshinImpact.ViewModel.Pages”的 using 指令以前在此命名空间中出现过 [E:\Program Files\better-genshin-impact-LCB\BetterGenshinImpact\BetterGenshinImpact.csproj]
E:\Program Files\better-genshin-impact-LCB\BetterGenshinImpact\Helpers\Security\MD5Helper.cs(14,71): warning CS8625: 无法将 null 字面量转换为非 null 的引用类型。 [E:\Program Files\better-genshin-impact-LCB\BetterGenshinImpact\BetterGenshinImpact.csproj]
E:\Program Files\better-genshin-impact-LCB\BetterGenshinImpact\GameTask\AutoFriendship\Assets\AutoFriendshipAssets.cs(11,37): warning CS0612: “BaseAssets<AutoFriendshipAssets>”已过时 [E:\Program Files\better-genshin-impact-LCB\BetterGenshinImpact\BetterGenshinImpact.csproj]
E:\Program Files\better-genshin-impact-LCB\BetterGenshinImpact\View\Behavior\ResponsiveTitleBarBehavior.cs(103,18): warning CS0108: “ResponsiveTitleBarBehavior.Detach()”隐藏继承的成员“Behavior.Detach()”。如果是有意隐藏，请使用关键字 new。 [E:\Program Files\better-genshin-impact-LCB\BetterGenshinImpact\BetterGenshinImpact.csproj]
E:\Program Files\better-genshin-impact-LCB\BetterGenshinImpact\GameTask\AutoPathing\Model\WaypointForTrack.cs(27,30): warning CS0108: “WaypointForTrack.Misidentification”隐藏继承的成员“Waypoint.Misidentification”。如果是有意隐藏，请使用关键字 new。 [E:\Program Files\better-genshin-impact-LCB\BetterGenshinImpact\BetterGenshinImpact.csproj]
E:\Program Files\better-genshin-impact-LCB\BetterGenshinImpact\GameTask\Common\Element\Assets\ElementAssets.cs(10,30): warning CS0612: “BaseAssets<ElementAssets>”已过时 [E:\Program Files\better-genshin-impact-LCB\BetterGenshinImpact\BetterGenshinImpact.csproj]
E:\Program Files\better-genshin-impact-LCB\BetterGenshinImpact\GameTask\AutoWood\Assets\AutoWoodAssets.cs(7,31): warning CS0612: “BaseAssets<AutoWoodAssets>”已过时 [E:\Program Files\better-genshin-impact-LCB\BetterGenshinImpact\BetterGenshinImpact.csproj]
E:\Program Files\better-genshin-impact-LCB\BetterGenshinImpact\GameTask\LogParse\YsHttp.cs(228,115): warning CS8625: 无法将 null 字面量转换为非 null 的引用类型。 [E:\Program Files\better-genshin-impact-LCB\BetterGenshinImpact\BetterGenshinImpact.csproj]
E:\Program Files\better-genshin-impact-LCB\BetterGenshinImpact\Service\Notifier\BarkNotifier.cs(129,35): warning CS8625: 无法将 null 字面量转换为非 null 的引用类型。 [E:\Program Files\better-genshin-impact-LCB\BetterGenshinImpact\BetterGenshinImpact.csproj]
E:\Program Files\better-genshin-impact-LCB\BetterGenshinImpact\View\Windows\PictureInPictureWindow.xaml.cs(23,26): warning CS0108: “PictureInPictureWindow.MinWidth”隐藏继承的成员“FrameworkElement.MinWidth”。如果是有意隐藏，请使用关键字 new。 [E:\Program Files\better-genshin-impact-LCB\BetterGenshinImpact\BetterGenshinImpact.csproj]
E:\Program Files\better-genshin-impact-LCB\BetterGenshinImpact\View\Windows\PictureInPictureWindow.xaml.cs(24,26): warning CS0108: “PictureInPictureWindow.MaxWidth”隐藏继承的成员“FrameworkElement.MaxWidth”。如果是有意隐藏，请使用关键字 new。 [E:\Program Files\better-genshin-impact-LCB\BetterGenshinImpact\BetterGenshinImpact.csproj]
E:\Program Files\better-genshin-impact-LCB\BetterGenshinImpact\View\Windows\WelcomeDialog.xaml.cs(40,9): warning CS4014: 由于此调用不会等待，因此在此调用完成之前将会继续执行当前方法。请考虑将 "await" 运算符应用于调用结果。 [E:\Program Files\better-genshin-impact-LCB\BetterGenshinImpact\BetterGenshinImpact.csproj]
E:\Program Files\better-genshin-impact-LCB\BetterGenshinImpact\Core\Recognition\RecognitionObjectJsonLoader.cs(377,20): warning CS8603: 可能返回 null 引用。 [E:\Program Files\better-genshin-impact-LCB\BetterGenshinImpact\BetterGenshinImpact.csproj]
E:\Program Files\better-genshin-impact-LCB\BetterGenshinImpact\Core\Script\EngineExtend.cs(51,59): warning CS8604: “Dispatcher.Dispatcher(object config)”中的形参“config”可能传入 null 引用实参。 [E:\Program Files\better-genshin-impact-LCB\BetterGenshinImpact\BetterGenshinImpact.csproj]
E:\Program Files\better-genshin-impact-LCB\BetterGenshinImpact\Core\Config\PathingPartyTaskCycleConfig.cs(57,26): warning CS0168: 声明了变量“e”，但从未使用过 [E:\Program Files\better-genshin-impact-LCB\BetterGenshinImpact\BetterGenshinImpact.csproj]
E:\Program Files\better-genshin-impact-LCB\BetterGenshinImpact\Core\Recognition\OpenCv\TemplateMatch\TemplateMatchNormalizer.cs(128,60): warning CS8604: “InputArray.implicit operator InputArray(Mat mat)”中的形参“mat”可能传入 null 引用实参。 [E:\Program Files\better-genshin-impact-LCB\BetterGenshinImpact\BetterGenshinImpact.csproj]
E:\Program Files\better-genshin-impact-LCB\BetterGenshinImpact\Core\Recognition\OpenCv\TemplateMatch\TemplateMatchNormalizer.cs(134,59): warning CS8604: “InputArray.implicit operator InputArray(Mat mat)”中的形参“mat”可能传入 null 引用实参。 [E:\Program Files\better-genshin-impact-LCB\BetterGenshinImpact\BetterGenshinImpact.csproj]
E:\Program Files\better-genshin-impact-LCB\BetterGenshinImpact\Core\Recognition\OpenCv\TemplateMatch\TemplateMatchNormalizer.cs(141,82): warning CS8604: “InputArray.implicit operator InputArray(Mat mat)”中的形参“mat”可能传入 null 引用实参。 [E:\Program Files\better-genshin-impact-LCB\BetterGenshinImpact\BetterGenshinImpact.csproj]
E:\Program Files\better-genshin-impact-LCB\BetterGenshinImpact\Core\Recognition\OpenCv\TemplateMatch\TemplateMatchHelper.cs(9,59): warning CS8604: “InputArray.implicit operator InputArray(Mat mat)”中的形参“mat”可能传入 null 引用实参。 [E:\Program Files\better-genshin-impact-LCB\BetterGenshinImpact\BetterGenshinImpact.csproj]
E:\Program Files\better-genshin-impact-LCB\BetterGenshinImpact\Core\Recognition\OpenCv\TemplateMatch\TemplateMatchHelper.cs(33,59): warning CS8604: “InputArray.implicit operator InputArray(Mat mat)”中的形参“mat”可能传入 null 引用实参。 [E:\Program Files\better-genshin-impact-LCB\BetterGenshinImpact\BetterGenshinImpact.csproj]
E:\Program Files\better-genshin-impact-LCB\BetterGenshinImpact\Core\Script\Group\ScriptGroupProject.cs(258,39): warning CS8601: 可能的 null 引用赋值。 [E:\Program Files\better-genshin-impact-LCB\BetterGenshinImpact\BetterGenshinImpact.csproj]
E:\Program Files\better-genshin-impact-LCB\BetterGenshinImpact\View\Windows\SkillCdConfigWindow.xaml.cs(64,31): warning CS8601: 可能的 null 引用赋值。 [E:\Program Files\better-genshin-impact-LCB\BetterGenshinImpact\BetterGenshinImpact.csproj]
E:\Program Files\better-genshin-impact-LCB\BetterGenshinImpact\View\Windows\ScriptRepoWindow.xaml.cs(85,12): warning CS8618: 在退出构造函数时，不可为 null 的 字段 "_repoChannels" 必须包含非 null 值。请考虑添加 "required" 修饰符或将该 字段 声明为可为 null。 [E:\Program Files\better-genshin-impact-LCB\BetterGenshinImpact\BetterGenshinImpact.csproj]
E:\Program Files\better-genshin-impact-LCB\BetterGenshinImpact\Core\Recognition\OpenCv\TemplateMatch\MatchContext.cs(23,12): warning CS8618: 在退出构造函数时，不可为 null 的 字段 "MaskedMiniMapRoughs" 必须包含非 null 值。请考虑添加 "required" 修饰符或将该 字段 声明为可为 null。 [E:\Program Files\better-genshin-impact-LCB\BetterGenshinImpact\BetterGenshinImpact.csproj]
E:\Program Files\better-genshin-impact-LCB\BetterGenshinImpact\Core\Recognition\OpenCv\TemplateMatch\MatchContext.cs(23,12): warning CS8618: 在退出构造函数时，不可为 null 的 字段 "MaskRoughF" 必须包含非 null 值。请考虑添加 "required" 修饰符或将该 字段 声明为可为 null。 [E:\Program Files\better-genshin-impact-LCB\BetterGenshinImpact\BetterGenshinImpact.csproj]
E:\Program Files\better-genshin-impact-LCB\BetterGenshinImpact\Core\Recognition\OpenCv\TemplateMatch\MatchContext.cs(23,12): warning CS8618: 在退出构造函数时，不可为 null 的 字段 "NormalizerRough" 必须包含非 null 值。请考虑添加 "required" 修饰符或将该 字段 声明为可为 null。 [E:\Program Files\better-genshin-impact-LCB\BetterGenshinImpact\BetterGenshinImpact.csproj]
E:\Program Files\better-genshin-impact-LCB\BetterGenshinImpact\Core\Recognition\OpenCv\TemplateMatch\MatchContext.cs(23,12): warning CS8618: 在退出构造函数时，不可为 null 的 字段 "NormalizerRoughChan" 必须包含非 null 值。请考虑添加 "required" 修饰符或将该 字段 声明为可为 null。 [E:\Program Files\better-genshin-impact-LCB\BetterGenshinImpact\BetterGenshinImpact.csproj]
E:\Program Files\better-genshin-impact-LCB\BetterGenshinImpact\Core\Recognition\OpenCv\TemplateMatch\MatchContext.cs(23,12): warning CS8618: 在退出构造函数时，不可为 null 的 字段 "NormalizerExact" 必须包含非 null 值。请考虑添加 "required" 修饰符或将该 字段 声明为可为 null。 [E:\Program Files\better-genshin-impact-LCB\BetterGenshinImpact\BetterGenshinImpact.csproj]
E:\Program Files\better-genshin-impact-LCB\BetterGenshinImpact\Core\Recognition\OCR\OcrFactory.cs(80,26): warning CS0168: 声明了变量“e”，但从未使用过 [E:\Program Files\better-genshin-impact-LCB\BetterGenshinImpact\BetterGenshinImpact.csproj]
E:\Program Files\better-genshin-impact-LCB\BetterGenshinImpact\GameTask\UseRedeemCode\GetLiveRedeemCode.cs(129,20): warning CS8619: 类型“(string?, string?)”的值中引用类型的为 Null 性与目标类型“(string codeVer, string title)”不匹配。 [E:\Program Files\better-genshin-impact-LCB\BetterGenshinImpact\BetterGenshinImpact.csproj]
E:\Program Files\better-genshin-impact-LCB\BetterGenshinImpact\GameTask\UseRedeemCode\GetLiveRedeemCode.cs(132,37): warning CS8619: 类型“(string?, string?)”的值中引用类型的为 Null 性与目标类型“(string codeVer, string title)”不匹配。 [E:\Program Files\better-genshin-impact-LCB\BetterGenshinImpact\BetterGenshinImpact.csproj]
E:\Program Files\better-genshin-impact-LCB\BetterGenshinImpact\GameTask\UseRedeemCode\GetLiveRedeemCode.cs(134,26): warning CS8600: 将 null 文本或可能的 null 值转换为不可为 null 类型。 [E:\Program Files\better-genshin-impact-LCB\BetterGenshinImpact\BetterGenshinImpact.csproj]
E:\Program Files\better-genshin-impact-LCB\BetterGenshinImpact\GameTask\UseRedeemCode\GetLiveRedeemCode.cs(135,24): warning CS8600: 将 null 文本或可能的 null 值转换为不可为 null 类型。 [E:\Program Files\better-genshin-impact-LCB\BetterGenshinImpact\BetterGenshinImpact.csproj]
E:\Program Files\better-genshin-impact-LCB\BetterGenshinImpact\GameTask\UseRedeemCode\GetLiveRedeemCode.cs(136,16): warning CS8619: 类型“(string? codeVer, string? title)”的值中引用类型的为 Null 性与目标类型“(string codeVer, string title)”不匹配。 [E:\Program Files\better-genshin-impact-LCB\BetterGenshinImpact\BetterGenshinImpact.csproj]
E:\Program Files\better-genshin-impact-LCB\BetterGenshinImpact\Core\Script\Utils\JsonMerger.cs(53,35): warning CS8604: “JObject? JsonMerger.GetRefFile(JObject jObject, string filePath)”中的形参“jObject”可能传入 null 引用实参。 [E:\Program Files\better-genshin-impact-LCB\BetterGenshinImpact\BetterGenshinImpact.csproj]
E:\Program Files\better-genshin-impact-LCB\BetterGenshinImpact\Core\Script\Utils\JsonMerger.cs(72,41): warning CS8604: “string Path.Combine(string path1, string path2)”中的形参“path1”可能传入 null 引用实参。 [E:\Program Files\better-genshin-impact-LCB\BetterGenshinImpact\BetterGenshinImpact.csproj]
E:\Program Files\better-genshin-impact-LCB\BetterGenshinImpact\Core\Script\WebView\FileAccessBridge.cs(12,19): warning CS8618: 在退出构造函数时，不可为 null 的 属性 "Name" 必须包含非 null 值。请考虑添加 "required" 修饰符或将该 属性 声明为可为 null。 [E:\Program Files\better-genshin-impact-LCB\BetterGenshinImpact\BetterGenshinImpact.csproj]
E:\Program Files\better-genshin-impact-LCB\BetterGenshinImpact\Core\Script\WebView\FileAccessBridge.cs(13,19): warning CS8618: 在退出构造函数时，不可为 null 的 属性 "RelativePath" 必须包含非 null 值。请考虑添加 "required" 修饰符或将该 属性 声明为可为 null。 [E:\Program Files\better-genshin-impact-LCB\BetterGenshinImpact\BetterGenshinImpact.csproj]
E:\Program Files\better-genshin-impact-LCB\BetterGenshinImpact\GameTask\UseRedeemCode\GetLiveRedeemCode.cs(153,27): warning CS8600: 将 null 文本或可能的 null 值转换为不可为 null 类型。 [E:\Program Files\better-genshin-impact-LCB\BetterGenshinImpact\BetterGenshinImpact.csproj]
E:\Program Files\better-genshin-impact-LCB\BetterGenshinImpact\Core\Script\Utils\JsonMerger.cs(89,31): warning CS8600: 将 null 文本或可能的 null 值转换为不可为 null 类型。 [E:\Program Files\better-genshin-impact-LCB\BetterGenshinImpact\BetterGenshinImpact.csproj]
E:\Program Files\better-genshin-impact-LCB\BetterGenshinImpact\Core\Script\Utils\JsonMerger.cs(91,49): warning CS8604: “string Path.Combine(string path1, string path2)”中的形参“path1”可能传入 null 引用实参。 [E:\Program Files\better-genshin-impact-LCB\BetterGenshinImpact\BetterGenshinImpact.csproj]
E:\Program Files\better-genshin-impact-LCB\BetterGenshinImpact\Core\Script\Utils\JsonMerger.cs(123,30): warning CS8600: 将 null 文本或可能的 null 值转换为不可为 null 类型。 [E:\Program Files\better-genshin-impact-LCB\BetterGenshinImpact\BetterGenshinImpact.csproj]
E:\Program Files\better-genshin-impact-LCB\BetterGenshinImpact\Core\Script\Utils\JsonMerger.cs(130,27): warning CS8600: 将 null 文本或可能的 null 值转换为不可为 null 类型。 [E:\Program Files\better-genshin-impact-LCB\BetterGenshinImpact\BetterGenshinImpact.csproj]
E:\Program Files\better-genshin-impact-LCB\BetterGenshinImpact\Core\Script\Utils\JsonMerger.cs(137,36): warning CS8600: 将 null 文本或可能的 null 值转换为不可为 null 类型。 [E:\Program Files\better-genshin-impact-LCB\BetterGenshinImpact\BetterGenshinImpact.csproj]
E:\Program Files\better-genshin-impact-LCB\BetterGenshinImpact\Core\Script\Utils\JsonMerger.cs(165,34): warning CS8600: 将 null 文本或可能的 null 值转换为不可为 null 类型。 [E:\Program Files\better-genshin-impact-LCB\BetterGenshinImpact\BetterGenshinImpact.csproj]
E:\Program Files\better-genshin-impact-LCB\BetterGenshinImpact\Core\Script\Dependence\KeyMouseHook.cs(144,42): warning CS0168: 声明了变量“ex”，但从未使用过 [E:\Program Files\better-genshin-impact-LCB\BetterGenshinImpact\BetterGenshinImpact.csproj]
E:\Program Files\better-genshin-impact-LCB\BetterGenshinImpact\Core\Script\Utils\JsonMerger.cs(196,26): warning CS8600: 将 null 文本或可能的 null 值转换为不可为 null 类型。 [E:\Program Files\better-genshin-impact-LCB\BetterGenshinImpact\BetterGenshinImpact.csproj]
E:\Program Files\better-genshin-impact-LCB\BetterGenshinImpact\Core\Script\Utils\JsonMerger.cs(204,40): warning CS8602: 解引用可能出现空引用。 [E:\Program Files\better-genshin-impact-LCB\BetterGenshinImpact\BetterGenshinImpact.csproj]
E:\Program Files\better-genshin-impact-LCB\BetterGenshinImpact\Core\Script\Utils\JsonMerger.cs(212,25): warning CS8600: 将 null 文本或可能的 null 值转换为不可为 null 类型。 [E:\Program Files\better-genshin-impact-LCB\BetterGenshinImpact\BetterGenshinImpact.csproj]
E:\Program Files\better-genshin-impact-LCB\BetterGenshinImpact\Core\Script\Utils\JsonMerger.cs(218,39): warning CS8600: 将 null 文本或可能的 null 值转换为不可为 null 类型。 [E:\Program Files\better-genshin-impact-LCB\BetterGenshinImpact\BetterGenshinImpact.csproj]
E:\Program Files\better-genshin-impact-LCB\BetterGenshinImpact\Core\Script\Utils\JsonMerger.cs(222,42): warning CS8600: 将 null 文本或可能的 null 值转换为不可为 null 类型。 [E:\Program Files\better-genshin-impact-LCB\BetterGenshinImpact\BetterGenshinImpact.csproj]
E:\Program Files\better-genshin-impact-LCB\BetterGenshinImpact\Core\Recognition\OpenCv\TemplateMatchStabilityDetector.cs(95,25): warning CS8625: 无法将 null 字面量转换为非 null 的引用类型。 [E:\Program Files\better-genshin-impact-LCB\BetterGenshinImpact\BetterGenshinImpact.csproj]
E:\Program Files\better-genshin-impact-LCB\BetterGenshinImpact\Core\Recognition\OpenCv\TemplateMatchStabilityDetector.cs(101,25): warning CS8625: 无法将 null 字面量转换为非 null 的引用类型。 [E:\Program Files\better-genshin-impact-LCB\BetterGenshinImpact\BetterGenshinImpact.csproj]
E:\Program Files\better-genshin-impact-LCB\BetterGenshinImpact\Core\Recognition\OpenCv\TemplateMatchStabilityDetector.cs(9,17): warning CS8618: 在退出构造函数时，不可为 null 的 字段 "previousFrame" 必须包含非 null 值。请考虑添加 "required" 修饰符或将该 字段 声明为可为 null。 [E:\Program Files\better-genshin-impact-LCB\BetterGenshinImpact\BetterGenshinImpact.csproj]
E:\Program Files\better-genshin-impact-LCB\BetterGenshinImpact\GameTask\AutoBoss\AutoBossTask.cs(97,64): warning CS8604: “CombatScriptBag CombatScriptParser.ReadAndParse(string path)”中的形参“path”可能传入 null 引用实参。 [E:\Program Files\better-genshin-impact-LCB\BetterGenshinImpact\BetterGenshinImpact.csproj]
E:\Program Files\better-genshin-impact-LCB\BetterGenshinImpact\Helpers\Win32\MirrorChyanHelper.cs(98,9): warning CS4014: 由于此调用不会等待，因此在此调用完成之前将会继续执行当前方法。请考虑将 "await" 运算符应用于调用结果。 [E:\Program Files\better-genshin-impact-LCB\BetterGenshinImpact\BetterGenshinImpact.csproj]
E:\Program Files\better-genshin-impact-LCB\BetterGenshinImpact\Core\Recognition\OpenCv\MatchTemplateHelper.cs(73,16): warning CS0612: “MatchTemplateHelper.MatchTemplateMulti(Mat, Mat, Mat?, double, int)”已过时 [E:\Program Files\better-genshin-impact-LCB\BetterGenshinImpact\BetterGenshinImpact.csproj]
E:\Program Files\better-genshin-impact-LCB\BetterGenshinImpact\Genshin\Settings2\GenshinGameSettings.cs(17,19): warning CS8618: 在退出构造函数时，不可为 null 的 属性 "DeviceUUID" 必须包含非 null 值。请考虑添加 "required" 修饰符或将该 属性 声明为可为 null。 [E:\Program Files\better-genshin-impact-LCB\BetterGenshinImpact\BetterGenshinImpact.csproj]
E:\Program Files\better-genshin-impact-LCB\BetterGenshinImpact\Genshin\Settings2\GenshinGameSettings.cs(20,19): warning CS8618: 在退出构造函数时，不可为 null 的 属性 "UserLocalDataVersionId" 必须包含非 null 值。请考虑添加 "required" 修饰符或将该 属性 声明为可为 null。 [E:\Program Files\better-genshin-impact-LCB\BetterGenshinImpact\BetterGenshinImpact.csproj]
E:\Program Files\better-genshin-impact-LCB\BetterGenshinImpact\Genshin\Settings2\GenshinGameSettings.cs(29,19): warning CS8618: 在退出构造函数时，不可为 null 的 属性 "SelectedServerName" 必须包含非 null 值。请考虑添加 "required" 修饰符或将该 属性 声明为可为 null。 [E:\Program Files\better-genshin-impact-LCB\BetterGenshinImpact\BetterGenshinImpact.csproj]
E:\Program Files\better-genshin-impact-LCB\BetterGenshinImpact\Genshin\Settings2\GenshinGameSettings.cs(35,19): warning CS8618: 在退出构造函数时，不可为 null 的 属性 "DeviceID" 必须包含非 null 值。请考虑添加 "required" 修饰符或将该 属性 声明为可为 null。 [E:\Program Files\better-genshin-impact-LCB\BetterGenshinImpact\BetterGenshinImpact.csproj]
E:\Program Files\better-genshin-impact-LCB\BetterGenshinImpact\Genshin\Settings2\GenshinGameSettings.cs(38,19): warning CS8618: 在退出构造函数时，不可为 null 的 属性 "TargetUID" 必须包含非 null 值。请考虑添加 "required" 修饰符或将该 属性 声明为可为 null。 [E:\Program Files\better-genshin-impact-LCB\BetterGenshinImpact\BetterGenshinImpact.csproj]
E:\Program Files\better-genshin-impact-LCB\BetterGenshinImpact\Genshin\Settings2\GenshinGameSettings.cs(41,19): warning CS8618: 在退出构造函数时，不可为 null 的 属性 "CurAccountName" 必须包含非 null 值。请考虑添加 "required" 修饰符或将该 属性 声明为可为 null。 [E:\Program Files\better-genshin-impact-LCB\BetterGenshinImpact\BetterGenshinImpact.csproj]
E:\Program Files\better-genshin-impact-LCB\BetterGenshinImpact\Genshin\Settings2\GenshinGameSettings.cs(44,19): warning CS8618: 在退出构造函数时，不可为 null 的 属性 "UiSaveData" 必须包含非 null 值。请考虑添加 "required" 修饰符或将该 属性 声明为可为 null。 [E:\Program Files\better-genshin-impact-LCB\BetterGenshinImpact\BetterGenshinImpact.csproj]
E:\Program Files\better-genshin-impact-LCB\BetterGenshinImpact\Genshin\Settings2\GenshinGameSettings.cs(47,19): warning CS8618: 在退出构造函数时，不可为 null 的 属性 "InputData" 必须包含非 null 值。请考虑添加 "required" 修饰符或将该 属性 声明为可为 null。 [E:\Program Files\better-genshin-impact-LCB\BetterGenshinImpact\BetterGenshinImpact.csproj]
E:\Program Files\better-genshin-impact-LCB\BetterGenshinImpact\Genshin\Settings2\GenshinGameSettings.cs(50,19): warning CS8618: 在退出构造函数时，不可为 null 的 属性 "GraphicsData" 必须包含非 null 值。请考虑添加 "required" 修饰符或将该 属性 声明为可为 null。 [E:\Program Files\better-genshin-impact-LCB\BetterGenshinImpact\BetterGenshinImpact.csproj]
E:\Program Files\better-genshin-impact-LCB\BetterGenshinImpact\Genshin\Settings2\GenshinGameSettings.cs(53,19): warning CS8618: 在退出构造函数时，不可为 null 的 属性 "GlobalPerfData" 必须包含非 null 值。请考虑添加 "required" 修饰符或将该 属性 声明为可为 null。 [E:\Program Files\better-genshin-impact-LCB\BetterGenshinImpact\BetterGenshinImpact.csproj]
E:\Program Files\better-genshin-impact-LCB\BetterGenshinImpact\Genshin\Settings2\GenshinGameSettings.cs(164,19): warning CS8618: 在退出构造函数时，不可为 null 的 属性 "GammaValue" 必须包含非 null 值。请考虑添加 "required" 修饰符或将该 属性 声明为可为 null。 [E:\Program Files\better-genshin-impact-LCB\BetterGenshinImpact\BetterGenshinImpact.csproj]
E:\Program Files\better-genshin-impact-LCB\BetterGenshinImpact\Genshin\Settings2\GenshinGameSettings.cs(170,25): warning CS8618: 在退出构造函数时，不可为 null 的 属性 "OverrideControllerMapKeyList" 必须包含非 null 值。请考虑添加 "required" 修饰符或将该 属性 声明为可为 null。 [E:\Program Files\better-genshin-impact-LCB\BetterGenshinImpact\BetterGenshinImpact.csproj]
E:\Program Files\better-genshin-impact-LCB\BetterGenshinImpact\Genshin\Settings2\GenshinGameSettings.cs(173,25): warning CS8618: 在退出构造函数时，不可为 null 的 属性 "OverrideControllerMapValueList" 必须包含非 null 值。请考虑添加 "required" 修饰符或将该 属性 声明为可为 null。 [E:\Program Files\better-genshin-impact-LCB\BetterGenshinImpact\BetterGenshinImpact.csproj]
E:\Program Files\better-genshin-impact-LCB\BetterGenshinImpact\Genshin\Settings2\GenshinGameSettings.cs(176,25): warning CS8618: 在退出构造函数时，不可为 null 的 属性 "RewiredMapMigrateRecord" 必须包含非 null 值。请考虑添加 "required" 修饰符或将该 属性 声明为可为 null。 [E:\Program Files\better-genshin-impact-LCB\BetterGenshinImpact\BetterGenshinImpact.csproj]
E:\Program Files\better-genshin-impact-LCB\BetterGenshinImpact\Genshin\Settings2\GenshinGameSettings.cs(197,22): warning CS8618: 在退出构造函数时，不可为 null 的 属性 "ConflictKeyBindingElementId" 必须包含非 null 值。请考虑添加 "required" 修饰符或将该 属性 声明为可为 null。 [E:\Program Files\better-genshin-impact-LCB\BetterGenshinImpact\BetterGenshinImpact.csproj]
E:\Program Files\better-genshin-impact-LCB\BetterGenshinImpact\Genshin\Settings2\GenshinGameSettings.cs(200,22): warning CS8618: 在退出构造函数时，不可为 null 的 属性 "ConflictKeyBindingActionId" 必须包含非 null 值。请考虑添加 "required" 修饰符或将该 属性 声明为可为 null。 [E:\Program Files\better-genshin-impact-LCB\BetterGenshinImpact\BetterGenshinImpact.csproj]
E:\Program Files\better-genshin-impact-LCB\BetterGenshinImpact\Genshin\Settings2\GenshinGameSettings.cs(206,19): warning CS8618: 在退出构造函数时，不可为 null 的 属性 "LastSeenSettingResourceTabScriptVersion" 必须包含非 null 值。请考虑添加 "required" 修饰符或将该 属性 声明为可为 null。 [E:\Program Files\better-genshin-impact-LCB\BetterGenshinImpact\BetterGenshinImpact.csproj]
E:\Program Files\better-genshin-impact-LCB\BetterGenshinImpact\Genshin\Settings2\GenshinGameSettings.cs(251,25): warning CS8618: 在退出构造函数时，不可为 null 的 属性 "MtrBanReasons" 必须包含非 null 值。请考虑添加 "required" 修饰符或将该 属性 声明为可为 null。 [E:\Program Files\better-genshin-impact-LCB\BetterGenshinImpact\BetterGenshinImpact.csproj]
E:\Program Files\better-genshin-impact-LCB\BetterGenshinImpact\Genshin\Settings2\GenshinGameSettings.cs(254,25): warning CS8618: 在退出构造函数时，不可为 null 的 属性 "CustomDataKeyList" 必须包含非 null 值。请考虑添加 "required" 修饰符或将该 属性 声明为可为 null。 [E:\Program Files\better-genshin-impact-LCB\BetterGenshinImpact\BetterGenshinImpact.csproj]
E:\Program Files\better-genshin-impact-LCB\BetterGenshinImpact\Genshin\Settings2\GenshinGameSettings.cs(257,25): warning CS8618: 在退出构造函数时，不可为 null 的 属性 "CustomDataValueList" 必须包含非 null 值。请考虑添加 "required" 修饰符或将该 属性 声明为可为 null。 [E:\Program Files\better-genshin-impact-LCB\BetterGenshinImpact\BetterGenshinImpact.csproj]
E:\Program Files\better-genshin-impact-LCB\BetterGenshinImpact\Genshin\Settings2\GenshinGameSettings.cs(260,22): warning CS8618: 在退出构造函数时，不可为 null 的 属性 "SerializedCodeSwitches" 必须包含非 null 值。请考虑添加 "required" 修饰符或将该 属性 声明为可为 null。 [E:\Program Files\better-genshin-impact-LCB\BetterGenshinImpact\BetterGenshinImpact.csproj]
E:\Program Files\better-genshin-impact-LCB\BetterGenshinImpact\Genshin\Settings2\GenshinGameSettings.cs(290,25): warning CS8618: 在退出构造函数时，不可为 null 的 属性 "UrlCheckBanReasons" 必须包含非 null 值。请考虑添加 "required" 修饰符或将该 属性 声明为可为 null。 [E:\Program Files\better-genshin-impact-LCB\BetterGenshinImpact\BetterGenshinImpact.csproj]
E:\Program Files\better-genshin-impact-LCB\BetterGenshinImpact\Genshin\Settings2\GenshinGameSettings.cs(296,19): warning CS8618: 在退出构造函数时，不可为 null 的 属性 "GreyTestDeviceUniqueId" 必须包含非 null 值。请考虑添加 "required" 修饰符或将该 属性 声明为可为 null。 [E:\Program Files\better-genshin-impact-LCB\BetterGenshinImpact\BetterGenshinImpact.csproj]
E:\Program Files\better-genshin-impact-LCB\BetterGenshinImpact\Genshin\Settings2\GenshinGameInputSettings.cs(8,19): warning CS8618: 在退出构造函数时，不可为 null 的 属性 "ScriptVersion" 必须包含非 null 值。请考虑添加 "required" 修饰符或将该 属性 声明为可为 null。 [E:\Program Files\better-genshin-impact-LCB\BetterGenshinImpact\BetterGenshinImpact.csproj]
E:\Program Files\better-genshin-impact-LCB\BetterGenshinImpact\Genshin\Settings2\GenshinGameInputSettings.cs(11,19): warning CS8618: 在退出构造函数时，不可为 null 的 属性 "MouseSensitivity" 必须包含非 null 值。请考虑添加 "required" 修饰符或将该 属性 声明为可为 null。 [E:\Program Files\better-genshin-impact-LCB\BetterGenshinImpact\BetterGenshinImpact.csproj]
E:\Program Files\better-genshin-impact-LCB\BetterGenshinImpact\GameTask\UseRedeemCode\AutoRedeemCodeChecker.cs(279,30): warning CS8604: “IEnumerable<RedeemCode> Enumerable.Select<string, RedeemCode>(IEnumerable<string> source, Func<string, RedeemCode> selector)”中的形参“source”可能传入 null 引用实参。 [E:\Program Files\better-genshin-impact-LCB\BetterGenshinImpact\BetterGenshinImpact.csproj]
E:\Program Files\better-genshin-impact-LCB\BetterGenshinImpact\Core\Recognition\OpenCv\MatchTemplateHelper.cs(215,68): warning CS8604: “InputArray.implicit operator InputArray(Mat mat)”中的形参“mat”可能传入 null 引用实参。 [E:\Program Files\better-genshin-impact-LCB\BetterGenshinImpact\BetterGenshinImpact.csproj]
E:\Program Files\better-genshin-impact-LCB\BetterGenshinImpact\Helpers\Win32\ConsoleHelper.cs(91,28): warning CS0618: “FileStream.FileStream(nint, FileAccess)”已过时:“This constructor has been deprecated. Use FileStream(SafeFileHandle handle, FileAccess access) instead.” [E:\Program Files\better-genshin-impact-LCB\BetterGenshinImpact\BetterGenshinImpact.csproj]
E:\Program Files\better-genshin-impact-LCB\BetterGenshinImpact\Helpers\Win32\ConsoleHelper.cs(97,28): warning CS0618: “FileStream.FileStream(nint, FileAccess)”已过时:“This constructor has been deprecated. Use FileStream(SafeFileHandle handle, FileAccess access) instead.” [E:\Program Files\better-genshin-impact-LCB\BetterGenshinImpact\BetterGenshinImpact.csproj]
E:\Program Files\better-genshin-impact-LCB\BetterGenshinImpact\Helpers\Win32\ConsoleHelper.cs(103,27): warning CS0618: “FileStream.FileStream(nint, FileAccess)”已过时:“This constructor has been deprecated. Use FileStream(SafeFileHandle handle, FileAccess access) instead.” [E:\Program Files\better-genshin-impact-LCB\BetterGenshinImpact\BetterGenshinImpact.csproj]
E:\Program Files\better-genshin-impact-LCB\BetterGenshinImpact\GameTask\TaskTriggerDispatcher.cs(74,16): warning CS8618: 在退出构造函数时，不可为 null 的 字段 "_winEventProc" 必须包含非 null 值。请考虑添加 "required" 修饰符或将该 字段 声明为可为 null。 [E:\Program Files\better-genshin-impact-LCB\BetterGenshinImpact\BetterGenshinImpact.csproj]
E:\Program Files\better-genshin-impact-LCB\BetterGenshinImpact\Model\EnumItem.cs(8,14): warning CS8618: 在退出构造函数时，不可为 null 的 属性 "Value" 必须包含非 null 值。请考虑添加 "required" 修饰符或将该 属性 声明为可为 null。 [E:\Program Files\better-genshin-impact-LCB\BetterGenshinImpact\BetterGenshinImpact.csproj]
E:\Program Files\better-genshin-impact-LCB\BetterGenshinImpact\Model\EnumItem.cs(9,19): warning CS8618: 在退出构造函数时，不可为 null 的 属性 "DisplayName" 必须包含非 null 值。请考虑添加 "required" 修饰符或将该 属性 声明为可为 null。 [E:\Program Files\better-genshin-impact-LCB\BetterGenshinImpact\BetterGenshinImpact.csproj]
E:\Program Files\better-genshin-impact-LCB\BetterGenshinImpact\Service\UpdateService.cs(131,25): warning CS0162: 检测到无法访问的代码 [E:\Program Files\better-genshin-impact-LCB\BetterGenshinImpact\BetterGenshinImpact.csproj]
E:\Program Files\better-genshin-impact-LCB\BetterGenshinImpact\GameTask\AutoDomain\AutoDomainTask.cs(168,64): warning CS8604: “CombatScriptBag CombatScriptParser.ReadAndParse(string path)”中的形参“path”可能传入 null 引用实参。 [E:\Program Files\better-genshin-impact-LCB\BetterGenshinImpact\BetterGenshinImpact.csproj]
E:\Program Files\better-genshin-impact-LCB\BetterGenshinImpact\Model\HotKeySettingModel.cs(70,12): warning CS8618: 在退出构造函数时，不可为 null 的 字段 "_hotKeyTypeName" 必须包含非 null 值。请考虑添加 "required" 修饰符或将该 字段 声明为可为 null。 [E:\Program Files\better-genshin-impact-LCB\BetterGenshinImpact\BetterGenshinImpact.csproj]
E:\Program Files\better-genshin-impact-LCB\BetterGenshinImpact\Model\HotKeySettingModel.cs(70,12): warning CS8618: 在退出构造函数时，不可为 null 的 属性 "ConfigPropertyName" 必须包含非 null 值。请考虑添加 "required" 修饰符或将该 属性 声明为可为 null。 [E:\Program Files\better-genshin-impact-LCB\BetterGenshinImpact\BetterGenshinImpact.csproj]
E:\Program Files\better-genshin-impact-LCB\BetterGenshinImpact\GameTask\AutoBoss\AutoBossTask.cs(857,30): warning CS8602: 解引用可能出现空引用。 [E:\Program Files\better-genshin-impact-LCB\BetterGenshinImpact\BetterGenshinImpact.csproj]
E:\Program Files\better-genshin-impact-LCB\BetterGenshinImpact\GameTask\AutoBoss\AutoBossTask.cs(858,13): warning CS8602: 解引用可能出现空引用。 [E:\Program Files\better-genshin-impact-LCB\BetterGenshinImpact\BetterGenshinImpact.csproj]
E:\Program Files\better-genshin-impact-LCB\BetterGenshinImpact\Core\Script\Dependence\GlobalMethod.cs(291,13): warning CS4014: 由于此调用不会等待，因此在此调用完成之前将会继续执行当前方法。请考虑将 "await" 运算符应用于调用结果。 [E:\Program Files\better-genshin-impact-LCB\BetterGenshinImpact\BetterGenshinImpact.csproj]
E:\Program Files\better-genshin-impact-LCB\BetterGenshinImpact\Core\Script\Dependence\GlobalMethod.cs(293,13): warning CS4014: 由于此调用不会等待，因此在此调用完成之前将会继续执行当前方法。请考虑将 "await" 运算符应用于调用结果。 [E:\Program Files\better-genshin-impact-LCB\BetterGenshinImpact\BetterGenshinImpact.csproj]
E:\Program Files\better-genshin-impact-LCB\BetterGenshinImpact\Core\Script\Dependence\GlobalMethod.cs(297,13): warning CS4014: 由于此调用不会等待，因此在此调用完成之前将会继续执行当前方法。请考虑将 "await" 运算符应用于调用结果。 [E:\Program Files\better-genshin-impact-LCB\BetterGenshinImpact\BetterGenshinImpact.csproj]
E:\Program Files\better-genshin-impact-LCB\BetterGenshinImpact\Helpers\Ui\FileTreeNodeHelper.cs(93,60): warning CS8620: 由于引用类型的可为 null 性差异，List<string?> 类型的实参不能用于 ObservableCollection<FileTreeNode<T>> FilterNodes(ObservableCollection<FileTreeNode<T>> inputNodes, List<string> paths) 中 List<string> 类型的形参 paths。 [E:\Program Files\better-genshin-impact-LCB\BetterGenshinImpact\BetterGenshinImpact.csproj]
E:\Program Files\better-genshin-impact-LCB\BetterGenshinImpact\Core\Script\Dependence\Dispatcher.cs(183,81): warning CS8600: 将 null 文本或可能的 null 值转换为不可为 null 类型。 [E:\Program Files\better-genshin-impact-LCB\BetterGenshinImpact\BetterGenshinImpact.csproj]
E:\Program Files\better-genshin-impact-LCB\BetterGenshinImpact\Core\Script\Dependence\Dispatcher.cs(183,81): warning CS8604: “string ScriptObjectConverter.GetValue<string>(ScriptObject source, string propertyName, string defaultValue)”中的形参“source”可能传入 null 引用实参。 [E:\Program Files\better-genshin-impact-LCB\BetterGenshinImpact\BetterGenshinImpact.csproj]
E:\Program Files\better-genshin-impact-LCB\BetterGenshinImpact\Model\KeyBindingSettingModel.cs(36,12): warning CS8618: 在退出构造函数时，不可为 null 的 属性 "ConfigPropertyName" 必须包含非 null 值。请考虑添加 "required" 修饰符或将该 属性 声明为可为 null。 [E:\Program Files\better-genshin-impact-LCB\BetterGenshinImpact\BetterGenshinImpact.csproj]
E:\Program Files\better-genshin-impact-LCB\BetterGenshinImpact\Service\ScriptService.cs(243,48): warning CS8602: 解引用可能出现空引用。 [E:\Program Files\better-genshin-impact-LCB\BetterGenshinImpact\BetterGenshinImpact.csproj]
E:\Program Files\better-genshin-impact-LCB\BetterGenshinImpact\Service\ScriptService.cs(354,66): warning CS8604: “void TaskProgressManager.SaveTaskProgress(TaskProgress taskProgress)”中的形参“taskProgress”可能传入 null 引用实参。 [E:\Program Files\better-genshin-impact-LCB\BetterGenshinImpact\BetterGenshinImpact.csproj]
E:\Program Files\better-genshin-impact-LCB\BetterGenshinImpact\Service\ScriptService.cs(450,70): warning CS8604: “void TaskProgressManager.SaveTaskProgress(TaskProgress taskProgress)”中的形参“taskProgress”可能传入 null 引用实参。 [E:\Program Files\better-genshin-impact-LCB\BetterGenshinImpact\BetterGenshinImpact.csproj]
E:\Program Files\better-genshin-impact-LCB\BetterGenshinImpact\Service\ScriptService.cs(397,55): warning CS0168: 声明了变量“e”，但从未使用过 [E:\Program Files\better-genshin-impact-LCB\BetterGenshinImpact\BetterGenshinImpact.csproj]
E:\Program Files\better-genshin-impact-LCB\BetterGenshinImpact\GameTask\AutoDomain\AutoDomainTask.cs(783,30): warning CS8602: 解引用可能出现空引用。 [E:\Program Files\better-genshin-impact-LCB\BetterGenshinImpact\BetterGenshinImpact.csproj]
E:\Program Files\better-genshin-impact-LCB\BetterGenshinImpact\GameTask\AutoDomain\AutoDomainTask.cs(784,48): warning CS8602: 解引用可能出现空引用。 [E:\Program Files\better-genshin-impact-LCB\BetterGenshinImpact\BetterGenshinImpact.csproj]
E:\Program Files\better-genshin-impact-LCB\BetterGenshinImpact\View\Behavior\RightClickSelectBehavior.cs(42,57): warning CS8604: “TreeViewItem RightClickSelectBehavior.VisualUpwardSearch<TreeViewItem>(DependencyObject source)”中的形参“source”可能传入 null 引用实参。 [E:\Program Files\better-genshin-impact-LCB\BetterGenshinImpact\BetterGenshinImpact.csproj]
E:\Program Files\better-genshin-impact-LCB\BetterGenshinImpact\View\Behavior\RightClickSelectBehavior.cs(57,16): warning CS8603: 可能返回 null 引用。 [E:\Program Files\better-genshin-impact-LCB\BetterGenshinImpact\BetterGenshinImpact.csproj]
E:\Program Files\better-genshin-impact-LCB\BetterGenshinImpact\View\Controls\PointsCanvas.cs(195,44): warning CS8622: “void PointsCanvas.OnPointPropertyChanged(object sender, PropertyChangedEventArgs e)”的参数“sender”类型中引用类型的为 Null 性与目标委托“PropertyChangedEventHandler”不匹配(可能是由于为 Null 性特性)。 [E:\Program Files\better-genshin-impact-LCB\BetterGenshinImpact\BetterGenshinImpact.csproj]
E:\Program Files\better-genshin-impact-LCB\BetterGenshinImpact\View\Controls\PointsCanvas.cs(203,44): warning CS8622: “void PointsCanvas.OnPointPropertyChanged(object sender, PropertyChangedEventArgs e)”的参数“sender”类型中引用类型的为 Null 性与目标委托“PropertyChangedEventHandler”不匹配(可能是由于为 Null 性特性)。 [E:\Program Files\better-genshin-impact-LCB\BetterGenshinImpact\BetterGenshinImpact.csproj]
E:\Program Files\better-genshin-impact-LCB\BetterGenshinImpact\ViewModel\MainWindowViewModel.cs(673,37): warning CS1998: 此异步方法缺少 "await" 运算符，将以同步方式运行。请考虑使用 "await" 运算符等待非阻止的 API 调用，或者使用 "await Task.Run(...)" 在后台线程上执行占用大量 CPU 的工作。 [E:\Program Files\better-genshin-impact-LCB\BetterGenshinImpact\BetterGenshinImpact.csproj]
E:\Program Files\better-genshin-impact-LCB\BetterGenshinImpact\Service\RecognitionTemplateEditorService.cs(231,17): warning CS8602: 解引用可能出现空引用。 [E:\Program Files\better-genshin-impact-LCB\BetterGenshinImpact\BetterGenshinImpact.csproj]
E:\Program Files\better-genshin-impact-LCB\BetterGenshinImpact\View\Controls\PointsCanvas.cs(513,20): warning CS8603: 可能返回 null 引用。 [E:\Program Files\better-genshin-impact-LCB\BetterGenshinImpact\BetterGenshinImpact.csproj]
E:\Program Files\better-genshin-impact-LCB\BetterGenshinImpact\View\Controls\PointsCanvas.cs(549,16): warning CS8603: 可能返回 null 引用。 [E:\Program Files\better-genshin-impact-LCB\BetterGenshinImpact\BetterGenshinImpact.csproj]
E:\Program Files\better-genshin-impact-LCB\BetterGenshinImpact\View\Controls\PointsCanvas.cs(564,42): warning CS8622: “void PointsCanvas.OnPointsCollectionChanged(object sender, NotifyCollectionChangedEventArgs e)”的参数“sender”类型中引用类型的为 Null 性与目标委托“NotifyCollectionChangedEventHandler”不匹配(可能是由于为 Null 性特性)。 [E:\Program Files\better-genshin-impact-LCB\BetterGenshinImpact\BetterGenshinImpact.csproj]
E:\Program Files\better-genshin-impact-LCB\BetterGenshinImpact\View\Controls\PointsCanvas.cs(575,42): warning CS8622: “void PointsCanvas.OnPointsCollectionChanged(object sender, NotifyCollectionChangedEventArgs e)”的参数“sender”类型中引用类型的为 Null 性与目标委托“NotifyCollectionChangedEventHandler”不匹配(可能是由于为 Null 性特性)。 [E:\Program Files\better-genshin-impact-LCB\BetterGenshinImpact\BetterGenshinImpact.csproj]
E:\Program Files\better-genshin-impact-LCB\BetterGenshinImpact\View\Controls\CascadeSelector.xaml.cs(229,9): warning CS8602: 解引用可能出现空引用。 [E:\Program Files\better-genshin-impact-LCB\BetterGenshinImpact\BetterGenshinImpact.csproj]
E:\Program Files\better-genshin-impact-LCB\BetterGenshinImpact\GameTask\AutoEat\AutoEatTask.cs(101,39): warning CS8600: 将 null 文本或可能的 null 值转换为不可为 null 类型。 [E:\Program Files\better-genshin-impact-LCB\BetterGenshinImpact\BetterGenshinImpact.csproj]
E:\Program Files\better-genshin-impact-LCB\BetterGenshinImpact\GameTask\SystemControl.cs(452,26): warning CS8602: 解引用可能出现空引用。 [E:\Program Files\better-genshin-impact-LCB\BetterGenshinImpact\BetterGenshinImpact.csproj]
E:\Program Files\better-genshin-impact-LCB\BetterGenshinImpact\View\Windows\CheckUpdateWindow.xaml.cs(222,9): warning CS0162: 检测到无法访问的代码 [E:\Program Files\better-genshin-impact-LCB\BetterGenshinImpact\BetterGenshinImpact.csproj]
E:\Program Files\better-genshin-impact-LCB\BetterGenshinImpact\View\Windows\ArtifactOcrDialog.xaml.cs(106,24): warning CS1998: 此异步方法缺少 "await" 运算符，将以同步方式运行。请考虑使用 "await" 运算符等待非阻止的 API 调用，或者使用 "await Task.Run(...)" 在后台线程上执行占用大量 CPU 的工作。 [E:\Program Files\better-genshin-impact-LCB\BetterGenshinImpact\BetterGenshinImpact.csproj]
E:\Program Files\better-genshin-impact-LCB\BetterGenshinImpact\Service\Execution\SuspendContextCapture.cs(87,31): warning CS8601: 可能的 null 引用赋值。 [E:\Program Files\better-genshin-impact-LCB\BetterGenshinImpact\BetterGenshinImpact.csproj]
E:\Program Files\better-genshin-impact-LCB\BetterGenshinImpact\ViewModel\Windows\MapViewerViewModel.cs(45,12): warning CS8618: 在退出构造函数时，不可为 null 的 字段 "_mapImage" 必须包含非 null 值。请考虑添加 "required" 修饰符或将该 字段 声明为可为 null。 [E:\Program Files\better-genshin-impact-LCB\BetterGenshinImpact\BetterGenshinImpact.csproj]
E:\Program Files\better-genshin-impact-LCB\BetterGenshinImpact\GameTask\AutoFight\AllExpDetector.cs(93,51): warning CS8604: “InputArray.implicit operator InputArray(Mat mat)”中的形参“mat”可能传入 null 引用实参。 [E:\Program Files\better-genshin-impact-LCB\BetterGenshinImpact\BetterGenshinImpact.csproj]
E:\Program Files\better-genshin-impact-LCB\BetterGenshinImpact\View\Pages\CommonSettingsPage.xaml.cs(161,29): warning CS8604: “int int.Parse(string s)”中的形参“s”可能传入 null 引用实参。 [E:\Program Files\better-genshin-impact-LCB\BetterGenshinImpact\BetterGenshinImpact.csproj]
E:\Program Files\better-genshin-impact-LCB\BetterGenshinImpact\View\Pages\CommonSettingsPage.xaml.cs(134,24): warning CS1998: 此异步方法缺少 "await" 运算符，将以同步方式运行。请考虑使用 "await" 运算符等待非阻止的 API 调用，或者使用 "await Task.Run(...)" 在后台线程上执行占用大量 CPU 的工作。 [E:\Program Files\better-genshin-impact-LCB\BetterGenshinImpact\BetterGenshinImpact.csproj]
E:\Program Files\better-genshin-impact-LCB\BetterGenshinImpact\GameTask\SkillCd\SkillCdConfig.cs(147,20): warning CS8618: 在退出构造函数时，不可为 null 的 字段 "_roleName" 必须包含非 null 值。请考虑添加 "required" 修饰符或将该 字段 声明为可为 null。 [E:\Program Files\better-genshin-impact-LCB\BetterGenshinImpact\BetterGenshinImpact.csproj]
E:\Program Files\better-genshin-impact-LCB\BetterGenshinImpact\GameTask\SkillCd\SkillCdConfig.cs(150,20): warning CS8618: 在退出构造函数时，不可为 null 的 字段 "_cdValueText" 必须包含非 null 值。请考虑添加 "required" 修饰符或将该 字段 声明为可为 null。 [E:\Program Files\better-genshin-impact-LCB\BetterGenshinImpact\BetterGenshinImpact.csproj]
E:\Program Files\better-genshin-impact-LCB\BetterGenshinImpact\GameTask\AutoFightOfficial\Script\ConditionEvaluator.cs(590,42): warning CS0612: “AutoFightSkill.AvatarQSkillAsync(ImageRegion?, List<int>?, int?)”已过时 [E:\Program Files\better-genshin-impact-LCB\BetterGenshinImpact\BetterGenshinImpact.csproj]
E:\Program Files\better-genshin-impact-LCB\BetterGenshinImpact\GameTask\AutoFightOfficial\Script\ConditionEvaluator.cs(598,39): warning CS0612: “AutoFightSkill.AvatarQSkillAsync(ImageRegion?, List<int>?, int?)”已过时 [E:\Program Files\better-genshin-impact-LCB\BetterGenshinImpact\BetterGenshinImpact.csproj]
E:\Program Files\better-genshin-impact-LCB\BetterGenshinImpact\GameTask\AutoFishing\Behaviours.PartII.cs(480,47): warning CS1998: 此异步方法缺少 "await" 运算符，将以同步方式运行。请考虑使用 "await" 运算符等待非阻止的 API 调用，或者使用 "await Task.Run(...)" 在后台线程上执行占用大量 CPU 的工作。 [E:\Program Files\better-genshin-impact-LCB\BetterGenshinImpact\BetterGenshinImpact.csproj]
E:\Program Files\better-genshin-impact-LCB\BetterGenshinImpact\GameTask\AutoFight\Script\ConditionEvaluator.cs(607,42): warning CS0612: “AutoFightSkill.AvatarQSkillAsync(ImageRegion?, List<int>?, int?)”已过时 [E:\Program Files\better-genshin-impact-LCB\BetterGenshinImpact\BetterGenshinImpact.csproj]
E:\Program Files\better-genshin-impact-LCB\BetterGenshinImpact\GameTask\AutoFight\Script\ConditionEvaluator.cs(615,39): warning CS0612: “AutoFightSkill.AvatarQSkillAsync(ImageRegion?, List<int>?, int?)”已过时 [E:\Program Files\better-genshin-impact-LCB\BetterGenshinImpact\BetterGenshinImpact.csproj]
E:\Program Files\better-genshin-impact-LCB\BetterGenshinImpact\GameTask\AutoFishing\Behaviours.PartII.cs(445,47): warning CS1998: 此异步方法缺少 "await" 运算符，将以同步方式运行。请考虑使用 "await" 运算符等待非阻止的 API 调用，或者使用 "await Task.Run(...)" 在后台线程上执行占用大量 CPU 的工作。 [E:\Program Files\better-genshin-impact-LCB\BetterGenshinImpact\BetterGenshinImpact.csproj]
E:\Program Files\better-genshin-impact-LCB\BetterGenshinImpact\GameTask\AutoFishing\Behaviours.PartII.cs(414,47): warning CS1998: 此异步方法缺少 "await" 运算符，将以同步方式运行。请考虑使用 "await" 运算符等待非阻止的 API 调用，或者使用 "await Task.Run(...)" 在后台线程上执行占用大量 CPU 的工作。 [E:\Program Files\better-genshin-impact-LCB\BetterGenshinImpact\BetterGenshinImpact.csproj]
E:\Program Files\better-genshin-impact-LCB\BetterGenshinImpact\GameTask\AutoFishing\Behaviours.PartII.cs(380,47): warning CS1998: 此异步方法缺少 "await" 运算符，将以同步方式运行。请考虑使用 "await" 运算符等待非阻止的 API 调用，或者使用 "await Task.Run(...)" 在后台线程上执行占用大量 CPU 的工作。 [E:\Program Files\better-genshin-impact-LCB\BetterGenshinImpact\BetterGenshinImpact.csproj]
E:\Program Files\better-genshin-impact-LCB\BetterGenshinImpact\GameTask\AutoFishing\Behaviours.PartII.cs(328,47): warning CS1998: 此异步方法缺少 "await" 运算符，将以同步方式运行。请考虑使用 "await" 运算符等待非阻止的 API 调用，或者使用 "await Task.Run(...)" 在后台线程上执行占用大量 CPU 的工作。 [E:\Program Files\better-genshin-impact-LCB\BetterGenshinImpact\BetterGenshinImpact.csproj]
E:\Program Files\better-genshin-impact-LCB\BetterGenshinImpact\GameTask\AutoFishing\Behaviours.PartII.cs(238,47): warning CS1998: 此异步方法缺少 "await" 运算符，将以同步方式运行。请考虑使用 "await" 运算符等待非阻止的 API 调用，或者使用 "await Task.Run(...)" 在后台线程上执行占用大量 CPU 的工作。 [E:\Program Files\better-genshin-impact-LCB\BetterGenshinImpact\BetterGenshinImpact.csproj]
E:\Program Files\better-genshin-impact-LCB\BetterGenshinImpact\Service\OneDragon\OneDragonConfigReferenceService.cs(327,81): warning CS8604: “bool List<string>.Contains(string item)”中的形参“item”可能传入 null 引用实参。 [E:\Program Files\better-genshin-impact-LCB\BetterGenshinImpact\BetterGenshinImpact.csproj]
E:\Program Files\better-genshin-impact-LCB\BetterGenshinImpact\Service\OneDragon\OneDragonConfigReferenceService.cs(334,41): warning CS8604: “bool List<string>.Contains(string item)”中的形参“item”可能传入 null 引用实参。 [E:\Program Files\better-genshin-impact-LCB\BetterGenshinImpact\BetterGenshinImpact.csproj]
E:\Program Files\better-genshin-impact-LCB\BetterGenshinImpact\GameTask\AutoFishing\Behaviours.PartII.cs(136,47): warning CS1998: 此异步方法缺少 "await" 运算符，将以同步方式运行。请考虑使用 "await" 运算符等待非阻止的 API 调用，或者使用 "await Task.Run(...)" 在后台线程上执行占用大量 CPU 的工作。 [E:\Program Files\better-genshin-impact-LCB\BetterGenshinImpact\BetterGenshinImpact.csproj]
E:\Program Files\better-genshin-impact-LCB\BetterGenshinImpact\GameTask\AutoFight\Script\CombatScriptExecutor.cs(24,30): warning CS1998: 此异步方法缺少 "await" 运算符，将以同步方式运行。请考虑使用 "await" 运算符等待非阻止的 API 调用，或者使用 "await Task.Run(...)" 在后台线程上执行占用大量 CPU 的工作。 [E:\Program Files\better-genshin-impact-LCB\BetterGenshinImpact\BetterGenshinImpact.csproj]
E:\Program Files\better-genshin-impact-LCB\BetterGenshinImpact\GameTask\AutoFishing\Behaviours.PartII.cs(99,47): warning CS1998: 此异步方法缺少 "await" 运算符，将以同步方式运行。请考虑使用 "await" 运算符等待非阻止的 API 调用，或者使用 "await Task.Run(...)" 在后台线程上执行占用大量 CPU 的工作。 [E:\Program Files\better-genshin-impact-LCB\BetterGenshinImpact\BetterGenshinImpact.csproj]
E:\Program Files\better-genshin-impact-LCB\BetterGenshinImpact\GameTask\AutoFishing\Behaviours.PartII.cs(60,47): warning CS1998: 此异步方法缺少 "await" 运算符，将以同步方式运行。请考虑使用 "await" 运算符等待非阻止的 API 调用，或者使用 "await Task.Run(...)" 在后台线程上执行占用大量 CPU 的工作。 [E:\Program Files\better-genshin-impact-LCB\BetterGenshinImpact\BetterGenshinImpact.csproj]
E:\Program Files\better-genshin-impact-LCB\BetterGenshinImpact\Service\OneDragon\OneDragonAccountCapability.cs(114,47): warning CS8604: “bool string.Contains(string value)”中的形参“value”可能传入 null 引用实参。 [E:\Program Files\better-genshin-impact-LCB\BetterGenshinImpact\BetterGenshinImpact.csproj]
E:\Program Files\better-genshin-impact-LCB\BetterGenshinImpact\GameTask\AutoFightOfficial\Script\CombatScriptExecutor.cs(24,30): warning CS1998: 此异步方法缺少 "await" 运算符，将以同步方式运行。请考虑使用 "await" 运算符等待非阻止的 API 调用，或者使用 "await Task.Run(...)" 在后台线程上执行占用大量 CPU 的工作。 [E:\Program Files\better-genshin-impact-LCB\BetterGenshinImpact\BetterGenshinImpact.csproj]
E:\Program Files\better-genshin-impact-LCB\BetterGenshinImpact\GameTask\AutoFishing\Behaviours.cs(1417,47): warning CS1998: 此异步方法缺少 "await" 运算符，将以同步方式运行。请考虑使用 "await" 运算符等待非阻止的 API 调用，或者使用 "await Task.Run(...)" 在后台线程上执行占用大量 CPU 的工作。 [E:\Program Files\better-genshin-impact-LCB\BetterGenshinImpact\BetterGenshinImpact.csproj]
E:\Program Files\better-genshin-impact-LCB\BetterGenshinImpact\GameTask\AutoFight\Script\CombatCommand.cs(25,12): warning CS8618: 在退出构造函数时，不可为 null 的 属性 "ActivatingRound" 必须包含非 null 值。请考虑添加 "required" 修饰符或将该 属性 声明为可为 null。 [E:\Program Files\better-genshin-impact-LCB\BetterGenshinImpact\BetterGenshinImpact.csproj]
E:\Program Files\better-genshin-impact-LCB\BetterGenshinImpact\GameTask\RunnerContext.cs(154,18): warning CS8602: 解引用可能出现空引用。 [E:\Program Files\better-genshin-impact-LCB\BetterGenshinImpact\BetterGenshinImpact.csproj]
E:\Program Files\better-genshin-impact-LCB\BetterGenshinImpact\GameTask\AutoFight\Script\CombatCommand.cs(125,17): warning CS8604: “void CombatCommand.Execute(Avatar avatar)”中的形参“avatar”可能传入 null 引用实参。 [E:\Program Files\better-genshin-impact-LCB\BetterGenshinImpact\BetterGenshinImpact.csproj]
E:\Program Files\better-genshin-impact-LCB\BetterGenshinImpact\GameTask\AutoFishing\Behaviours.cs(1374,47): warning CS1998: 此异步方法缺少 "await" 运算符，将以同步方式运行。请考虑使用 "await" 运算符等待非阻止的 API 调用，或者使用 "await Task.Run(...)" 在后台线程上执行占用大量 CPU 的工作。 [E:\Program Files\better-genshin-impact-LCB\BetterGenshinImpact\BetterGenshinImpact.csproj]
E:\Program Files\better-genshin-impact-LCB\BetterGenshinImpact\GameTask\AutoFishing\Behaviours.cs(1197,47): warning CS1998: 此异步方法缺少 "await" 运算符，将以同步方式运行。请考虑使用 "await" 运算符等待非阻止的 API 调用，或者使用 "await Task.Run(...)" 在后台线程上执行占用大量 CPU 的工作。 [E:\Program Files\better-genshin-impact-LCB\BetterGenshinImpact\BetterGenshinImpact.csproj]
E:\Program Files\better-genshin-impact-LCB\BetterGenshinImpact\GameTask\AutoFightOfficial\Script\CombatCommand.cs(22,12): warning CS8618: 在退出构造函数时，不可为 null 的 属性 "ActivatingRound" 必须包含非 null 值。请考虑添加 "required" 修饰符或将该 属性 声明为可为 null。 [E:\Program Files\better-genshin-impact-LCB\BetterGenshinImpact\BetterGenshinImpact.csproj]
E:\Program Files\better-genshin-impact-LCB\BetterGenshinImpact\GameTask\AutoFishing\Behaviours.cs(1094,47): warning CS1998: 此异步方法缺少 "await" 运算符，将以同步方式运行。请考虑使用 "await" 运算符等待非阻止的 API 调用，或者使用 "await Task.Run(...)" 在后台线程上执行占用大量 CPU 的工作。 [E:\Program Files\better-genshin-impact-LCB\BetterGenshinImpact\BetterGenshinImpact.csproj]
E:\Program Files\better-genshin-impact-LCB\BetterGenshinImpact\GameTask\AutoFightOfficial\Script\CombatCommand.cs(122,17): warning CS8604: “void CombatCommand.Execute(Avatar avatar)”中的形参“avatar”可能传入 null 引用实参。 [E:\Program Files\better-genshin-impact-LCB\BetterGenshinImpact\BetterGenshinImpact.csproj]
E:\Program Files\better-genshin-impact-LCB\BetterGenshinImpact\GameTask\AutoFishing\Behaviours.cs(1036,47): warning CS1998: 此异步方法缺少 "await" 运算符，将以同步方式运行。请考虑使用 "await" 运算符等待非阻止的 API 调用，或者使用 "await Task.Run(...)" 在后台线程上执行占用大量 CPU 的工作。 [E:\Program Files\better-genshin-impact-LCB\BetterGenshinImpact\BetterGenshinImpact.csproj]
E:\Program Files\better-genshin-impact-LCB\BetterGenshinImpact\GameTask\AutoFishing\Behaviours.cs(948,47): warning CS1998: 此异步方法缺少 "await" 运算符，将以同步方式运行。请考虑使用 "await" 运算符等待非阻止的 API 调用，或者使用 "await Task.Run(...)" 在后台线程上执行占用大量 CPU 的工作。 [E:\Program Files\better-genshin-impact-LCB\BetterGenshinImpact\BetterGenshinImpact.csproj]
E:\Program Files\better-genshin-impact-LCB\BetterGenshinImpact\GameTask\AutoFishing\Behaviours.cs(899,47): warning CS1998: 此异步方法缺少 "await" 运算符，将以同步方式运行。请考虑使用 "await" 运算符等待非阻止的 API 调用，或者使用 "await Task.Run(...)" 在后台线程上执行占用大量 CPU 的工作。 [E:\Program Files\better-genshin-impact-LCB\BetterGenshinImpact\BetterGenshinImpact.csproj]
E:\Program Files\better-genshin-impact-LCB\BetterGenshinImpact\GameTask\AutoFishing\Behaviours.cs(844,47): warning CS1998: 此异步方法缺少 "await" 运算符，将以同步方式运行。请考虑使用 "await" 运算符等待非阻止的 API 调用，或者使用 "await Task.Run(...)" 在后台线程上执行占用大量 CPU 的工作。 [E:\Program Files\better-genshin-impact-LCB\BetterGenshinImpact\BetterGenshinImpact.csproj]
E:\Program Files\better-genshin-impact-LCB\BetterGenshinImpact\GameTask\AutoFight\Model\PartyAvatarSideIndexHelper.cs(105,64): warning CS8602: 解引用可能出现空引用。 [E:\Program Files\better-genshin-impact-LCB\BetterGenshinImpact\BetterGenshinImpact.csproj]
E:\Program Files\better-genshin-impact-LCB\BetterGenshinImpact\GameTask\AutoFishing\Behaviours.cs(791,47): warning CS1998: 此异步方法缺少 "await" 运算符，将以同步方式运行。请考虑使用 "await" 运算符等待非阻止的 API 调用，或者使用 "await Task.Run(...)" 在后台线程上执行占用大量 CPU 的工作。 [E:\Program Files\better-genshin-impact-LCB\BetterGenshinImpact\BetterGenshinImpact.csproj]
E:\Program Files\better-genshin-impact-LCB\BetterGenshinImpact\GameTask\AutoFishing\Behaviours.cs(748,47): warning CS1998: 此异步方法缺少 "await" 运算符，将以同步方式运行。请考虑使用 "await" 运算符等待非阻止的 API 调用，或者使用 "await Task.Run(...)" 在后台线程上执行占用大量 CPU 的工作。 [E:\Program Files\better-genshin-impact-LCB\BetterGenshinImpact\BetterGenshinImpact.csproj]
E:\Program Files\better-genshin-impact-LCB\BetterGenshinImpact\Service\Execution\DurableSubmissionIdentityStore.cs(118,97): warning CS8620: 由于引用类型的可为 null 性差异，string?[] 类型的实参不能用于 byte[] DurableSubmissionIdentityStore.HashNames(string[] names) 中 string[] 类型的形参 names。 [E:\Program Files\better-genshin-impact-LCB\BetterGenshinImpact\BetterGenshinImpact.csproj]
E:\Program Files\better-genshin-impact-LCB\BetterGenshinImpact\GameTask\AutoFishing\Behaviours.cs(490,47): warning CS1998: 此异步方法缺少 "await" 运算符，将以同步方式运行。请考虑使用 "await" 运算符等待非阻止的 API 调用，或者使用 "await Task.Run(...)" 在后台线程上执行占用大量 CPU 的工作。 [E:\Program Files\better-genshin-impact-LCB\BetterGenshinImpact\BetterGenshinImpact.csproj]
E:\Program Files\better-genshin-impact-LCB\BetterGenshinImpact\GameTask\AutoFishing\Behaviours.cs(362,47): warning CS1998: 此异步方法缺少 "await" 运算符，将以同步方式运行。请考虑使用 "await" 运算符等待非阻止的 API 调用，或者使用 "await Task.Run(...)" 在后台线程上执行占用大量 CPU 的工作。 [E:\Program Files\better-genshin-impact-LCB\BetterGenshinImpact\BetterGenshinImpact.csproj]
E:\Program Files\better-genshin-impact-LCB\BetterGenshinImpact\Service\Execution\DurableSubmissionIdentityStore.cs(198,27): warning CS8620: 由于引用类型的可为 null 性差异，string?[] 类型的实参不能用于 byte[] DurableSubmissionIdentityStore.HashNames(string[] names) 中 string[] 类型的形参 names。 [E:\Program Files\better-genshin-impact-LCB\BetterGenshinImpact\BetterGenshinImpact.csproj]
E:\Program Files\better-genshin-impact-LCB\BetterGenshinImpact\View\Controls\Drawer\DrawerViewModel.cs(27,26): warning CS8618: 在退出构造函数时，不可为 null 的 字段 "_onDrawerOpenedCommand" 必须包含非 null 值。请考虑添加 "required" 修饰符或将该 字段 声明为可为 null。 [E:\Program Files\better-genshin-impact-LCB\BetterGenshinImpact\BetterGenshinImpact.csproj]
E:\Program Files\better-genshin-impact-LCB\BetterGenshinImpact\View\Controls\Drawer\DrawerViewModel.cs(30,43): warning CS8618: 在退出构造函数时，不可为 null 的 字段 "_onDrawerClosingCommand" 必须包含非 null 值。请考虑添加 "required" 修饰符或将该 字段 声明为可为 null。 [E:\Program Files\better-genshin-impact-LCB\BetterGenshinImpact\BetterGenshinImpact.csproj]
E:\Program Files\better-genshin-impact-LCB\BetterGenshinImpact\View\Controls\Drawer\CustomDrawer.cs(137,12): warning CS8618: 在退出构造函数时，不可为 null 的 事件 "Opened" 必须包含非 null 值。请考虑添加 "required" 修饰符或将该 事件 声明为可为 null。 [E:\Program Files\better-genshin-impact-LCB\BetterGenshinImpact\BetterGenshinImpact.csproj]
E:\Program Files\better-genshin-impact-LCB\BetterGenshinImpact\View\Controls\Drawer\CustomDrawer.cs(137,12): warning CS8618: 在退出构造函数时，不可为 null 的 事件 "Closing" 必须包含非 null 值。请考虑添加 "required" 修饰符或将该 事件 声明为可为 null。 [E:\Program Files\better-genshin-impact-LCB\BetterGenshinImpact\BetterGenshinImpact.csproj]
E:\Program Files\better-genshin-impact-LCB\BetterGenshinImpact\View\Controls\Drawer\CustomDrawer.cs(137,12): warning CS8618: 在退出构造函数时，不可为 null 的 字段 "_backgroundOverlay" 必须包含非 null 值。请考虑添加 "required" 修饰符或将该 字段 声明为可为 null。 [E:\Program Files\better-genshin-impact-LCB\BetterGenshinImpact\BetterGenshinImpact.csproj]
E:\Program Files\better-genshin-impact-LCB\BetterGenshinImpact\View\Controls\Drawer\CustomDrawer.cs(137,12): warning CS8618: 在退出构造函数时，不可为 null 的 字段 "_drawerContainer" 必须包含非 null 值。请考虑添加 "required" 修饰符或将该 字段 声明为可为 null。 [E:\Program Files\better-genshin-impact-LCB\BetterGenshinImpact\BetterGenshinImpact.csproj]
E:\Program Files\better-genshin-impact-LCB\BetterGenshinImpact\View\Controls\Drawer\CustomDrawer.cs(137,12): warning CS8618: 在退出构造函数时，不可为 null 的 字段 "_mainGrid" 必须包含非 null 值。请考虑添加 "required" 修饰符或将该 字段 声明为可为 null。 [E:\Program Files\better-genshin-impact-LCB\BetterGenshinImpact\BetterGenshinImpact.csproj]
E:\Program Files\better-genshin-impact-LCB\BetterGenshinImpact\View\Controls\Drawer\CustomDrawer.cs(146,21): warning CS8601: 可能的 null 引用赋值。 [E:\Program Files\better-genshin-impact-LCB\BetterGenshinImpact\BetterGenshinImpact.csproj]
E:\Program Files\better-genshin-impact-LCB\BetterGenshinImpact\View\Controls\Drawer\CustomDrawer.cs(147,30): warning CS8601: 可能的 null 引用赋值。 [E:\Program Files\better-genshin-impact-LCB\BetterGenshinImpact\BetterGenshinImpact.csproj]
E:\Program Files\better-genshin-impact-LCB\BetterGenshinImpact\View\Controls\Drawer\CustomDrawer.cs(148,28): warning CS8601: 可能的 null 引用赋值。 [E:\Program Files\better-genshin-impact-LCB\BetterGenshinImpact\BetterGenshinImpact.csproj]
E:\Program Files\better-genshin-impact-LCB\BetterGenshinImpact\GameTask\AutoFishing\Behaviours.cs(191,47): warning CS1998: 此异步方法缺少 "await" 运算符，将以同步方式运行。请考虑使用 "await" 运算符等待非阻止的 API 调用，或者使用 "await Task.Run(...)" 在后台线程上执行占用大量 CPU 的工作。 [E:\Program Files\better-genshin-impact-LCB\BetterGenshinImpact\BetterGenshinImpact.csproj]
E:\Program Files\better-genshin-impact-LCB\BetterGenshinImpact\View\Pages\OneDragonFlowPage.xaml.cs(40,38): warning CS8622: “void OneDragonFlowPage.ViewModel_PropertyChanged(object sender, PropertyChangedEventArgs e)”的参数“sender”类型中引用类型的为 Null 性与目标委托“PropertyChangedEventHandler”不匹配(可能是由于为 Null 性特性)。 [E:\Program Files\better-genshin-impact-LCB\BetterGenshinImpact\BetterGenshinImpact.csproj]
E:\Program Files\better-genshin-impact-LCB\BetterGenshinImpact\View\Pages\OneDragonFlowPage.xaml.cs(130,38): warning CS8625: 无法将 null 字面量转换为非 null 的引用类型。 [E:\Program Files\better-genshin-impact-LCB\BetterGenshinImpact\BetterGenshinImpact.csproj]
E:\Program Files\better-genshin-impact-LCB\BetterGenshinImpact\View\Pages\OneDragonFlowPage.xaml.cs(154,16): warning CS8603: 可能返回 null 引用。 [E:\Program Files\better-genshin-impact-LCB\BetterGenshinImpact\BetterGenshinImpact.csproj]
E:\Program Files\better-genshin-impact-LCB\BetterGenshinImpact\View\Pages\OneDragonFlowPage.xaml.cs(176,36): warning CS8603: 可能返回 null 引用。 [E:\Program Files\better-genshin-impact-LCB\BetterGenshinImpact\BetterGenshinImpact.csproj]
E:\Program Files\better-genshin-impact-LCB\BetterGenshinImpact\GameTask\AutoFishing\Behaviours.cs(86,47): warning CS1998: 此异步方法缺少 "await" 运算符，将以同步方式运行。请考虑使用 "await" 运算符等待非阻止的 API 调用，或者使用 "await Task.Run(...)" 在后台线程上执行占用大量 CPU 的工作。 [E:\Program Files\better-genshin-impact-LCB\BetterGenshinImpact\BetterGenshinImpact.csproj]
E:\Program Files\better-genshin-impact-LCB\BetterGenshinImpact\GameTask\AutoFight\Model\CombatScenes.cs(431,33): warning CS0612: “CombatScenes.InitializeTeamOldOcr(CaptureContent)”已过时 [E:\Program Files\better-genshin-impact-LCB\BetterGenshinImpact\BetterGenshinImpact.csproj]
E:\Program Files\better-genshin-impact-LCB\BetterGenshinImpact\GameTask\AutoFishing\AutoFishingTrigger.cs(367,47): warning CS1998: 此异步方法缺少 "await" 运算符，将以同步方式运行。请考虑使用 "await" 运算符等待非阻止的 API 调用，或者使用 "await Task.Run(...)" 在后台线程上执行占用大量 CPU 的工作。 [E:\Program Files\better-genshin-impact-LCB\BetterGenshinImpact\BetterGenshinImpact.csproj]
E:\Program Files\better-genshin-impact-LCB\BetterGenshinImpact\View\Pages\OneDragonFlowPage.xaml.cs(192,52): warning CS8602: 解引用可能出现空引用。 [E:\Program Files\better-genshin-impact-LCB\BetterGenshinImpact\BetterGenshinImpact.csproj]
E:\Program Files\better-genshin-impact-LCB\BetterGenshinImpact\View\Pages\OneDragonFlowPage.xaml.cs(181,24): warning CS1998: 此异步方法缺少 "await" 运算符，将以同步方式运行。请考虑使用 "await" 运算符等待非阻止的 API 调用，或者使用 "await Task.Run(...)" 在后台线程上执行占用大量 CPU 的工作。 [E:\Program Files\better-genshin-impact-LCB\BetterGenshinImpact\BetterGenshinImpact.csproj]
E:\Program Files\better-genshin-impact-LCB\BetterGenshinImpact\GameTask\AutoFightOfficial\AutoFightJsonTask.cs(74,27): warning CS8618: 在退出构造函数时，不可为 null 的 属性 "Action" 必须包含非 null 值。请考虑添加 "required" 修饰符或将该 属性 声明为可为 null。 [E:\Program Files\better-genshin-impact-LCB\BetterGenshinImpact\BetterGenshinImpact.csproj]
E:\Program Files\better-genshin-impact-LCB\BetterGenshinImpact\GameTask\AutoFightOfficial\AutoFightJsonTask.cs(75,23): warning CS8618: 在退出构造函数时，不可为 null 的 属性 "Expression" 必须包含非 null 值。请考虑添加 "required" 修饰符或将该 属性 声明为可为 null。 [E:\Program Files\better-genshin-impact-LCB\BetterGenshinImpact\BetterGenshinImpact.csproj]
E:\Program Files\better-genshin-impact-LCB\BetterGenshinImpact\ViewModel\Pages\HomePageViewModel.cs(94,12): warning CS8618: 在退出构造函数时，不可为 null 的 字段 "_bannerImageSource" 必须包含非 null 值。请考虑添加 "required" 修饰符或将该 字段 声明为可为 null。 [E:\Program Files\better-genshin-impact-LCB\BetterGenshinImpact\BetterGenshinImpact.csproj]
E:\Program Files\better-genshin-impact-LCB\BetterGenshinImpact\GameTask\OcrSwitchWeapon\Recognition\OcrWeaponReader.cs(118,29): warning CS1998: 此异步方法缺少 "await" 运算符，将以同步方式运行。请考虑使用 "await" 运算符等待非阻止的 API 调用，或者使用 "await Task.Run(...)" 在后台线程上执行占用大量 CPU 的工作。 [E:\Program Files\better-genshin-impact-LCB\BetterGenshinImpact\BetterGenshinImpact.csproj]
E:\Program Files\better-genshin-impact-LCB\BetterGenshinImpact\ViewModel\Pages\HomePageViewModel.cs(388,26): warning CS0168: 声明了变量“e”，但从未使用过 [E:\Program Files\better-genshin-impact-LCB\BetterGenshinImpact\BetterGenshinImpact.csproj]
E:\Program Files\better-genshin-impact-LCB\BetterGenshinImpact\GameTask\AutoFightOfficial\AutoFightJsonTask.cs(643,17): warning CS4014: 由于此调用不会等待，因此在此调用完成之前将会继续执行当前方法。请考虑将 "await" 运算符应用于调用结果。 [E:\Program Files\better-genshin-impact-LCB\BetterGenshinImpact\BetterGenshinImpact.csproj]
E:\Program Files\better-genshin-impact-LCB\BetterGenshinImpact\GameTask\AutoFight\AutoFightEndDetection.cs(70,21): warning CS4014: 由于此调用不会等待，因此在此调用完成之前将会继续执行当前方法。请考虑将 "await" 运算符应用于调用结果。 [E:\Program Files\better-genshin-impact-LCB\BetterGenshinImpact\BetterGenshinImpact.csproj]
E:\Program Files\better-genshin-impact-LCB\BetterGenshinImpact\GameTask\AutoFight\AutoFightEndDetection.cs(232,21): warning CS4014: 由于此调用不会等待，因此在此调用完成之前将会继续执行当前方法。请考虑将 "await" 运算符应用于调用结果。 [E:\Program Files\better-genshin-impact-LCB\BetterGenshinImpact\BetterGenshinImpact.csproj]
E:\Program Files\better-genshin-impact-LCB\BetterGenshinImpact\GameTask\AutoGeniusInvokation\Model\Duel.cs(292,38): warning CS0168: 声明了变量“ex”，但从未使用过 [E:\Program Files\better-genshin-impact-LCB\BetterGenshinImpact\BetterGenshinImpact.csproj]
E:\Program Files\better-genshin-impact-LCB\BetterGenshinImpact\GameTask\AutoGeniusInvokation\Model\Duel.cs(296,35): warning CS0168: 声明了变量“ex”，但从未使用过 [E:\Program Files\better-genshin-impact-LCB\BetterGenshinImpact\BetterGenshinImpact.csproj]
E:\Program Files\better-genshin-impact-LCB\BetterGenshinImpact\GameTask\AutoFightOfficial\AutoFightJsonTask.cs(888,37): warning CS4014: 由于此调用不会等待，因此在此调用完成之前将会继续执行当前方法。请考虑将 "await" 运算符应用于调用结果。 [E:\Program Files\better-genshin-impact-LCB\BetterGenshinImpact\BetterGenshinImpact.csproj]
E:\Program Files\better-genshin-impact-LCB\BetterGenshinImpact\GameTask\AutoFight\AutoFightJsonTask.cs(73,27): warning CS8618: 在退出构造函数时，不可为 null 的 属性 "Action" 必须包含非 null 值。请考虑添加 "required" 修饰符或将该 属性 声明为可为 null。 [E:\Program Files\better-genshin-impact-LCB\BetterGenshinImpact\BetterGenshinImpact.csproj]
E:\Program Files\better-genshin-impact-LCB\BetterGenshinImpact\GameTask\AutoFight\AutoFightJsonTask.cs(74,23): warning CS8618: 在退出构造函数时，不可为 null 的 属性 "Expression" 必须包含非 null 值。请考虑添加 "required" 修饰符或将该 属性 声明为可为 null。 [E:\Program Files\better-genshin-impact-LCB\BetterGenshinImpact\BetterGenshinImpact.csproj]
E:\Program Files\better-genshin-impact-LCB\BetterGenshinImpact\GameTask\AutoFight\AutoFightParam.cs(199,12): warning CS8618: 在退出构造函数时，不可为 null 的 属性 "CombatStrategyPath" 必须包含非 null 值。请考虑添加 "required" 修饰符或将该 属性 声明为可为 null。 [E:\Program Files\better-genshin-impact-LCB\BetterGenshinImpact\BetterGenshinImpact.csproj]
E:\Program Files\better-genshin-impact-LCB\BetterGenshinImpact\GameTask\AutoFight\AutoFightParam.cs(199,12): warning CS8618: 在退出构造函数时，不可为 null 的 字段 "KazuhaPartyName" 必须包含非 null 值。请考虑添加 "required" 修饰符或将该 字段 声明为可为 null。 [E:\Program Files\better-genshin-impact-LCB\BetterGenshinImpact\BetterGenshinImpact.csproj]
E:\Program Files\better-genshin-impact-LCB\BetterGenshinImpact\GameTask\AutoFight\AutoFightJsonTask.cs(628,13): warning CS4014: 由于此调用不会等待，因此在此调用完成之前将会继续执行当前方法。请考虑将 "await" 运算符应用于调用结果。 [E:\Program Files\better-genshin-impact-LCB\BetterGenshinImpact\BetterGenshinImpact.csproj]
E:\Program Files\better-genshin-impact-LCB\BetterGenshinImpact\ViewModel\Pages\TriggerSettingsPageViewModel.cs(50,12): warning CS8618: 在退出构造函数时，不可为 null 的 字段 "_temporarySkillCdCollection" 必须包含非 null 值。请考虑添加 "required" 修饰符或将该 字段 声明为可为 null。 [E:\Program Files\better-genshin-impact-LCB\BetterGenshinImpact\BetterGenshinImpact.csproj]
E:\Program Files\better-genshin-impact-LCB\BetterGenshinImpact\GameTask\AutoFight\Model\Avatar.cs(815,58): warning CS8604: “Task<bool> AutoFightSkill.AvatarSkillAsync(ILogger logger, Avatar guardianAvatar, bool skills, int retryCount, CancellationToken ct, ImageRegion? image = null, bool needLog = false, bool isResetCd = false)”中的形参“guardianAvatar”可能传入 null 引用实参。 [E:\Program Files\better-genshin-impact-LCB\BetterGenshinImpact\BetterGenshinImpact.csproj]
E:\Program Files\better-genshin-impact-LCB\BetterGenshinImpact\GameTask\AutoFight\AutoFightJsonTask.cs(874,37): warning CS4014: 由于此调用不会等待，因此在此调用完成之前将会继续执行当前方法。请考虑将 "await" 运算符应用于调用结果。 [E:\Program Files\better-genshin-impact-LCB\BetterGenshinImpact\BetterGenshinImpact.csproj]
E:\Program Files\better-genshin-impact-LCB\BetterGenshinImpact\GameTask\AutoFight\AutoFightJsonTask.cs(813,34): warning CS8602: 解引用可能出现空引用。 [E:\Program Files\better-genshin-impact-LCB\BetterGenshinImpact\BetterGenshinImpact.csproj]
E:\Program Files\better-genshin-impact-LCB\BetterGenshinImpact\Service\Notifier\BarkNotifier.cs(123,16): warning CS8618: 在退出构造函数时，不可为 null 的 字段 "_group" 必须包含非 null 值。请考虑添加 "required" 修饰符或将该 字段 声明为可为 null。 [E:\Program Files\better-genshin-impact-LCB\BetterGenshinImpact\BetterGenshinImpact.csproj]
E:\Program Files\better-genshin-impact-LCB\BetterGenshinImpact\Service\Notifier\BarkNotifier.cs(123,16): warning CS8618: 在退出构造函数时，不可为 null 的 字段 "_sound" 必须包含非 null 值。请考虑添加 "required" 修饰符或将该 字段 声明为可为 null。 [E:\Program Files\better-genshin-impact-LCB\BetterGenshinImpact\BetterGenshinImpact.csproj]
E:\Program Files\better-genshin-impact-LCB\BetterGenshinImpact\Service\Notifier\BarkNotifier.cs(165,38): warning CS8625: 无法将 null 字面量转换为非 null 的引用类型。 [E:\Program Files\better-genshin-impact-LCB\BetterGenshinImpact\BetterGenshinImpact.csproj]
E:\Program Files\better-genshin-impact-LCB\BetterGenshinImpact\GameTask\AutoFightOfficial\AutoFightParam.cs(115,12): warning CS8618: 在退出构造函数时，不可为 null 的 属性 "CombatStrategyPath" 必须包含非 null 值。请考虑添加 "required" 修饰符或将该 属性 声明为可为 null。 [E:\Program Files\better-genshin-impact-LCB\BetterGenshinImpact\BetterGenshinImpact.csproj]
E:\Program Files\better-genshin-impact-LCB\BetterGenshinImpact\GameTask\AutoFightOfficial\AutoFightParam.cs(115,12): warning CS8618: 在退出构造函数时，不可为 null 的 字段 "KazuhaPartyName" 必须包含非 null 值。请考虑添加 "required" 修饰符或将该 字段 声明为可为 null。 [E:\Program Files\better-genshin-impact-LCB\BetterGenshinImpact\BetterGenshinImpact.csproj]
E:\Program Files\better-genshin-impact-LCB\BetterGenshinImpact\GameTask\AutoFight\Model\Avatar.cs(1041,62): warning CS8604: “Task<bool> AutoFightSkill.AvatarSkillAsync(ILogger logger, Avatar guardianAvatar, bool skills, int retryCount, CancellationToken ct, ImageRegion? image = null, bool needLog = false, bool isResetCd = false)”中的形参“guardianAvatar”可能传入 null 引用实参。 [E:\Program Files\better-genshin-impact-LCB\BetterGenshinImpact\BetterGenshinImpact.csproj]
E:\Program Files\better-genshin-impact-LCB\BetterGenshinImpact\Service\Notifier\BarkNotifier.cs(22,23): warning CS8618: 在退出构造函数时，不可为 null 的 属性 "Title" 必须包含非 null 值。请考虑添加 "required" 修饰符或将该 属性 声明为可为 null。 [E:\Program Files\better-genshin-impact-LCB\BetterGenshinImpact\BetterGenshinImpact.csproj]
E:\Program Files\better-genshin-impact-LCB\BetterGenshinImpact\Service\Notifier\BarkNotifier.cs(27,23): warning CS8618: 在退出构造函数时，不可为 null 的 属性 "Subtitle" 必须包含非 null 值。请考虑添加 "required" 修饰符或将该 属性 声明为可为 null。 [E:\Program Files\better-genshin-impact-LCB\BetterGenshinImpact\BetterGenshinImpact.csproj]
E:\Program Files\better-genshin-impact-LCB\BetterGenshinImpact\Service\Notifier\BarkNotifier.cs(32,23): warning CS8618: 在退出构造函数时，不可为 null 的 属性 "Body" 必须包含非 null 值。请考虑添加 "required" 修饰符或将该 属性 声明为可为 null。 [E:\Program Files\better-genshin-impact-LCB\BetterGenshinImpact\BetterGenshinImpact.csproj]
E:\Program Files\better-genshin-impact-LCB\BetterGenshinImpact\Service\Notifier\BarkNotifier.cs(37,23): warning CS8618: 在退出构造函数时，不可为 null 的 属性 "DeviceKey" 必须包含非 null 值。请考虑添加 "required" 修饰符或将该 属性 声明为可为 null。 [E:\Program Files\better-genshin-impact-LCB\BetterGenshinImpact\BetterGenshinImpact.csproj]
E:\Program Files\better-genshin-impact-LCB\BetterGenshinImpact\Service\Notifier\BarkNotifier.cs(62,23): warning CS8618: 在退出构造函数时，不可为 null 的 属性 "Call" 必须包含非 null 值。请考虑添加 "required" 修饰符或将该 属性 声明为可为 null。 [E:\Program Files\better-genshin-impact-LCB\BetterGenshinImpact\BetterGenshinImpact.csproj]
E:\Program Files\better-genshin-impact-LCB\BetterGenshinImpact\Service\Notifier\BarkNotifier.cs(67,23): warning CS8618: 在退出构造函数时，不可为 null 的 属性 "AutoCopy" 必须包含非 null 值。请考虑添加 "required" 修饰符或将该 属性 声明为可为 null。 [E:\Program Files\better-genshin-impact-LCB\BetterGenshinImpact\BetterGenshinImpact.csproj]
E:\Program Files\better-genshin-impact-LCB\BetterGenshinImpact\Service\Notifier\BarkNotifier.cs(72,23): warning CS8618: 在退出构造函数时，不可为 null 的 属性 "Copy" 必须包含非 null 值。请考虑添加 "required" 修饰符或将该 属性 声明为可为 null。 [E:\Program Files\better-genshin-impact-LCB\BetterGenshinImpact\BetterGenshinImpact.csproj]
E:\Program Files\better-genshin-impact-LCB\BetterGenshinImpact\Service\Notifier\BarkNotifier.cs(77,23): warning CS8618: 在退出构造函数时，不可为 null 的 属性 "Icon" 必须包含非 null 值。请考虑添加 "required" 修饰符或将该 属性 声明为可为 null。 [E:\Program Files\better-genshin-impact-LCB\BetterGenshinImpact\BetterGenshinImpact.csproj]
E:\Program Files\better-genshin-impact-LCB\BetterGenshinImpact\Service\Notifier\BarkNotifier.cs(87,23): warning CS8618: 在退出构造函数时，不可为 null 的 属性 "Ciphertext" 必须包含非 null 值。请考虑添加 "required" 修饰符或将该 属性 声明为可为 null。 [E:\Program Files\better-genshin-impact-LCB\BetterGenshinImpact\BetterGenshinImpact.csproj]
E:\Program Files\better-genshin-impact-LCB\BetterGenshinImpact\Service\Notifier\BarkNotifier.cs(92,23): warning CS8618: 在退出构造函数时，不可为 null 的 属性 "IsArchive" 必须包含非 null 值。请考虑添加 "required" 修饰符或将该 属性 声明为可为 null。 [E:\Program Files\better-genshin-impact-LCB\BetterGenshinImpact\BetterGenshinImpact.csproj]
E:\Program Files\better-genshin-impact-LCB\BetterGenshinImpact\Service\Notifier\BarkNotifier.cs(97,23): warning CS8618: 在退出构造函数时，不可为 null 的 属性 "Url" 必须包含非 null 值。请考虑添加 "required" 修饰符或将该 属性 声明为可为 null。 [E:\Program Files\better-genshin-impact-LCB\BetterGenshinImpact\BetterGenshinImpact.csproj]
E:\Program Files\better-genshin-impact-LCB\BetterGenshinImpact\Service\Notifier\BarkNotifier.cs(102,23): warning CS8618: 在退出构造函数时，不可为 null 的 属性 "Action" 必须包含非 null 值。请考虑添加 "required" 修饰符或将该 属性 声明为可为 null。 [E:\Program Files\better-genshin-impact-LCB\BetterGenshinImpact\BetterGenshinImpact.csproj]
E:\Program Files\better-genshin-impact-LCB\BetterGenshinImpact\ViewModel\Pages\TaskSettingsPageViewModel.cs(813,13): warning CS8602: 解引用可能出现空引用。 [E:\Program Files\better-genshin-impact-LCB\BetterGenshinImpact\BetterGenshinImpact.csproj]
E:\Program Files\better-genshin-impact-LCB\BetterGenshinImpact\GameTask\AutoFight\AutoFightSeek.cs(492,33): warning CS4014: 由于此调用不会等待，因此在此调用完成之前将会继续执行当前方法。请考虑将 "await" 运算符应用于调用结果。 [E:\Program Files\better-genshin-impact-LCB\BetterGenshinImpact\BetterGenshinImpact.csproj]
E:\Program Files\better-genshin-impact-LCB\BetterGenshinImpact\GameTask\AutoFight\AutoFightSeek.cs(635,33): warning CS4014: 由于此调用不会等待，因此在此调用完成之前将会继续执行当前方法。请考虑将 "await" 运算符应用于调用结果。 [E:\Program Files\better-genshin-impact-LCB\BetterGenshinImpact\BetterGenshinImpact.csproj]
E:\Program Files\better-genshin-impact-LCB\BetterGenshinImpact\GameTask\AutoHoeing\Services\RouteExecutionEngine.cs(353,44): warning CS8601: 可能的 null 引用赋值。 [E:\Program Files\better-genshin-impact-LCB\BetterGenshinImpact\BetterGenshinImpact.csproj]
E:\Program Files\better-genshin-impact-LCB\BetterGenshinImpact\GameTask\AutoHoeing\Services\RouteExecutionEngine.cs(375,25): warning CS8602: 解引用可能出现空引用。 [E:\Program Files\better-genshin-impact-LCB\BetterGenshinImpact\BetterGenshinImpact.csproj]
E:\Program Files\better-genshin-impact-LCB\BetterGenshinImpact\GameTask\AutoMusicGame\AutoMusicGameTask.cs(15,51): warning CS9113: 参数“taskParam”未读。 [E:\Program Files\better-genshin-impact-LCB\BetterGenshinImpact\BetterGenshinImpact.csproj]
E:\Program Files\better-genshin-impact-LCB\BetterGenshinImpact\GameTask\AutoLeyLineOutcrop\AutoLeyLineOutcropTask.cs(733,34): warning CS1998: 此异步方法缺少 "await" 运算符，将以同步方式运行。请考虑使用 "await" 运算符等待非阻止的 API 调用，或者使用 "await Task.Run(...)" 在后台线程上执行占用大量 CPU 的工作。 [E:\Program Files\better-genshin-impact-LCB\BetterGenshinImpact\BetterGenshinImpact.csproj]
E:\Program Files\better-genshin-impact-LCB\BetterGenshinImpact\GameTask\AutoLeyLineOutcrop\AutoLeyLineOutcropTask.cs(1062,25): warning CS4014: 由于此调用不会等待，因此在此调用完成之前将会继续执行当前方法。请考虑将 "await" 运算符应用于调用结果。 [E:\Program Files\better-genshin-impact-LCB\BetterGenshinImpact\BetterGenshinImpact.csproj]
E:\Program Files\better-genshin-impact-LCB\BetterGenshinImpact\GameTask\AutoHoeing\Services\DumperService.cs(126,23): warning CS1998: 此异步方法缺少 "await" 运算符，将以同步方式运行。请考虑使用 "await" 运算符等待非阻止的 API 调用，或者使用 "await Task.Run(...)" 在后台线程上执行占用大量 CPU 的工作。 [E:\Program Files\better-genshin-impact-LCB\BetterGenshinImpact\BetterGenshinImpact.csproj]
E:\Program Files\better-genshin-impact-LCB\BetterGenshinImpact\GameTask\AutoFightOfficial\ExperienceDetector.cs(117,82): warning CS8602: 解引用可能出现空引用。 [E:\Program Files\better-genshin-impact-LCB\BetterGenshinImpact\BetterGenshinImpact.csproj]
E:\Program Files\better-genshin-impact-LCB\BetterGenshinImpact\GameTask\AutoFight\AvatarCombatSpecialization.cs(672,24): warning CS8602: 解引用可能出现空引用。 [E:\Program Files\better-genshin-impact-LCB\BetterGenshinImpact\BetterGenshinImpact.csproj]
E:\Program Files\better-genshin-impact-LCB\BetterGenshinImpact\GameTask\AutoFight\AutoFightTask.cs(333,135): warning CS8604: “bool string.Contains(string value)”中的形参“value”可能传入 null 引用实参。 [E:\Program Files\better-genshin-impact-LCB\BetterGenshinImpact\BetterGenshinImpact.csproj]
E:\Program Files\better-genshin-impact-LCB\BetterGenshinImpact\GameTask\AutoFight\AutoFightTask.cs(298,12): warning CS8618: 在退出构造函数时，不可为 null 的 字段 "_predictor" 必须包含非 null 值。请考虑添加 "required" 修饰符或将该 字段 声明为可为 null。 [E:\Program Files\better-genshin-impact-LCB\BetterGenshinImpact\BetterGenshinImpact.csproj]
E:\Program Files\better-genshin-impact-LCB\BetterGenshinImpact\GameTask\AutoFightOfficial\AutoFightTask.cs(181,12): warning CS8618: 在退出构造函数时，不可为 null 的 字段 "_predictor" 必须包含非 null 值。请考虑添加 "required" 修饰符或将该 字段 声明为可为 null。 [E:\Program Files\better-genshin-impact-LCB\BetterGenshinImpact\BetterGenshinImpact.csproj]
E:\Program Files\better-genshin-impact-LCB\BetterGenshinImpact\GameTask\AutoFightOfficial\AutoFightSeek.cs(294,29): warning CS4014: 由于此调用不会等待，因此在此调用完成之前将会继续执行当前方法。请考虑将 "await" 运算符应用于调用结果。 [E:\Program Files\better-genshin-impact-LCB\BetterGenshinImpact\BetterGenshinImpact.csproj]
E:\Program Files\better-genshin-impact-LCB\BetterGenshinImpact\GameTask\AutoFightOfficial\AutoFightSeek.cs(403,29): warning CS4014: 由于此调用不会等待，因此在此调用完成之前将会继续执行当前方法。请考虑将 "await" 运算符应用于调用结果。 [E:\Program Files\better-genshin-impact-LCB\BetterGenshinImpact\BetterGenshinImpact.csproj]
E:\Program Files\better-genshin-impact-LCB\BetterGenshinImpact\GameTask\AutoFight\AvatarCombatSpecialization.cs(703,26): warning CS8618: 在退出构造函数时，不可为 null 的 属性 "fire" 必须包含非 null 值。请考虑添加 "required" 修饰符或将该 属性 声明为可为 null。 [E:\Program Files\better-genshin-impact-LCB\BetterGenshinImpact\BetterGenshinImpact.csproj]
E:\Program Files\better-genshin-impact-LCB\BetterGenshinImpact\GameTask\AutoFight\AvatarCombatSpecialization.cs(704,26): warning CS8618: 在退出构造函数时，不可为 null 的 属性 "electro" 必须包含非 null 值。请考虑添加 "required" 修饰符或将该 属性 声明为可为 null。 [E:\Program Files\better-genshin-impact-LCB\BetterGenshinImpact\BetterGenshinImpact.csproj]
E:\Program Files\better-genshin-impact-LCB\BetterGenshinImpact\GameTask\AutoFight\AvatarCombatSpecialization.cs(705,26): warning CS8618: 在退出构造函数时，不可为 null 的 属性 "cryo" 必须包含非 null 值。请考虑添加 "required" 修饰符或将该 属性 声明为可为 null。 [E:\Program Files\better-genshin-impact-LCB\BetterGenshinImpact\BetterGenshinImpact.csproj]
E:\Program Files\better-genshin-impact-LCB\BetterGenshinImpact\GameTask\AutoFight\AvatarCombatSpecialization.cs(706,26): warning CS8618: 在退出构造函数时，不可为 null 的 属性 "hydro" 必须包含非 null 值。请考虑添加 "required" 修饰符或将该 属性 声明为可为 null。 [E:\Program Files\better-genshin-impact-LCB\BetterGenshinImpact\BetterGenshinImpact.csproj]
E:\Program Files\better-genshin-impact-LCB\BetterGenshinImpact\GameTask\AutoLeyLineOutcrop\AutoLeyLineOutcropTask.cs(1493,30): warning CS1998: 此异步方法缺少 "await" 运算符，将以同步方式运行。请考虑使用 "await" 运算符等待非阻止的 API 调用，或者使用 "await Task.Run(...)" 在后台线程上执行占用大量 CPU 的工作。 [E:\Program Files\better-genshin-impact-LCB\BetterGenshinImpact\BetterGenshinImpact.csproj]
E:\Program Files\better-genshin-impact-LCB\BetterGenshinImpact\GameTask\AutoLeyLineOutcrop\AutoLeyLineOutcropTask.cs(1649,30): warning CS1998: 此异步方法缺少 "await" 运算符，将以同步方式运行。请考虑使用 "await" 运算符等待非阻止的 API 调用，或者使用 "await Task.Run(...)" 在后台线程上执行占用大量 CPU 的工作。 [E:\Program Files\better-genshin-impact-LCB\BetterGenshinImpact\BetterGenshinImpact.csproj]
E:\Program Files\better-genshin-impact-LCB\BetterGenshinImpact\GameTask\AutoOpenChest\AutoOpenChestTask.cs(96,24): warning CS1998: 此异步方法缺少 "await" 运算符，将以同步方式运行。请考虑使用 "await" 运算符等待非阻止的 API 调用，或者使用 "await Task.Run(...)" 在后台线程上执行占用大量 CPU 的工作。 [E:\Program Files\better-genshin-impact-LCB\BetterGenshinImpact\BetterGenshinImpact.csproj]
E:\Program Files\better-genshin-impact-LCB\BetterGenshinImpact\GameTask\AutoFightOfficial\AutoFightTask.cs(311,21): warning CS4014: 由于此调用不会等待，因此在此调用完成之前将会继续执行当前方法。请考虑将 "await" 运算符应用于调用结果。 [E:\Program Files\better-genshin-impact-LCB\BetterGenshinImpact\BetterGenshinImpact.csproj]
E:\Program Files\better-genshin-impact-LCB\BetterGenshinImpact\GameTask\AutoFightOfficial\AutoFightTask.cs(772,37): warning CS4014: 由于此调用不会等待，因此在此调用完成之前将会继续执行当前方法。请考虑将 "await" 运算符应用于调用结果。 [E:\Program Files\better-genshin-impact-LCB\BetterGenshinImpact\BetterGenshinImpact.csproj]
E:\Program Files\better-genshin-impact-LCB\BetterGenshinImpact\GameTask\AutoFightOfficial\AutoFightTask.cs(354,81): warning CS8604: “Task AutoFightSkill.EnsureGuardianSkill(Avatar guardianAvatar, CombatCommand command, string lastFightName, string guardianAvatarName, bool guardianAvatarHold, int retryCount, CancellationToken ct, bool guardianCombatSkip = false, bool burstEnabled = false)”中的形参“guardianAvatar”可能传入 null 引用实参。 [E:\Program Files\better-genshin-impact-LCB\BetterGenshinImpact\BetterGenshinImpact.csproj]
E:\Program Files\better-genshin-impact-LCB\BetterGenshinImpact\GameTask\AutoFightOfficial\AutoFightTask.cs(432,141): warning CS8602: 解引用可能出现空引用。 [E:\Program Files\better-genshin-impact-LCB\BetterGenshinImpact\BetterGenshinImpact.csproj]
E:\Program Files\better-genshin-impact-LCB\BetterGenshinImpact\GameTask\AutoFightOfficial\AutoFightTask.cs(701,34): warning CS0168: 声明了变量“e”，但从未使用过 [E:\Program Files\better-genshin-impact-LCB\BetterGenshinImpact\BetterGenshinImpact.csproj]
E:\Program Files\better-genshin-impact-LCB\BetterGenshinImpact\GameTask\AutoFightOfficial\AutoFightTask.cs(836,34): warning CS0168: 声明了变量“e”，但从未使用过 [E:\Program Files\better-genshin-impact-LCB\BetterGenshinImpact\BetterGenshinImpact.csproj]
E:\Program Files\better-genshin-impact-LCB\BetterGenshinImpact\GameTask\AutoFightOfficial\AutoFightTask.cs(992,25): warning CS4014: 由于此调用不会等待，因此在此调用完成之前将会继续执行当前方法。请考虑将 "await" 运算符应用于调用结果。 [E:\Program Files\better-genshin-impact-LCB\BetterGenshinImpact\BetterGenshinImpact.csproj]
E:\Program Files\better-genshin-impact-LCB\BetterGenshinImpact\GameTask\AutoLeyLineOutcrop\AutoLeyLineOutcropTask.cs(2169,30): warning CS1998: 此异步方法缺少 "await" 运算符，将以同步方式运行。请考虑使用 "await" 运算符等待非阻止的 API 调用，或者使用 "await Task.Run(...)" 在后台线程上执行占用大量 CPU 的工作。 [E:\Program Files\better-genshin-impact-LCB\BetterGenshinImpact\BetterGenshinImpact.csproj]
E:\Program Files\better-genshin-impact-LCB\BetterGenshinImpact\ViewModel\Pages\ScriptControlViewModel.cs(643,30): warning CS8600: 将 null 文本或可能的 null 值转换为不可为 null 类型。 [E:\Program Files\better-genshin-impact-LCB\BetterGenshinImpact\BetterGenshinImpact.csproj]
E:\Program Files\better-genshin-impact-LCB\BetterGenshinImpact\ViewModel\Pages\ScriptControlViewModel.cs(646,47): warning CS8604: “DirectoryInfo Directory.CreateDirectory(string path)”中的形参“path”可能传入 null 引用实参。 [E:\Program Files\better-genshin-impact-LCB\BetterGenshinImpact\BetterGenshinImpact.csproj]
E:\Program Files\better-genshin-impact-LCB\BetterGenshinImpact\GameTask\Model\GameUI\GridScreen.cs(218,22): warning CS8321: 声明了本地函数“getLine”，但从未使用过 [E:\Program Files\better-genshin-impact-LCB\BetterGenshinImpact\BetterGenshinImpact.csproj]
E:\Program Files\better-genshin-impact-LCB\BetterGenshinImpact\GameTask\AutoPathing\Model\Waypoint.cs(32,23): warning CS8618: 在退出构造函数时，不可为 null 的 属性 "MonsterTag" 必须包含非 null 值。请考虑添加 "required" 修饰符或将该 属性 声明为可为 null。 [E:\Program Files\better-genshin-impact-LCB\BetterGenshinImpact\BetterGenshinImpact.csproj]
E:\Program Files\better-genshin-impact-LCB\BetterGenshinImpact\GameTask\AutoLeyLineOutcrop\AutoLeyLineOutcropTask.cs(2373,29): warning CS1998: 此异步方法缺少 "await" 运算符，将以同步方式运行。请考虑使用 "await" 运算符等待非阻止的 API 调用，或者使用 "await Task.Run(...)" 在后台线程上执行占用大量 CPU 的工作。 [E:\Program Files\better-genshin-impact-LCB\BetterGenshinImpact\BetterGenshinImpact.csproj]
E:\Program Files\better-genshin-impact-LCB\BetterGenshinImpact\GameTask\AutoLeyLineOutcrop\AutoLeyLineOutcropTask.cs(2462,29): warning CS1998: 此异步方法缺少 "await" 运算符，将以同步方式运行。请考虑使用 "await" 运算符等待非阻止的 API 调用，或者使用 "await Task.Run(...)" 在后台线程上执行占用大量 CPU 的工作。 [E:\Program Files\better-genshin-impact-LCB\BetterGenshinImpact\BetterGenshinImpact.csproj]
E:\Program Files\better-genshin-impact-LCB\BetterGenshinImpact\GameTask\AutoLeyLineOutcrop\AutoLeyLineOutcropTask.cs(2495,24): warning CS1998: 此异步方法缺少 "await" 运算符，将以同步方式运行。请考虑使用 "await" 运算符等待非阻止的 API 调用，或者使用 "await Task.Run(...)" 在后台线程上执行占用大量 CPU 的工作。 [E:\Program Files\better-genshin-impact-LCB\BetterGenshinImpact\BetterGenshinImpact.csproj]
E:\Program Files\better-genshin-impact-LCB\BetterGenshinImpact\GameTask\AutoLeyLineOutcrop\AutoLeyLineOutcropParam.cs(66,12): warning CS8618: 在退出构造函数时，不可为 null 的 属性 "Country" 必须包含非 null 值。请考虑添加 "required" 修饰符或将该 属性 声明为可为 null。 [E:\Program Files\better-genshin-impact-LCB\BetterGenshinImpact\BetterGenshinImpact.csproj]
E:\Program Files\better-genshin-impact-LCB\BetterGenshinImpact\GameTask\AutoLeyLineOutcrop\AutoLeyLineOutcropParam.cs(66,12): warning CS8618: 在退出构造函数时，不可为 null 的 属性 "LeyLineOutcropType" 必须包含非 null 值。请考虑添加 "required" 修饰符或将该 属性 声明为可为 null。 [E:\Program Files\better-genshin-impact-LCB\BetterGenshinImpact\BetterGenshinImpact.csproj]
E:\Program Files\better-genshin-impact-LCB\BetterGenshinImpact\GameTask\AutoLeyLineOutcrop\AutoLeyLineOutcropParam.cs(66,12): warning CS8618: 在退出构造函数时，不可为 null 的 属性 "FriendshipTeam" 必须包含非 null 值。请考虑添加 "required" 修饰符或将该 属性 声明为可为 null。 [E:\Program Files\better-genshin-impact-LCB\BetterGenshinImpact\BetterGenshinImpact.csproj]
E:\Program Files\better-genshin-impact-LCB\BetterGenshinImpact\GameTask\AutoLeyLineOutcrop\AutoLeyLineOutcropParam.cs(66,12): warning CS8618: 在退出构造函数时，不可为 null 的 属性 "Team" 必须包含非 null 值。请考虑添加 "required" 修饰符或将该 属性 声明为可为 null。 [E:\Program Files\better-genshin-impact-LCB\BetterGenshinImpact\BetterGenshinImpact.csproj]
E:\Program Files\better-genshin-impact-LCB\BetterGenshinImpact\GameTask\AutoLeyLineOutcrop\AutoLeyLineOutcropParam.cs(71,12): warning CS8618: 在退出构造函数时，不可为 null 的 属性 "FriendshipTeam" 必须包含非 null 值。请考虑添加 "required" 修饰符或将该 属性 声明为可为 null。 [E:\Program Files\better-genshin-impact-LCB\BetterGenshinImpact\BetterGenshinImpact.csproj]
E:\Program Files\better-genshin-impact-LCB\BetterGenshinImpact\GameTask\AutoLeyLineOutcrop\AutoLeyLineOutcropParam.cs(71,12): warning CS8618: 在退出构造函数时，不可为 null 的 属性 "Team" 必须包含非 null 值。请考虑添加 "required" 修饰符或将该 属性 声明为可为 null。 [E:\Program Files\better-genshin-impact-LCB\BetterGenshinImpact\BetterGenshinImpact.csproj]
E:\Program Files\better-genshin-impact-LCB\BetterGenshinImpact\GameTask\AutoStygianOnslaught\AutoStygianOnslaughtTask.cs(103,64): warning CS8604: “CombatScriptBag CombatScriptParser.ReadAndParse(string path)”中的形参“path”可能传入 null 引用实参。 [E:\Program Files\better-genshin-impact-LCB\BetterGenshinImpact\BetterGenshinImpact.csproj]
E:\Program Files\better-genshin-impact-LCB\BetterGenshinImpact\GameTask\AutoStygianOnslaught\AutoStygianOnslaughtTask.cs(121,64): warning CS8604: “CombatScriptBag CombatScriptParser.ReadAndParse(string path)”中的形参“path”可能传入 null 引用实参。 [E:\Program Files\better-genshin-impact-LCB\BetterGenshinImpact\BetterGenshinImpact.csproj]
E:\Program Files\better-genshin-impact-LCB\BetterGenshinImpact\GameTask\AutoSkip\AutoTrackTask.cs(28,43): warning CS9113: 参数“param”未读。 [E:\Program Files\better-genshin-impact-LCB\BetterGenshinImpact\BetterGenshinImpact.csproj]
E:\Program Files\better-genshin-impact-LCB\BetterGenshinImpact\ViewModel\Pages\ScriptControlViewModel.cs(1769,16): warning CS8619: 类型“List<ScriptProject?>”的值中引用类型的为 Null 性与目标类型“List<ScriptProject>”不匹配。 [E:\Program Files\better-genshin-impact-LCB\BetterGenshinImpact\BetterGenshinImpact.csproj]
E:\Program Files\better-genshin-impact-LCB\BetterGenshinImpact\ViewModel\Pages\MapPathingViewModel.cs(186,42): warning CS8604: “PathingConfigView.PathingConfigView(PathingConfigViewModel viewModel)”中的形参“viewModel”可能传入 null 引用实参。 [E:\Program Files\better-genshin-impact-LCB\BetterGenshinImpact\BetterGenshinImpact.csproj]
E:\Program Files\better-genshin-impact-LCB\BetterGenshinImpact\ViewModel\Pages\MapPathingViewModel.cs(174,23): warning CS1998: 此异步方法缺少 "await" 运算符，将以同步方式运行。请考虑使用 "await" 运算符等待非阻止的 API 调用，或者使用 "await Task.Run(...)" 在后台线程上执行占用大量 CPU 的工作。 [E:\Program Files\better-genshin-impact-LCB\BetterGenshinImpact\BetterGenshinImpact.csproj]
E:\Program Files\better-genshin-impact-LCB\BetterGenshinImpact\GameTask\AutoPathing\Handler\SkillBoostHelper.cs(571,29): warning CS4014: 由于此调用不会等待，因此在此调用完成之前将会继续执行当前方法。请考虑将 "await" 运算符应用于调用结果。 [E:\Program Files\better-genshin-impact-LCB\BetterGenshinImpact\BetterGenshinImpact.csproj]
E:\Program Files\better-genshin-impact-LCB\BetterGenshinImpact\GameTask\AutoPathing\Handler\SkillBoostHelper.cs(740,17): warning CS0162: 检测到无法访问的代码 [E:\Program Files\better-genshin-impact-LCB\BetterGenshinImpact\BetterGenshinImpact.csproj]
E:\Program Files\better-genshin-impact-LCB\BetterGenshinImpact\GameTask\AutoStygianOnslaught\AutoStygianOnslaughtTask.cs(732,30): warning CS1998: 此异步方法缺少 "await" 运算符，将以同步方式运行。请考虑使用 "await" 运算符等待非阻止的 API 调用，或者使用 "await Task.Run(...)" 在后台线程上执行占用大量 CPU 的工作。 [E:\Program Files\better-genshin-impact-LCB\BetterGenshinImpact\BetterGenshinImpact.csproj]
E:\Program Files\better-genshin-impact-LCB\BetterGenshinImpact\GameTask\AutoPathing\Handler\SkillBoostHelper.cs(1324,20): warning CS8602: 解引用可能出现空引用。 [E:\Program Files\better-genshin-impact-LCB\BetterGenshinImpact\BetterGenshinImpact.csproj]
E:\Program Files\better-genshin-impact-LCB\BetterGenshinImpact\GameTask\AutoPathing\Handler\SkillBoostHelper.cs(1326,35): warning CS8604: “bool PathExecutor.IsTurnTooSharp(WaypointForTrack waypoint, WaypointForTrack? nextWaypoint, string avatarName)”中的形参“waypoint”可能传入 null 引用实参。 [E:\Program Files\better-genshin-impact-LCB\BetterGenshinImpact\BetterGenshinImpact.csproj]
E:\Program Files\better-genshin-impact-LCB\BetterGenshinImpact\GameTask\Model\Area\Region.cs(60,12): warning CS8618: 在退出构造函数时，不可为 null 的 字段 "drawContent" 必须包含非 null 值。请考虑添加 "required" 修饰符或将该 字段 声明为可为 null。 [E:\Program Files\better-genshin-impact-LCB\BetterGenshinImpact\BetterGenshinImpact.csproj]
E:\Program Files\better-genshin-impact-LCB\BetterGenshinImpact\GameTask\AutoStygianOnslaught\AutoStygianOnslaughtTask.cs(863,30): warning CS8602: 解引用可能出现空引用。 [E:\Program Files\better-genshin-impact-LCB\BetterGenshinImpact\BetterGenshinImpact.csproj]
E:\Program Files\better-genshin-impact-LCB\BetterGenshinImpact\GameTask\AutoStygianOnslaught\AutoStygianOnslaughtTask.cs(864,48): warning CS8602: 解引用可能出现空引用。 [E:\Program Files\better-genshin-impact-LCB\BetterGenshinImpact\BetterGenshinImpact.csproj]
E:\Program Files\better-genshin-impact-LCB\BetterGenshinImpact\GameTask\AutoPathing\Handler\SkillBoostHelper.cs(1589,32): warning CS1998: 此异步方法缺少 "await" 运算符，将以同步方式运行。请考虑使用 "await" 运算符等待非阻止的 API 调用，或者使用 "await Task.Run(...)" 在后台线程上执行占用大量 CPU 的工作。 [E:\Program Files\better-genshin-impact-LCB\BetterGenshinImpact\BetterGenshinImpact.csproj]
E:\Program Files\better-genshin-impact-LCB\BetterGenshinImpact\GameTask\AutoFight\AutoFightTask.cs(1026,21): warning CS4014: 由于此调用不会等待，因此在此调用完成之前将会继续执行当前方法。请考虑将 "await" 运算符应用于调用结果。 [E:\Program Files\better-genshin-impact-LCB\BetterGenshinImpact\BetterGenshinImpact.csproj]
E:\Program Files\better-genshin-impact-LCB\BetterGenshinImpact\GameTask\AutoFight\AutoFightTask.cs(1140,55): warning CS0612: “AutoFightSkill.AvatarQSkillAsync(ImageRegion?, List<int>?, int?)”已过时 [E:\Program Files\better-genshin-impact-LCB\BetterGenshinImpact\BetterGenshinImpact.csproj]
E:\Program Files\better-genshin-impact-LCB\BetterGenshinImpact\GameTask\AutoFight\AutoFightTask.cs(1529,33): warning CS4014: 由于此调用不会等待，因此在此调用完成之前将会继续执行当前方法。请考虑将 "await" 运算符应用于调用结果。 [E:\Program Files\better-genshin-impact-LCB\BetterGenshinImpact\BetterGenshinImpact.csproj]
E:\Program Files\better-genshin-impact-LCB\BetterGenshinImpact\GameTask\AutoFight\AutoFightTask.cs(1566,25): warning CS4014: 由于此调用不会等待，因此在此调用完成之前将会继续执行当前方法。请考虑将 "await" 运算符应用于调用结果。 [E:\Program Files\better-genshin-impact-LCB\BetterGenshinImpact\BetterGenshinImpact.csproj]
E:\Program Files\better-genshin-impact-LCB\BetterGenshinImpact\GameTask\AutoFight\AutoFightTask.cs(1600,33): warning CS4014: 由于此调用不会等待，因此在此调用完成之前将会继续执行当前方法。请考虑将 "await" 运算符应用于调用结果。 [E:\Program Files\better-genshin-impact-LCB\BetterGenshinImpact\BetterGenshinImpact.csproj]
E:\Program Files\better-genshin-impact-LCB\BetterGenshinImpact\GameTask\AutoFight\AutoFightTask.cs(1661,37): warning CS4014: 由于此调用不会等待，因此在此调用完成之前将会继续执行当前方法。请考虑将 "await" 运算符应用于调用结果。 [E:\Program Files\better-genshin-impact-LCB\BetterGenshinImpact\BetterGenshinImpact.csproj]
E:\Program Files\better-genshin-impact-LCB\BetterGenshinImpact\GameTask\AutoFight\AutoFightTask.cs(2082,37): warning CS4014: 由于此调用不会等待，因此在此调用完成之前将会继续执行当前方法。请考虑将 "await" 运算符应用于调用结果。 [E:\Program Files\better-genshin-impact-LCB\BetterGenshinImpact\BetterGenshinImpact.csproj]
E:\Program Files\better-genshin-impact-LCB\BetterGenshinImpact\GameTask\AutoFight\AutoFightTask.cs(700,34): warning CS8604: “IEnumerable<string> Enumerable.Select<CombatCommand, string>(IEnumerable<CombatCommand> source, Func<CombatCommand, string> selector)”中的形参“source”可能传入 null 引用实参。 [E:\Program Files\better-genshin-impact-LCB\BetterGenshinImpact\BetterGenshinImpact.csproj]
E:\Program Files\better-genshin-impact-LCB\BetterGenshinImpact\GameTask\AutoFight\AutoFightTask.cs(811,29): warning CS8600: 将 null 文本或可能的 null 值转换为不可为 null 类型。 [E:\Program Files\better-genshin-impact-LCB\BetterGenshinImpact\BetterGenshinImpact.csproj]
E:\Program Files\better-genshin-impact-LCB\BetterGenshinImpact\GameTask\AutoFight\AutoFightTask.cs(1483,38): warning CS8602: 解引用可能出现空引用。 [E:\Program Files\better-genshin-impact-LCB\BetterGenshinImpact\BetterGenshinImpact.csproj]
E:\Program Files\better-genshin-impact-LCB\BetterGenshinImpact\GameTask\AutoFight\AutoFightTask.cs(1524,141): warning CS8602: 解引用可能出现空引用。 [E:\Program Files\better-genshin-impact-LCB\BetterGenshinImpact\BetterGenshinImpact.csproj]
E:\Program Files\better-genshin-impact-LCB\BetterGenshinImpact\GameTask\AutoFight\AutoFightTask.cs(1963,34): warning CS8602: 解引用可能出现空引用。 [E:\Program Files\better-genshin-impact-LCB\BetterGenshinImpact\BetterGenshinImpact.csproj]
E:\Program Files\better-genshin-impact-LCB\BetterGenshinImpact\GameTask\AutoFight\AutoFightTask.cs(1966,34): warning CS0168: 声明了变量“e”，但从未使用过 [E:\Program Files\better-genshin-impact-LCB\BetterGenshinImpact\BetterGenshinImpact.csproj]
E:\Program Files\better-genshin-impact-LCB\BetterGenshinImpact\GameTask\AutoFight\AutoFightTask.cs(2152,34): warning CS0168: 声明了变量“e”，但从未使用过 [E:\Program Files\better-genshin-impact-LCB\BetterGenshinImpact\BetterGenshinImpact.csproj]
E:\Program Files\better-genshin-impact-LCB\BetterGenshinImpact\ViewModel\Pages\ScriptControlViewModel.cs(2677,47): warning CS8604: “Task ScriptControlViewModel.OnContinueTaskProgressAsync(string name, List<TaskProgress>? taskProgresses = null, JobSource source = JobSource.Ui)”中的形参“name”可能传入 null 引用实参。 [E:\Program Files\better-genshin-impact-LCB\BetterGenshinImpact\BetterGenshinImpact.csproj]
E:\Program Files\better-genshin-impact-LCB\BetterGenshinImpact\GameTask\AutoFight\AutoFightTask.cs(2439,21): warning CS4014: 由于此调用不会等待，因此在此调用完成之前将会继续执行当前方法。请考虑将 "await" 运算符应用于调用结果。 [E:\Program Files\better-genshin-impact-LCB\BetterGenshinImpact\BetterGenshinImpact.csproj]
E:\Program Files\better-genshin-impact-LCB\BetterGenshinImpact\GameTask\AutoFight\AutoFightTask.cs(2608,21): warning CS4014: 由于此调用不会等待，因此在此调用完成之前将会继续执行当前方法。请考虑将 "await" 运算符应用于调用结果。 [E:\Program Files\better-genshin-impact-LCB\BetterGenshinImpact\BetterGenshinImpact.csproj]
E:\Program Files\better-genshin-impact-LCB\BetterGenshinImpact\GameTask\AutoStygianOnslaught\AutoStygianOnslaughtParam.cs(52,12): warning CS8618: 在退出构造函数时，不可为 null 的 属性 "FightTeamName" 必须包含非 null 值。请考虑添加 "required" 修饰符或将该 属性 声明为可为 null。 [E:\Program Files\better-genshin-impact-LCB\BetterGenshinImpact\BetterGenshinImpact.csproj]
E:\Program Files\better-genshin-impact-LCB\BetterGenshinImpact\GameTask\AutoStygianOnslaught\AutoStygianOnslaughtParam.cs(52,12): warning CS8618: 在退出构造函数时，不可为 null 的 属性 "CombatScriptBagPath" 必须包含非 null 值。请考虑添加 "required" 修饰符或将该 属性 声明为可为 null。 [E:\Program Files\better-genshin-impact-LCB\BetterGenshinImpact\BetterGenshinImpact.csproj]
E:\Program Files\better-genshin-impact-LCB\BetterGenshinImpact\GameTask\AutoStygianOnslaught\AutoStygianOnslaughtParam.cs(56,12): warning CS8618: 在退出构造函数时，不可为 null 的 属性 "FightTeamName" 必须包含非 null 值。请考虑添加 "required" 修饰符或将该 属性 声明为可为 null。 [E:\Program Files\better-genshin-impact-LCB\BetterGenshinImpact\BetterGenshinImpact.csproj]
E:\Program Files\better-genshin-impact-LCB\BetterGenshinImpact\ViewModel\Pages\OneDragonFlowViewModel.cs(185,24): warning CS1998: 此异步方法缺少 "await" 运算符，将以同步方式运行。请考虑使用 "await" 运算符等待非阻止的 API 调用，或者使用 "await Task.Run(...)" 在后台线程上执行占用大量 CPU 的工作。 [E:\Program Files\better-genshin-impact-LCB\BetterGenshinImpact\BetterGenshinImpact.csproj]
E:\Program Files\better-genshin-impact-LCB\BetterGenshinImpact\ViewModel\Pages\OneDragonFlowViewModel.cs(281,12): warning CS8618: 在退出构造函数时，不可为 null 的 字段 "_scriptService" 必须包含非 null 值。请考虑添加 "required" 修饰符或将该 字段 声明为可为 null。 [E:\Program Files\better-genshin-impact-LCB\BetterGenshinImpact\BetterGenshinImpact.csproj]
E:\Program Files\better-genshin-impact-LCB\BetterGenshinImpact\ViewModel\Pages\OneDragonFlowViewModel.cs(281,12): warning CS8618: 在退出构造函数时，不可为 null 的 字段 "_selectedTask" 必须包含非 null 值。请考虑添加 "required" 修饰符或将该 字段 声明为可为 null。 [E:\Program Files\better-genshin-impact-LCB\BetterGenshinImpact\BetterGenshinImpact.csproj]
E:\Program Files\better-genshin-impact-LCB\BetterGenshinImpact\ViewModel\Pages\OneDragonFlowViewModel.cs(430,22): warning CS8602: 解引用可能出现空引用。 [E:\Program Files\better-genshin-impact-LCB\BetterGenshinImpact\BetterGenshinImpact.csproj]
E:\Program Files\better-genshin-impact-LCB\BetterGenshinImpact\ViewModel\Pages\OneDragonFlowViewModel.cs(462,24): warning CS8625: 无法将 null 字面量转换为非 null 的引用类型。 [E:\Program Files\better-genshin-impact-LCB\BetterGenshinImpact\BetterGenshinImpact.csproj]
E:\Program Files\better-genshin-impact-LCB\BetterGenshinImpact\GameTask\AutoPathing\Handler\TeapotHurryOnHelper.cs(100,41): warning CS4014: 由于此调用不会等待，因此在此调用完成之前将会继续执行当前方法。请考虑将 "await" 运算符应用于调用结果。 [E:\Program Files\better-genshin-impact-LCB\BetterGenshinImpact\BetterGenshinImpact.csproj]
E:\Program Files\better-genshin-impact-LCB\BetterGenshinImpact\GameTask\AutoPathing\Handler\TeapotHurryOnHelper.cs(219,33): warning CS4014: 由于此调用不会等待，因此在此调用完成之前将会继续执行当前方法。请考虑将 "await" 运算符应用于调用结果。 [E:\Program Files\better-genshin-impact-LCB\BetterGenshinImpact\BetterGenshinImpact.csproj]
E:\Program Files\better-genshin-impact-LCB\BetterGenshinImpact\GameTask\AutoPathing\Handler\TeapotHurryOnHelper.cs(269,29): warning CS4014: 由于此调用不会等待，因此在此调用完成之前将会继续执行当前方法。请考虑将 "await" 运算符应用于调用结果。 [E:\Program Files\better-genshin-impact-LCB\BetterGenshinImpact\BetterGenshinImpact.csproj]
E:\Program Files\better-genshin-impact-LCB\BetterGenshinImpact\GameTask\AutoPathing\Handler\TeapotHurryOnHelper.cs(255,25): warning CS8602: 解引用可能出现空引用。 [E:\Program Files\better-genshin-impact-LCB\BetterGenshinImpact\BetterGenshinImpact.csproj]
E:\Program Files\better-genshin-impact-LCB\BetterGenshinImpact\GameTask\AutoPathing\Handler\TeapotHurryOnHelper.cs(343,75): warning CS8602: 解引用可能出现空引用。 [E:\Program Files\better-genshin-impact-LCB\BetterGenshinImpact\BetterGenshinImpact.csproj]
E:\Program Files\better-genshin-impact-LCB\BetterGenshinImpact\GameTask\AutoPathing\Handler\TeapotHurryOnHelper.cs(368,45): warning CS8602: 解引用可能出现空引用。 [E:\Program Files\better-genshin-impact-LCB\BetterGenshinImpact\BetterGenshinImpact.csproj]
E:\Program Files\better-genshin-impact-LCB\BetterGenshinImpact\GameTask\AutoPathing\Handler\TeapotHurryOnHelper.cs(498,107): warning CS8604: “Task<(Point2f point, int additionalTimeInMs)> PathExecutor.GetPositionAndTime(ImageRegion imageRegion, WaypointForTrack waypoint, bool isPoint = true)”中的形参“waypoint”可能传入 null 引用实参。 [E:\Program Files\better-genshin-impact-LCB\BetterGenshinImpact\BetterGenshinImpact.csproj]
E:\Program Files\better-genshin-impact-LCB\BetterGenshinImpact\GameTask\AutoPathing\Handler\TeapotHurryOnHelper.cs(566,41): warning CS8602: 解引用可能出现空引用。 [E:\Program Files\better-genshin-impact-LCB\BetterGenshinImpact\BetterGenshinImpact.csproj]
E:\Program Files\better-genshin-impact-LCB\BetterGenshinImpact\GameTask\AutoPathing\Handler\TeapotHurryOnHelper.cs(597,45): warning CS8602: 解引用可能出现空引用。 [E:\Program Files\better-genshin-impact-LCB\BetterGenshinImpact\BetterGenshinImpact.csproj]
E:\Program Files\better-genshin-impact-LCB\BetterGenshinImpact\GameTask\LogParse\YsHttp.cs(136,17): warning CS8602: 解引用可能出现空引用。 [E:\Program Files\better-genshin-impact-LCB\BetterGenshinImpact\BetterGenshinImpact.csproj]
E:\Program Files\better-genshin-impact-LCB\BetterGenshinImpact\ViewModel\Pages\OneDragonFlowViewModel.cs(605,13): warning CS4014: 由于此调用不会等待，因此在此调用完成之前将会继续执行当前方法。请考虑将 "await" 运算符应用于调用结果。 [E:\Program Files\better-genshin-impact-LCB\BetterGenshinImpact\BetterGenshinImpact.csproj]
E:\Program Files\better-genshin-impact-LCB\BetterGenshinImpact\ViewModel\Pages\OneDragonFlowViewModel.cs(604,41): warning CS8602: 解引用可能出现空引用。 [E:\Program Files\better-genshin-impact-LCB\BetterGenshinImpact\BetterGenshinImpact.csproj]
E:\Program Files\better-genshin-impact-LCB\BetterGenshinImpact\GameTask\LogParse\YsHttp.cs(233,36): warning CS8602: 解引用可能出现空引用。 [E:\Program Files\better-genshin-impact-LCB\BetterGenshinImpact\BetterGenshinImpact.csproj]
E:\Program Files\better-genshin-impact-LCB\BetterGenshinImpact\GameTask\LogParse\YsHttp.cs(254,40): warning CS8602: 解引用可能出现空引用。 [E:\Program Files\better-genshin-impact-LCB\BetterGenshinImpact\BetterGenshinImpact.csproj]
E:\Program Files\better-genshin-impact-LCB\BetterGenshinImpact\GameTask\LogParse\YsHttp.cs(58,54): warning CS8618: 在退出构造函数时，不可为 null 的 属性 "GameBiz" 必须包含非 null 值。请考虑添加 "required" 修饰符或将该 属性 声明为可为 null。 [E:\Program Files\better-genshin-impact-LCB\BetterGenshinImpact\BetterGenshinImpact.csproj]
E:\Program Files\better-genshin-impact-LCB\BetterGenshinImpact\GameTask\LogParse\YsHttp.cs(60,52): warning CS8618: 在退出构造函数时，不可为 null 的 属性 "Region" 必须包含非 null 值。请考虑添加 "required" 修饰符或将该 属性 声明为可为 null。 [E:\Program Files\better-genshin-impact-LCB\BetterGenshinImpact\BetterGenshinImpact.csproj]
E:\Program Files\better-genshin-impact-LCB\BetterGenshinImpact\GameTask\LogParse\YsHttp.cs(62,54): warning CS8618: 在退出构造函数时，不可为 null 的 属性 "GameUid" 必须包含非 null 值。请考虑添加 "required" 修饰符或将该 属性 声明为可为 null。 [E:\Program Files\better-genshin-impact-LCB\BetterGenshinImpact\BetterGenshinImpact.csproj]
E:\Program Files\better-genshin-impact-LCB\BetterGenshinImpact\GameTask\LogParse\YsHttp.cs(64,54): warning CS8618: 在退出构造函数时，不可为 null 的 属性 "Nickname" 必须包含非 null 值。请考虑添加 "required" 修饰符或将该 属性 声明为可为 null。 [E:\Program Files\better-genshin-impact-LCB\BetterGenshinImpact\BetterGenshinImpact.csproj]
E:\Program Files\better-genshin-impact-LCB\BetterGenshinImpact\GameTask\LogParse\YsHttp.cs(70,57): warning CS8618: 在退出构造函数时，不可为 null 的 属性 "RegionName" 必须包含非 null 值。请考虑添加 "required" 修饰符或将该 属性 声明为可为 null。 [E:\Program Files\better-genshin-impact-LCB\BetterGenshinImpact\BetterGenshinImpact.csproj]
E:\Program Files\better-genshin-impact-LCB\BetterGenshinImpact\GameTask\LogParse\YsHttp.cs(49,52): warning CS8618: 在退出构造函数时，不可为 null 的 属性 "Action" 必须包含非 null 值。请考虑添加 "required" 修饰符或将该 属性 声明为可为 null。 [E:\Program Files\better-genshin-impact-LCB\BetterGenshinImpact\BetterGenshinImpact.csproj]
E:\Program Files\better-genshin-impact-LCB\BetterGenshinImpact\GameTask\LogParse\YsHttp.cs(51,50): warning CS8618: 在退出构造函数时，不可为 null 的 属性 "Time" 必须包含非 null 值。请考虑添加 "required" 修饰符或将该 属性 声明为可为 null。 [E:\Program Files\better-genshin-impact-LCB\BetterGenshinImpact\BetterGenshinImpact.csproj]
E:\Program Files\better-genshin-impact-LCB\BetterGenshinImpact\GameTask\LogParse\YsHttp.cs(27,52): warning CS8618: 在退出构造函数时，不可为 null 的 属性 "Region" 必须包含非 null 值。请考虑添加 "required" 修饰符或将该 属性 声明为可为 null。 [E:\Program Files\better-genshin-impact-LCB\BetterGenshinImpact\BetterGenshinImpact.csproj]
E:\Program Files\better-genshin-impact-LCB\BetterGenshinImpact\GameTask\LogParse\YsHttp.cs(31,54): warning CS8618: 在退出构造函数时，不可为 null 的 属性 "Nickname" 必须包含非 null 值。请考虑添加 "required" 修饰符或将该 属性 声明为可为 null。 [E:\Program Files\better-genshin-impact-LCB\BetterGenshinImpact\BetterGenshinImpact.csproj]
E:\Program Files\better-genshin-impact-LCB\BetterGenshinImpact\GameTask\LogParse\YsHttp.cs(33,50): warning CS8618: 在退出构造函数时，不可为 null 的 属性 "Date" 必须包含非 null 值。请考虑添加 "required" 修饰符或将该 属性 声明为可为 null。 [E:\Program Files\better-genshin-impact-LCB\BetterGenshinImpact\BetterGenshinImpact.csproj]
E:\Program Files\better-genshin-impact-LCB\BetterGenshinImpact\GameTask\LogParse\YsHttp.cs(37,63): warning CS8618: 在退出构造函数时，不可为 null 的 属性 "OptionalMonth" 必须包含非 null 值。请考虑添加 "required" 修饰符或将该 属性 声明为可为 null。 [E:\Program Files\better-genshin-impact-LCB\BetterGenshinImpact\BetterGenshinImpact.csproj]
E:\Program Files\better-genshin-impact-LCB\BetterGenshinImpact\GameTask\LogParse\YsHttp.cs(42,24): warning CS8618: 在退出构造函数时，不可为 null 的 属性 "List" 必须包含非 null 值。请考虑添加 "required" 修饰符或将该 属性 声明为可为 null。 [E:\Program Files\better-genshin-impact-LCB\BetterGenshinImpact\BetterGenshinImpact.csproj]
E:\Program Files\better-genshin-impact-LCB\BetterGenshinImpact\GameTask\LogParse\YsHttp.cs(19,53): warning CS8618: 在退出构造函数时，不可为 null 的 属性 "Message" 必须包含非 null 值。请考虑添加 "required" 修饰符或将该 属性 声明为可为 null。 [E:\Program Files\better-genshin-impact-LCB\BetterGenshinImpact\BetterGenshinImpact.csproj]
E:\Program Files\better-genshin-impact-LCB\BetterGenshinImpact\GameTask\LogParse\YsHttp.cs(20,24): warning CS8618: 在退出构造函数时，不可为 null 的 属性 "Data" 必须包含非 null 值。请考虑添加 "required" 修饰符或将该 属性 声明为可为 null。 [E:\Program Files\better-genshin-impact-LCB\BetterGenshinImpact\BetterGenshinImpact.csproj]
E:\Program Files\better-genshin-impact-LCB\BetterGenshinImpact\GameTask\AutoPathing\PathExecutor.cs(396,43): warning CS0420: “PathExecutor._multiplayerRevivalDetected”: 对 volatile 字段的引用不被视为 volatile [E:\Program Files\better-genshin-impact-LCB\BetterGenshinImpact\BetterGenshinImpact.csproj]
E:\Program Files\better-genshin-impact-LCB\BetterGenshinImpact\GameTask\AutoPathing\PathExecutor.cs(416,62): warning CS0420: “PathExecutor._multiplayerRevivalDetected”: 对 volatile 字段的引用不被视为 volatile [E:\Program Files\better-genshin-impact-LCB\BetterGenshinImpact\BetterGenshinImpact.csproj]
E:\Program Files\better-genshin-impact-LCB\BetterGenshinImpact\GameTask\LogParse\TravelsDiaryDetailManager.cs(162,29): warning CS8602: 解引用可能出现空引用。 [E:\Program Files\better-genshin-impact-LCB\BetterGenshinImpact\BetterGenshinImpact.csproj]
E:\Program Files\better-genshin-impact-LCB\BetterGenshinImpact\GameTask\LogParse\TravelsDiaryDetailManager.cs(192,33): warning CS0168: 声明了变量“e”，但从未使用过 [E:\Program Files\better-genshin-impact-LCB\BetterGenshinImpact\BetterGenshinImpact.csproj]
E:\Program Files\better-genshin-impact-LCB\BetterGenshinImpact\GameTask\LogParse\TravelsDiaryDetailManager.cs(216,28): warning CS8600: 将 null 文本或可能的 null 值转换为不可为 null 类型。 [E:\Program Files\better-genshin-impact-LCB\BetterGenshinImpact\BetterGenshinImpact.csproj]
E:\Program Files\better-genshin-impact-LCB\BetterGenshinImpact\GameTask\LogParse\TravelsDiaryDetailManager.cs(221,39): warning CS8604: “DirectoryInfo Directory.CreateDirectory(string path)”中的形参“path”可能传入 null 引用实参。 [E:\Program Files\better-genshin-impact-LCB\BetterGenshinImpact\BetterGenshinImpact.csproj]
E:\Program Files\better-genshin-impact-LCB\BetterGenshinImpact\GameTask\AutoTrackPath\TpTaskOfficial.cs(1248,52): warning CS0168: 声明了变量“e”，但从未使用过 [E:\Program Files\better-genshin-impact-LCB\BetterGenshinImpact\BetterGenshinImpact.csproj]
E:\Program Files\better-genshin-impact-LCB\BetterGenshinImpact\GameTask\AutoWood\AutoWoodTask.cs(55,12): warning CS8618: 在退出构造函数时，不可为 null 的 字段 "_printer" 必须包含非 null 值。请考虑添加 "required" 修饰符或将该 字段 声明为可为 null。 [E:\Program Files\better-genshin-impact-LCB\BetterGenshinImpact\BetterGenshinImpact.csproj]
E:\Program Files\better-genshin-impact-LCB\BetterGenshinImpact\GameTask\AutoWood\AutoWoodTask.cs(55,12): warning CS8618: 在退出构造函数时，不可为 null 的 字段 "_enterAndExitWonderlandJob" 必须包含非 null 值。请考虑添加 "required" 修饰符或将该 字段 声明为可为 null。 [E:\Program Files\better-genshin-impact-LCB\BetterGenshinImpact\BetterGenshinImpact.csproj]
E:\Program Files\better-genshin-impact-LCB\BetterGenshinImpact\GameTask\LogParse\MoraStatistics.cs(57,40): warning CS8603: 可能返回 null 引用。 [E:\Program Files\better-genshin-impact-LCB\BetterGenshinImpact\BetterGenshinImpact.csproj]
E:\Program Files\better-genshin-impact-LCB\BetterGenshinImpact\GameTask\LogParse\MoraStatistics.cs(58,40): warning CS8603: 可能返回 null 引用。 [E:\Program Files\better-genshin-impact-LCB\BetterGenshinImpact\BetterGenshinImpact.csproj]
E:\Program Files\better-genshin-impact-LCB\BetterGenshinImpact\GameTask\LogParse\MoraStatistics.cs(74,17): warning CS8602: 解引用可能出现空引用。 [E:\Program Files\better-genshin-impact-LCB\BetterGenshinImpact\BetterGenshinImpact.csproj]
E:\Program Files\better-genshin-impact-LCB\BetterGenshinImpact\ViewModel\Pages\OneDragonFlowViewModel.cs(1070,32): warning CS8625: 无法将 null 字面量转换为非 null 的引用类型。 [E:\Program Files\better-genshin-impact-LCB\BetterGenshinImpact\BetterGenshinImpact.csproj]
E:\Program Files\better-genshin-impact-LCB\BetterGenshinImpact\GameTask\AutoWood\Assets\AutoWoodAssets.cs(29,13): warning CS8618: 在退出构造函数时，不可为 null 的 字段 "WoodCountRo" 必须包含非 null 值。请考虑添加 "required" 修饰符或将该 字段 声明为可为 null。 [E:\Program Files\better-genshin-impact-LCB\BetterGenshinImpact\BetterGenshinImpact.csproj]
E:\Program Files\better-genshin-impact-LCB\BetterGenshinImpact\GameTask\AutoWood\Assets\AutoWoodAssets.cs(29,13): warning CS8618: 在退出构造函数时，不可为 null 的 字段 "WoodCountMRo" 必须包含非 null 值。请考虑添加 "required" 修饰符或将该 字段 声明为可为 null。 [E:\Program Files\better-genshin-impact-LCB\BetterGenshinImpact\BetterGenshinImpact.csproj]
E:\Program Files\better-genshin-impact-LCB\BetterGenshinImpact\GameTask\LogParse\MoraStatistics.cs(9,23): warning CS8618: 在退出构造函数时，不可为 null 的 字段 "Name" 必须包含非 null 值。请考虑添加 "required" 修饰符或将该 字段 声明为可为 null。 [E:\Program Files\better-genshin-impact-LCB\BetterGenshinImpact\BetterGenshinImpact.csproj]
E:\Program Files\better-genshin-impact-LCB\BetterGenshinImpact\GameTask\AutoSkip\Audio\ProcessLoopbackAudioCapture.cs(33,77): warning CS9191: 与 “in” 参数对应的参数 1 的 “ref” 修饰符等效于 “in”。请考虑改用 “in”。 [E:\Program Files\better-genshin-impact-LCB\BetterGenshinImpact\BetterGenshinImpact.csproj]
E:\Program Files\better-genshin-impact-LCB\BetterGenshinImpact\GameTask\AutoSkip\Audio\ProcessLoopbackAudioCapture.cs(33,29): warning CS8600: 将 null 文本或可能的 null 值转换为不可为 null 类型。 [E:\Program Files\better-genshin-impact-LCB\BetterGenshinImpact\BetterGenshinImpact.csproj]
E:\Program Files\better-genshin-impact-LCB\BetterGenshinImpact\GameTask\AutoSkip\Audio\ProcessLoopbackAudioCapture.cs(37,30): warning CS8601: 可能的 null 引用赋值。 [E:\Program Files\better-genshin-impact-LCB\BetterGenshinImpact\BetterGenshinImpact.csproj]
E:\Program Files\better-genshin-impact-LCB\BetterGenshinImpact\GameTask\AutoSkip\Audio\ProcessLoopbackAudioCapture.cs(24,12): warning CS8618: 在退出构造函数时，不可为 null 的 字段 "_captureClient" 必须包含非 null 值。请考虑添加 "required" 修饰符或将该 字段 声明为可为 null。 [E:\Program Files\better-genshin-impact-LCB\BetterGenshinImpact\BetterGenshinImpact.csproj]
E:\Program Files\better-genshin-impact-LCB\BetterGenshinImpact\GameTask\AutoSkip\Audio\ProcessLoopbackAudioCapture.cs(158,21): warning CS9191: 与 “in” 参数对应的参数 6 的 “ref” 修饰符等效于 “in”。请考虑改用 “in”。 [E:\Program Files\better-genshin-impact-LCB\BetterGenshinImpact\BetterGenshinImpact.csproj]
E:\Program Files\better-genshin-impact-LCB\BetterGenshinImpact\GameTask\LogParse\LogParse.cs(206,29): warning CS8602: 解引用可能出现空引用。 [E:\Program Files\better-genshin-impact-LCB\BetterGenshinImpact\BetterGenshinImpact.csproj]
E:\Program Files\better-genshin-impact-LCB\BetterGenshinImpact\GameTask\LogParse\LogParse.cs(934,36): warning CS8600: 将 null 文本或可能的 null 值转换为不可为 null 类型。 [E:\Program Files\better-genshin-impact-LCB\BetterGenshinImpact\BetterGenshinImpact.csproj]
E:\Program Files\better-genshin-impact-LCB\BetterGenshinImpact\GameTask\LogParse\LogParse.cs(939,43): warning CS8604: “DirectoryInfo Directory.CreateDirectory(string path)”中的形参“path”可能传入 null 引用实参。 [E:\Program Files\better-genshin-impact-LCB\BetterGenshinImpact\BetterGenshinImpact.csproj]
E:\Program Files\better-genshin-impact-LCB\BetterGenshinImpact\GameTask\LogParse\LogParse.cs(266,27): warning CS8618: 在退出构造函数时，不可为 null 的 属性 "Name" 必须包含非 null 值。请考虑添加 "required" 修饰符或将该 属性 声明为可为 null。 [E:\Program Files\better-genshin-impact-LCB\BetterGenshinImpact\BetterGenshinImpact.csproj]
E:\Program Files\better-genshin-impact-LCB\BetterGenshinImpact\GameTask\LogParse\LogParse.cs(280,31): warning CS8618: 在退出构造函数时，不可为 null 的 属性 "Name" 必须包含非 null 值。请考虑添加 "required" 修饰符或将该 属性 声明为可为 null。 [E:\Program Files\better-genshin-impact-LCB\BetterGenshinImpact\BetterGenshinImpact.csproj]
E:\Program Files\better-genshin-impact-LCB\BetterGenshinImpact\GameTask\AutoHoeing\Multiplayer\MultiplayerCoordinator.cs(1003,28): warning CS1998: 此异步方法缺少 "await" 运算符，将以同步方式运行。请考虑使用 "await" 运算符等待非阻止的 API 调用，或者使用 "await Task.Run(...)" 在后台线程上执行占用大量 CPU 的工作。 [E:\Program Files\better-genshin-impact-LCB\BetterGenshinImpact\BetterGenshinImpact.csproj]
E:\Program Files\better-genshin-impact-LCB\BetterGenshinImpact\GameTask\GameLoading\GameLoading.cs(110,34): warning CS0168: 声明了变量“e”，但从未使用过 [E:\Program Files\better-genshin-impact-LCB\BetterGenshinImpact\BetterGenshinImpact.csproj]
E:\Program Files\better-genshin-impact-LCB\BetterGenshinImpact\GameTask\GameLoading\GameLoading.cs(157,26): warning CS0168: 声明了变量“ex”，但从未使用过 [E:\Program Files\better-genshin-impact-LCB\BetterGenshinImpact\BetterGenshinImpact.csproj]
E:\Program Files\better-genshin-impact-LCB\BetterGenshinImpact\GameTask\GameTaskManager.cs(118,114): warning CS8604: “AutoSkipTrigger.AutoSkipTrigger(AutoSkipConfig config)”中的形参“config”可能传入 null 引用实参。 [E:\Program Files\better-genshin-impact-LCB\BetterGenshinImpact\BetterGenshinImpact.csproj]
E:\Program Files\better-genshin-impact-LCB\BetterGenshinImpact\GameTask\GameLoading\GameLoading.cs(210,38): warning CS8600: 将 null 文本或可能的 null 值转换为不可为 null 类型。 [E:\Program Files\better-genshin-impact-LCB\BetterGenshinImpact\BetterGenshinImpact.csproj]
E:\Program Files\better-genshin-impact-LCB\BetterGenshinImpact\GameTask\GameLoading\GameLoading.cs(216,42): warning CS8600: 将 null 文本或可能的 null 值转换为不可为 null 类型。 [E:\Program Files\better-genshin-impact-LCB\BetterGenshinImpact\BetterGenshinImpact.csproj]
E:\Program Files\better-genshin-impact-LCB\BetterGenshinImpact\GameTask\GameLoading\GameLoading.cs(335,64): warning CS8604: “(nint windowHandle, string windowType) GameLoadingTrigger.GetBiliLoginWindow(Process process)”中的形参“process”可能传入 null 引用实参。 [E:\Program Files\better-genshin-impact-LCB\BetterGenshinImpact\BetterGenshinImpact.csproj]
E:\Program Files\better-genshin-impact-LCB\BetterGenshinImpact\GameTask\AutoPathing\Handler\ActionFactory.cs(21,40): warning CS0612: “NormalAttackHandler”已过时 [E:\Program Files\better-genshin-impact-LCB\BetterGenshinImpact\BetterGenshinImpact.csproj]
E:\Program Files\better-genshin-impact-LCB\BetterGenshinImpact\GameTask\AutoPathing\Handler\ActionFactory.cs(22,42): warning CS0612: “ElementalSkillHandler”已过时 [E:\Program Files\better-genshin-impact-LCB\BetterGenshinImpact\BetterGenshinImpact.csproj]
E:\Program Files\better-genshin-impact-LCB\BetterGenshinImpact\GameTask\AutoPathing\Handler\AutoFightHandler.cs(69,37): warning CS8600: 将 null 文本或可能的 null 值转换为不可为 null 类型。 [E:\Program Files\better-genshin-impact-LCB\BetterGenshinImpact\BetterGenshinImpact.csproj]
E:\Program Files\better-genshin-impact-LCB\BetterGenshinImpact\GameTask\AutoPathing\Handler\AutoFightHandler.cs(212,77): warning CS8604: “string AutoFightHandler.GetFightStrategy(AutoFightConfig config)”中的形参“config”可能传入 null 引用实参。 [E:\Program Files\better-genshin-impact-LCB\BetterGenshinImpact\BetterGenshinImpact.csproj]
E:\Program Files\better-genshin-impact-LCB\BetterGenshinImpact\GameTask\Common\Map\Camera\CameraOrientationFromLimint.cs(28,12): warning CS8618: 在退出构造函数时，不可为 null 的 字段 "rotationRemapDataX" 必须包含非 null 值。请考虑添加 "required" 修饰符或将该 字段 声明为可为 null。 [E:\Program Files\better-genshin-impact-LCB\BetterGenshinImpact\BetterGenshinImpact.csproj]
E:\Program Files\better-genshin-impact-LCB\BetterGenshinImpact\GameTask\Common\Map\Camera\CameraOrientationFromLimint.cs(28,12): warning CS8618: 在退出构造函数时，不可为 null 的 字段 "rotationRemapDataY" 必须包含非 null 值。请考虑添加 "required" 修饰符或将该 字段 声明为可为 null。 [E:\Program Files\better-genshin-impact-LCB\BetterGenshinImpact\BetterGenshinImpact.csproj]
E:\Program Files\better-genshin-impact-LCB\BetterGenshinImpact\GameTask\Common\Map\Camera\CameraOrientationFromLimint.cs(28,12): warning CS8618: 在退出构造函数时，不可为 null 的 字段 "alphaMask1" 必须包含非 null 值。请考虑添加 "required" 修饰符或将该 字段 声明为可为 null。 [E:\Program Files\better-genshin-impact-LCB\BetterGenshinImpact\BetterGenshinImpact.csproj]
E:\Program Files\better-genshin-impact-LCB\BetterGenshinImpact\GameTask\Common\Map\Camera\CameraOrientationFromLimint.cs(28,12): warning CS8618: 在退出构造函数时，不可为 null 的 字段 "alphaMask2" 必须包含非 null 值。请考虑添加 "required" 修饰符或将该 字段 声明为可为 null。 [E:\Program Files\better-genshin-impact-LCB\BetterGenshinImpact\BetterGenshinImpact.csproj]
E:\Program Files\better-genshin-impact-LCB\BetterGenshinImpact\GameTask\AutoHoeing\Multiplayer\KazuhaCollectSyncCoordinator.cs(301,40): warning CS8604: “Task KazuhaCollectSyncCoordinator.RunAsKazuhaAsync(WaypointForTrack fightPointWaypoint, string syncKey, Task<PreparationResult>? prepTask, CancellationToken ct)”中的形参“fightPointWaypoint”可能传入 null 引用实参。 [E:\Program Files\better-genshin-impact-LCB\BetterGenshinImpact\BetterGenshinImpact.csproj]
E:\Program Files\better-genshin-impact-LCB\BetterGenshinImpact\GameTask\Common\Job\GoToSereniteaPotTask.cs(55,12): warning CS8618: 在退出构造函数时，不可为 null 的 字段 "dongTianName" 必须包含非 null 值。请考虑添加 "required" 修饰符或将该 字段 声明为可为 null。 [E:\Program Files\better-genshin-impact-LCB\BetterGenshinImpact\BetterGenshinImpact.csproj]
E:\Program Files\better-genshin-impact-LCB\BetterGenshinImpact\GameTask\Common\Job\LinneaMiningTask.cs(214,43): warning CS8600: 将 null 文本或可能的 null 值转换为不可为 null 类型。 [E:\Program Files\better-genshin-impact-LCB\BetterGenshinImpact\BetterGenshinImpact.csproj]
E:\Program Files\better-genshin-impact-LCB\BetterGenshinImpact\GameTask\Common\Job\SetTimeTask.cs(95,24): warning CS1998: 此异步方法缺少 "await" 运算符，将以同步方式运行。请考虑使用 "await" 运算符等待非阻止的 API 调用，或者使用 "await Task.Run(...)" 在后台线程上执行占用大量 CPU 的工作。 [E:\Program Files\better-genshin-impact-LCB\BetterGenshinImpact\BetterGenshinImpact.csproj]
E:\Program Files\better-genshin-impact-LCB\BetterGenshinImpact\GameTask\Common\Job\GoToSereniteaPotTask.cs(504,13): warning CS8602: 解引用可能出现空引用。 [E:\Program Files\better-genshin-impact-LCB\BetterGenshinImpact\BetterGenshinImpact.csproj]
E:\Program Files\better-genshin-impact-LCB\BetterGenshinImpact\GameTask\AutoPathing\PathExecutor.cs(1371,37): warning CS4014: 由于此调用不会等待，因此在此调用完成之前将会继续执行当前方法。请考虑将 "await" 运算符应用于调用结果。 [E:\Program Files\better-genshin-impact-LCB\BetterGenshinImpact\BetterGenshinImpact.csproj]
E:\Program Files\better-genshin-impact-LCB\BetterGenshinImpact\GameTask\AutoPathing\PathExecutor.cs(662,62): warning CS8620: 由于引用类型的可为 null 性差异，Dictionary<int, string> 类型的实参不能用于 Dictionary<int, string?>.Dictionary(IDictionary<int, string?> dictionary) 中 IDictionary<int, string?> 类型的形参 dictionary。 [E:\Program Files\better-genshin-impact-LCB\BetterGenshinImpact\BetterGenshinImpact.csproj]
E:\Program Files\better-genshin-impact-LCB\BetterGenshinImpact\GameTask\AutoPathing\PathExecutor.cs(1440,60): warning CS8602: 解引用可能出现空引用。 [E:\Program Files\better-genshin-impact-LCB\BetterGenshinImpact\BetterGenshinImpact.csproj]
E:\Program Files\better-genshin-impact-LCB\BetterGenshinImpact\GameTask\AutoPathing\PathExecutor.cs(1774,58): warning CS8602: 解引用可能出现空引用。 [E:\Program Files\better-genshin-impact-LCB\BetterGenshinImpact\BetterGenshinImpact.csproj]
E:\Program Files\better-genshin-impact-LCB\BetterGenshinImpact\GameTask\AutoPathing\PathExecutor.cs(1788,67): warning CS8604: “Task PathExecutor.MoveCloseTo(WaypointForTrack waypoint, double closeDistance = 2, int? tailDelayMs = null, int maxSteps = 25, string? fastSyncId = null, WaypointForTrack? fastSyncWaypoint = null, bool escapeClimbOnReturn = false, bool guardJumpOnReturn = false)”中的形参“waypoint”可能传入 null 引用实参。 [E:\Program Files\better-genshin-impact-LCB\BetterGenshinImpact\BetterGenshinImpact.csproj]
E:\Program Files\better-genshin-impact-LCB\BetterGenshinImpact\GameTask\AutoPathing\PathExecutor.cs(1848,51): warning CS8602: 解引用可能出现空引用。 [E:\Program Files\better-genshin-impact-LCB\BetterGenshinImpact\BetterGenshinImpact.csproj]
E:\Program Files\better-genshin-impact-LCB\BetterGenshinImpact\GameTask\AutoPathing\PathExecutor.cs(694,46): warning CS0420: “PathExecutor._multiplayerRevivalDetected”: 对 volatile 字段的引用不被视为 volatile [E:\Program Files\better-genshin-impact-LCB\BetterGenshinImpact\BetterGenshinImpact.csproj]
E:\Program Files\better-genshin-impact-LCB\BetterGenshinImpact\GameTask\AutoPathing\PathExecutor.cs(2051,139): warning CS0420: “PathExecutor._protectionConsumed”: 对 volatile 字段的引用不被视为 volatile [E:\Program Files\better-genshin-impact-LCB\BetterGenshinImpact\BetterGenshinImpact.csproj]
E:\Program Files\better-genshin-impact-LCB\BetterGenshinImpact\GameTask\AutoPathing\PathExecutor.cs(1898,41): warning CS0168: 声明了变量“handledException”，但从未使用过 [E:\Program Files\better-genshin-impact-LCB\BetterGenshinImpact\BetterGenshinImpact.csproj]
E:\Program Files\better-genshin-impact-LCB\BetterGenshinImpact\GameTask\AutoPathing\PathExecutor.cs(1915,46): warning CS0168: 声明了变量“e”，但从未使用过 [E:\Program Files\better-genshin-impact-LCB\BetterGenshinImpact\BetterGenshinImpact.csproj]
E:\Program Files\better-genshin-impact-LCB\BetterGenshinImpact\GameTask\AutoPathing\PathExecutor.cs(2821,13): warning CS4014: 由于此调用不会等待，因此在此调用完成之前将会继续执行当前方法。请考虑将 "await" 运算符应用于调用结果。 [E:\Program Files\better-genshin-impact-LCB\BetterGenshinImpact\BetterGenshinImpact.csproj]
E:\Program Files\better-genshin-impact-LCB\BetterGenshinImpact\GameTask\AutoPathing\PathExecutor.cs(2923,48): warning CS0612: “AutoFightSkill.AvatarQSkillAsync(ImageRegion?, List<int>?, int?)”已过时 [E:\Program Files\better-genshin-impact-LCB\BetterGenshinImpact\BetterGenshinImpact.csproj]
E:\Program Files\better-genshin-impact-LCB\BetterGenshinImpact\GameTask\AutoPathing\PathExecutor.cs(2906,43): warning CS8602: 解引用可能出现空引用。 [E:\Program Files\better-genshin-impact-LCB\BetterGenshinImpact\BetterGenshinImpact.csproj]
E:\Program Files\better-genshin-impact-LCB\BetterGenshinImpact\GameTask\AutoPathing\PathExecutor.cs(2919,35): warning CS8602: 解引用可能出现空引用。 [E:\Program Files\better-genshin-impact-LCB\BetterGenshinImpact\BetterGenshinImpact.csproj]
E:\Program Files\better-genshin-impact-LCB\BetterGenshinImpact\GameTask\AutoPathing\PathExecutor.cs(3197,34): warning CS0168: 声明了变量“e”，但从未使用过 [E:\Program Files\better-genshin-impact-LCB\BetterGenshinImpact\BetterGenshinImpact.csproj]
E:\Program Files\better-genshin-impact-LCB\BetterGenshinImpact\GameTask\AutoHoeing\AutoHoeingTask.cs(3994,31): warning CS8602: 解引用可能出现空引用。 [E:\Program Files\better-genshin-impact-LCB\BetterGenshinImpact\BetterGenshinImpact.csproj]
E:\Program Files\better-genshin-impact-LCB\BetterGenshinImpact\GameTask\AutoHoeing\AutoHoeingTask.cs(4151,48): warning CS8601: 可能的 null 引用赋值。 [E:\Program Files\better-genshin-impact-LCB\BetterGenshinImpact\BetterGenshinImpact.csproj]
E:\Program Files\better-genshin-impact-LCB\BetterGenshinImpact\GameTask\AutoHoeing\AutoHoeingTask.cs(4299,33): warning CS8602: 解引用可能出现空引用。 [E:\Program Files\better-genshin-impact-LCB\BetterGenshinImpact\BetterGenshinImpact.csproj]
E:\Program Files\better-genshin-impact-LCB\BetterGenshinImpact\GameTask\AutoHoeing\AutoHoeingTask.cs(4631,65): warning CS8601: 可能的 null 引用赋值。 [E:\Program Files\better-genshin-impact-LCB\BetterGenshinImpact\BetterGenshinImpact.csproj]
E:\Program Files\better-genshin-impact-LCB\BetterGenshinImpact\GameTask\AutoPathing\PathExecutor.cs(3279,34): warning CS8509: switch 表达式不处理其输入类型的所有可能的值(它不是穷举)。例如，模式“0”未包含在内。 [E:\Program Files\better-genshin-impact-LCB\BetterGenshinImpact\BetterGenshinImpact.csproj]
E:\Program Files\better-genshin-impact-LCB\BetterGenshinImpact\GameTask\AutoPathing\PathExecutor.cs(3271,9): warning CS4014: 由于此调用不会等待，因此在此调用完成之前将会继续执行当前方法。请考虑将 "await" 运算符应用于调用结果。 [E:\Program Files\better-genshin-impact-LCB\BetterGenshinImpact\BetterGenshinImpact.csproj]
E:\Program Files\better-genshin-impact-LCB\BetterGenshinImpact\GameTask\AutoPathing\PathExecutor.cs(3606,17): warning CS4014: 由于此调用不会等待，因此在此调用完成之前将会继续执行当前方法。请考虑将 "await" 运算符应用于调用结果。 [E:\Program Files\better-genshin-impact-LCB\BetterGenshinImpact\BetterGenshinImpact.csproj]
E:\Program Files\better-genshin-impact-LCB\BetterGenshinImpact\GameTask\AutoPathing\PathExecutor.cs(4022,29): warning CS4014: 由于此调用不会等待，因此在此调用完成之前将会继续执行当前方法。请考虑将 "await" 运算符应用于调用结果。 [E:\Program Files\better-genshin-impact-LCB\BetterGenshinImpact\BetterGenshinImpact.csproj]
E:\Program Files\better-genshin-impact-LCB\BetterGenshinImpact\GameTask\AutoPathing\PathExecutor.cs(3461,81): warning CS8604: “Task<(Point2f point, int additionalTimeInMs)> PathExecutor.GetPositionAndTime(ImageRegion imageRegion, WaypointForTrack waypoint, bool isPoint = true)”中的形参“waypoint”可能传入 null 引用实参。 [E:\Program Files\better-genshin-impact-LCB\BetterGenshinImpact\BetterGenshinImpact.csproj]
E:\Program Files\better-genshin-impact-LCB\BetterGenshinImpact\GameTask\AutoPathing\PathExecutor.cs(3810,65): warning CS8602: 解引用可能出现空引用。 [E:\Program Files\better-genshin-impact-LCB\BetterGenshinImpact\BetterGenshinImpact.csproj]
E:\Program Files\better-genshin-impact-LCB\BetterGenshinImpact\GameTask\AutoPathing\PathExecutor.cs(3916,46): warning CS8604: “Task PathExecutor.FaceTo(WaypointForTrack waypoint)”中的形参“waypoint”可能传入 null 引用实参。 [E:\Program Files\better-genshin-impact-LCB\BetterGenshinImpact\BetterGenshinImpact.csproj]
E:\Program Files\better-genshin-impact-LCB\BetterGenshinImpact\GameTask\AutoPathing\PathExecutor.cs(3932,55): warning CS8604: “Task TrapEscaper.MoveTo(WaypointForTrack waypoint)”中的形参“waypoint”可能传入 null 引用实参。 [E:\Program Files\better-genshin-impact-LCB\BetterGenshinImpact\BetterGenshinImpact.csproj]
E:\Program Files\better-genshin-impact-LCB\BetterGenshinImpact\GameTask\AutoPathing\PathExecutor.cs(3945,65): warning CS8604: “int Navigation.GetTargetOrientation(Waypoint waypoint, Point2f position)”中的形参“waypoint”可能传入 null 引用实参。 [E:\Program Files\better-genshin-impact-LCB\BetterGenshinImpact\BetterGenshinImpact.csproj]
E:\Program Files\better-genshin-impact-LCB\BetterGenshinImpact\GameTask\AutoPathing\PathExecutor.cs(3886,147): warning CS0420: “PathExecutor._protectionConsumed”: 对 volatile 字段的引用不被视为 volatile [E:\Program Files\better-genshin-impact-LCB\BetterGenshinImpact\BetterGenshinImpact.csproj]
E:\Program Files\better-genshin-impact-LCB\BetterGenshinImpact\GameTask\AutoPathing\PathExecutor.cs(3271,27): warning CS1998: 此异步方法缺少 "await" 运算符，将以同步方式运行。请考虑使用 "await" 运算符等待非阻止的 API 调用，或者使用 "await Task.Run(...)" 在后台线程上执行占用大量 CPU 的工作。 [E:\Program Files\better-genshin-impact-LCB\BetterGenshinImpact\BetterGenshinImpact.csproj]
E:\Program Files\better-genshin-impact-LCB\BetterGenshinImpact\GameTask\AutoHoeing\AutoHoeingTask.cs(5613,29): warning CS8602: 解引用可能出现空引用。 [E:\Program Files\better-genshin-impact-LCB\BetterGenshinImpact\BetterGenshinImpact.csproj]
E:\Program Files\better-genshin-impact-LCB\BetterGenshinImpact\GameTask\AutoHoeing\AutoHoeingTask.cs(5634,32): warning CS1998: 此异步方法缺少 "await" 运算符，将以同步方式运行。请考虑使用 "await" 运算符等待非阻止的 API 调用，或者使用 "await Task.Run(...)" 在后台线程上执行占用大量 CPU 的工作。 [E:\Program Files\better-genshin-impact-LCB\BetterGenshinImpact\BetterGenshinImpact.csproj]
E:\Program Files\better-genshin-impact-LCB\BetterGenshinImpact\GameTask\AutoPathing\PathExecutor.cs(4626,34): warning CS0168: 声明了变量“e”，但从未使用过 [E:\Program Files\better-genshin-impact-LCB\BetterGenshinImpact\BetterGenshinImpact.csproj]
E:\Program Files\better-genshin-impact-LCB\BetterGenshinImpact\Service\Notifier\BarkNotifier.cs(112,35): warning CS0169: 从不使用字段“BarkNotifier._group” [E:\Program Files\better-genshin-impact-LCB\BetterGenshinImpact\BetterGenshinImpact.csproj]
E:\Program Files\better-genshin-impact-LCB\BetterGenshinImpact\GameTask\AutoPathing\Handler\SkillBoostHelper.cs(40,21): warning CS0649: 从未对字段“PathExecutor.HurryOnState.IsFlyingMwk”赋值，字段将一直保持其默认值 false [E:\Program Files\better-genshin-impact-LCB\BetterGenshinImpact\BetterGenshinImpact.csproj]
E:\Program Files\better-genshin-impact-LCB\BetterGenshinImpact\GameTask\AutoPathing\Handler\SkillBoostHelper.cs(43,23): warning CS0649: 从未对字段“PathExecutor.HurryOnState.DistanceHalf”赋值，字段将一直保持其默认值 0 [E:\Program Files\better-genshin-impact-LCB\BetterGenshinImpact\BetterGenshinImpact.csproj]
E:\Program Files\better-genshin-impact-LCB\BetterGenshinImpact\ViewModel\Pages\JsListViewModel.cs(49,23): warning CS0169: 从不使用字段“JsListViewModel._webView2” [E:\Program Files\better-genshin-impact-LCB\BetterGenshinImpact\BetterGenshinImpact.csproj]
E:\Program Files\better-genshin-impact-LCB\BetterGenshinImpact\Service\Notifier\BarkNotifier.cs(113,35): warning CS0169: 从不使用字段“BarkNotifier._sound” [E:\Program Files\better-genshin-impact-LCB\BetterGenshinImpact\BetterGenshinImpact.csproj]
E:\Program Files\better-genshin-impact-LCB\BetterGenshinImpact\GameTask\AutoPathing\Handler\SkillBoostHelper.cs(47,24): warning CS0649: 从未对字段“PathExecutor.HurryOnState.OriginalMoveMode”赋值，字段将一直保持其默认值 null [E:\Program Files\better-genshin-impact-LCB\BetterGenshinImpact\BetterGenshinImpact.csproj]
E:\Program Files\better-genshin-impact-LCB\BetterGenshinImpact\GameTask\AutoPathing\Handler\SkillBoostHelper.cs(37,20): warning CS0649: 从未对字段“PathExecutor.HurryOnState.MavikaFlyCount”赋值，字段将一直保持其默认值 0 [E:\Program Files\better-genshin-impact-LCB\BetterGenshinImpact\BetterGenshinImpact.csproj]
E:\Program Files\better-genshin-impact-LCB\BetterGenshinImpact\GameTask\AutoHoeing\Multiplayer\WorldStateMonitor.cs(121,30): warning CS0067: 从不使用事件“WorldStateMonitor.OnDroppedFromRoom” [E:\Program Files\better-genshin-impact-LCB\BetterGenshinImpact\BetterGenshinImpact.csproj]
E:\Program Files\better-genshin-impact-LCB\BetterGenshinImpact\ViewModel\Pages\JsListViewModel.cs(53,41): warning CS0169: 从不使用字段“JsListViewModel._navigationCompletionSource” [E:\Program Files\better-genshin-impact-LCB\BetterGenshinImpact\BetterGenshinImpact.csproj]
E:\Program Files\better-genshin-impact-LCB\BetterGenshinImpact\ViewModel\Pages\TaskSettingsPageViewModel.cs(63,38): warning CS0169: 从不使用字段“TaskSettingsPageViewModel._cts” [E:\Program Files\better-genshin-impact-LCB\BetterGenshinImpact\BetterGenshinImpact.csproj]
E:\Program Files\better-genshin-impact-LCB\BetterGenshinImpact\GameTask\AutoPathing\Handler\SkillBoostHelper.cs(49,20): warning CS0649: 从未对字段“PathExecutor.HurryOnState.ChascaFlightCheckCount”赋值，字段将一直保持其默认值 0 [E:\Program Files\better-genshin-impact-LCB\BetterGenshinImpact\BetterGenshinImpact.csproj]
E:\Program Files\better-genshin-impact-LCB\BetterGenshinImpact\ViewModel\Pages\JsListViewModel.cs(51,27): warning CS0169: 从不使用字段“JsListViewModel._mdWebpagePanel” [E:\Program Files\better-genshin-impact-LCB\BetterGenshinImpact\BetterGenshinImpact.csproj]
E:\Program Files\better-genshin-impact-LCB\BetterGenshinImpact\ViewModel\Pages\TaskSettingsPageViewModel.cs(367,17): warning CS0169: 从不使用字段“TaskSettingsPageViewModel._autoHoeingUnlockClickCount” [E:\Program Files\better-genshin-impact-LCB\BetterGenshinImpact\BetterGenshinImpact.csproj]
E:\Program Files\better-genshin-impact-LCB\BetterGenshinImpact\GameTask\AutoPathing\Handler\SkillBoostHelper.cs(39,20): warning CS0649: 从未对字段“PathExecutor.HurryOnState.RunCount”赋值，字段将一直保持其默认值 0 [E:\Program Files\better-genshin-impact-LCB\BetterGenshinImpact\BetterGenshinImpact.csproj]
E:\Program Files\better-genshin-impact-LCB\BetterGenshinImpact\GameTask\TaskTriggerDispatcher.cs(68,36): warning CS0067: 从不使用事件“TaskTriggerDispatcher.UiTaskStartTickEvent” [E:\Program Files\better-genshin-impact-LCB\BetterGenshinImpact\BetterGenshinImpact.csproj]
E:\Program Files\better-genshin-impact-LCB\BetterGenshinImpact\ViewModel\Pages\OneDragonFlowViewModel.cs(40,36): warning CS0169: 从不使用字段“OneDragonFlowViewModel._scriptService” [E:\Program Files\better-genshin-impact-LCB\BetterGenshinImpact\BetterGenshinImpact.csproj]
E:\Program Files\better-genshin-impact-LCB\BetterGenshinImpact\Service\Notification\NotificationService.cs(448,18): warning CS0414: 字段“NotificationService._refreshPending”已被赋值，但从未使用过它的值 [E:\Program Files\better-genshin-impact-LCB\BetterGenshinImpact\BetterGenshinImpact.csproj]
E:\Program Files\better-genshin-impact-LCB\BetterGenshinImpact\GameTask\AutoWood\Utils\Login3rdParty.cs(25,43): warning CS0414: 字段“Login3rdParty.lastAgreementClickPos”已被赋值，但从未使用过它的值 [E:\Program Files\better-genshin-impact-LCB\BetterGenshinImpact\BetterGenshinImpact.csproj]
E:\Program Files\better-genshin-impact-LCB\BetterGenshinImpact\GameTask\GameLoading\GameLoading.cs(57,43): warning CS0414: 字段“GameLoadingTrigger.lastAgreementClickPos”已被赋值，但从未使用过它的值 [E:\Program Files\better-genshin-impact-LCB\BetterGenshinImpact\BetterGenshinImpact.csproj]
E:\Program Files\better-genshin-impact-LCB\BetterGenshinImpact\GameTask\AutoPathing\PathExecutor.cs(4512,17): warning CS0414: 字段“PathExecutor.maxAutoPositionTime”已被赋值，但从未使用过它的值 [E:\Program Files\better-genshin-impact-LCB\BetterGenshinImpact\BetterGenshinImpact.csproj]
E:\Program Files\better-genshin-impact-LCB\BetterGenshinImpact\GameTask\GameLoading\GameLoading.cs(59,18): warning CS0414: 字段“GameLoadingTrigger._agePromptTextMatched”已被赋值，但从未使用过它的值 [E:\Program Files\better-genshin-impact-LCB\BetterGenshinImpact\BetterGenshinImpact.csproj]
E:\Program Files\better-genshin-impact-LCB\BetterGenshinImpact\Core\Config\PathingPartyTaskCycleConfig.cs(37,17): warning MVVMTK0034: The field BetterGenshinImpact.Core.Config.PathingPartyTaskCycleConfig._cycle is annotated with [ObservableProperty] and should not be directly referenced (use the generated property instead) (https://aka.ms/mvvmtoolkit/errors/mvvmtk0034) [E:\Program Files\better-genshin-impact-LCB\BetterGenshinImpact\BetterGenshinImpact.csproj]
E:\Program Files\better-genshin-impact-LCB\BetterGenshinImpact\Core\Config\PathingPartyTaskCycleConfig.cs(37,32): warning MVVMTK0034: The field BetterGenshinImpact.Core.Config.PathingPartyTaskCycleConfig._boundaryTime is annotated with [ObservableProperty] and should not be directly referenced (use the generated property instead) (https://aka.ms/mvvmtoolkit/errors/mvvmtk0034) [E:\Program Files\better-genshin-impact-LCB\BetterGenshinImpact\BetterGenshinImpact.csproj]
E:\Program Files\better-genshin-impact-LCB\BetterGenshinImpact\Core\Config\PathingPartyTaskCycleConfig.cs(37,53): warning MVVMTK0034: The field BetterGenshinImpact.Core.Config.PathingPartyTaskCycleConfig._boundaryTime is annotated with [ObservableProperty] and should not be directly referenced (use the generated property instead) (https://aka.ms/mvvmtoolkit/errors/mvvmtk0034) [E:\Program Files\better-genshin-impact-LCB\BetterGenshinImpact\BetterGenshinImpact.csproj]
E:\Program Files\better-genshin-impact-LCB\BetterGenshinImpact\Core\Config\PathingPartyTaskCycleConfig.cs(41,85): warning MVVMTK0034: The field BetterGenshinImpact.Core.Config.PathingPartyTaskCycleConfig._boundaryTime is annotated with [ObservableProperty] and should not be directly referenced (use the generated property instead) (https://aka.ms/mvvmtoolkit/errors/mvvmtk0034) [E:\Program Files\better-genshin-impact-LCB\BetterGenshinImpact\BetterGenshinImpact.csproj]
E:\Program Files\better-genshin-impact-LCB\BetterGenshinImpact\Core\Config\PathingPartyTaskCycleConfig.cs(54,47): warning MVVMTK0034: The field BetterGenshinImpact.Core.Config.PathingPartyTaskCycleConfig._cycle is annotated with [ObservableProperty] and should not be directly referenced (use the generated property instead) (https://aka.ms/mvvmtoolkit/errors/mvvmtk0034) [E:\Program Files\better-genshin-impact-LCB\BetterGenshinImpact\BetterGenshinImpact.csproj]
E:\Program Files\better-genshin-impact-LCB\BetterGenshinImpact\Core\Config\PathingPartyConfig.cs(109,65): warning MVVMTK0034: The field BetterGenshinImpact.Core.Config.PathingPartyConfig._onlyInTeleportRecover is annotated with [ObservableProperty] and should not be directly referenced (use the generated property instead) (https://aka.ms/mvvmtoolkit/errors/mvvmtk0034) [E:\Program Files\better-genshin-impact-LCB\BetterGenshinImpact\BetterGenshinImpact.csproj]
E:\Program Files\better-genshin-impact-LCB\BetterGenshinImpact\GameTask\UseRedeemCode\AutoRedeemCodeConfig.cs(44,14): warning MVVMTK0034: The field BetterGenshinImpact.GameTask.UseRedeemCode.AutoRedeemCodeConfig._usedCodesByUid is annotated with [ObservableProperty] and should not be directly referenced (use the generated property instead) (https://aka.ms/mvvmtoolkit/errors/mvvmtk0034) [E:\Program Files\better-genshin-impact-LCB\BetterGenshinImpact\BetterGenshinImpact.csproj]
E:\Program Files\better-genshin-impact-LCB\BetterGenshinImpact\GameTask\UseRedeemCode\AutoRedeemCodeConfig.cs(47,13): warning MVVMTK0034: The field BetterGenshinImpact.GameTask.UseRedeemCode.AutoRedeemCodeConfig._usedCodesByUid is annotated with [ObservableProperty] and should not be directly referenced (use the generated property instead) (https://aka.ms/mvvmtoolkit/errors/mvvmtk0034) [E:\Program Files\better-genshin-impact-LCB\BetterGenshinImpact\BetterGenshinImpact.csproj]
E:\Program Files\better-genshin-impact-LCB\BetterGenshinImpact\GameTask\UseRedeemCode\AutoRedeemCodeConfig.cs(66,38): warning MVVMTK0034: The field BetterGenshinImpact.GameTask.UseRedeemCode.AutoRedeemCodeConfig._usedCodesByUid is annotated with [ObservableProperty] and should not be directly referenced (use the generated property instead) (https://aka.ms/mvvmtoolkit/errors/mvvmtk0034) [E:\Program Files\better-genshin-impact-LCB\BetterGenshinImpact\BetterGenshinImpact.csproj]
E:\Program Files\better-genshin-impact-LCB\BetterGenshinImpact\GameTask\UseRedeemCode\AutoRedeemCodeConfig.cs(92,13): warning MVVMTK0034: The field BetterGenshinImpact.GameTask.UseRedeemCode.AutoRedeemCodeConfig._usedCodesByUid is annotated with [ObservableProperty] and should not be directly referenced (use the generated property instead) (https://aka.ms/mvvmtoolkit/errors/mvvmtk0034) [E:\Program Files\better-genshin-impact-LCB\BetterGenshinImpact\BetterGenshinImpact.csproj]
E:\Program Files\better-genshin-impact-LCB\BetterGenshinImpact\GameTask\UseRedeemCode\AutoRedeemCodeConfig.cs(105,9): warning MVVMTK0034: The field BetterGenshinImpact.GameTask.UseRedeemCode.AutoRedeemCodeConfig._lastRedeemCodeCheckDates is annotated with [ObservableProperty] and should not be directly referenced (use the generated property instead) (https://aka.ms/mvvmtoolkit/errors/mvvmtk0034) [E:\Program Files\better-genshin-impact-LCB\BetterGenshinImpact\BetterGenshinImpact.csproj]
E:\Program Files\better-genshin-impact-LCB\BetterGenshinImpact\Core\Config\PathingConditionConfig.cs(43,65): warning MVVMTK0034: The field BetterGenshinImpact.Core.Config.PathingConditionConfig._onlyInTeleportRecover is annotated with [ObservableProperty] and should not be directly referenced (use the generated property instead) (https://aka.ms/mvvmtoolkit/errors/mvvmtk0034) [E:\Program Files\better-genshin-impact-LCB\BetterGenshinImpact\BetterGenshinImpact.csproj]
E:\Program Files\better-genshin-impact-LCB\BetterGenshinImpact\ViewModel\Pages\View\ScriptGroupConfigViewModel.cs(109,21): warning MVVMTK0034: The field BetterGenshinImpact.ViewModel.Pages.View.ScriptGroupConfigViewModel._pathingConfig is annotated with [ObservableProperty] and should not be directly referenced (use the generated property instead) (https://aka.ms/mvvmtoolkit/errors/mvvmtk0034) [E:\Program Files\better-genshin-impact-LCB\BetterGenshinImpact\BetterGenshinImpact.csproj]
E:\Program Files\better-genshin-impact-LCB\BetterGenshinImpact\GameTask\AutoFight\AutoFightConfig.cs(227,13): warning MVVMTK0034: The field BetterGenshinImpact.GameTask.AutoFight.AutoFightConfig.FightFinishDetectConfig._returnToFightPointStopDistance is annotated with [ObservableProperty] and should not be directly referenced (use the generated property instead) (https://aka.ms/mvvmtoolkit/errors/mvvmtk0034) [E:\Program Files\better-genshin-impact-LCB\BetterGenshinImpact\BetterGenshinImpact.csproj]
E:\Program Files\better-genshin-impact-LCB\BetterGenshinImpact\GameTask\AutoFight\AutoFightConfig.cs(228,16): warning MVVMTK0034: The field BetterGenshinImpact.GameTask.AutoFight.AutoFightConfig.FightFinishDetectConfig._returnToFightPointStopDistance is annotated with [ObservableProperty] and should not be directly referenced (use the generated property instead) (https://aka.ms/mvvmtoolkit/errors/mvvmtk0034) [E:\Program Files\better-genshin-impact-LCB\BetterGenshinImpact\BetterGenshinImpact.csproj]
E:\Program Files\better-genshin-impact-LCB\BetterGenshinImpact\GameTask\AutoFight\AutoFightConfig.cs(229,16): warning MVVMTK0034: The field BetterGenshinImpact.GameTask.AutoFight.AutoFightConfig.FightFinishDetectConfig._returnToFightPointTriggerDistance is annotated with [ObservableProperty] and should not be directly referenced (use the generated property instead) (https://aka.ms/mvvmtoolkit/errors/mvvmtk0034) [E:\Program Files\better-genshin-impact-LCB\BetterGenshinImpact\BetterGenshinImpact.csproj]
E:\Program Files\better-genshin-impact-LCB\BetterGenshinImpact\GameTask\AutoFight\AutoFightConfig.cs(230,16): warning MVVMTK0034: The field BetterGenshinImpact.GameTask.AutoFight.AutoFightConfig.FightFinishDetectConfig._returnToFightPointTriggerDistance is annotated with [ObservableProperty] and should not be directly referenced (use the generated property instead) (https://aka.ms/mvvmtoolkit/errors/mvvmtk0034) [E:\Program Files\better-genshin-impact-LCB\BetterGenshinImpact\BetterGenshinImpact.csproj]
E:\Program Files\better-genshin-impact-LCB\BetterGenshinImpact\GameTask\AutoHoeing\AutoHoeingConfig.cs(721,9): warning MVVMTK0034: The field BetterGenshinImpact.GameTask.AutoHoeing.AutoHoeingConfig._variantPreferences is annotated with [ObservableProperty] and should not be directly referenced (use the generated property instead) (https://aka.ms/mvvmtoolkit/errors/mvvmtk0034) [E:\Program Files\better-genshin-impact-LCB\BetterGenshinImpact\BetterGenshinImpact.csproj]
E:\Program Files\better-genshin-impact-LCB\BetterGenshinImpact\GameTask\AutoHoeing\AutoHoeingConfig.cs(731,13): warning MVVMTK0034: The field BetterGenshinImpact.GameTask.AutoHoeing.AutoHoeingConfig._variantPreferences is annotated with [ObservableProperty] and should not be directly referenced (use the generated property instead) (https://aka.ms/mvvmtoolkit/errors/mvvmtk0034) [E:\Program Files\better-genshin-impact-LCB\BetterGenshinImpact\BetterGenshinImpact.csproj]
E:\Program Files\better-genshin-impact-LCB\BetterGenshinImpact\ViewModel\Pages\MapPathingViewModel.cs(174,23): warning MVVMTK0039: The method BetterGenshinImpact.ViewModel.Pages.MapPathingViewModel.OnOpenSettings() annotated with [RelayCommand] is async void (make sure to return a Task type instead) (https://aka.ms/mvvmtoolkit/errors/mvvmtk0039) [E:\Program Files\better-genshin-impact-LCB\BetterGenshinImpact\BetterGenshinImpact.csproj]
E:\Program Files\better-genshin-impact-LCB\BetterGenshinImpact\ViewModel\Pages\OneDragonFlowViewModel.cs(143,35): warning MVVMTK0034: The field BetterGenshinImpact.ViewModel.Pages.OneDragonFlowViewModel._scriptGroupsdefault is annotated with [ObservableProperty] and should not be directly referenced (use the generated property instead) (https://aka.ms/mvvmtoolkit/errors/mvvmtk0034) [E:\Program Files\better-genshin-impact-LCB\BetterGenshinImpact\BetterGenshinImpact.csproj]
E:\Program Files\better-genshin-impact-LCB\BetterGenshinImpact\GameTask\Common\StateMachine\StateMachineBase.cs(68,31): warning CA2021: 类型'TState'与类型'System.Enum'不兼容，强制转换尝试将在运行时引发 InvalidCastException (https://learn.microsoft.com/dotnet/fundamentals/code-analysis/quality-rules/ca2021) [E:\Program Files\better-genshin-impact-LCB\BetterGenshinImpact\BetterGenshinImpact.csproj]
E:\Program Files\better-genshin-impact-LCB\MultiplayerHoeingAssistant\MultiplayerHoeingAssistant_m4mxyswz_wpftmp.csproj : warning NU1902: 包 "SharpCompress" 0.38.0 具有已知的 中 严重性漏洞，https://github.com/advisories/GHSA-6c8g-7p36-r338
E:\Program Files\better-genshin-impact-LCB\MultiplayerHoeingAssistant\Services\BgiLogTailService.cs(177,44): warning CS8604: “FileInfo.FileInfo(string fileName)”中的形参“fileName”可能传入 null 引用实参。 [E:\Program Files\better-genshin-impact-LCB\MultiplayerHoeingAssistant\MultiplayerHoeingAssistant_m4mxyswz_wpftmp.csproj]
E:\Program Files\better-genshin-impact-LCB\MultiplayerHoeingAssistant\ViewModels\TaskCenterPanelViewModel.EditParts.cs(170,15): warning CS8620: 由于引用类型的可为 null 性差异，IEnumerable<(CatalogSourceVm v, int i)> 类型的实参不能用于 (CatalogSourceVm?, int) Enumerable.FirstOrDefault<(CatalogSourceVm?, int)>(IEnumerable<(CatalogSourceVm?, int)> source, Func<(CatalogSourceVm?, int), bool> predicate, (CatalogSourceVm?, int) defaultValue) 中 IEnumerable<(CatalogSourceVm?, int)> 类型的形参 source。 [E:\Program Files\better-genshin-impact-LCB\MultiplayerHoeingAssistant\MultiplayerHoeingAssistant_m4mxyswz_wpftmp.csproj]
E:\Program Files\better-genshin-impact-LCB\MultiplayerHoeingAssistant\ViewModels\TaskCenterPanelViewModel.EditParts.cs(170,74): warning CS8602: 解引用可能出现空引用。 [E:\Program Files\better-genshin-impact-LCB\MultiplayerHoeingAssistant\MultiplayerHoeingAssistant_m4mxyswz_wpftmp.csproj]
E:\Program Files\better-genshin-impact-LCB\MultiplayerHoeingAssistant\ViewModels\TaskCenterPanelViewModel.EditParts.cs(308,17): warning CS8602: 解引用可能出现空引用。 [E:\Program Files\better-genshin-impact-LCB\MultiplayerHoeingAssistant\MultiplayerHoeingAssistant_m4mxyswz_wpftmp.csproj]
E:\Program Files\better-genshin-impact-LCB\MultiplayerHoeingAssistant\Services\TaskCenter\TaskCenterHost.Admission.cs(400,30): warning CS8602: 解引用可能出现空引用。 [E:\Program Files\better-genshin-impact-LCB\MultiplayerHoeingAssistant\MultiplayerHoeingAssistant_m4mxyswz_wpftmp.csproj]
E:\Program Files\better-genshin-impact-LCB\MultiplayerHoeingAssistant\Services\TaskCenter\RunStoreSendPermit.cs(58,54): warning CS8602: 解引用可能出现空引用。 [E:\Program Files\better-genshin-impact-LCB\MultiplayerHoeingAssistant\MultiplayerHoeingAssistant_m4mxyswz_wpftmp.csproj]
E:\Program Files\better-genshin-impact-LCB\MultiplayerHoeingAssistant\Services\CommandExecutor.cs(1834,35): warning CS8602: 解引用可能出现空引用。 [E:\Program Files\better-genshin-impact-LCB\MultiplayerHoeingAssistant\MultiplayerHoeingAssistant_m4mxyswz_wpftmp.csproj]
E:\Program Files\better-genshin-impact-LCB\MultiplayerHoeingAssistant\Services\CommandExecutor.cs(1938,105): warning CS8601: 可能的 null 引用赋值。 [E:\Program Files\better-genshin-impact-LCB\MultiplayerHoeingAssistant\MultiplayerHoeingAssistant_m4mxyswz_wpftmp.csproj]
E:\Program Files\better-genshin-impact-LCB\MultiplayerHoeingAssistant\Services\TaskCenter\TaskCenterHost.Admission.cs(1415,40): warning CS8601: 可能的 null 引用赋值。 [E:\Program Files\better-genshin-impact-LCB\MultiplayerHoeingAssistant\MultiplayerHoeingAssistant_m4mxyswz_wpftmp.csproj]
E:\Program Files\better-genshin-impact-LCB\MultiplayerHoeingAssistant\Services\TaskCenter\TaskCenterHost.Admission.cs(1443,21): warning CS8601: 可能的 null 引用赋值。 [E:\Program Files\better-genshin-impact-LCB\MultiplayerHoeingAssistant\MultiplayerHoeingAssistant_m4mxyswz_wpftmp.csproj]
E:\Program Files\better-genshin-impact-LCB\MultiplayerHoeingAssistant\Services\TaskCenter\Arbitration\ArbitrationLeaseStore.cs(415,13): warning CS8602: 解引用可能出现空引用。 [E:\Program Files\better-genshin-impact-LCB\MultiplayerHoeingAssistant\MultiplayerHoeingAssistant_m4mxyswz_wpftmp.csproj]
E:\Program Files\better-genshin-impact-LCB\MultiplayerHoeingAssistant\Services\TaskCenter\BgiWorkflowExecutionBoundary.cs(672,84): warning CS8602: 解引用可能出现空引用。 [E:\Program Files\better-genshin-impact-LCB\MultiplayerHoeingAssistant\MultiplayerHoeingAssistant_m4mxyswz_wpftmp.csproj]
E:\Program Files\better-genshin-impact-LCB\MultiplayerHoeingAssistant\Services\TaskCenter\BgiWorkflowExecutionBoundary.cs(688,32): warning CS8602: 解引用可能出现空引用。 [E:\Program Files\better-genshin-impact-LCB\MultiplayerHoeingAssistant\MultiplayerHoeingAssistant_m4mxyswz_wpftmp.csproj]
E:\Program Files\better-genshin-impact-LCB\MultiplayerHoeingAssistant\Services\TaskCenter\WorkflowRunner.cs(1836,49): warning CS8602: 解引用可能出现空引用。 [E:\Program Files\better-genshin-impact-LCB\MultiplayerHoeingAssistant\MultiplayerHoeingAssistant_m4mxyswz_wpftmp.csproj]
E:\Program Files\better-genshin-impact-LCB\MultiplayerHoeingAssistant\Services\TaskCenter\WorkflowRunner.cs(2265,37): warning CS8601: 可能的 null 引用赋值。 [E:\Program Files\better-genshin-impact-LCB\MultiplayerHoeingAssistant\MultiplayerHoeingAssistant_m4mxyswz_wpftmp.csproj]
E:\Program Files\better-genshin-impact-LCB\MultiplayerHoeingAssistant\Services\TaskCenter\TaskCenterHost.Admission.cs(1984,44): warning CS8602: 解引用可能出现空引用。 [E:\Program Files\better-genshin-impact-LCB\MultiplayerHoeingAssistant\MultiplayerHoeingAssistant_m4mxyswz_wpftmp.csproj]
E:\Program Files\better-genshin-impact-LCB\MultiplayerHoeingAssistant\ViewModels\DodocoViewModel.cs(114,62): warning CS8602: 解引用可能出现空引用。 [E:\Program Files\better-genshin-impact-LCB\MultiplayerHoeingAssistant\MultiplayerHoeingAssistant_m4mxyswz_wpftmp.csproj]
E:\Program Files\better-genshin-impact-LCB\MultiplayerHoeingAssistant\Services\TaskCenter\Arbitration\ArbitrationLeaseStore.cs(811,17): warning CS8602: 解引用可能出现空引用。 [E:\Program Files\better-genshin-impact-LCB\MultiplayerHoeingAssistant\MultiplayerHoeingAssistant_m4mxyswz_wpftmp.csproj]
E:\Program Files\better-genshin-impact-LCB\MultiplayerHoeingAssistant\Services\TaskCenter\MigrationSwitchTransaction.cs(2373,23): warning CS8604: “bool MigrationSwitchTransaction.IsWithin(string path, string root)”中的形参“path”可能传入 null 引用实参。 [E:\Program Files\better-genshin-impact-LCB\MultiplayerHoeingAssistant\MultiplayerHoeingAssistant_m4mxyswz_wpftmp.csproj]
E:\Program Files\better-genshin-impact-LCB\MultiplayerHoeingAssistant\ViewModels\MainViewModel.cs(1198,103): warning CS8604: “JsonElement JsonSerializer.Deserialize<JsonElement>(string json, JsonSerializerOptions? options = null)”中的形参“json”可能传入 null 引用实参。 [E:\Program Files\better-genshin-impact-LCB\MultiplayerHoeingAssistant\MultiplayerHoeingAssistant_m4mxyswz_wpftmp.csproj]
E:\Program Files\better-genshin-impact-LCB\MultiplayerHoeingAssistant\Services\TaskCenter\MigrationSwitchTransaction.cs(3498,21): warning CS8602: 解引用可能出现空引用。 [E:\Program Files\better-genshin-impact-LCB\MultiplayerHoeingAssistant\MultiplayerHoeingAssistant_m4mxyswz_wpftmp.csproj]
E:\Program Files\better-genshin-impact-LCB\MultiplayerHoeingAssistant\ViewModels\MainViewModel.cs(2427,30): warning CS8602: 解引用可能出现空引用。 [E:\Program Files\better-genshin-impact-LCB\MultiplayerHoeingAssistant\MultiplayerHoeingAssistant_m4mxyswz_wpftmp.csproj]
E:\Program Files\better-genshin-impact-LCB\MultiplayerHoeingAssistant\ViewModels\MainViewModel.cs(3331,20): warning CS8602: 解引用可能出现空引用。 [E:\Program Files\better-genshin-impact-LCB\MultiplayerHoeingAssistant\MultiplayerHoeingAssistant_m4mxyswz_wpftmp.csproj]
E:\Program Files\better-genshin-impact-LCB\MultiplayerHoeingAssistant\ViewModels\MainViewModel.cs(3804,43): warning CS8602: 解引用可能出现空引用。 [E:\Program Files\better-genshin-impact-LCB\MultiplayerHoeingAssistant\MultiplayerHoeingAssistant_m4mxyswz_wpftmp.csproj]
E:\Program Files\better-genshin-impact-LCB\MultiplayerHoeingAssistant\ViewModels\MainViewModel.cs(3820,25): warning CS8602: 解引用可能出现空引用。 [E:\Program Files\better-genshin-impact-LCB\MultiplayerHoeingAssistant\MultiplayerHoeingAssistant_m4mxyswz_wpftmp.csproj]
E:\Program Files\better-genshin-impact-LCB\MultiplayerHoeingAssistant\ViewModels\MainViewModel.cs(4529,38): warning CS8604: “bool List<string>.Contains(string item)”中的形参“item”可能传入 null 引用实参。 [E:\Program Files\better-genshin-impact-LCB\MultiplayerHoeingAssistant\MultiplayerHoeingAssistant_m4mxyswz_wpftmp.csproj]
E:\Program Files\better-genshin-impact-LCB\MultiplayerHoeingAssistant\ViewModels\MainViewModel.cs(6127,24): warning CS1998: 此异步方法缺少 "await" 运算符，将以同步方式运行。请考虑使用 "await" 运算符等待非阻止的 API 调用，或者使用 "await Task.Run(...)" 在后台线程上执行占用大量 CPU 的工作。 [E:\Program Files\better-genshin-impact-LCB\MultiplayerHoeingAssistant\MultiplayerHoeingAssistant_m4mxyswz_wpftmp.csproj]
E:\Program Files\better-genshin-impact-LCB\MultiplayerHoeingAssistant\ViewModels\MainViewModel.cs(6451,52): warning CS8604: “string string.Join(string? separator, IEnumerable<string?> values)”中的形参“values”可能传入 null 引用实参。 [E:\Program Files\better-genshin-impact-LCB\MultiplayerHoeingAssistant\MultiplayerHoeingAssistant_m4mxyswz_wpftmp.csproj]
E:\Program Files\better-genshin-impact-LCB\MultiplayerHoeingAssistant\Services\TaskCenter\Arbitration\ArbitrationAdmissionService.cs(7199,23): warning CS8604: “ArchivedOperationRecord? Enumerable.FirstOrDefault<ArchivedOperationRecord>(IEnumerable<ArchivedOperationRecord> source, Func<ArchivedOperationRecord, bool> predicate)”中的形参“source”可能传入 null 引用实参。 [E:\Program Files\better-genshin-impact-LCB\MultiplayerHoeingAssistant\MultiplayerHoeingAssistant_m4mxyswz_wpftmp.csproj]
E:\Program Files\better-genshin-impact-LCB\MultiplayerHoeingAssistant\Services\TaskCenter\Arbitration\ArbitrationAdmissionService.cs(7203,23): warning CS8604: “OperationRecord? Enumerable.FirstOrDefault<OperationRecord>(IEnumerable<OperationRecord> source, Func<OperationRecord, bool> predicate)”中的形参“source”可能传入 null 引用实参。 [E:\Program Files\better-genshin-impact-LCB\MultiplayerHoeingAssistant\MultiplayerHoeingAssistant_m4mxyswz_wpftmp.csproj]
E:\Program Files\better-genshin-impact-LCB\MultiplayerHoeingAssistant\Services\TaskCenter\Arbitration\ArbitrationAdmissionService.cs(7206,24): warning CS8604: “OperationRecord? Enumerable.FirstOrDefault<OperationRecord>(IEnumerable<OperationRecord> source, Func<OperationRecord, bool> predicate)”中的形参“source”可能传入 null 引用实参。 [E:\Program Files\better-genshin-impact-LCB\MultiplayerHoeingAssistant\MultiplayerHoeingAssistant_m4mxyswz_wpftmp.csproj]
E:\Program Files\better-genshin-impact-LCB\MultiplayerHoeingAssistant\ViewModels\MainViewModel.cs(20,24): warning CS0169: 从不使用字段“MainViewModel._ipcClient” [E:\Program Files\better-genshin-impact-LCB\MultiplayerHoeingAssistant\MultiplayerHoeingAssistant_m4mxyswz_wpftmp.csproj]
E:\Program Files\better-genshin-impact-LCB\MultiplayerHoeingAssistant\ViewModels\DodocoViewModel.cs(114,62): warning CS8602: 解引用可能出现空引用。 [E:\Program Files\better-genshin-impact-LCB\MultiplayerHoeingAssistant\MultiplayerHoeingAssistant.csproj]
E:\Program Files\better-genshin-impact-LCB\MultiplayerHoeingAssistant\ViewModels\TaskCenterPanelViewModel.EditParts.cs(170,15): warning CS8620: 由于引用类型的可为 null 性差异，IEnumerable<(CatalogSourceVm v, int i)> 类型的实参不能用于 (CatalogSourceVm?, int) Enumerable.FirstOrDefault<(CatalogSourceVm?, int)>(IEnumerable<(CatalogSourceVm?, int)> source, Func<(CatalogSourceVm?, int), bool> predicate, (CatalogSourceVm?, int) defaultValue) 中 IEnumerable<(CatalogSourceVm?, int)> 类型的形参 source。 [E:\Program Files\better-genshin-impact-LCB\MultiplayerHoeingAssistant\MultiplayerHoeingAssistant.csproj]
E:\Program Files\better-genshin-impact-LCB\MultiplayerHoeingAssistant\ViewModels\TaskCenterPanelViewModel.EditParts.cs(170,74): warning CS8602: 解引用可能出现空引用。 [E:\Program Files\better-genshin-impact-LCB\MultiplayerHoeingAssistant\MultiplayerHoeingAssistant.csproj]
E:\Program Files\better-genshin-impact-LCB\MultiplayerHoeingAssistant\ViewModels\TaskCenterPanelViewModel.EditParts.cs(308,17): warning CS8602: 解引用可能出现空引用。 [E:\Program Files\better-genshin-impact-LCB\MultiplayerHoeingAssistant\MultiplayerHoeingAssistant.csproj]
E:\Program Files\better-genshin-impact-LCB\MultiplayerHoeingAssistant\Services\BgiLogTailService.cs(177,44): warning CS8604: “FileInfo.FileInfo(string fileName)”中的形参“fileName”可能传入 null 引用实参。 [E:\Program Files\better-genshin-impact-LCB\MultiplayerHoeingAssistant\MultiplayerHoeingAssistant.csproj]
E:\Program Files\better-genshin-impact-LCB\MultiplayerHoeingAssistant\Services\TaskCenter\WorkflowRunner.cs(1836,49): warning CS8602: 解引用可能出现空引用。 [E:\Program Files\better-genshin-impact-LCB\MultiplayerHoeingAssistant\MultiplayerHoeingAssistant.csproj]
E:\Program Files\better-genshin-impact-LCB\MultiplayerHoeingAssistant\Services\TaskCenter\WorkflowRunner.cs(2265,37): warning CS8601: 可能的 null 引用赋值。 [E:\Program Files\better-genshin-impact-LCB\MultiplayerHoeingAssistant\MultiplayerHoeingAssistant.csproj]
E:\Program Files\better-genshin-impact-LCB\MultiplayerHoeingAssistant\ViewModels\MainViewModel.cs(1198,103): warning CS8604: “JsonElement JsonSerializer.Deserialize<JsonElement>(string json, JsonSerializerOptions? options = null)”中的形参“json”可能传入 null 引用实参。 [E:\Program Files\better-genshin-impact-LCB\MultiplayerHoeingAssistant\MultiplayerHoeingAssistant.csproj]
E:\Program Files\better-genshin-impact-LCB\MultiplayerHoeingAssistant\Services\TaskCenter\Arbitration\ArbitrationLeaseStore.cs(415,13): warning CS8602: 解引用可能出现空引用。 [E:\Program Files\better-genshin-impact-LCB\MultiplayerHoeingAssistant\MultiplayerHoeingAssistant.csproj]
E:\Program Files\better-genshin-impact-LCB\MultiplayerHoeingAssistant\Services\TaskCenter\BgiWorkflowExecutionBoundary.cs(672,84): warning CS8602: 解引用可能出现空引用。 [E:\Program Files\better-genshin-impact-LCB\MultiplayerHoeingAssistant\MultiplayerHoeingAssistant.csproj]
E:\Program Files\better-genshin-impact-LCB\MultiplayerHoeingAssistant\Services\TaskCenter\BgiWorkflowExecutionBoundary.cs(688,32): warning CS8602: 解引用可能出现空引用。 [E:\Program Files\better-genshin-impact-LCB\MultiplayerHoeingAssistant\MultiplayerHoeingAssistant.csproj]
E:\Program Files\better-genshin-impact-LCB\MultiplayerHoeingAssistant\Services\TaskCenter\Arbitration\ArbitrationLeaseStore.cs(811,17): warning CS8602: 解引用可能出现空引用。 [E:\Program Files\better-genshin-impact-LCB\MultiplayerHoeingAssistant\MultiplayerHoeingAssistant.csproj]
E:\Program Files\better-genshin-impact-LCB\MultiplayerHoeingAssistant\Services\CommandExecutor.cs(1834,35): warning CS8602: 解引用可能出现空引用。 [E:\Program Files\better-genshin-impact-LCB\MultiplayerHoeingAssistant\MultiplayerHoeingAssistant.csproj]
E:\Program Files\better-genshin-impact-LCB\MultiplayerHoeingAssistant\ViewModels\MainViewModel.cs(2427,30): warning CS8602: 解引用可能出现空引用。 [E:\Program Files\better-genshin-impact-LCB\MultiplayerHoeingAssistant\MultiplayerHoeingAssistant.csproj]
E:\Program Files\better-genshin-impact-LCB\MultiplayerHoeingAssistant\Services\TaskCenter\TaskCenterHost.Admission.cs(400,30): warning CS8602: 解引用可能出现空引用。 [E:\Program Files\better-genshin-impact-LCB\MultiplayerHoeingAssistant\MultiplayerHoeingAssistant.csproj]
E:\Program Files\better-genshin-impact-LCB\MultiplayerHoeingAssistant\Services\CommandExecutor.cs(1938,105): warning CS8601: 可能的 null 引用赋值。 [E:\Program Files\better-genshin-impact-LCB\MultiplayerHoeingAssistant\MultiplayerHoeingAssistant.csproj]
E:\Program Files\better-genshin-impact-LCB\MultiplayerHoeingAssistant\Services\TaskCenter\RunStoreSendPermit.cs(58,54): warning CS8602: 解引用可能出现空引用。 [E:\Program Files\better-genshin-impact-LCB\MultiplayerHoeingAssistant\MultiplayerHoeingAssistant.csproj]
E:\Program Files\better-genshin-impact-LCB\MultiplayerHoeingAssistant\Services\TaskCenter\TaskCenterHost.Admission.cs(1415,40): warning CS8601: 可能的 null 引用赋值。 [E:\Program Files\better-genshin-impact-LCB\MultiplayerHoeingAssistant\MultiplayerHoeingAssistant.csproj]
E:\Program Files\better-genshin-impact-LCB\MultiplayerHoeingAssistant\Services\TaskCenter\TaskCenterHost.Admission.cs(1443,21): warning CS8601: 可能的 null 引用赋值。 [E:\Program Files\better-genshin-impact-LCB\MultiplayerHoeingAssistant\MultiplayerHoeingAssistant.csproj]
E:\Program Files\better-genshin-impact-LCB\MultiplayerHoeingAssistant\ViewModels\MainViewModel.cs(3331,20): warning CS8602: 解引用可能出现空引用。 [E:\Program Files\better-genshin-impact-LCB\MultiplayerHoeingAssistant\MultiplayerHoeingAssistant.csproj]
E:\Program Files\better-genshin-impact-LCB\MultiplayerHoeingAssistant\ViewModels\MainViewModel.cs(3804,43): warning CS8602: 解引用可能出现空引用。 [E:\Program Files\better-genshin-impact-LCB\MultiplayerHoeingAssistant\MultiplayerHoeingAssistant.csproj]
E:\Program Files\better-genshin-impact-LCB\MultiplayerHoeingAssistant\ViewModels\MainViewModel.cs(3820,25): warning CS8602: 解引用可能出现空引用。 [E:\Program Files\better-genshin-impact-LCB\MultiplayerHoeingAssistant\MultiplayerHoeingAssistant.csproj]
E:\Program Files\better-genshin-impact-LCB\MultiplayerHoeingAssistant\Services\TaskCenter\TaskCenterHost.Admission.cs(1984,44): warning CS8602: 解引用可能出现空引用。 [E:\Program Files\better-genshin-impact-LCB\MultiplayerHoeingAssistant\MultiplayerHoeingAssistant.csproj]
E:\Program Files\better-genshin-impact-LCB\MultiplayerHoeingAssistant\ViewModels\MainViewModel.cs(4529,38): warning CS8604: “bool List<string>.Contains(string item)”中的形参“item”可能传入 null 引用实参。 [E:\Program Files\better-genshin-impact-LCB\MultiplayerHoeingAssistant\MultiplayerHoeingAssistant.csproj]
E:\Program Files\better-genshin-impact-LCB\MultiplayerHoeingAssistant\Services\TaskCenter\MigrationSwitchTransaction.cs(2373,23): warning CS8604: “bool MigrationSwitchTransaction.IsWithin(string path, string root)”中的形参“path”可能传入 null 引用实参。 [E:\Program Files\better-genshin-impact-LCB\MultiplayerHoeingAssistant\MultiplayerHoeingAssistant.csproj]
E:\Program Files\better-genshin-impact-LCB\MultiplayerHoeingAssistant\ViewModels\MainViewModel.cs(6127,24): warning CS1998: 此异步方法缺少 "await" 运算符，将以同步方式运行。请考虑使用 "await" 运算符等待非阻止的 API 调用，或者使用 "await Task.Run(...)" 在后台线程上执行占用大量 CPU 的工作。 [E:\Program Files\better-genshin-impact-LCB\MultiplayerHoeingAssistant\MultiplayerHoeingAssistant.csproj]
E:\Program Files\better-genshin-impact-LCB\MultiplayerHoeingAssistant\ViewModels\MainViewModel.cs(6451,52): warning CS8604: “string string.Join(string? separator, IEnumerable<string?> values)”中的形参“values”可能传入 null 引用实参。 [E:\Program Files\better-genshin-impact-LCB\MultiplayerHoeingAssistant\MultiplayerHoeingAssistant.csproj]
E:\Program Files\better-genshin-impact-LCB\MultiplayerHoeingAssistant\Services\TaskCenter\MigrationSwitchTransaction.cs(3498,21): warning CS8602: 解引用可能出现空引用。 [E:\Program Files\better-genshin-impact-LCB\MultiplayerHoeingAssistant\MultiplayerHoeingAssistant.csproj]
E:\Program Files\better-genshin-impact-LCB\MultiplayerHoeingAssistant\Services\TaskCenter\Arbitration\ArbitrationAdmissionService.cs(7199,23): warning CS8604: “ArchivedOperationRecord? Enumerable.FirstOrDefault<ArchivedOperationRecord>(IEnumerable<ArchivedOperationRecord> source, Func<ArchivedOperationRecord, bool> predicate)”中的形参“source”可能传入 null 引用实参。 [E:\Program Files\better-genshin-impact-LCB\MultiplayerHoeingAssistant\MultiplayerHoeingAssistant.csproj]
E:\Program Files\better-genshin-impact-LCB\MultiplayerHoeingAssistant\Services\TaskCenter\Arbitration\ArbitrationAdmissionService.cs(7203,23): warning CS8604: “OperationRecord? Enumerable.FirstOrDefault<OperationRecord>(IEnumerable<OperationRecord> source, Func<OperationRecord, bool> predicate)”中的形参“source”可能传入 null 引用实参。 [E:\Program Files\better-genshin-impact-LCB\MultiplayerHoeingAssistant\MultiplayerHoeingAssistant.csproj]
E:\Program Files\better-genshin-impact-LCB\MultiplayerHoeingAssistant\Services\TaskCenter\Arbitration\ArbitrationAdmissionService.cs(7206,24): warning CS8604: “OperationRecord? Enumerable.FirstOrDefault<OperationRecord>(IEnumerable<OperationRecord> source, Func<OperationRecord, bool> predicate)”中的形参“source”可能传入 null 引用实参。 [E:\Program Files\better-genshin-impact-LCB\MultiplayerHoeingAssistant\MultiplayerHoeingAssistant.csproj]
E:\Program Files\better-genshin-impact-LCB\MultiplayerHoeingAssistant\ViewModels\MainViewModel.cs(20,24): warning CS0169: 从不使用字段“MainViewModel._ipcClient” [E:\Program Files\better-genshin-impact-LCB\MultiplayerHoeingAssistant\MultiplayerHoeingAssistant.csproj]
CSC : warning CS9057: 分析器程序集“C:\Users\Administrator\.nuget\packages\wpf-ui.violeta\4.3.0.3\analyzers\dotnet\cs\Wpf.Ui.DependencyPropertyGenerator.dll”引用了编译器的版本“4.14.0.0”，该版本高于当前正在运行的版本“4.11.0.0”。 [E:\Program Files\better-genshin-impact-LCB\Test\BetterGenshinImpact.UnitTest\BetterGenshinImpact.UnitTest.csproj]
E:\Program Files\better-genshin-impact-LCB\Test\BetterGenshinImpact.UnitTest\GameTaskTests\AutoHoeingTests\FightTimeoutTests.cs(44,23): warning CS1998: 此异步方法缺少 "await" 运算符，将以同步方式运行。请考虑使用 "await" 运算符等待非阻止的 API 调用，或者使用 "await Task.Run(...)" 在后台线程上执行占用大量 CPU 的工作。 [E:\Program Files\better-genshin-impact-LCB\Test\BetterGenshinImpact.UnitTest\BetterGenshinImpact.UnitTest.csproj]
E:\Program Files\better-genshin-impact-LCB\Test\BetterGenshinImpact.UnitTest\GameTaskTests\AutoHoeingTests\SyncPointRouteSkipAlignmentPreservationTest.cs(130,14): warning CS0219: 变量“skipToNextSegment”已被赋值，但从未使用过它的值 [E:\Program Files\better-genshin-impact-LCB\Test\BetterGenshinImpact.UnitTest\BetterGenshinImpact.UnitTest.csproj]
E:\Program Files\better-genshin-impact-LCB\Test\BetterGenshinImpact.UnitTest\GameTaskTests\AutoHoeingTests\SyncPointRouteSkipAlignmentPreservationTest.cs(131,14): warning CS0219: 变量“skipRouteRequested”已被赋值，但从未使用过它的值 [E:\Program Files\better-genshin-impact-LCB\Test\BetterGenshinImpact.UnitTest\BetterGenshinImpact.UnitTest.csproj]
E:\Program Files\better-genshin-impact-LCB\Test\BetterGenshinImpact.UnitTest\GameTaskTests\AutoHoeingTests\SyncPointRouteSkipAlignmentPreservationTest.cs(134,14): warning CS0219: 变量“sameRoute”已被赋值，但从未使用过它的值 [E:\Program Files\better-genshin-impact-LCB\Test\BetterGenshinImpact.UnitTest\BetterGenshinImpact.UnitTest.csproj]
E:\Program Files\better-genshin-impact-LCB\Test\BetterGenshinImpact.UnitTest\GameTaskTests\AutoHoeingTests\SyncPointRouteSkipAlignmentPreservationTest.cs(306,22): warning CS0219: 变量“sameRoute”已被赋值，但从未使用过它的值 [E:\Program Files\better-genshin-impact-LCB\Test\BetterGenshinImpact.UnitTest\BetterGenshinImpact.UnitTest.csproj]
E:\Program Files\better-genshin-impact-LCB\Test\BetterGenshinImpact.UnitTest\ServiceTests\Instance\TaskTakeoverIncidentTests.cs(642,23): warning CS1998: 此异步方法缺少 "await" 运算符，将以同步方式运行。请考虑使用 "await" 运算符等待非阻止的 API 调用，或者使用 "await Task.Run(...)" 在后台线程上执行占用大量 CPU 的工作。 [E:\Program Files\better-genshin-impact-LCB\Test\BetterGenshinImpact.UnitTest\BetterGenshinImpact.UnitTest.csproj]
E:\Program Files\better-genshin-impact-LCB\Test\BetterGenshinImpact.UnitTest\ServiceTests\Instance\TaskTakeoverIncidentTests.cs(669,23): warning CS1998: 此异步方法缺少 "await" 运算符，将以同步方式运行。请考虑使用 "await" 运算符等待非阻止的 API 调用，或者使用 "await Task.Run(...)" 在后台线程上执行占用大量 CPU 的工作。 [E:\Program Files\better-genshin-impact-LCB\Test\BetterGenshinImpact.UnitTest\BetterGenshinImpact.UnitTest.csproj]
E:\Program Files\better-genshin-impact-LCB\Test\BetterGenshinImpact.UnitTest\ServiceTests\Instance\TaskTakeoverIncidentTests.cs(1334,23): warning CS1998: 此异步方法缺少 "await" 运算符，将以同步方式运行。请考虑使用 "await" 运算符等待非阻止的 API 调用，或者使用 "await Task.Run(...)" 在后台线程上执行占用大量 CPU 的工作。 [E:\Program Files\better-genshin-impact-LCB\Test\BetterGenshinImpact.UnitTest\BetterGenshinImpact.UnitTest.csproj]
E:\Program Files\better-genshin-impact-LCB\Test\BetterGenshinImpact.UnitTest\ServiceTests\Instance\TaskTakeoverIncidentTests.cs(1359,23): warning CS1998: 此异步方法缺少 "await" 运算符，将以同步方式运行。请考虑使用 "await" 运算符等待非阻止的 API 调用，或者使用 "await Task.Run(...)" 在后台线程上执行占用大量 CPU 的工作。 [E:\Program Files\better-genshin-impact-LCB\Test\BetterGenshinImpact.UnitTest\BetterGenshinImpact.UnitTest.csproj]
E:\Program Files\better-genshin-impact-LCB\Test\BetterGenshinImpact.UnitTest\CoreTests\Config\AllConfigLegacyExtensionDataTests.cs(36,9): warning xUnit2004: Do not use Assert.Equal() to check for boolean conditions. Use Assert.True instead. (https://xunit.net/xunit.analyzers/rules/xUnit2004) [E:\Program Files\better-genshin-impact-LCB\Test\BetterGenshinImpact.UnitTest\BetterGenshinImpact.UnitTest.csproj]
E:\Program Files\better-genshin-impact-LCB\Test\BetterGenshinImpact.UnitTest\ServiceTests\Instance\TaskTakeoverIncidentTests.cs(198,43): warning xUnit1031: Test methods should not use blocking task operations, as they can cause deadlocks. Use an async test method and await instead. (https://xunit.net/xunit.analyzers/rules/xUnit1031) [E:\Program Files\better-genshin-impact-LCB\Test\BetterGenshinImpact.UnitTest\BetterGenshinImpact.UnitTest.csproj]
E:\Program Files\better-genshin-impact-LCB\Test\BetterGenshinImpact.UnitTest\ServiceTests\Instance\TaskTakeoverIncidentTests.cs(199,39): warning xUnit1031: Test methods should not use blocking task operations, as they can cause deadlocks. Use an async test method and await instead. (https://xunit.net/xunit.analyzers/rules/xUnit1031) [E:\Program Files\better-genshin-impact-LCB\Test\BetterGenshinImpact.UnitTest\BetterGenshinImpact.UnitTest.csproj]
E:\Program Files\better-genshin-impact-LCB\Test\BetterGenshinImpact.UnitTest\GameTaskTests\AutoHoeingTests\AutoHoeingLogicTests.cs(282,9): warning xUnit2012: Do not use Assert.True() to check if a value exists in a collection. Use Assert.Contains instead. (https://xunit.net/xunit.analyzers/rules/xUnit2012) [E:\Program Files\better-genshin-impact-LCB\Test\BetterGenshinImpact.UnitTest\BetterGenshinImpact.UnitTest.csproj]
E:\Program Files\better-genshin-impact-LCB\Test\BetterGenshinImpact.UnitTest\ServiceTests\Instance\BgiTaskCoordinatorTests.cs(272,9): warning xUnit2013: Do not use Assert.Equal() to check for collection size. Use Assert.Single instead. (https://xunit.net/xunit.analyzers/rules/xUnit2013) [E:\Program Files\better-genshin-impact-LCB\Test\BetterGenshinImpact.UnitTest\BetterGenshinImpact.UnitTest.csproj]
E:\Program Files\better-genshin-impact-LCB\Test\BetterGenshinImpact.UnitTest\ServiceTests\Instance\TaskTakeoverIncidentTests.cs(918,94): warning xUnit1031: Test methods should not use blocking task operations, as they can cause deadlocks. Use an async test method and await instead. (https://xunit.net/xunit.analyzers/rules/xUnit1031) [E:\Program Files\better-genshin-impact-LCB\Test\BetterGenshinImpact.UnitTest\BetterGenshinImpact.UnitTest.csproj]
E:\Program Files\better-genshin-impact-LCB\Test\BetterGenshinImpact.UnitTest\ServiceTests\Instance\JobTreeEvictionAndSamplingTests.cs(246,18): warning xUnit1031: Test methods should not use blocking task operations, as they can cause deadlocks. Use an async test method and await instead. (https://xunit.net/xunit.analyzers/rules/xUnit1031) [E:\Program Files\better-genshin-impact-LCB\Test\BetterGenshinImpact.UnitTest\BetterGenshinImpact.UnitTest.csproj]
    1274 个警告
    0 个错误

已用时间 00:00:38.60
